rank_by_loo,fingerprint,status,error,features,likelihoods,n_chunks,tau_threshold,window_size_hours,step_size_hours,rem_stage,loo,elpd_loo,elpd_loo_per_event,elpd_loo_per_feature,se_elpd_per_feature,elpd_loo_per_feature_event,se_elpd_per_feature_event,waic,r_hat_max,ess_min_bulk,ess_min_tail,bfmi,n_divergences,tau_map,tau_map_concentration,p_tau_gt_threshold,e_tau,tau_std,tau_q1,tau_q2,tau_q3,p_tau_gt_6,loo_pareto_k_max,loo_n_over_threshold,pareto_filtered,pareto_filter_reason,waic_warning_flag,n_feature_blocks,n_active_features,n_model_events,pareto_retry_count,removed_event_indices,elapsed_time,data_shape,data_output_dir,bad_sample_indices,config_json,source_run_dir,source_profile_dir
1,84047078947410e4,ok,,concat: mean,mean=lognormal,16,5.0,2,1,2,221.8900821613252,221.8900821613252,8.218151191160192,8.21815119116019,0.0232612364828328,8.21815119116019,0.0232612364828328,-443.6149437840552,1.0,546.0,708.0,1.045627091441624,0,8,0.0447367518646442,0.5635369384546338,5.7918133431304,1.9279369025788209,4.0,6.0,8.0,0.476545254871753,0.6248562168886935,0,False,,False,1,1,27,3,"[3, 27, 24]",27.825472451018868,"(27, 184)",,[],"{""feature_selection"": {""concat"": [""mean""]}, ""n_chunks"": 16, ""parameter_selection"": {""mean"": {""likelihood"": ""lognormal""}}, ""rem_profile_params"": {""rem_stage"": 2, ""step_size_hours"": 1, ""window_size_hours"": 2}, ""tau_threshold"": 5.0}",run_output_8day_rem_w2_s1_stage2,rem_w2_s1_stage2
2,ad3ffc15b8281043,ok,,concat: mean,mean=student_t,16,5.0,2,1,2,238.74806212953044,238.74806212953044,7.958268737651014,7.958268737651013,0.018667998628559,7.958268737651013,0.018667998628559,-477.6306215578466,1.01,597.0,712.0,1.0270554013627156,0,7,0.0247646460123359,0.6409113025014216,5.873605167208798,1.6828187388552582,4.0,6.0,7.0,0.4300060090986565,0.5872280694115153,0,False,,False,1,1,30,0,[],10.799089478998212,"(30, 184)",,[],"{""feature_selection"": {""concat"": [""mean""]}, ""n_chunks"": 16, ""parameter_selection"": {""mean"": {""likelihood"": ""student_t""}}, ""rem_profile_params"": {""rem_stage"": 2, ""step_size_hours"": 1, ""window_size_hours"": 2}, ""tau_threshold"": 5.0}",run_output_8day_rem_w2_s1_stage2,rem_w2_s1_stage2
2,6ba779ebaf87db51,ok,,concat: mean,mean=student_t,16,5.0,2,2,2,227.11544961193948,227.11544961193948,7.57051498706465,7.570514987064652,0.0189592814881677,7.570514987064652,0.0189592814881677,-454.49764265618506,1.01,698.0,974.0,0.9231091958012358,0,8,0.0212574934791544,0.6120888937679212,5.820375625550985,1.7853178145695483,4.0,6.0,7.0,0.4259870004775718,0.5961925992929861,0,False,,False,1,1,30,0,[],11.831802000990136,"(30, 96)",,[],"{""feature_selection"": {""concat"": [""mean""]}, ""n_chunks"": 16, ""parameter_selection"": {""mean"": {""likelihood"": ""student_t""}}, ""rem_profile_params"": {""rem_stage"": 2, ""step_size_hours"": 2, ""window_size_hours"": 2}, ""tau_threshold"": 5.0}",run_output_8day_rem_w2_s2_stage2,rem_w2_s2_stage2
24,5f84c98f34908df9,ok,,concat: mean; odd: mean,mean=student_t,16,5.0,2,1,2,379.9947587808256,379.9947587808256,14.073879954845394,7.036939977422697,0.0171355226309811,7.036939977422697,0.0171355226309811,-759.9095561746396,1.01,422.0,779.0,1.0390848191478064,0,8,0.0927114014781533,0.7154815720003862,6.24832561754837,1.7091492186646984,5.0,6.0,8.0,0.4758209791565653,0.3710821940553552,0,False,,False,2,2,27,3,"[3, 21, 27]",95.88350028102286,"(27, 184)",,[],"{""feature_selection"": {""concat"": [""mean""], ""odd"": [""mean""]}, ""n_chunks"": 16, ""parameter_selection"": {""mean"": {""likelihood"": ""student_t""}}, ""rem_profile_params"": {""rem_stage"": 2, ""step_size_hours"": 1, ""window_size_hours"": 2}, ""tau_threshold"": 5.0}",run_output_8day_rem_w2_s1_stage2,rem_w2_s1_stage2
1,1eb6aa5552e0b45f,ok,,concat: mean,mean=lognormal,16,5.0,2,2,2,203.64502543255932,203.64502543255932,7.02224225629515,7.022242256295149,0.0243268939377418,7.022242256295149,0.0243268939377418,-406.48225746864085,1.0,635.0,710.0,0.9335048034980012,0,6,0.1471509994727993,0.7991522209879823,6.110301832387086,1.4426349668204963,6.0,6.0,7.0,0.3826678695837162,0.5579836734190011,0,False,,False,1,1,29,1,[3],10.882891511020716,"(29, 96)",,[],"{""feature_selection"": {""concat"": [""mean""]}, ""n_chunks"": 16, ""parameter_selection"": {""mean"": {""likelihood"": ""lognormal""}}, ""rem_profile_params"": {""rem_stage"": 2, ""step_size_hours"": 2, ""window_size_hours"": 2}, ""tau_threshold"": 5.0}",run_output_8day_rem_w2_s2_stage2,rem_w2_s2_stage2
2,ba868fff732bda32,ok,,concat: mean,mean=student_t,16,5.0,3,1,2,207.0082770815661,207.0082770815661,6.900275902718869,6.900275902718869,0.0188025900460632,6.900275902718869,0.0188025900460632,-414.443532257582,1.0,987.0,1068.0,0.9744089388657232,0,6,0.0767346180457727,0.7319934573308885,6.038633697592544,1.5067966082412545,5.0,6.0,7.0,0.4363340371356905,0.6276568296253413,0,False,,False,1,1,30,0,[],10.647950336977374,"(30, 176)",,[],"{""feature_selection"": {""concat"": [""mean""]}, ""n_chunks"": 16, ""parameter_selection"": {""mean"": {""likelihood"": ""student_t""}}, ""rem_profile_params"": {""rem_stage"": 2, ""step_size_hours"": 1, ""window_size_hours"": 3}, ""tau_threshold"": 5.0}",run_output_8day_rem_w3_s1_stage2,rem_w3_s1_stage2
24,3f83b5b22482d95f,ok,,concat: mean; odd: mean,mean=student_t,16,5.0,2,2,2,361.27895042041007,361.27895042041007,12.902819657871788,6.451409828935896,0.0170614178550639,6.451409828935896,0.0170614178550639,-723.1296010087823,1.01,586.0,586.0,1.0481825076705085,0,6,0.123792038301411,0.7147812099357607,5.831701567015593,1.5646166906816108,5.0,6.0,7.0,0.2952725713787657,0.5334345666620164,0,False,,False,2,2,28,2,"[3, 21]",61.45457250799518,"(28, 96)",,[],"{""feature_selection"": {""concat"": [""mean""], ""odd"": [""mean""]}, ""n_chunks"": 16, ""parameter_selection"": {""mean"": {""likelihood"": ""student_t""}}, ""rem_profile_params"": {""rem_stage"": 2, ""step_size_hours"": 2, ""window_size_hours"": 2}, ""tau_threshold"": 5.0}",run_output_8day_rem_w2_s2_stage2,rem_w2_s2_stage2
18,220b2831e7b61535,ok,,concat: mean; even: mean,mean=student_t,16,5.0,2,1,2,371.9122273880572,371.9122273880572,12.82455956510542,6.412279782552708,0.013812515083417,6.412279782552708,0.013812515083417,-744.1740845365074,1.01,688.0,977.0,1.0135409129583302,0,8,0.2257709594578033,0.8070769635442272,6.838115149454679,1.616241779814044,6.0,8.0,8.0,0.7249131566149709,0.6208272447338061,0,False,,False,2,2,29,1,[27],43.58927185300854,"(29, 184)",,[],"{""feature_selection"": {""concat"": [""mean""], ""even"": [""mean""]}, ""n_chunks"": 16, ""parameter_selection"": {""mean"": {""likelihood"": ""student_t""}}, ""rem_profile_params"": {""rem_stage"": 2, ""step_size_hours"": 1, ""window_size_hours"": 2}, ""tau_threshold"": 5.0}",run_output_8day_rem_w2_s1_stage2,rem_w2_s1_stage2
23,b9184ce441593c91,pareto_filtered,"pareto_k_above_threshold_after_retries: k_max=1.00864, threshold=0.7",concat: mean; odd: mean,mean=lognormal,16,5.0,2,1,2,339.4281210388151,339.4281210388151,12.571411890326486,6.285705945163244,0.0257234521679826,6.285705945163244,0.0257234521679826,-680.7081128598086,1.01,375.0,343.0,0.9902315378204184,0,8,0.4157107609730907,0.878233974673427,7.1938535108180535,1.518471701126714,7.0,8.0,8.0,0.8249249081121997,1.008637781118612,1,True,"pareto_k_above_threshold_after_retries: k_max=1.00864, threshold=0.7",False,2,2,27,3,"[3, 21, 27]",41.03155961300945,"(27, 184)",,[],"{""feature_selection"": {""concat"": [""mean""], ""odd"": [""mean""]}, ""n_chunks"": 16, ""parameter_selection"": {""mean"": {""likelihood"": ""lognormal""}}, ""rem_profile_params"": {""rem_stage"": 2, ""step_size_hours"": 1, ""window_size_hours"": 2}, ""tau_threshold"": 5.0}",run_output_8day_rem_w2_s1_stage2,rem_w2_s1_stage2
13,e6efd3a560499801,ok,,"concat: mean, range",mean=lognormal; range=beta,16,5.0,2,1,2,333.0867206772133,333.0867206772133,12.33654521026716,6.168272605133582,0.0182985500164617,6.168272605133582,0.0182985500164617,-666.0359292861292,1.01,398.0,226.0,0.8608902489698685,0,8,0.4160899927074827,0.9562482811506664,6.924825466410121,1.190083848233175,6.0,7.0,8.0,0.5394300361138762,0.4829333995259159,0,False,,False,2,2,27,3,"[24, 3, 4]",75.3535594130226,"(27, 184)",,[],"{""feature_selection"": {""concat"": [""mean"", ""range""]}, ""n_chunks"": 16, ""parameter_selection"": {""mean"": {""likelihood"": ""lognormal""}, ""range"": {""likelihood"": ""beta""}}, ""rem_profile_params"": {""rem_stage"": 2, ""step_size_hours"": 1, ""window_size_hours"": 2}, ""tau_threshold"": 5.0}",run_output_8day_rem_w2_s1_stage2,rem_w2_s1_stage2
23,e3366e9e996708ed,pareto_filtered,"pareto_k_above_threshold_after_retries: k_max=0.968511, threshold=0.7",concat: mean; odd: mean,mean=lognormal,16,5.0,2,2,2,332.80967667544303,332.80967667544303,12.326284321312706,6.163142160656353,0.0220114805534885,6.163142160656353,0.0220114805534885,-663.978912682856,1.01,410.0,411.0,1.0041599172902145,0,7,0.2639714705201448,0.8447308394416806,6.400141474682375,1.2259469313306957,6.0,7.0,7.0,0.6259008870526347,0.9685106031223064,2,True,"pareto_k_above_threshold_after_retries: k_max=0.968511, threshold=0.7",False,2,2,27,3,"[3, 21, 0]",30.57139822098543,"(27, 96)",,[],"{""feature_selection"": {""concat"": [""mean""], ""odd"": [""mean""]}, ""n_chunks"": 16, ""parameter_selection"": {""mean"": {""likelihood"": ""lognormal""}}, ""rem_profile_params"": {""rem_stage"": 2, ""step_size_hours"": 2, ""window_size_hours"": 2}, ""tau_threshold"": 5.0}",run_output_8day_rem_w2_s2_stage2,rem_w2_s2_stage2
15,116d855aceae2306,ok,,"concat: mean, range",mean=student_t; range=beta,16,5.0,2,1,2,356.6379107854682,356.6379107854682,12.297858992602352,6.148929496301178,0.0158459968884685,6.148929496301178,0.0158459968884685,-713.8596170866056,1.0,809.0,703.0,0.8489909105929936,0,6,0.4719127874667355,0.9924875255367976,6.717475054569343,0.9422630068162042,6.0,6.0,8.0,0.412362233232433,0.6445185141921054,0,False,,False,2,2,29,1,[4],45.828862768015824,"(29, 184)",,[],"{""feature_selection"": {""concat"": [""mean"", ""range""]}, ""n_chunks"": 16, ""parameter_selection"": {""mean"": {""likelihood"": ""student_t""}, ""range"": {""likelihood"": ""beta""}}, ""rem_profile_params"": {""rem_stage"": 2, ""step_size_hours"": 1, ""window_size_hours"": 2}, ""tau_threshold"": 5.0}",run_output_8day_rem_w2_s1_stage2,rem_w2_s1_stage2
1,4366166189da4bc9,ok,,concat: mean,mean=lognormal,16,5.0,3,1,2,182.6218874494428,182.6218874494428,6.087396248314761,6.087396248314761,0.021410287738368,6.087396248314761,0.021410287738368,-365.6333311626023,1.0,1465.0,1289.0,1.0750954991851454,0,7,0.5949181933788588,0.9872628855501628,6.639204786667754,0.5451543711414624,6.0,7.0,7.0,0.657136281350739,0.6646519561330824,0,False,,False,1,1,30,0,[],5.871736179018626,"(30, 176)",,[],"{""feature_selection"": {""concat"": [""mean""]}, ""n_chunks"": 16, ""parameter_selection"": {""mean"": {""likelihood"": ""lognormal""}}, ""rem_profile_params"": {""rem_stage"": 2, ""step_size_hours"": 1, ""window_size_hours"": 3}, ""tau_threshold"": 5.0}",run_output_8day_rem_w3_s1_stage2,rem_w3_s1_stage2
71,9e197c518ee358f2,pareto_filtered,"pareto_k_above_threshold_after_retries: k_max=0.865594, threshold=0.7","concat: mean, range; odd: mean",mean=student_t; range=beta,16,5.0,2,1,2,486.2188631118469,486.2188631118469,18.008106041179513,6.0027020137265055,0.0154383411624134,6.0027020137265055,0.0154383411624134,-973.0554920157042,1.01,276.0,133.0,0.8748046900900872,0,4,0.5066272645461345,0.05927616594379,3.887690986483613,0.9899625171845547,3.0,4.0,4.0,0.04034643091863,0.8655944410685696,1,True,"pareto_k_above_threshold_after_retries: k_max=0.865594, threshold=0.7",False,3,3,27,3,"[3, 21, 15]",193.3539159380016,"(27, 184)",,[],"{""feature_selection"": {""concat"": [""mean"", ""range""], ""odd"": [""mean""]}, ""n_chunks"": 16, ""parameter_selection"": {""mean"": {""likelihood"": ""student_t""}, ""range"": {""likelihood"": ""beta""}}, ""rem_profile_params"": {""rem_stage"": 2, ""step_size_hours"": 1, ""window_size_hours"": 2}, ""tau_threshold"": 5.0}",run_output_8day_rem_w2_s1_stage2,rem_w2_s1_stage2
2,e422b61b4efb4aa9,ok,,concat: mean,mean=student_t,16,5.0,6,1,2,176.89859765642814,176.89859765642814,5.896619921880938,5.896619921880939,0.016155012999065,5.896619921880939,0.016155012999065,-354.1145781938536,1.0,740.0,915.0,1.0452708172077547,0,8,0.0321038239800669,0.6442122082989438,5.936567383622663,1.7702902043075883,4.0,6.0,8.0,0.4522872832154795,0.5127476475808502,0,False,,False,1,1,30,0,[],10.53557700201054,"(30, 152)",,[],"{""feature_selection"": {""concat"": [""mean""]}, ""n_chunks"": 16, ""parameter_selection"": {""mean"": {""likelihood"": ""student_t""}}, ""rem_profile_params"": {""rem_stage"": 2, ""step_size_hours"": 1, ""window_size_hours"": 6}, ""tau_threshold"": 5.0}",run_output_8day_rem_w6_s1_stage2,rem_w6_s1_stage2
15,ede65a9494bcef0a,ok,,"concat: mean, range",mean=student_t; range=beta,16,5.0,2,2,2,335.39271076619394,335.39271076619394,11.565265888489446,5.782632944244723,0.0136687116583324,5.782632944244723,0.0136687116583324,-670.7828750364429,1.01,1281.0,952.0,1.001598009529458,0,7,0.9801933116343255,0.9999999927936,7.00575989432078,0.0757046664311768,7.0,7.0,7.0,0.9999977751413468,0.5771190551549007,0,False,,False,2,2,29,1,[4],40.86287958099274,"(29, 96)",,[],"{""feature_selection"": {""concat"": [""mean"", ""range""]}, ""n_chunks"": 16, ""parameter_selection"": {""mean"": {""likelihood"": ""student_t""}, ""range"": {""likelihood"": ""beta""}}, ""rem_profile_params"": {""rem_stage"": 2, ""step_size_hours"": 2, ""window_size_hours"": 2}, ""tau_threshold"": 5.0}",run_output_8day_rem_w2_s2_stage2,rem_w2_s2_stage2
17,48c5ba55b356ffa7,ok,,concat: mean; even: mean,mean=lognormal,16,5.0,2,1,2,323.32708597158694,323.32708597158694,11.547395927556677,5.773697963778338,0.0191130896472475,5.773697963778338,0.0191130896472475,-648.5386461432786,1.0,568.0,498.0,0.9817097606324932,0,8,0.5464418470380489,0.9295258755548284,7.501827651559884,1.116150481538266,8.0,8.0,8.0,0.8410442062090552,0.6681655579473873,0,False,,False,2,2,28,2,"[3, 27]",22.029447947017616,"(28, 184)",,[],"{""feature_selection"": {""concat"": [""mean""], ""even"": [""mean""]}, ""n_chunks"": 16, ""parameter_selection"": {""mean"": {""likelihood"": ""lognormal""}}, ""rem_profile_params"": {""rem_stage"": 2, ""step_size_hours"": 1, ""window_size_hours"": 2}, ""tau_threshold"": 5.0}",run_output_8day_rem_w2_s1_stage2,rem_w2_s1_stage2
13,050d10a5decd7ee1,pareto_filtered,"pareto_k_above_threshold_after_retries: k_max=0.873802, threshold=0.7","concat: mean, range",mean=lognormal; range=beta,16,5.0,2,2,2,310.5067863649974,310.5067863649974,11.500251346851757,5.750125673425877,0.0178712947037927,5.750125673425877,0.0178712947037927,-620.8685515059278,1.01,1192.0,818.0,1.0120766034834132,0,7,0.9973756381803256,0.9999999973555656,7.000549420399823,0.0234887879209896,7.0,7.0,7.0,0.9999987029795312,0.8738015991300764,1,True,"pareto_k_above_threshold_after_retries: k_max=0.873802, threshold=0.7",False,2,2,27,3,"[4, 3, 21]",58.713362431008136,"(27, 96)",,[],"{""feature_selection"": {""concat"": [""mean"", ""range""]}, ""n_chunks"": 16, ""parameter_selection"": {""mean"": {""likelihood"": ""lognormal""}, ""range"": {""likelihood"": ""beta""}}, ""rem_profile_params"": {""rem_stage"": 2, ""step_size_hours"": 2, ""window_size_hours"": 2}, ""tau_threshold"": 5.0}",run_output_8day_rem_w2_s2_stage2,rem_w2_s2_stage2
18,e62cff90c8f3d250,ok,,concat: mean; even: mean,mean=student_t,16,5.0,2,2,2,344.9460238031096,344.9460238031096,11.498200793436986,5.749100396718494,0.0131099210654666,5.749100396718494,0.0131099210654666,-690.3806668157124,1.0,605.0,609.0,0.943718159471181,0,8,0.1261648031587516,0.7409359815983779,6.435846192538776,1.7835648530502786,5.0,7.0,8.0,0.6082823113256965,0.6698669505071724,0,False,,False,2,2,30,0,[],18.387579834990905,"(30, 96)",,[],"{""feature_selection"": {""concat"": [""mean""], ""even"": [""mean""]}, ""n_chunks"": 16, ""parameter_selection"": {""mean"": {""likelihood"": ""student_t""}}, ""rem_profile_params"": {""rem_stage"": 2, ""step_size_hours"": 2, ""window_size_hours"": 2}, ""tau_threshold"": 5.0}",run_output_8day_rem_w2_s2_stage2,rem_w2_s2_stage2
72,c84fe03134e46a81,ok,,"concat: mean, range; odd: mean",mean=student_t; range=lognormal,16,5.0,2,1,2,475.5400244370662,475.5400244370662,16.983572301323793,5.661190767107931,0.0144339150874767,5.661190767107931,0.0144339150874767,-951.3680057919248,1.02,237.0,599.0,0.9726029283299388,0,6,0.1498490808418973,0.6583277089421457,5.685047548533483,1.8980351693893187,3.0,6.0,8.0,0.3438329946034956,0.5975784687855322,0,False,,False,3,3,28,2,"[3, 21]",102.74384541300242,"(28, 184)",,[],"{""feature_selection"": {""concat"": [""mean"", ""range""], ""odd"": [""mean""]}, ""n_chunks"": 16, ""parameter_selection"": {""mean"": {""likelihood"": ""student_t""}, ""range"": {""likelihood"": ""lognormal""}}, ""rem_profile_params"": {""rem_stage"": 2, ""step_size_hours"": 1, ""window_size_hours"": 2}, ""tau_threshold"": 5.0}",run_output_8day_rem_w2_s1_stage2,rem_w2_s1_stage2
24,e78c7ff3a681f72c,ok,,concat: mean; odd: mean,mean=student_t,16,5.0,3,1,2,328.0888653906886,328.0888653906886,11.313409151403055,5.656704575701529,0.0187182500777985,5.656704575701529,0.0187182500777985,-656.0013063020796,1.0,637.0,717.0,0.9869536180735818,0,6,0.1458041508496362,0.7913415989069035,6.191113354003836,1.4054337431850714,6.0,6.0,7.0,0.3686046374946381,0.5663164217955559,0,False,,False,2,2,29,1,[3],41.32279908601777,"(29, 176)",,[],"{""feature_selection"": {""concat"": [""mean""], ""odd"": [""mean""]}, ""n_chunks"": 16, ""parameter_selection"": {""mean"": {""likelihood"": ""student_t""}}, ""rem_profile_params"": {""rem_stage"": 2, ""step_size_hours"": 1, ""window_size_hours"": 3}, ""tau_threshold"": 5.0}",run_output_8day_rem_w3_s1_stage2,rem_w3_s1_stage2
63,e2a0f11877dcbc64,ok,,"concat: mean, range; even: mean",mean=student_t; range=beta,16,5.0,2,1,2,489.7096578063301,489.7096578063301,16.88653992435621,5.6288466414520695,0.0125741346772828,5.6288466414520695,0.0125741346772828,-979.8066688638822,1.01,649.0,811.0,0.903873763818913,0,8,0.4866532362793703,0.9942945328005602,7.278361005532775,0.9404429588051793,6.0,8.0,8.0,0.689662750318476,0.5967611348231374,0,False,,False,3,3,29,1,[4],75.53542158097844,"(29, 184)",,[],"{""feature_selection"": {""concat"": [""mean"", ""range""], ""even"": [""mean""]}, ""n_chunks"": 16, ""parameter_selection"": {""mean"": {""likelihood"": ""student_t""}, ""range"": {""likelihood"": ""beta""}}, ""rem_profile_params"": {""rem_stage"": 2, ""step_size_hours"": 1, ""window_size_hours"": 2}, ""tau_threshold"": 5.0}",run_output_8day_rem_w2_s1_stage2,rem_w2_s1_stage2
82,d4780cd7d23ec7f1,ok,,concat: mean; even: mean; odd: mean,mean=student_t,16,5.0,2,1,2,502.4537009519281,502.4537009519281,16.748456698397604,5.5828188994658685,0.0154501352358246,5.5828188994658685,0.0154501352358246,-1004.555263593778,1.01,632.0,621.0,1.0149749075293253,0,8,0.2592937357819089,0.8668821766526913,6.980184676164913,1.4547336412934242,6.0,8.0,8.0,0.7241741108155813,0.6739528670867079,0,False,,False,3,3,30,0,[],43.72770990600111,"(30, 184)",,[],"{""feature_selection"": {""concat"": [""mean""], ""even"": [""mean""], ""odd"": [""mean""]}, ""n_chunks"": 16, ""parameter_selection"": {""mean"": {""likelihood"": ""student_t""}}, ""rem_profile_params"": {""rem_stage"": 2, ""step_size_hours"": 1, ""window_size_hours"": 2}, ""tau_threshold"": 5.0}",run_output_8day_rem_w2_s1_stage2,rem_w2_s1_stage2
144,38341efb57929e59,ok,,"concat: mean, range; even: mean; odd: mean",mean=student_t; range=lognormal,16,5.0,2,1,2,601.0756196367299,601.0756196367299,22.26205998654555,5.565514996636387,0.0115007538388503,5.565514996636387,0.0115007538388503,-1202.4012000615771,1.02,174.0,565.0,0.9430318939056428,0,8,0.2309627107046222,0.620787957506397,5.8979489831237695,2.1585669947681407,3.0,6.0,8.0,0.4764263431714429,0.6875719886235905,0,False,,False,4,4,27,3,"[3, 27, 21]",353.39344704098767,"(27, 184)",,[],"{""feature_selection"": {""concat"": [""mean"", ""range""], ""even"": [""mean""], ""odd"": [""mean""]}, ""n_chunks"": 16, ""parameter_selection"": {""mean"": {""likelihood"": ""student_t""}, ""range"": {""likelihood"": ""lognormal""}}, ""rem_profile_params"": {""rem_stage"": 2, ""step_size_hours"": 1, ""window_size_hours"": 2}, ""tau_threshold"": 5.0}",run_output_8day_rem_w2_s1_stage2,rem_w2_s1_stage2
27,5ef0e1a17b2bd037,ok,,concat: mean; odd: range,mean=student_t; range=beta,16,5.0,2,1,2,300.3966671919808,300.3966671919808,11.12580248859188,5.562901244295941,0.0149481425589381,5.562901244295941,0.0149481425589381,-601.0688691143863,1.01,703.0,795.0,0.8887416807763908,0,6,0.203779050561549,0.8685540446286835,6.6215328460378,1.327125145961774,6.0,7.0,8.0,0.5087540521492124,0.5740444196211366,0,False,,False,2,2,27,3,"[15, 3, 27]",107.81192778699916,"(27, 184)",,[],"{""feature_selection"": {""concat"": [""mean""], ""odd"": [""range""]}, ""n_chunks"": 16, ""parameter_selection"": {""mean"": {""likelihood"": ""student_t""}, ""range"": {""likelihood"": ""beta""}}, ""rem_profile_params"": {""rem_stage"": 2, ""step_size_hours"": 1, ""window_size_hours"": 2}, ""tau_threshold"": 5.0}",run_output_8day_rem_w2_s1_stage2,rem_w2_s1_stage2
16,fff2da0103a60f09,ok,,"concat: mean, range",mean=student_t; range=lognormal,16,5.0,2,1,2,333.3463171504677,333.3463171504677,11.11154390501559,5.5557719525077935,0.0135201795920145,5.5557719525077935,0.0135201795920145,-666.6969916185233,1.0,586.0,540.0,1.0056846863827678,0,7,0.1895260711154979,0.8071181532055179,6.24171752175771,1.461706549615592,6.0,7.0,7.0,0.5774521275179234,0.5510057191031156,0,False,,False,2,2,30,0,[],15.529517996998038,"(30, 184)",,[],"{""feature_selection"": {""concat"": [""mean"", ""range""]}, ""n_chunks"": 16, ""parameter_selection"": {""mean"": {""likelihood"": ""student_t""}, ""range"": {""likelihood"": ""lognormal""}}, ""rem_profile_params"": {""rem_stage"": 2, ""step_size_hours"": 1, ""window_size_hours"": 2}, ""tau_threshold"": 5.0}",run_output_8day_rem_w2_s1_stage2,rem_w2_s1_stage2
81,1bc737d8a13ca006,pareto_filtered,"pareto_k_above_threshold_after_retries: k_max=0.810692, threshold=0.7",concat: mean; even: mean; odd: mean,mean=lognormal,16,5.0,2,1,2,447.76060689904193,447.76060689904193,16.583726181445996,5.527908727148666,0.0193130528912723,5.527908727148666,0.0193130528912723,-901.7281142265664,1.01,464.0,244.0,0.9219756746551924,0,8,0.7914989273212935,0.9518503941356402,7.752033868598721,0.9771102026838576,8.0,8.0,8.0,0.942031106064815,0.810691976394226,5,True,"pareto_k_above_threshold_after_retries: k_max=0.810692, threshold=0.7",False,3,3,27,3,"[3, 27, 21]",67.00879244500538,"(27, 184)",,[],"{""feature_selection"": {""concat"": [""mean""], ""even"": [""mean""], ""odd"": [""mean""]}, ""n_chunks"": 16, ""parameter_selection"": {""mean"": {""likelihood"": ""lognormal""}}, ""rem_profile_params"": {""rem_stage"": 2, ""step_size_hours"": 1, ""window_size_hours"": 2}, ""tau_threshold"": 5.0}",run_output_8day_rem_w2_s1_stage2,rem_w2_s1_stage2
15,13b7d7374ef6e34d,ok,,"concat: mean, range",mean=student_t; range=beta,16,5.0,3,1,2,308.9747102641032,308.9747102641032,11.034811080860829,5.517405540430414,0.0152093526225834,5.517405540430414,0.0152093526225834,-618.6280841713892,1.0,869.0,646.0,0.9686369060790824,0,7,0.5906873557320097,0.9741052074623328,7.040406459958168,0.6600057853043227,7.0,7.0,7.0,0.9351172875285936,0.6924278866740844,0,False,,False,2,2,28,2,"[15, 17]",70.48024927498773,"(28, 176)",,[],"{""feature_selection"": {""concat"": [""mean"", ""range""]}, ""n_chunks"": 16, ""parameter_selection"": {""mean"": {""likelihood"": ""student_t""}, ""range"": {""likelihood"": ""beta""}}, ""rem_profile_params"": {""rem_stage"": 2, ""step_size_hours"": 1, ""window_size_hours"": 3}, ""tau_threshold"": 5.0}",run_output_8day_rem_w3_s1_stage2,rem_w3_s1_stage2
23,20de196d8262af7d,pareto_filtered,"pareto_k_above_threshold_after_retries: k_max=1.24767, threshold=0.7",concat: mean; odd: mean,mean=lognormal,16,5.0,3,1,2,297.71203459233806,297.71203459233806,11.026371651568075,5.513185825784039,0.0243507044486847,5.513185825784039,0.0243507044486847,-592.9225293758873,1.01,577.0,852.0,1.0237144751968643,0,7,0.2587845473542917,0.7545863689709286,5.974058010495612,1.2556237579146003,6.0,6.0,7.0,0.4568634578070839,1.247670864491823,1,True,"pareto_k_above_threshold_after_retries: k_max=1.24767, threshold=0.7",False,2,2,27,3,"[3, 21, 0]",28.872769180015894,"(27, 176)",,[],"{""feature_selection"": {""concat"": [""mean""], ""odd"": [""mean""]}, ""n_chunks"": 16, ""parameter_selection"": {""mean"": {""likelihood"": ""lognormal""}}, ""rem_profile_params"": {""rem_stage"": 2, ""step_size_hours"": 1, ""window_size_hours"": 3}, ""tau_threshold"": 5.0}",run_output_8day_rem_w3_s1_stage2,rem_w3_s1_stage2
143,0392ec3cfeadb75f,ok,,"concat: mean, range; even: mean; odd: mean",mean=student_t; range=beta,16,5.0,2,1,2,636.5603026137355,636.5603026137355,21.950355262542605,5.48758881563565,0.0122394259334963,5.48758881563565,0.0122394259334963,-1272.549385666253,1.01,477.0,497.0,0.9072825116935804,0,8,0.3130757370156355,0.9029033541631022,6.901783333746673,1.35877373395914,6.0,8.0,8.0,0.5969709632594858,0.5616163542979806,0,False,,False,4,4,29,1,[3],186.0787692629965,"(29, 184)",,[],"{""feature_selection"": {""concat"": [""mean"", ""range""], ""even"": [""mean""], ""odd"": [""mean""]}, ""n_chunks"": 16, ""parameter_selection"": {""mean"": {""likelihood"": ""student_t""}, ""range"": {""likelihood"": ""beta""}}, ""rem_profile_params"": {""rem_stage"": 2, ""step_size_hours"": 1, ""window_size_hours"": 2}, ""tau_threshold"": 5.0}",run_output_8day_rem_w2_s1_stage2,rem_w2_s1_stage2
14,e87438e7dbee238e,ok,,"concat: mean, range",mean=lognormal; range=lognormal,16,5.0,2,1,2,306.9723380071782,306.9723380071782,10.963297785970653,5.481648892985326,0.0182573222390024,5.481648892985326,0.0182573222390024,-609.7165634649585,1.01,239.0,351.0,0.9448465782062528,0,6,0.2186047846916968,0.8602231405465144,6.39401186563164,1.4420058087971246,6.0,6.0,8.0,0.4400825115132571,0.6445735634346645,0,False,,False,2,2,28,2,"[3, 27]",21.582141121994937,"(28, 184)",,[],"{""feature_selection"": {""concat"": [""mean"", ""range""]}, ""n_chunks"": 16, ""parameter_selection"": {""mean"": {""likelihood"": ""lognormal""}, ""range"": {""likelihood"": ""lognormal""}}, ""rem_profile_params"": {""rem_stage"": 2, ""step_size_hours"": 1, ""window_size_hours"": 2}, ""tau_threshold"": 5.0}",run_output_8day_rem_w2_s1_stage2,rem_w2_s1_stage2
70,705cb058a0df1e58,pareto_filtered,"pareto_k_above_threshold_after_retries: k_max=0.947476, threshold=0.7","concat: mean, range; odd: mean",mean=lognormal; range=lognormal,16,5.0,2,1,2,442.5370672225598,442.5370672225598,16.390261748983697,5.463420582994565,0.0182129899373852,5.463420582994565,0.0182129899373852,-880.7606667054256,1.03,222.0,193.0,0.9598658989880232,0,7,0.2952525691363005,0.9063118952003624,6.607742757952043,1.0984291518344975,6.0,7.0,7.0,0.6757237317308549,0.9474764088075546,2,True,"pareto_k_above_threshold_after_retries: k_max=0.947476, threshold=0.7",False,3,3,27,3,"[3, 21, 0]",64.56386679399293,"(27, 184)",,[],"{""feature_selection"": {""concat"": [""mean"", ""range""], ""odd"": [""mean""]}, ""n_chunks"": 16, ""parameter_selection"": {""mean"": {""likelihood"": ""lognormal""}, ""range"": {""likelihood"": ""lognormal""}}, ""rem_profile_params"": {""rem_stage"": 2, ""step_size_hours"": 1, ""window_size_hours"": 2}, ""tau_threshold"": 5.0}",run_output_8day_rem_w2_s1_stage2,rem_w2_s1_stage2
1,044493dde32168a8,ok,,concat: mean,mean=lognormal,16,5.0,6,1,2,147.46002077021353,147.46002077021353,5.46148225074865,5.4614822507486505,0.0281743070805882,5.4614822507486505,0.0281743070805882,-287.4771367489864,1.02,236.0,278.0,1.055415276534347,0,7,0.3375238096326166,0.9358566048092326,6.871409823753585,1.0068088535335749,7.0,7.0,7.0,0.7855990024076775,0.6798914260860804,0,False,,False,1,1,27,3,"[3, 0, 27]",27.820399496005848,"(27, 152)",,[],"{""feature_selection"": {""concat"": [""mean""]}, ""n_chunks"": 16, ""parameter_selection"": {""mean"": {""likelihood"": ""lognormal""}}, ""rem_profile_params"": {""rem_stage"": 2, ""step_size_hours"": 1, ""window_size_hours"": 6}, ""tau_threshold"": 5.0}",run_output_8day_rem_w6_s1_stage2,rem_w6_s1_stage2
69,3c44c97a3eba6885,pareto_filtered,"pareto_k_above_threshold_after_retries: k_max=1.05354, threshold=0.7","concat: mean, range; odd: mean",mean=lognormal; range=beta,16,5.0,2,1,2,442.2390932558444,442.2390932558444,16.379225676142386,5.459741892047462,0.0177434198100847,5.459741892047462,0.0177434198100847,-883.1122757517973,1.06,55.0,25.0,0.8922741259555153,0,3,0.4087430557896805,0.1248587666014719,3.8171638344252288,1.4130640582153893,3.0,3.0,4.0,0.0923184140717276,1.0535412307760903,4,True,"pareto_k_above_threshold_after_retries: k_max=1.05354, threshold=0.7",False,3,3,27,3,"[3, 21, 15]",101.85796403200948,"(27, 184)",,[],"{""feature_selection"": {""concat"": [""mean"", ""range""], ""odd"": [""mean""]}, ""n_chunks"": 16, ""parameter_selection"": {""mean"": {""likelihood"": ""lognormal""}, ""range"": {""likelihood"": ""beta""}}, ""rem_profile_params"": {""rem_stage"": 2, ""step_size_hours"": 1, ""window_size_hours"": 2}, ""tau_threshold"": 5.0}",run_output_8day_rem_w2_s1_stage2,rem_w2_s1_stage2
97,b36602c37eac3944,ok,,"concat: mean; odd: mean, range",mean=student_t; range=beta,16,5.0,2,1,2,458.21962540214105,458.21962540214105,16.364986621505036,5.454995540501679,0.0131804871095857,5.454995540501679,0.0131804871095857,-917.1577092966136,1.01,533.0,895.0,0.8981011352254024,0,6,0.3182440483342784,0.9205785489333408,6.529792528913173,1.1330902071291975,6.0,6.0,8.0,0.3919650098095254,0.6644094259884064,0,False,,False,3,3,28,2,"[3, 21]",148.84183329399093,"(28, 184)",,[],"{""feature_selection"": {""concat"": [""mean""], ""odd"": [""mean"", ""range""]}, ""n_chunks"": 16, ""parameter_selection"": {""mean"": {""likelihood"": ""student_t""}, ""range"": {""likelihood"": ""beta""}}, ""rem_profile_params"": {""rem_stage"": 2, ""step_size_hours"": 1, ""window_size_hours"": 2}, ""tau_threshold"": 5.0}",run_output_8day_rem_w2_s1_stage2,rem_w2_s1_stage2
14,7dc750066afe2e1e,pareto_filtered,"pareto_k_above_threshold_after_retries: k_max=0.984054, threshold=0.7","concat: mean, range",mean=lognormal; range=lognormal,16,5.0,2,2,2,293.9953306399394,293.9953306399394,10.888715949627386,5.444357974813694,0.017510358516493,5.444357974813694,0.017510358516493,-588.5215358594991,1.01,1601.0,1172.0,1.0252890195168245,0,6,0.7290666035664228,0.9653694800395928,6.030053770724278,0.4599296546964778,6.0,6.0,6.0,0.0823869822007379,0.9840537544655752,1,True,"pareto_k_above_threshold_after_retries: k_max=0.984054, threshold=0.7",False,2,2,27,3,"[15, 3, 0]",58.93096434799372,"(27, 96)",,[],"{""feature_selection"": {""concat"": [""mean"", ""range""]}, ""n_chunks"": 16, ""parameter_selection"": {""mean"": {""likelihood"": ""lognormal""}, ""range"": {""likelihood"": ""lognormal""}}, ""rem_profile_params"": {""rem_stage"": 2, ""step_size_hours"": 2, ""window_size_hours"": 2}, ""tau_threshold"": 5.0}",run_output_8day_rem_w2_s2_stage2,rem_w2_s2_stage2
25,0d98f310e876edb9,ok,,concat: mean; odd: range,mean=lognormal; range=beta,16,5.0,2,1,2,291.8469111092225,291.8469111092225,10.809144855897127,5.404572427948565,0.0164012997022027,5.404572427948565,0.0164012997022027,-583.9012852794585,1.01,528.0,643.0,0.9846159279234048,0,8,0.0724521441782568,0.7044979226274571,6.313657880561597,1.6191111563810168,5.0,7.0,8.0,0.5412840355937995,0.4653128443199596,0,False,,False,2,2,27,3,"[3, 27, 24]",69.29218275900348,"(27, 184)",,[],"{""feature_selection"": {""concat"": [""mean""], ""odd"": [""range""]}, ""n_chunks"": 16, ""parameter_selection"": {""mean"": {""likelihood"": ""lognormal""}, ""range"": {""likelihood"": ""beta""}}, ""rem_profile_params"": {""rem_stage"": 2, ""step_size_hours"": 1, ""window_size_hours"": 2}, ""tau_threshold"": 5.0}",run_output_8day_rem_w2_s1_stage2,rem_w2_s1_stage2
159,917c59cb7d59fb3f,ok,,"concat: mean, range; odd: mean, range",mean=student_t; range=beta,16,5.0,2,1,2,576.7895557988928,576.7895557988928,21.362576140699733,5.340644035174935,0.0135196334169684,5.340644035174935,0.0135196334169684,-1154.802729245457,1.01,525.0,604.0,0.9050849509175428,0,6,0.6149696351034268,0.9933044281422634,6.466939513893062,0.8679035772367895,6.0,6.0,7.0,0.2528217581355892,0.6574126293181115,0,False,,False,4,4,27,3,"[3, 21, 4]",463.9745524809987,"(27, 184)",,[],"{""feature_selection"": {""concat"": [""mean"", ""range""], ""odd"": [""mean"", ""range""]}, ""n_chunks"": 16, ""parameter_selection"": {""mean"": {""likelihood"": ""student_t""}, ""range"": {""likelihood"": ""beta""}}, ""rem_profile_params"": {""rem_stage"": 2, ""step_size_hours"": 1, ""window_size_hours"": 2}, ""tau_threshold"": 5.0}",run_output_8day_rem_w2_s1_stage2,rem_w2_s1_stage2
64,86f7923c78b828d6,ok,,"concat: mean, range; even: mean",mean=student_t; range=lognormal,16,5.0,2,1,2,464.3533402614118,464.3533402614118,16.012184146945234,5.3373947156484105,0.0119167480519431,5.3373947156484105,0.0119167480519431,-927.488923612505,1.01,453.0,406.0,0.9931273265948796,0,7,0.2351062989566528,0.8467029705231411,6.755384727594315,1.5317514219612616,7.0,7.0,8.0,0.7589069810868392,0.5641847181330308,0,False,,False,3,3,29,1,[27],64.20017847398412,"(29, 184)",,[],"{""feature_selection"": {""concat"": [""mean"", ""range""], ""even"": [""mean""]}, ""n_chunks"": 16, ""parameter_selection"": {""mean"": {""likelihood"": ""student_t""}, ""range"": {""likelihood"": ""lognormal""}}, ""rem_profile_params"": {""rem_stage"": 2, ""step_size_hours"": 1, ""window_size_hours"": 2}, ""tau_threshold"": 5.0}",run_output_8day_rem_w2_s1_stage2,rem_w2_s1_stage2
72,fa84d48bdf098524,pareto_filtered,"pareto_k_above_threshold_after_retries: k_max=0.739065, threshold=0.7","concat: mean, range; odd: mean",mean=student_t; range=lognormal,16,5.0,2,2,2,429.91772560126,429.91772560126,15.922878725972591,5.307626241990865,0.0160507753065391,5.307626241990865,0.0160507753065391,-861.2314045063517,1.01,275.0,244.0,0.9020132073461702,0,6,0.3438782156858238,0.8767243924427072,6.072702525705767,1.2187813895980548,6.0,6.0,7.0,0.257079977977224,0.7390654200582697,1,True,"pareto_k_above_threshold_after_retries: k_max=0.739065, threshold=0.7",False,3,3,27,3,"[15, 3, 21]",148.94161541201174,"(27, 96)",,[],"{""feature_selection"": {""concat"": [""mean"", ""range""], ""odd"": [""mean""]}, ""n_chunks"": 16, ""parameter_selection"": {""mean"": {""likelihood"": ""student_t""}, ""range"": {""likelihood"": ""lognormal""}}, ""rem_profile_params"": {""rem_stage"": 2, ""step_size_hours"": 2, ""window_size_hours"": 2}, ""tau_threshold"": 5.0}",run_output_8day_rem_w2_s2_stage2,rem_w2_s2_stage2
61,0859546ed3c2a948,pareto_filtered,"pareto_k_above_threshold_after_retries: k_max=0.793884, threshold=0.7","concat: mean, range; even: mean",mean=lognormal; range=beta,16,5.0,2,1,2,429.7610489525691,429.7610489525691,15.91707588713219,5.305691962377397,0.0165074003422711,5.305691962377397,0.0165074003422711,-852.6072834836514,1.02,162.0,343.0,0.908387679212685,0,8,0.5788237313896909,0.9956128447841216,7.311171394330193,0.9483214876715724,6.0,8.0,8.0,0.6688376320187185,0.7938844458892537,2,True,"pareto_k_above_threshold_after_retries: k_max=0.793884, threshold=0.7",False,3,3,27,3,"[3, 27, 4]",93.83786765101831,"(27, 184)",,[],"{""feature_selection"": {""concat"": [""mean"", ""range""], ""even"": [""mean""]}, ""n_chunks"": 16, ""parameter_selection"": {""mean"": {""likelihood"": ""lognormal""}, ""range"": {""likelihood"": ""beta""}}, ""rem_profile_params"": {""rem_stage"": 2, ""step_size_hours"": 1, ""window_size_hours"": 2}, ""tau_threshold"": 5.0}",run_output_8day_rem_w2_s1_stage2,rem_w2_s1_stage2
143,e0d88deaf117d458,ok,,"concat: mean, range; even: mean; odd: mean",mean=student_t; range=beta,16,5.0,2,2,2,572.6854949213579,572.6854949213579,21.210573885976217,5.302643471494056,0.0111020147815571,5.302643471494056,0.0111020147815571,-1145.3673831163817,1.0,1362.0,1099.0,0.9901180529401368,0,7,0.9464199031989274,0.9999780349045893,7.018973086558477,0.1377242400377327,7.0,7.0,7.0,0.9998671401504332,0.598016415776588,0,False,,False,4,4,27,3,"[4, 21, 3]",326.0022217810037,"(27, 96)",,[],"{""feature_selection"": {""concat"": [""mean"", ""range""], ""even"": [""mean""], ""odd"": [""mean""]}, ""n_chunks"": 16, ""parameter_selection"": {""mean"": {""likelihood"": ""student_t""}, ""range"": {""likelihood"": ""beta""}}, ""rem_profile_params"": {""rem_stage"": 2, ""step_size_hours"": 2, ""window_size_hours"": 2}, ""tau_threshold"": 5.0}",run_output_8day_rem_w2_s2_stage2,rem_w2_s2_stage2
13,f1c8d9a56986aff4,ok,,"concat: mean, range",mean=lognormal; range=beta,16,5.0,3,1,2,296.10206316194405,296.10206316194405,10.575073684355145,5.287536842177572,0.0166144946279829,5.287536842177572,0.0166144946279829,-592.2941233030168,1.01,881.0,589.0,0.9463991561980578,0,7,0.6516188364405111,0.9708754049883896,7.034578156435786,0.7426047378786418,7.0,7.0,7.0,0.9611106094790792,0.593208911795375,0,False,,False,2,2,28,2,"[24, 3]",54.63200871099252,"(28, 176)",,[],"{""feature_selection"": {""concat"": [""mean"", ""range""]}, ""n_chunks"": 16, ""parameter_selection"": {""mean"": {""likelihood"": ""lognormal""}, ""range"": {""likelihood"": ""beta""}}, ""rem_profile_params"": {""rem_stage"": 2, ""step_size_hours"": 1, ""window_size_hours"": 3}, ""tau_threshold"": 5.0}",run_output_8day_rem_w3_s1_stage2,rem_w3_s1_stage2
69,3c23da2071f2f0ae,pareto_filtered,"pareto_k_above_threshold_after_retries: k_max=0.82085, threshold=0.7","concat: mean, range; odd: mean",mean=lognormal; range=beta,16,5.0,2,2,2,427.6372339773943,427.6372339773943,15.838416073236829,5.279472024412275,0.0187548286861924,5.279472024412275,0.0187548286861924,-853.4228881723848,1.01,1500.0,1066.0,1.0153604882449292,0,7,0.9926013983149804,0.9999999989524044,7.00181019117843,0.0425275338387485,7.0,7.0,7.0,0.9999991637218946,0.8208500769753279,1,True,"pareto_k_above_threshold_after_retries: k_max=0.82085, threshold=0.7",False,3,3,27,3,"[3, 21, 4]",92.1076442449994,"(27, 96)",,[],"{""feature_selection"": {""concat"": [""mean"", ""range""], ""odd"": [""mean""]}, ""n_chunks"": 16, ""parameter_selection"": {""mean"": {""likelihood"": ""lognormal""}, ""range"": {""likelihood"": ""beta""}}, ""rem_profile_params"": {""rem_stage"": 2, ""step_size_hours"": 2, ""window_size_hours"": 2}, ""tau_threshold"": 5.0}",run_output_8day_rem_w2_s2_stage2,rem_w2_s2_stage2
95,20fecf1bf442e085,pareto_filtered,"pareto_k_above_threshold_after_retries: k_max=0.764594, threshold=0.7","concat: mean; odd: mean, range",mean=lognormal; range=beta,16,5.0,2,1,2,425.2101145153895,425.2101145153895,15.74852275982924,5.249507586609747,0.015970549953385,5.249507586609747,0.015970549953385,-845.9644199033363,1.02,238.0,187.0,0.9594043460444583,0,7,0.2333744878523639,0.870141746732177,6.447470584741163,1.117553660560631,6.0,7.0,7.0,0.5544881413520919,0.7645936719715032,1,True,"pareto_k_above_threshold_after_retries: k_max=0.764594, threshold=0.7",False,3,3,27,3,"[3, 21, 0]",129.63348303199746,"(27, 184)",,[],"{""feature_selection"": {""concat"": [""mean""], ""odd"": [""mean"", ""range""]}, ""n_chunks"": 16, ""parameter_selection"": {""mean"": {""likelihood"": ""lognormal""}, ""range"": {""likelihood"": ""beta""}}, ""rem_profile_params"": {""rem_stage"": 2, ""step_size_hours"": 1, ""window_size_hours"": 2}, ""tau_threshold"": 5.0}",run_output_8day_rem_w2_s1_stage2,rem_w2_s1_stage2
16,d10ca97cfeaa9e0c,ok,,"concat: mean, range",mean=student_t; range=lognormal,16,5.0,2,2,2,312.5464551901101,312.5464551901101,10.41821517300367,5.209107586501836,0.0130047278296492,5.209107586501836,0.0130047278296492,-625.0114272283047,1.01,1324.0,1231.0,1.0570627947428173,0,7,0.5321017742335384,0.9667581722615718,6.708952100347044,0.6135338655558881,6.0,7.0,7.0,0.7215623193568422,0.6039512181864075,0,False,,False,2,2,30,0,[],14.400624353002058,"(30, 96)",,[],"{""feature_selection"": {""concat"": [""mean"", ""range""]}, ""n_chunks"": 16, ""parameter_selection"": {""mean"": {""likelihood"": ""student_t""}, ""range"": {""likelihood"": ""lognormal""}}, ""rem_profile_params"": {""rem_stage"": 2, ""step_size_hours"": 2, ""window_size_hours"": 2}, ""tau_threshold"": 5.0}",run_output_8day_rem_w2_s2_stage2,rem_w2_s2_stage2
18,daf5e30b90145309,ok,,concat: mean; even: mean,mean=student_t,16,5.0,3,1,2,312.2580311789859,312.2580311789859,10.40860103929953,5.204300519649764,0.0129224354277697,5.204300519649764,0.0129224354277697,-625.0698379249902,1.0,788.0,906.0,1.0181091658961372,0,8,0.1366021161126231,0.8187018195488299,6.565798125328385,1.4952665302827557,6.0,7.0,8.0,0.6315016973619212,0.5660822540778001,0,False,,False,2,2,30,0,[],18.73574226300116,"(30, 176)",,[],"{""feature_selection"": {""concat"": [""mean""], ""even"": [""mean""]}, ""n_chunks"": 16, ""parameter_selection"": {""mean"": {""likelihood"": ""student_t""}}, ""rem_profile_params"": {""rem_stage"": 2, ""step_size_hours"": 1, ""window_size_hours"": 3}, ""tau_threshold"": 5.0}",run_output_8day_rem_w3_s1_stage2,rem_w3_s1_stage2
16,182f78f896441d02,pareto_filtered,"pareto_k_above_threshold_after_retries: k_max=0.765018, threshold=0.7","concat: mean, range",mean=student_t; range=lognormal,16,5.0,3,1,2,279.21621392004374,279.21621392004374,10.341341256297916,5.170670628148958,0.0165554006145577,5.170670628148958,0.0165554006145577,-558.7771463138687,1.01,358.0,546.0,1.0395939260217029,0,8,0.1873774347006568,0.7011943301165693,5.86640539991347,1.936941586616075,3.0,6.0,8.0,0.410445483281203,0.7650182257979116,1,True,"pareto_k_above_threshold_after_retries: k_max=0.765018, threshold=0.7",False,2,2,27,3,"[3, 17, 15]",74.45751831799862,"(27, 176)",,[],"{""feature_selection"": {""concat"": [""mean"", ""range""]}, ""n_chunks"": 16, ""parameter_selection"": {""mean"": {""likelihood"": ""student_t""}, ""range"": {""likelihood"": ""lognormal""}}, ""rem_profile_params"": {""rem_stage"": 2, ""step_size_hours"": 1, ""window_size_hours"": 3}, ""tau_threshold"": 5.0}",run_output_8day_rem_w3_s1_stage2,rem_w3_s1_stage2
63,f44da5d2fcdaa83c,ok,,"concat: mean, range; even: mean",mean=student_t; range=beta,16,5.0,2,2,2,448.4560489014503,448.4560489014503,15.464001686256909,5.154667228752303,0.0108849534104209,5.154667228752303,0.0108849534104209,-897.0695986667586,1.01,1355.0,940.0,0.9533726972261068,0,7,0.9689909378341798,0.9999999758506408,7.009742333438198,0.0987090872176529,7.0,7.0,7.0,0.9999520171402928,0.6454181056087143,0,False,,False,3,3,29,1,[4],67.8329336939787,"(29, 96)",,[],"{""feature_selection"": {""concat"": [""mean"", ""range""], ""even"": [""mean""]}, ""n_chunks"": 16, ""parameter_selection"": {""mean"": {""likelihood"": ""student_t""}, ""range"": {""likelihood"": ""beta""}}, ""rem_profile_params"": {""rem_stage"": 2, ""step_size_hours"": 2, ""window_size_hours"": 2}, ""tau_threshold"": 5.0}",run_output_8day_rem_w2_s2_stage2,rem_w2_s2_stage2
70,683d9c39a4f2dd89,pareto_filtered,"pareto_k_above_threshold_after_retries: k_max=1.04392, threshold=0.7","concat: mean, range; odd: mean",mean=lognormal; range=lognormal,16,5.0,2,2,2,417.264545478379,417.264545478379,15.454242425125146,5.151414141708382,0.0173406731483423,5.151414141708382,0.0173406731483423,-833.1415576017906,1.0,862.0,874.0,0.9899613221806586,0,7,0.5294212391431038,0.977395742646514,6.681281558945495,0.6156448626770119,6.0,7.0,7.0,0.6883408003210879,1.043920651825804,1,True,"pareto_k_above_threshold_after_retries: k_max=1.04392, threshold=0.7",False,3,3,27,3,"[3, 21, 0]",42.38196570301079,"(27, 96)",,[],"{""feature_selection"": {""concat"": [""mean"", ""range""], ""odd"": [""mean""]}, ""n_chunks"": 16, ""parameter_selection"": {""mean"": {""likelihood"": ""lognormal""}, ""range"": {""likelihood"": ""lognormal""}}, ""rem_profile_params"": {""rem_stage"": 2, ""step_size_hours"": 2, ""window_size_hours"": 2}, ""tau_threshold"": 5.0}",run_output_8day_rem_w2_s2_stage2,rem_w2_s2_stage2
141,c95902a64d4ad3f3,pareto_filtered,"pareto_k_above_threshold_after_retries: k_max=1.12892, threshold=0.7","concat: mean, range; even: mean; odd: mean",mean=lognormal; range=beta,16,5.0,2,1,2,556.1987521926656,556.1987521926656,20.599953784913534,5.1499884462283845,0.0165594605756829,5.1499884462283845,0.0165594605756829,-1112.0161292869454,1.02,254.0,332.0,0.978782757020753,0,8,0.5238448643642513,0.986659499089632,7.458458995554618,0.9277634687282816,7.0,8.0,8.0,0.7909672553988515,1.1289199025949903,3,True,"pareto_k_above_threshold_after_retries: k_max=1.12892, threshold=0.7",False,4,4,27,3,"[3, 21, 4]",198.3457823319768,"(27, 184)",,[],"{""feature_selection"": {""concat"": [""mean"", ""range""], ""even"": [""mean""], ""odd"": [""mean""]}, ""n_chunks"": 16, ""parameter_selection"": {""mean"": {""likelihood"": ""lognormal""}, ""range"": {""likelihood"": ""beta""}}, ""rem_profile_params"": {""rem_stage"": 2, ""step_size_hours"": 1, ""window_size_hours"": 2}, ""tau_threshold"": 5.0}",run_output_8day_rem_w2_s1_stage2,rem_w2_s1_stage2
81,eb50762d0f5ffe4d,pareto_filtered,"pareto_k_above_threshold_after_retries: k_max=0.790259, threshold=0.7",concat: mean; even: mean; odd: mean,mean=lognormal,16,5.0,2,2,2,412.8522834535722,412.8522834535722,15.290825313095269,5.096941771031755,0.016716609667014,5.096941771031755,0.016716609667014,-820.4993477660645,1.03,351.0,200.0,0.968850423802962,0,7,0.2958666524397042,0.8789203702237476,6.641239337283761,1.2146959816433631,6.0,7.0,7.0,0.7413336747604133,0.7902587673585698,2,True,"pareto_k_above_threshold_after_retries: k_max=0.790259, threshold=0.7",False,3,3,27,3,"[3, 21, 0]",64.75204471999314,"(27, 96)",,[],"{""feature_selection"": {""concat"": [""mean""], ""even"": [""mean""], ""odd"": [""mean""]}, ""n_chunks"": 16, ""parameter_selection"": {""mean"": {""likelihood"": ""lognormal""}}, ""rem_profile_params"": {""rem_stage"": 2, ""step_size_hours"": 2, ""window_size_hours"": 2}, ""tau_threshold"": 5.0}",run_output_8day_rem_w2_s2_stage2,rem_w2_s2_stage2
171,e70bd8a0d0e75ed4,ok,,"concat: mean; even: mean; odd: mean, range",mean=student_t; range=beta,16,5.0,2,1,2,589.2487456324052,589.2487456324052,20.318922263186387,5.079730565796597,0.0116400615988601,5.079730565796597,0.0116400615988601,-1177.469014188253,1.01,582.0,787.0,1.017266076622212,0,8,0.3588295181534979,0.9395954424350704,7.133980875774554,1.1544736171918673,6.0,8.0,8.0,0.6773615397399345,0.635209403054721,0,False,,False,4,4,29,1,[3],237.6589055870136,"(29, 184)",,[],"{""feature_selection"": {""concat"": [""mean""], ""even"": [""mean""], ""odd"": [""mean"", ""range""]}, ""n_chunks"": 16, ""parameter_selection"": {""mean"": {""likelihood"": ""student_t""}, ""range"": {""likelihood"": ""beta""}}, ""rem_profile_params"": {""rem_stage"": 2, ""step_size_hours"": 1, ""window_size_hours"": 2}, ""tau_threshold"": 5.0}",run_output_8day_rem_w2_s1_stage2,rem_w2_s1_stage2
71,0f54240d069de8bd,ok,,"concat: mean, range; odd: mean",mean=student_t; range=beta,16,5.0,2,2,2,441.7924992885844,441.7924992885844,15.234224113399462,5.078074704466488,0.017092589206042,5.078074704466488,0.017092589206042,-882.0449056992721,1.01,1147.0,842.0,1.031853179525277,0,7,0.9807689631301736,0.999999983354869,7.00555279755652,0.0743696935817899,7.0,7.0,7.0,0.9999955897803748,0.6851965363540048,0,False,,False,3,3,29,1,[4],73.55120912200073,"(29, 96)",,[],"{""feature_selection"": {""concat"": [""mean"", ""range""], ""odd"": [""mean""]}, ""n_chunks"": 16, ""parameter_selection"": {""mean"": {""likelihood"": ""student_t""}, ""range"": {""likelihood"": ""beta""}}, ""rem_profile_params"": {""rem_stage"": 2, ""step_size_hours"": 2, ""window_size_hours"": 2}, ""tau_threshold"": 5.0}",run_output_8day_rem_w2_s2_stage2,rem_w2_s2_stage2
85,90380427f5c6559c,ok,,concat: mean; even: mean; odd: range,mean=student_t; range=beta,16,5.0,2,1,2,456.2465230457637,456.2465230457637,15.20821743485879,5.069405811619595,0.0104792666103272,5.069405811619595,0.0104792666103272,-912.661081500768,1.01,573.0,918.0,0.9178740535160094,0,8,0.2336873520444656,0.9145471190352386,6.869809547891833,1.1885717730078968,6.0,7.0,8.0,0.6445587697511128,0.5901957557729132,0,False,,False,3,3,30,0,[],47.33363128500059,"(30, 184)",,[],"{""feature_selection"": {""concat"": [""mean""], ""even"": [""mean""], ""odd"": [""range""]}, ""n_chunks"": 16, ""parameter_selection"": {""mean"": {""likelihood"": ""student_t""}, ""range"": {""likelihood"": ""beta""}}, ""rem_profile_params"": {""rem_stage"": 2, ""step_size_hours"": 1, ""window_size_hours"": 2}, ""tau_threshold"": 5.0}",run_output_8day_rem_w2_s1_stage2,rem_w2_s1_stage2
82,920f7ef3e1b12bf1,ok,,concat: mean; even: mean; odd: mean,mean=student_t,16,5.0,2,2,2,453.57569738139705,453.57569738139705,15.119189912713235,5.0397299709044105,0.0158695750414017,5.0397299709044105,0.0158695750414017,-907.6921342466852,1.01,438.0,674.0,0.9915866930344636,0,8,0.18316689209981,0.8452377406409999,6.586920223426453,1.5062539500595802,6.0,7.0,8.0,0.5470924692166993,0.6455723081336696,0,False,,False,3,3,30,0,[],41.47865612799069,"(30, 96)",,[],"{""feature_selection"": {""concat"": [""mean""], ""even"": [""mean""], ""odd"": [""mean""]}, ""n_chunks"": 16, ""parameter_selection"": {""mean"": {""likelihood"": ""student_t""}}, ""rem_profile_params"": {""rem_stage"": 2, ""step_size_hours"": 2, ""window_size_hours"": 2}, ""tau_threshold"": 5.0}",run_output_8day_rem_w2_s2_stage2,rem_w2_s2_stage2
172,99ff846550475526,pareto_filtered,"pareto_k_above_threshold_after_retries: k_max=0.770506, threshold=0.7","concat: mean; even: mean; odd: mean, range",mean=student_t; range=lognormal,16,5.0,2,1,2,544.0969744108971,544.0969744108971,20.15173979299619,5.037934948249048,0.0122538064402686,5.037934948249048,0.0122538064402686,-1089.052882713279,1.01,1361.0,890.0,0.99685165677523,0,8,0.9010595514129676,0.9898913343089228,7.918386176595079,0.5243947533176477,8.0,8.0,8.0,0.9751703955322356,0.7705059338237951,1,True,"pareto_k_above_threshold_after_retries: k_max=0.770506, threshold=0.7",False,4,4,27,3,"[21, 3, 15]",472.9506992610113,"(27, 184)",,[],"{""feature_selection"": {""concat"": [""mean""], ""even"": [""mean""], ""odd"": [""mean"", ""range""]}, ""n_chunks"": 16, ""parameter_selection"": {""mean"": {""likelihood"": ""student_t""}, ""range"": {""likelihood"": ""lognormal""}}, ""rem_profile_params"": {""rem_stage"": 2, ""step_size_hours"": 1, ""window_size_hours"": 2}, ""tau_threshold"": 5.0}",run_output_8day_rem_w2_s1_stage2,rem_w2_s1_stage2
17,9f6206e6f863c352,ok,,concat: mean; even: mean,mean=lognormal,16,5.0,3,1,2,271.03794420626593,271.03794420626593,10.038442378009847,5.019221189004925,0.0190841772789444,5.019221189004925,0.0190841772789444,-542.9815123247575,1.0,637.0,970.0,0.9245436293155054,0,5,0.1965545551341585,0.4251960278010506,5.896897494675909,1.5409680965269028,5.0,5.0,8.0,0.3624394289627594,0.695966420508,0,False,,False,2,2,27,3,"[24, 3, 27]",48.86730109798373,"(27, 176)",,[],"{""feature_selection"": {""concat"": [""mean""], ""even"": [""mean""]}, ""n_chunks"": 16, ""parameter_selection"": {""mean"": {""likelihood"": ""lognormal""}}, ""rem_profile_params"": {""rem_stage"": 2, ""step_size_hours"": 1, ""window_size_hours"": 3}, ""tau_threshold"": 5.0}",run_output_8day_rem_w3_s1_stage2,rem_w3_s1_stage2
17,aa036c6c5b3f05f1,ok,,concat: mean; even: mean,mean=lognormal,16,5.0,2,2,2,290.96981384926573,290.96981384926573,10.033441856871232,5.016720928435617,0.0173537728554456,5.016720928435617,0.0173537728554456,-579.8623803818883,1.01,500.0,586.0,0.9760266830073068,0,6,0.1143374157794179,0.7731881230932625,6.228080026715626,1.6531667765517664,6.0,6.0,8.0,0.4851148613753068,0.6035384570686352,0,False,,False,2,2,29,1,[3],13.58493736499804,"(29, 96)",,[],"{""feature_selection"": {""concat"": [""mean""], ""even"": [""mean""]}, ""n_chunks"": 16, ""parameter_selection"": {""mean"": {""likelihood"": ""lognormal""}}, ""rem_profile_params"": {""rem_stage"": 2, ""step_size_hours"": 2, ""window_size_hours"": 2}, ""tau_threshold"": 5.0}",run_output_8day_rem_w2_s2_stage2,rem_w2_s2_stage2
73,e94bc6d542458103,ok,,"concat: mean, range; odd: range",mean=lognormal; range=beta,16,5.0,2,1,2,406.0550416253644,406.0550416253644,15.039075615754236,5.013025205251412,0.015256229787924,5.013025205251412,0.015256229787924,-812.230197263647,1.01,289.0,185.0,0.8884934137022851,0,6,0.4398160129396152,0.9625196838602595,6.75935184940297,1.1158014481683312,6.0,6.0,8.0,0.4418583386728681,0.6632132277648904,0,False,,False,3,3,27,3,"[3, 4, 24]",153.40239586797543,"(27, 184)",,[],"{""feature_selection"": {""concat"": [""mean"", ""range""], ""odd"": [""range""]}, ""n_chunks"": 16, ""parameter_selection"": {""mean"": {""likelihood"": ""lognormal""}, ""range"": {""likelihood"": ""beta""}}, ""rem_profile_params"": {""rem_stage"": 2, ""step_size_hours"": 1, ""window_size_hours"": 2}, ""tau_threshold"": 5.0}",run_output_8day_rem_w2_s1_stage2,rem_w2_s1_stage2
13,bd1479868aeb9e6e,pareto_filtered,"pareto_k_above_threshold_after_retries: k_max=0.839982, threshold=0.7","concat: mean, range; even: mean; odd: mean, range",mean=student_t; range=beta,16,5.0,2,1,2,674.1028523706593,674.1028523706593,24.96677231002442,4.993354462004882,0.0131233237764041,4.993354462004882,0.0131233237764041,-1346.1607260820524,1.0,320.0,804.0,0.9023023888105756,0,8,0.5526950652124752,0.9959547051197956,6.987811769471612,1.009894365090363,6.0,7.0,8.0,0.5079216938052954,0.8399821026827015,2,True,"pareto_k_above_threshold_after_retries: k_max=0.839982, threshold=0.7",False,5,5,27,3,"[4, 3, 17]",314.81173149400274,"(27, 184)",,[],"{""feature_selection"": {""concat"": [""mean"", ""range""], ""even"": [""mean""], ""odd"": [""mean"", ""range""]}, ""n_chunks"": 16, ""parameter_selection"": {""mean"": {""likelihood"": ""student_t""}, ""range"": {""likelihood"": ""beta""}}, ""rem_profile_params"": {""rem_stage"": 2, ""step_size_hours"": 1, ""window_size_hours"": 2}, ""tau_threshold"": 5.0}",run_output_8day_rem_w2_s1_stage2,rem_w2_s1_stage2
62,1ffd10fd3d2236fd,pareto_filtered,"pareto_k_above_threshold_after_retries: k_max=0.74908, threshold=0.7","concat: mean, range; even: mean",mean=lognormal; range=lognormal,16,5.0,2,1,2,404.2182034947384,404.2182034947384,14.9710445738792,4.990348191293066,0.0160223837817799,4.990348191293066,0.0160223837817799,-805.3181925806464,1.01,172.0,305.0,1.031829765130328,0,8,0.3192590875786449,0.8990379363582202,7.065215977801337,1.4069224700013585,6.0,8.0,8.0,0.7193692834778581,0.7490802208836417,1,True,"pareto_k_above_threshold_after_retries: k_max=0.74908, threshold=0.7",False,3,3,27,3,"[3, 27, 23]",61.331560944992816,"(27, 184)",,[],"{""feature_selection"": {""concat"": [""mean"", ""range""], ""even"": [""mean""]}, ""n_chunks"": 16, ""parameter_selection"": {""mean"": {""likelihood"": ""lognormal""}, ""range"": {""likelihood"": ""lognormal""}}, ""rem_profile_params"": {""rem_stage"": 2, ""step_size_hours"": 1, ""window_size_hours"": 2}, ""tau_threshold"": 5.0}",run_output_8day_rem_w2_s1_stage2,rem_w2_s1_stage2
142,dca029df4278ef3a,pareto_filtered,"pareto_k_above_threshold_after_retries: k_max=0.950769, threshold=0.7","concat: mean, range; even: mean; odd: mean",mean=lognormal; range=lognormal,16,5.0,2,1,2,538.5842081226878,538.5842081226878,19.94756326380325,4.986890815950814,0.0168310444984245,4.986890815950814,0.0168310444984245,-1082.9802775959388,1.02,155.0,63.0,0.98769058674992,0,8,0.7287089776857892,0.8894810425322317,7.446128130136409,1.5181112342223433,8.0,8.0,8.0,0.8808718746148543,0.950769014128962,3,True,"pareto_k_above_threshold_after_retries: k_max=0.950769, threshold=0.7",False,4,4,27,3,"[3, 21, 27]",74.2980726120004,"(27, 184)",,[],"{""feature_selection"": {""concat"": [""mean"", ""range""], ""even"": [""mean""], ""odd"": [""mean""]}, ""n_chunks"": 16, ""parameter_selection"": {""mean"": {""likelihood"": ""lognormal""}, ""range"": {""likelihood"": ""lognormal""}}, ""rem_profile_params"": {""rem_stage"": 2, ""step_size_hours"": 1, ""window_size_hours"": 2}, ""tau_threshold"": 5.0}",run_output_8day_rem_w2_s1_stage2,rem_w2_s1_stage2
82,82d74c17b887ea30,ok,,concat: mean; even: mean; odd: mean,mean=student_t,16,5.0,3,1,2,433.1084218992965,433.1084218992965,14.93477316894126,4.978257722980419,0.0138641369776629,4.978257722980419,0.0138641369776629,-866.7723367575102,1.02,379.0,725.0,1.0065628912771771,0,8,0.1779191236618218,0.8236882890638165,6.626528156523567,1.5107491535293236,6.0,7.0,8.0,0.5518401002744624,0.6918644554345517,0,False,,False,3,3,29,1,[3],87.86110589100281,"(29, 176)",,[],"{""feature_selection"": {""concat"": [""mean""], ""even"": [""mean""], ""odd"": [""mean""]}, ""n_chunks"": 16, ""parameter_selection"": {""mean"": {""likelihood"": ""student_t""}}, ""rem_profile_params"": {""rem_stage"": 2, ""step_size_hours"": 1, ""window_size_hours"": 3}, ""tau_threshold"": 5.0}",run_output_8day_rem_w3_s1_stage2,rem_w3_s1_stage2
157,3cc8fca9858cd4f1,pareto_filtered,"pareto_k_above_threshold_after_retries: k_max=0.844822, threshold=0.7","concat: mean, range; odd: mean, range",mean=lognormal; range=beta,16,5.0,2,1,2,534.851169347444,534.851169347444,19.809302568423853,4.952325642105962,0.0158364021168443,4.952325642105962,0.0158364021168443,-1073.9965478576544,1.02,170.0,140.0,0.9915336972414228,0,8,0.3996666404677804,0.9221535107458956,7.181885749711896,1.3679734223744464,6.0,8.0,8.0,0.7473070855442263,0.8448219130140707,2,True,"pareto_k_above_threshold_after_retries: k_max=0.844822, threshold=0.7",False,4,4,27,3,"[3, 21, 27]",279.8917845239921,"(27, 184)",,[],"{""feature_selection"": {""concat"": [""mean"", ""range""], ""odd"": [""mean"", ""range""]}, ""n_chunks"": 16, ""parameter_selection"": {""mean"": {""likelihood"": ""lognormal""}, ""range"": {""likelihood"": ""beta""}}, ""rem_profile_params"": {""rem_stage"": 2, ""step_size_hours"": 1, ""window_size_hours"": 2}, ""tau_threshold"": 5.0}",run_output_8day_rem_w2_s1_stage2,rem_w2_s1_stage2
144,a5a1d46773aa7e3e,ok,,"concat: mean, range; even: mean; odd: mean",mean=student_t; range=lognormal,16,5.0,2,2,2,553.8073991806737,553.8073991806737,19.77883568502406,4.944708921256015,0.0113377506333253,4.944708921256015,0.0113377506333253,-1107.626118789085,1.01,454.0,723.0,0.939701470294405,0,6,0.3481647756924677,0.968415759366261,6.6649966696575165,0.9284240652258292,6.0,6.0,7.0,0.47684991333134,0.5896505501141899,0,False,,False,4,4,28,2,"[21, 3]",252.655443243013,"(28, 96)",,[],"{""feature_selection"": {""concat"": [""mean"", ""range""], ""even"": [""mean""], ""odd"": [""mean""]}, ""n_chunks"": 16, ""parameter_selection"": {""mean"": {""likelihood"": ""student_t""}, ""range"": {""likelihood"": ""lognormal""}}, ""rem_profile_params"": {""rem_stage"": 2, ""step_size_hours"": 2, ""window_size_hours"": 2}, ""tau_threshold"": 5.0}",run_output_8day_rem_w2_s2_stage2,rem_w2_s2_stage2
37,bedec65364e9b2d1,pareto_filtered,"pareto_k_above_threshold_after_retries: k_max=1.16168, threshold=0.7",concat: range; odd: mean,mean=student_t; range=beta,16,5.0,2,1,2,266.8064183769221,266.8064183769221,9.881719199145264,4.940859599572632,0.0145339289763264,4.940859599572632,0.0145339289763264,-535.1723555521813,1.01,544.0,397.0,0.8635083038740483,0,6,0.4715262749495917,0.9659638928853838,6.62238293492525,1.072211973888247,6.0,6.0,8.0,0.3677767869392906,1.1616767530889442,1,True,"pareto_k_above_threshold_after_retries: k_max=1.16168, threshold=0.7",False,2,2,27,3,"[4, 3, 21]",111.2977007139998,"(27, 184)",,[],"{""feature_selection"": {""concat"": [""range""], ""odd"": [""mean""]}, ""n_chunks"": 16, ""parameter_selection"": {""mean"": {""likelihood"": ""student_t""}, ""range"": {""likelihood"": ""beta""}}, ""rem_profile_params"": {""rem_stage"": 2, ""step_size_hours"": 1, ""window_size_hours"": 2}, ""tau_threshold"": 5.0}",run_output_8day_rem_w2_s1_stage2,rem_w2_s1_stage2
5,a2d808357dcd6e79,pareto_filtered,"pareto_k_above_threshold_after_retries: k_max=1.10304, threshold=0.7","concat: mean, range; even: mean, range; odd: mean",mean=student_t; range=beta,16,5.0,2,1,2,665.4042742221402,665.4042742221402,24.644602748968158,4.928920549793631,0.0093969464395181,4.928920549793631,0.0093969464395181,-1333.6283849621418,1.01,212.0,229.0,0.9457849307875836,0,8,0.3484488009071865,0.8060579921269868,6.917222906200429,1.6770075890760665,6.0,8.0,8.0,0.693929314359769,1.1030375813908668,2,True,"pareto_k_above_threshold_after_retries: k_max=1.10304, threshold=0.7",False,5,5,27,3,"[3, 21, 27]",241.54071163301705,"(27, 184)",,[],"{""feature_selection"": {""concat"": [""mean"", ""range""], ""even"": [""mean"", ""range""], ""odd"": [""mean""]}, ""n_chunks"": 16, ""parameter_selection"": {""mean"": {""likelihood"": ""student_t""}, ""range"": {""likelihood"": ""beta""}}, ""rem_profile_params"": {""rem_stage"": 2, ""step_size_hours"": 1, ""window_size_hours"": 2}, ""tau_threshold"": 5.0}",run_output_8day_rem_w2_s1_stage2,rem_w2_s1_stage2
169,67af0637425feee1,pareto_filtered,"pareto_k_above_threshold_after_retries: k_max=0.976184, threshold=0.7","concat: mean; even: mean; odd: mean, range",mean=lognormal; range=beta,16,5.0,2,1,2,531.93282764594,531.93282764594,19.70121583873852,4.92530395968463,0.014090331651447,4.92530395968463,0.014090331651447,-1056.9142170907369,1.01,200.0,392.0,0.9789104949067816,0,7,0.2289051909119759,0.8760072876511753,6.6548520290511295,1.1451436421861971,6.0,7.0,7.0,0.6689397599279571,0.9761835609658926,2,True,"pareto_k_above_threshold_after_retries: k_max=0.976184, threshold=0.7",False,4,4,27,3,"[3, 21, 0]",268.22373400698416,"(27, 184)",,[],"{""feature_selection"": {""concat"": [""mean""], ""even"": [""mean""], ""odd"": [""mean"", ""range""]}, ""n_chunks"": 16, ""parameter_selection"": {""mean"": {""likelihood"": ""lognormal""}, ""range"": {""likelihood"": ""beta""}}, ""rem_profile_params"": {""rem_stage"": 2, ""step_size_hours"": 1, ""window_size_hours"": 2}, ""tau_threshold"": 5.0}",run_output_8day_rem_w2_s1_stage2,rem_w2_s1_stage2
69,10c759c9acfa40bf,pareto_filtered,"pareto_k_above_threshold_after_retries: k_max=0.895414, threshold=0.7","concat: mean, range; odd: mean",mean=lognormal; range=beta,16,5.0,3,1,2,398.6530387770469,398.6530387770469,14.764927362112848,4.921642454037616,0.0199296812301798,4.921642454037616,0.0199296812301798,-801.676535267344,1.01,495.0,411.0,0.8977139005296062,0,7,0.6361002641348392,0.9585563383835022,6.984474087252323,0.8766738074312869,7.0,7.0,7.0,0.9504659405720742,0.8954143283307128,2,True,"pareto_k_above_threshold_after_retries: k_max=0.895414, threshold=0.7",False,3,3,27,3,"[3, 21, 24]",103.35742654500064,"(27, 176)",,[],"{""feature_selection"": {""concat"": [""mean"", ""range""], ""odd"": [""mean""]}, ""n_chunks"": 16, ""parameter_selection"": {""mean"": {""likelihood"": ""lognormal""}, ""range"": {""likelihood"": ""beta""}}, ""rem_profile_params"": {""rem_stage"": 2, ""step_size_hours"": 1, ""window_size_hours"": 3}, ""tau_threshold"": 5.0}",run_output_8day_rem_w3_s1_stage2,rem_w3_s1_stage2
75,0fd1deaa47c014e8,ok,,"concat: mean, range; odd: range",mean=student_t; range=beta,16,5.0,2,1,2,442.7898043254791,442.7898043254791,14.759660144182638,4.9198867147275465,0.0120682282544527,4.9198867147275465,0.0120682282544527,-886.0750823111824,1.01,861.0,819.0,0.9057302270894028,0,6,0.4814602369019466,0.973479617801895,6.356564942031087,0.7800800936878968,6.0,6.0,7.0,0.2827405540160782,0.6613477930403191,0,False,,False,3,3,30,0,[],41.28471203599474,"(30, 184)",,[],"{""feature_selection"": {""concat"": [""mean"", ""range""], ""odd"": [""range""]}, ""n_chunks"": 16, ""parameter_selection"": {""mean"": {""likelihood"": ""student_t""}, ""range"": {""likelihood"": ""beta""}}, ""rem_profile_params"": {""rem_stage"": 2, ""step_size_hours"": 1, ""window_size_hours"": 2}, ""tau_threshold"": 5.0}",run_output_8day_rem_w2_s1_stage2,rem_w2_s1_stage2
147,393acf8684b6c75a,ok,,"concat: mean, range; even: mean; odd: range",mean=student_t; range=beta,16,5.0,2,1,2,567.4502171328363,567.4502171328363,19.56724886664953,4.891812216662382,0.0112399166678518,4.891812216662382,0.0112399166678518,-1136.3415249987297,1.01,394.0,672.0,0.8737633375110115,0,8,0.4860699293683252,0.9992623993746776,7.046181104126182,0.9609381859076292,6.0,7.0,8.0,0.5635639777488113,0.6394073195573853,0,False,,False,4,4,29,1,[4],174.69044336897787,"(29, 184)",,[],"{""feature_selection"": {""concat"": [""mean"", ""range""], ""even"": [""mean""], ""odd"": [""range""]}, ""n_chunks"": 16, ""parameter_selection"": {""mean"": {""likelihood"": ""student_t""}, ""range"": {""likelihood"": ""beta""}}, ""rem_profile_params"": {""rem_stage"": 2, ""step_size_hours"": 1, ""window_size_hours"": 2}, ""tau_threshold"": 5.0}",run_output_8day_rem_w2_s1_stage2,rem_w2_s1_stage2
83,f88b839a3b3f8604,pareto_filtered,"pareto_k_above_threshold_after_retries: k_max=0.785693, threshold=0.7",concat: mean; even: mean; odd: range,mean=lognormal; range=beta,16,5.0,2,1,2,395.527557209603,395.527557209603,14.649168785540851,4.883056261846951,0.015370168249912,4.883056261846951,0.015370168249912,-787.9656906724173,1.03,140.0,112.0,0.8773197359467504,0,6,0.3235498807126226,0.9102924767906684,6.425207976948466,1.0410924719856005,6.0,6.0,7.0,0.3438974892757536,0.7856925515600371,2,True,"pareto_k_above_threshold_after_retries: k_max=0.785693, threshold=0.7",False,3,3,27,3,"[3, 27, 0]",140.88377121300437,"(27, 184)",,[],"{""feature_selection"": {""concat"": [""mean""], ""even"": [""mean""], ""odd"": [""range""]}, ""n_chunks"": 16, ""parameter_selection"": {""mean"": {""likelihood"": ""lognormal""}, ""range"": {""likelihood"": ""beta""}}, ""rem_profile_params"": {""rem_stage"": 2, ""step_size_hours"": 1, ""window_size_hours"": 2}, ""tau_threshold"": 5.0}",run_output_8day_rem_w2_s1_stage2,rem_w2_s1_stage2
163,80361b39aaa89b4a,ok,,"concat: mean; even: mean, range; odd: mean",mean=student_t; range=beta,16,5.0,2,1,2,546.5363590092347,546.5363590092347,19.51915567890124,4.87978891972531,0.0111047040318459,4.87978891972531,0.0111047040318459,-1096.4275139267857,1.01,468.0,316.0,1.0169078237826474,0,8,0.4525601743088272,0.8879781733682519,7.300024405623191,1.394826051339343,7.0,8.0,8.0,0.811084166381159,0.6614903181257701,0,False,,False,4,4,28,2,"[27, 3]",345.9892666990054,"(28, 184)",,[],"{""feature_selection"": {""concat"": [""mean""], ""even"": [""mean"", ""range""], ""odd"": [""mean""]}, ""n_chunks"": 16, ""parameter_selection"": {""mean"": {""likelihood"": ""student_t""}, ""range"": {""likelihood"": ""beta""}}, ""rem_profile_params"": {""rem_stage"": 2, ""step_size_hours"": 1, ""window_size_hours"": 2}, ""tau_threshold"": 5.0}",run_output_8day_rem_w2_s1_stage2,rem_w2_s1_stage2
151,50f9b42eed2021fa,pareto_filtered,"pareto_k_above_threshold_after_retries: k_max=0.733235, threshold=0.7","concat: mean, range; even: range; odd: mean",mean=student_t; range=beta,16,5.0,2,1,2,525.253977009163,525.253977009163,19.45385100033937,4.863462750084843,0.0128718772295691,4.863462750084843,0.0128718772295691,-1049.5512116847806,1.01,332.0,602.0,0.9054332769856894,0,6,0.5169794742785192,0.9918938540552024,6.962979466357612,1.0093084015439342,6.0,7.0,8.0,0.5048712455566807,0.7332351050535588,1,True,"pareto_k_above_threshold_after_retries: k_max=0.733235, threshold=0.7",False,4,4,27,3,"[27, 3, 4]",396.9079583220009,"(27, 184)",,[],"{""feature_selection"": {""concat"": [""mean"", ""range""], ""even"": [""range""], ""odd"": [""mean""]}, ""n_chunks"": 16, ""parameter_selection"": {""mean"": {""likelihood"": ""student_t""}, ""range"": {""likelihood"": ""beta""}}, ""rem_profile_params"": {""rem_stage"": 2, ""step_size_hours"": 1, ""window_size_hours"": 2}, ""tau_threshold"": 5.0}",run_output_8day_rem_w2_s1_stage2,rem_w2_s1_stage2
67,6ca63520d08bdb17,ok,,"concat: mean, range; even: range",mean=student_t; range=beta,16,5.0,2,1,2,393.8302005578103,393.8302005578103,14.586303724363344,4.862101241454448,0.0102224603389585,4.862101241454448,0.0102224603389585,-788.1090475895052,1.0,532.0,572.0,0.8774295604453493,0,8,0.4851411439810513,0.9744844238069588,7.162962705990578,1.0715626611516444,6.0,8.0,8.0,0.6244374852519494,0.6565072120336212,0,False,,False,3,3,27,3,"[27, 4, 3]",156.50836110199452,"(27, 184)",,[],"{""feature_selection"": {""concat"": [""mean"", ""range""], ""even"": [""range""]}, ""n_chunks"": 16, ""parameter_selection"": {""mean"": {""likelihood"": ""student_t""}, ""range"": {""likelihood"": ""beta""}}, ""rem_profile_params"": {""rem_stage"": 2, ""step_size_hours"": 1, ""window_size_hours"": 2}, ""tau_threshold"": 5.0}",run_output_8day_rem_w2_s1_stage2,rem_w2_s1_stage2
143,65badb246895807f,pareto_filtered,"pareto_k_above_threshold_after_retries: k_max=0.980211, threshold=0.7","concat: mean, range; even: mean; odd: mean",mean=student_t; range=beta,16,5.0,3,1,2,524.2144617799504,524.2144617799504,19.41535043629446,4.853837609073615,0.0134335976786039,4.853837609073615,0.0134335976786039,-1049.8168529554875,1.01,676.0,657.0,0.975737603312464,0,8,0.493511087600082,0.971772385240716,7.389403332488072,0.8488284441539656,7.0,8.0,8.0,0.952554213748152,0.980211224845358,2,True,"pareto_k_above_threshold_after_retries: k_max=0.980211, threshold=0.7",False,4,4,27,3,"[15, 3, 21]",357.8890069559857,"(27, 176)",,[],"{""feature_selection"": {""concat"": [""mean"", ""range""], ""even"": [""mean""], ""odd"": [""mean""]}, ""n_chunks"": 16, ""parameter_selection"": {""mean"": {""likelihood"": ""student_t""}, ""range"": {""likelihood"": ""beta""}}, ""rem_profile_params"": {""rem_stage"": 2, ""step_size_hours"": 1, ""window_size_hours"": 3}, ""tau_threshold"": 5.0}",run_output_8day_rem_w3_s1_stage2,rem_w3_s1_stage2
14,56fb7eb266b8b5ff,pareto_filtered,"pareto_k_above_threshold_after_retries: k_max=1.00976, threshold=0.7","concat: mean, range",mean=lognormal; range=lognormal,16,5.0,3,1,2,261.28198245069854,261.28198245069854,9.677110461136984,4.838555230568492,0.0183897363663579,4.838555230568492,0.0183897363663579,-523.1409954847577,1.01,353.0,614.0,0.968024641027476,0,8,0.1265156109979279,0.5350726485074648,5.63528561090701,2.132045912844409,3.0,6.0,8.0,0.457632836963659,1.009758438842507,2,True,"pareto_k_above_threshold_after_retries: k_max=1.00976, threshold=0.7",False,2,2,27,3,"[3, 27, 24]",39.30691115598893,"(27, 176)",,[],"{""feature_selection"": {""concat"": [""mean"", ""range""]}, ""n_chunks"": 16, ""parameter_selection"": {""mean"": {""likelihood"": ""lognormal""}, ""range"": {""likelihood"": ""lognormal""}}, ""rem_profile_params"": {""rem_stage"": 2, ""step_size_hours"": 1, ""window_size_hours"": 3}, ""tau_threshold"": 5.0}",run_output_8day_rem_w3_s1_stage2,rem_w3_s1_stage2
160,7b0623a1d4e67d7a,pareto_filtered,"pareto_k_above_threshold_after_retries: k_max=0.93296, threshold=0.7","concat: mean, range; odd: mean, range",mean=student_t; range=lognormal,16,5.0,2,1,2,521.4753532242776,521.4753532242776,19.31390197126954,4.828475492817385,0.0133172292417103,4.828475492817385,0.0133172292417103,-1042.8384281929912,1.02,173.0,439.0,0.9738998221633844,0,4,0.1269623528965231,0.6449029003964224,6.07450379214742,1.647370229587146,4.0,7.0,8.0,0.5196024373372228,0.9329603130126946,2,True,"pareto_k_above_threshold_after_retries: k_max=0.93296, threshold=0.7",False,4,4,27,3,"[3, 0, 21]",330.0245790450135,"(27, 184)",,[],"{""feature_selection"": {""concat"": [""mean"", ""range""], ""odd"": [""mean"", ""range""]}, ""n_chunks"": 16, ""parameter_selection"": {""mean"": {""likelihood"": ""student_t""}, ""range"": {""likelihood"": ""lognormal""}}, ""rem_profile_params"": {""rem_stage"": 2, ""step_size_hours"": 1, ""window_size_hours"": 2}, ""tau_threshold"": 5.0}",run_output_8day_rem_w2_s1_stage2,rem_w2_s1_stage2
21,a35f545519825165,ok,,concat: mean; even: range,mean=student_t; range=beta,16,5.0,2,1,2,279.3530775737216,279.3530775737216,9.632864743921434,4.816432371960716,0.0106047189910441,4.816432371960716,0.0106047189910441,-559.4585681781091,1.01,550.0,826.0,0.9565688519607,0,8,0.0486306755333509,0.6470905401509395,6.056706949020661,1.8197491039179337,4.0,7.0,8.0,0.5004610002029815,0.5805627630597932,0,False,,False,2,2,29,1,[27],47.56798654299928,"(29, 184)",,[],"{""feature_selection"": {""concat"": [""mean""], ""even"": [""range""]}, ""n_chunks"": 16, ""parameter_selection"": {""mean"": {""likelihood"": ""student_t""}, ""range"": {""likelihood"": ""beta""}}, ""rem_profile_params"": {""rem_stage"": 2, ""step_size_hours"": 1, ""window_size_hours"": 2}, ""tau_threshold"": 5.0}",run_output_8day_rem_w2_s1_stage2,rem_w2_s1_stage2
96,de2778341a9e29ed,pareto_filtered,"pareto_k_above_threshold_after_retries: k_max=1.34641, threshold=0.7","concat: mean; odd: mean, range",mean=lognormal; range=lognormal,16,5.0,2,1,2,389.914349630165,389.914349630165,14.44127220852463,4.813757402841542,0.0191350028991961,4.813757402841542,0.0191350028991961,-785.8337456277301,1.04,110.0,55.0,1.0244736453246095,0,8,0.6195679041388498,0.9093577159223176,7.460072677451709,1.397929448405112,8.0,8.0,8.0,0.8934465767256482,1.3464147243629154,2,True,"pareto_k_above_threshold_after_retries: k_max=1.34641, threshold=0.7",False,3,3,27,3,"[3, 21, 27]",77.28167573499377,"(27, 184)",,[],"{""feature_selection"": {""concat"": [""mean""], ""odd"": [""mean"", ""range""]}, ""n_chunks"": 16, ""parameter_selection"": {""mean"": {""likelihood"": ""lognormal""}, ""range"": {""likelihood"": ""lognormal""}}, ""rem_profile_params"": {""rem_stage"": 2, ""step_size_hours"": 1, ""window_size_hours"": 2}, ""tau_threshold"": 5.0}",run_output_8day_rem_w2_s1_stage2,rem_w2_s1_stage2
61,f428bf329e918da8,pareto_filtered,"pareto_k_above_threshold_after_retries: k_max=0.746538, threshold=0.7","concat: mean, range; even: mean",mean=lognormal; range=beta,16,5.0,2,2,2,389.8129582827926,389.8129582827926,14.437516973436765,4.812505657812253,0.0151078690855085,4.812505657812253,0.0151078690855085,-778.226086808819,1.01,1292.0,881.0,1.0369970308578127,0,7,0.9462402126323628,0.9999992843203668,7.019532861766493,0.1384431998732529,7.0,7.0,7.0,0.9999938375701388,0.7465382629023256,1,True,"pareto_k_above_threshold_after_retries: k_max=0.746538, threshold=0.7",False,3,3,27,3,"[4, 3, 24]",86.32592873298563,"(27, 96)",,[],"{""feature_selection"": {""concat"": [""mean"", ""range""], ""even"": [""mean""]}, ""n_chunks"": 16, ""parameter_selection"": {""mean"": {""likelihood"": ""lognormal""}, ""range"": {""likelihood"": ""beta""}}, ""rem_profile_params"": {""rem_stage"": 2, ""step_size_hours"": 2, ""window_size_hours"": 2}, ""tau_threshold"": 5.0}",run_output_8day_rem_w2_s2_stage2,rem_w2_s2_stage2
139,d5a2fe5d4589ae1a,pareto_filtered,"pareto_k_above_threshold_after_retries: k_max=0.77346, threshold=0.7","concat: mean, range; even: mean, range",mean=student_t; range=beta,16,5.0,2,1,2,519.4054551143015,519.4054551143015,19.237239078307464,4.809309769576865,0.0095902455239289,4.809309769576865,0.0095902455239289,-1040.529463018482,1.01,720.0,501.0,0.9710488767427454,0,8,0.7337844217363562,0.9872071553097416,7.7387674754579185,0.7357039789641073,8.0,8.0,8.0,0.8893988202082324,0.7734596660358655,2,True,"pareto_k_above_threshold_after_retries: k_max=0.77346, threshold=0.7",False,4,4,27,3,"[4, 27, 3]",360.9840407019947,"(27, 184)",,[],"{""feature_selection"": {""concat"": [""mean"", ""range""], ""even"": [""mean"", ""range""]}, ""n_chunks"": 16, ""parameter_selection"": {""mean"": {""likelihood"": ""student_t""}, ""range"": {""likelihood"": ""beta""}}, ""rem_profile_params"": {""rem_stage"": 2, ""step_size_hours"": 1, ""window_size_hours"": 2}, ""tau_threshold"": 5.0}",run_output_8day_rem_w2_s1_stage2,rem_w2_s1_stage2
28,3b1795bfa22e6061,ok,,concat: mean; odd: range,mean=student_t; range=lognormal,16,5.0,2,1,2,288.28232201092,288.28232201092,9.609410733697333,4.804705366848667,0.0118873004095729,4.804705366848667,0.0118873004095729,-577.0970051746085,1.01,491.0,657.0,1.037591226040653,0,8,0.0836332678137697,0.7133762049594436,6.276872446813751,1.7392595849077033,5.0,7.0,8.0,0.5648145666985452,0.6864572601872934,0,False,,False,2,2,30,0,[],16.966984956990927,"(30, 184)",,[],"{""feature_selection"": {""concat"": [""mean""], ""odd"": [""range""]}, ""n_chunks"": 16, ""parameter_selection"": {""mean"": {""likelihood"": ""student_t""}, ""range"": {""likelihood"": ""lognormal""}}, ""rem_profile_params"": {""rem_stage"": 2, ""step_size_hours"": 1, ""window_size_hours"": 2}, ""tau_threshold"": 5.0}",run_output_8day_rem_w2_s1_stage2,rem_w2_s1_stage2
98,35c65fc497c829b1,pareto_filtered,"pareto_k_above_threshold_after_retries: k_max=1.04794, threshold=0.7","concat: mean; odd: mean, range",mean=student_t; range=lognormal,16,5.0,2,1,2,389.15946776349614,389.15946776349614,14.413313620870229,4.804437873623409,0.0196307381084741,4.804437873623409,0.0196307381084741,-777.2710190566853,1.01,687.0,385.0,1.0013523572670904,0,8,0.6500148262439369,0.9525646220964896,7.659354111826007,0.957758493159419,8.0,8.0,8.0,0.9037283749350276,1.0479448103952784,1,True,"pareto_k_above_threshold_after_retries: k_max=1.04794, threshold=0.7",False,3,3,27,3,"[0, 15, 21]",201.858824001014,"(27, 184)",,[],"{""feature_selection"": {""concat"": [""mean""], ""odd"": [""mean"", ""range""]}, ""n_chunks"": 16, ""parameter_selection"": {""mean"": {""likelihood"": ""student_t""}, ""range"": {""likelihood"": ""lognormal""}}, ""rem_profile_params"": {""rem_stage"": 2, ""step_size_hours"": 1, ""window_size_hours"": 2}, ""tau_threshold"": 5.0}",run_output_8day_rem_w2_s1_stage2,rem_w2_s1_stage2
64,4e3a1ca5c92de84a,ok,,"concat: mean, range; even: mean",mean=student_t; range=lognormal,16,5.0,2,2,2,432.3578267390706,432.3578267390706,14.41192755796902,4.803975852656339,0.0101528494017774,4.803975852656339,0.0101528494017774,-864.8458193112086,1.01,1139.0,1030.0,0.9779261657635164,0,7,0.5876610654947546,0.9868294535123322,6.835680520151205,0.5222661097768306,7.0,7.0,7.0,0.8015815520582835,0.5466498859112205,0,False,,False,3,3,30,0,[],30.08924434101209,"(30, 96)",,[],"{""feature_selection"": {""concat"": [""mean"", ""range""], ""even"": [""mean""]}, ""n_chunks"": 16, ""parameter_selection"": {""mean"": {""likelihood"": ""student_t""}, ""range"": {""likelihood"": ""lognormal""}}, ""rem_profile_params"": {""rem_stage"": 2, ""step_size_hours"": 2, ""window_size_hours"": 2}, ""tau_threshold"": 5.0}",run_output_8day_rem_w2_s2_stage2,rem_w2_s2_stage2
89,724046da1715d8bf,ok,,concat: mean; even: range; odd: mean,mean=student_t; range=beta,16,5.0,2,2,2,403.4894153534492,403.4894153534492,14.410336262623185,4.803445420874395,0.0123796601241844,4.803445420874395,0.0123796601241844,-808.0521692496193,1.0,591.0,594.0,0.9247350020755648,0,6,0.4467711827356659,0.9391486997176552,6.28109988075272,1.0227495665505144,6.0,6.0,7.0,0.2505143225358537,0.5760715055126504,0,False,,False,3,3,28,2,"[21, 3]",138.50916962500196,"(28, 96)",,[],"{""feature_selection"": {""concat"": [""mean""], ""even"": [""range""], ""odd"": [""mean""]}, ""n_chunks"": 16, ""parameter_selection"": {""mean"": {""likelihood"": ""student_t""}, ""range"": {""likelihood"": ""beta""}}, ""rem_profile_params"": {""rem_stage"": 2, ""step_size_hours"": 2, ""window_size_hours"": 2}, ""tau_threshold"": 5.0}",run_output_8day_rem_w2_s2_stage2,rem_w2_s2_stage2
72,3a002ac8c594e265,pareto_filtered,"pareto_k_above_threshold_after_retries: k_max=1.05586, threshold=0.7","concat: mean, range; odd: mean",mean=student_t; range=lognormal,16,5.0,3,1,2,388.8736175363414,388.8736175363414,14.40272657542005,4.800908858473351,0.0186843088581877,4.800908858473351,0.0186843088581877,-779.8057449586196,1.01,323.0,304.0,0.9218006878110956,0,6,0.4855355289931462,0.9510441750777874,6.289398104609255,1.0053162546328758,6.0,6.0,6.0,0.2430016826758737,1.0558617078367718,1,True,"pareto_k_above_threshold_after_retries: k_max=1.05586, threshold=0.7",False,3,3,27,3,"[3, 15, 1]",144.65835071500624,"(27, 176)",,[],"{""feature_selection"": {""concat"": [""mean"", ""range""], ""odd"": [""mean""]}, ""n_chunks"": 16, ""parameter_selection"": {""mean"": {""likelihood"": ""student_t""}, ""range"": {""likelihood"": ""lognormal""}}, ""rem_profile_params"": {""rem_stage"": 2, ""step_size_hours"": 1, ""window_size_hours"": 3}, ""tau_threshold"": 5.0}",run_output_8day_rem_w3_s1_stage2,rem_w3_s1_stage2
23,d53f21cd6cb09238,ok,,concat: mean; odd: mean,mean=lognormal,16,5.0,6,1,2,258.0463329001629,258.0463329001629,9.557271588894922,4.778635794447461,0.0178618038314577,4.778635794447461,0.0178618038314577,-515.9717885434509,1.01,245.0,294.0,0.8867249853803228,0,4,0.2261308804508918,0.2840123514757049,4.807155671443216,1.871471774822301,3.0,4.0,6.0,0.245098772378432,0.6727221199751137,0,False,,False,2,2,27,3,"[3, 0, 24]",30.758428067987552,"(27, 152)",,[],"{""feature_selection"": {""concat"": [""mean""], ""odd"": [""mean""]}, ""n_chunks"": 16, ""parameter_selection"": {""mean"": {""likelihood"": ""lognormal""}}, ""rem_profile_params"": {""rem_stage"": 2, ""step_size_hours"": 1, ""window_size_hours"": 6}, ""tau_threshold"": 5.0}",run_output_8day_rem_w6_s1_stage2,rem_w6_s1_stage2
86,71e8d4f715c13ad6,ok,,concat: mean; even: mean; odd: range,mean=student_t; range=lognormal,16,5.0,2,1,2,429.72703936110673,429.72703936110673,14.324234645370224,4.774744881790076,0.0100896131792726,4.774744881790076,0.0100896131792726,-859.5652451803492,1.01,417.0,491.0,0.995236580127359,0,8,0.2623493908316039,0.8196161171162357,6.911681258085727,1.5810024138119314,6.0,8.0,8.0,0.7463030861983507,0.6537796154107534,0,False,,False,3,3,30,0,[],37.56215433499892,"(30, 184)",,[],"{""feature_selection"": {""concat"": [""mean""], ""even"": [""mean""], ""odd"": [""range""]}, ""n_chunks"": 16, ""parameter_selection"": {""mean"": {""likelihood"": ""student_t""}, ""range"": {""likelihood"": ""lognormal""}}, ""rem_profile_params"": {""rem_stage"": 2, ""step_size_hours"": 1, ""window_size_hours"": 2}, ""tau_threshold"": 5.0}",run_output_8day_rem_w2_s1_stage2,rem_w2_s1_stage2
14,50723454d2ca413f,pareto_filtered,"pareto_k_above_threshold_after_retries: k_max=1.16391, threshold=0.7","concat: mean, range; even: mean; odd: mean, range",mean=student_t; range=lognormal,16,5.0,2,1,2,643.2509559441912,643.2509559441912,23.82410947941449,4.764821895882898,0.0119855919010271,4.764821895882898,0.0119855919010271,-1281.0880759721308,1.02,112.0,220.0,0.984176463594918,0,8,0.4573021356953615,0.9702234342387074,7.293449286140086,1.0656313013656105,6.0,8.0,8.0,0.7209203099426742,1.1639108109899456,3,True,"pareto_k_above_threshold_after_retries: k_max=1.16391, threshold=0.7",False,5,5,27,3,"[21, 3, 1]",238.92664364600205,"(27, 184)",,[],"{""feature_selection"": {""concat"": [""mean"", ""range""], ""even"": [""mean""], ""odd"": [""mean"", ""range""]}, ""n_chunks"": 16, ""parameter_selection"": {""mean"": {""likelihood"": ""student_t""}, ""range"": {""likelihood"": ""lognormal""}}, ""rem_profile_params"": {""rem_stage"": 2, ""step_size_hours"": 1, ""window_size_hours"": 2}, ""tau_threshold"": 5.0}",run_output_8day_rem_w2_s1_stage2,rem_w2_s1_stage2
79,ed16744ff648c2db,ok,,"concat: mean; even: mean, range",mean=student_t; range=beta,16,5.0,2,1,2,399.6500339074743,399.6500339074743,14.273215496695512,4.757738498898503,0.0109374466503991,4.757738498898503,0.0109374466503991,-799.2296542888427,1.01,627.0,533.0,1.0723813673494311,0,8,0.3155520043423861,0.8322318599903888,7.024999731893969,1.5781181635769237,7.0,8.0,8.0,0.7780590214354521,0.6003144011855458,0,False,,False,3,3,28,2,"[27, 14]",139.29743079200853,"(28, 184)",,[],"{""feature_selection"": {""concat"": [""mean""], ""even"": [""mean"", ""range""]}, ""n_chunks"": 16, ""parameter_selection"": {""mean"": {""likelihood"": ""student_t""}, ""range"": {""likelihood"": ""beta""}}, ""rem_profile_params"": {""rem_stage"": 2, ""step_size_hours"": 1, ""window_size_hours"": 2}, ""tau_threshold"": 5.0}",run_output_8day_rem_w2_s1_stage2,rem_w2_s1_stage2
11,c7c958ae4499aae3,pareto_filtered,"pareto_k_above_threshold_after_retries: k_max=0.947902, threshold=0.7","concat: mean, range; even: mean; odd: mean, range",mean=lognormal; range=beta,16,5.0,2,1,2,641.2117417934543,641.2117417934543,23.748583029387195,4.749716605877439,0.0142005976368382,4.749716605877439,0.0142005976368382,-1294.573390877437,1.02,229.0,132.0,0.9526183092924316,0,8,0.7961906299090868,0.9550506632722764,7.738895914022219,1.0202506820255828,8.0,8.0,8.0,0.9374806837554056,0.947902449334342,3,True,"pareto_k_above_threshold_after_retries: k_max=0.947902, threshold=0.7",False,5,5,27,3,"[3, 21, 27]",186.0505435820087,"(27, 184)",,[],"{""feature_selection"": {""concat"": [""mean"", ""range""], ""even"": [""mean""], ""odd"": [""mean"", ""range""]}, ""n_chunks"": 16, ""parameter_selection"": {""mean"": {""likelihood"": ""lognormal""}, ""range"": {""likelihood"": ""beta""}}, ""rem_profile_params"": {""rem_stage"": 2, ""step_size_hours"": 1, ""window_size_hours"": 2}, ""tau_threshold"": 5.0}",run_output_8day_rem_w2_s1_stage2,rem_w2_s1_stage2
71,3d0a709e782edb99,ok,,"concat: mean, range; odd: mean",mean=student_t; range=beta,16,5.0,3,1,2,427.1955359730101,427.1955359730101,14.239851199100338,4.746617066366779,0.0154918683556898,4.746617066366779,0.0154918683556898,-853.3826868948033,1.01,1322.0,977.0,0.9353640806004404,0,7,0.7784605760666419,0.9971533995039404,7.041630244272306,0.3572432783604101,7.0,7.0,7.0,0.9734809150273176,0.6573223817005988,0,False,,False,3,3,30,0,[],37.73761969598127,"(30, 176)",,[],"{""feature_selection"": {""concat"": [""mean"", ""range""], ""odd"": [""mean""]}, ""n_chunks"": 16, ""parameter_selection"": {""mean"": {""likelihood"": ""student_t""}, ""range"": {""likelihood"": ""beta""}}, ""rem_profile_params"": {""rem_stage"": 2, ""step_size_hours"": 1, ""window_size_hours"": 3}, ""tau_threshold"": 5.0}",run_output_8day_rem_w3_s1_stage2,rem_w3_s1_stage2
63,da30e911a5a93df1,ok,,"concat: mean, range; even: mean",mean=student_t; range=beta,16,5.0,3,1,2,412.9379468937056,412.9379468937056,14.239239548058812,4.74641318268627,0.0117812902565798,4.74641318268627,0.0117812902565798,-826.1788094822385,1.01,919.0,708.0,0.9247031350206492,0,7,0.6321858629887851,0.9895712947281032,7.129667563080277,0.5157460655228742,7.0,7.0,7.0,0.9625795901105724,0.6999378345730559,0,False,,False,3,3,29,1,[15],73.2444676089799,"(29, 176)",,[],"{""feature_selection"": {""concat"": [""mean"", ""range""], ""even"": [""mean""]}, ""n_chunks"": 16, ""parameter_selection"": {""mean"": {""likelihood"": ""student_t""}, ""range"": {""likelihood"": ""beta""}}, ""rem_profile_params"": {""rem_stage"": 2, ""step_size_hours"": 1, ""window_size_hours"": 3}, ""tau_threshold"": 5.0}",run_output_8day_rem_w3_s1_stage2,rem_w3_s1_stage2
6,1a2a5c49478b9bc1,ok,,even: mean,mean=student_t,16,5.0,2,1,2,142.3594419193543,142.3594419193543,4.745314730645144,4.745314730645143,0.0118796132944647,4.745314730645143,0.0118796132944647,-284.9388733941093,1.01,703.0,1101.0,1.0760892384449094,0,8,0.0569588790549134,0.6226887295774612,6.074354213630022,1.8354808920947792,4.0,7.0,8.0,0.5181343501229996,0.3426073635684104,0,False,,False,1,1,30,0,[],10.842923743010031,"(30, 184)",,[],"{""feature_selection"": {""even"": [""mean""]}, ""n_chunks"": 16, ""parameter_selection"": {""mean"": {""likelihood"": ""student_t""}}, ""rem_profile_params"": {""rem_stage"": 2, ""step_size_hours"": 1, ""window_size_hours"": 2}, ""tau_threshold"": 5.0}",run_output_8day_rem_w2_s1_stage2,rem_w2_s1_stage2
97,4570bfac99f80c23,ok,,"concat: mean; odd: mean, range",mean=student_t; range=beta,16,5.0,3,1,2,383.6670123727394,383.6670123727394,14.209889347138496,4.736629782379498,0.0150334341189343,4.736629782379498,0.0150334341189343,-767.6492594138875,1.01,616.0,380.0,1.0103894974462173,0,8,0.7268201350027917,0.9787496738724442,7.784197503608805,0.7147171251948115,8.0,8.0,8.0,0.9366278847780124,0.6207001003499143,0,False,,False,3,3,27,3,"[15, 3, 21]",208.50541444000555,"(27, 176)",,[],"{""feature_selection"": {""concat"": [""mean""], ""odd"": [""mean"", ""range""]}, ""n_chunks"": 16, ""parameter_selection"": {""mean"": {""likelihood"": ""student_t""}, ""range"": {""likelihood"": ""beta""}}, ""rem_profile_params"": {""rem_stage"": 2, ""step_size_hours"": 1, ""window_size_hours"": 3}, ""tau_threshold"": 5.0}",run_output_8day_rem_w3_s1_stage2,rem_w3_s1_stage2
159,d17de358fbbb110d,ok,,"concat: mean, range; odd: mean, range",mean=student_t; range=beta,16,5.0,2,2,2,509.3624394756032,509.3624394756032,18.86527553613345,4.716318884033361,0.0112245505158194,4.716318884033361,0.0112245505158194,-1017.9535770758596,1.01,1485.0,999.0,0.9956286603910484,0,7,0.9791314085283254,0.999999990946055,7.000571079900553,0.0735954399552536,7.0,7.0,7.0,0.9975772682835774,0.6828875393920673,0,False,,False,4,4,27,3,"[4, 3, 21]",420.63166326802457,"(27, 96)",,[],"{""feature_selection"": {""concat"": [""mean"", ""range""], ""odd"": [""mean"", ""range""]}, ""n_chunks"": 16, ""parameter_selection"": {""mean"": {""likelihood"": ""student_t""}, ""range"": {""likelihood"": ""beta""}}, ""rem_profile_params"": {""rem_stage"": 2, ""step_size_hours"": 2, ""window_size_hours"": 2}, ""tau_threshold"": 5.0}",run_output_8day_rem_w2_s2_stage2,rem_w2_s2_stage2
141,2c09fc161f0f7d30,pareto_filtered,"pareto_k_above_threshold_after_retries: k_max=1.29954, threshold=0.7","concat: mean, range; even: mean; odd: mean",mean=lognormal; range=beta,16,5.0,2,2,2,507.8975393584806,507.8975393584806,18.811019976240026,4.702754994060006,0.0137509417924845,4.702754994060006,0.0137509417924845,-1015.5418219387288,1.01,644.0,738.0,0.8425894490786023,0,7,0.8074075153291882,0.9866490241435124,6.976249264028171,0.4395190962650361,7.0,7.0,7.0,0.965958647070536,1.299539688242084,4,True,"pareto_k_above_threshold_after_retries: k_max=1.29954, threshold=0.7",False,4,4,27,3,"[3, 21, 0]",201.99794525501784,"(27, 96)",,[],"{""feature_selection"": {""concat"": [""mean"", ""range""], ""even"": [""mean""], ""odd"": [""mean""]}, ""n_chunks"": 16, ""parameter_selection"": {""mean"": {""likelihood"": ""lognormal""}, ""range"": {""likelihood"": ""beta""}}, ""rem_profile_params"": {""rem_stage"": 2, ""step_size_hours"": 2, ""window_size_hours"": 2}, ""tau_threshold"": 5.0}",run_output_8day_rem_w2_s2_stage2,rem_w2_s2_stage2
25,778cb951395fac61,pareto_filtered,"pareto_k_above_threshold_after_retries: k_max=1.19801, threshold=0.7",concat: mean; odd: range,mean=lognormal; range=beta,16,5.0,3,1,2,253.51712881710372,253.51712881710372,9.38952328952236,4.69476164476118,0.0142746782448242,4.69476164476118,0.0142746782448242,-507.8536239724092,1.01,360.0,196.0,0.9499187527669822,0,6,0.3852025030726137,0.9153172459117872,6.188206871687799,0.8976707524400624,6.0,6.0,7.0,0.2827813958129559,1.1980145724913078,3,True,"pareto_k_above_threshold_after_retries: k_max=1.19801, threshold=0.7",False,2,2,27,3,"[3, 15, 0]",79.1511227680021,"(27, 176)",,[],"{""feature_selection"": {""concat"": [""mean""], ""odd"": [""range""]}, ""n_chunks"": 16, ""parameter_selection"": {""mean"": {""likelihood"": ""lognormal""}, ""range"": {""likelihood"": ""beta""}}, ""rem_profile_params"": {""rem_stage"": 2, ""step_size_hours"": 1, ""window_size_hours"": 3}, ""tau_threshold"": 5.0}",run_output_8day_rem_w3_s1_stage2,rem_w3_s1_stage2
151,19f2f3f8d5cb51d9,ok,,"concat: mean, range; even: range; odd: mean",mean=student_t; range=beta,16,5.0,2,2,2,506.215505567064,506.215505567064,18.748722428409778,4.687180607102444,0.0105097338531475,4.687180607102444,0.0105097338531475,-1012.7792632326776,1.01,1518.0,1169.0,0.9688630338910644,0,7,0.964696827195022,0.9999999992365004,7.011278095900831,0.1065355907127083,7.0,7.0,7.0,0.999900535710044,0.6672390816714466,0,False,,False,4,4,27,3,"[4, 3, 21]",381.4272091849998,"(27, 96)",,[],"{""feature_selection"": {""concat"": [""mean"", ""range""], ""even"": [""range""], ""odd"": [""mean""]}, ""n_chunks"": 16, ""parameter_selection"": {""mean"": {""likelihood"": ""student_t""}, ""range"": {""likelihood"": ""beta""}}, ""rem_profile_params"": {""rem_stage"": 2, ""step_size_hours"": 2, ""window_size_hours"": 2}, ""tau_threshold"": 5.0}",run_output_8day_rem_w2_s2_stage2,rem_w2_s2_stage2
98,25c58ced46a492c5,pareto_filtered,"pareto_k_above_threshold_after_retries: k_max=0.779929, threshold=0.7","concat: mean; odd: mean, range",mean=student_t; range=lognormal,16,5.0,3,1,2,378.99999324163366,378.99999324163366,14.037036786727173,4.679012262242392,0.0148536580583473,4.679012262242392,0.0148536580583473,-758.1869280894604,1.03,91.0,121.0,1.0159014404991082,0,8,0.534173418550629,0.8256089638636915,7.249378370988542,1.5022606727862329,8.0,8.0,8.0,0.7983924706824147,0.7799290093565796,1,True,"pareto_k_above_threshold_after_retries: k_max=0.779929, threshold=0.7",False,3,3,27,3,"[3, 0, 21]",158.7791542819759,"(27, 176)",,[],"{""feature_selection"": {""concat"": [""mean""], ""odd"": [""mean"", ""range""]}, ""n_chunks"": 16, ""parameter_selection"": {""mean"": {""likelihood"": ""student_t""}, ""range"": {""likelihood"": ""lognormal""}}, ""rem_profile_params"": {""rem_stage"": 2, ""step_size_hours"": 1, ""window_size_hours"": 3}, ""tau_threshold"": 5.0}",run_output_8day_rem_w3_s1_stage2,rem_w3_s1_stage2
87,e992b5f68fd14b24,pareto_filtered,"pareto_k_above_threshold_after_retries: k_max=0.994883, threshold=0.7",concat: mean; even: range; odd: mean,mean=lognormal; range=beta,16,5.0,2,1,2,378.6692003845551,378.6692003845551,14.024785199427969,4.674928399809322,0.0170778346200495,4.674928399809322,0.0170778346200495,-759.7974874171032,1.01,313.0,198.0,1.0136777933340329,0,8,0.4754225627301348,0.8512754286134953,7.1643933256729015,1.6601034691985364,7.0,8.0,8.0,0.821238987634274,0.994882813082337,2,True,"pareto_k_above_threshold_after_retries: k_max=0.994883, threshold=0.7",False,3,3,27,3,"[3, 21, 27]",117.55817191599635,"(27, 184)",,[],"{""feature_selection"": {""concat"": [""mean""], ""even"": [""range""], ""odd"": [""mean""]}, ""n_chunks"": 16, ""parameter_selection"": {""mean"": {""likelihood"": ""lognormal""}, ""range"": {""likelihood"": ""beta""}}, ""rem_profile_params"": {""rem_stage"": 2, ""step_size_hours"": 1, ""window_size_hours"": 2}, ""tau_threshold"": 5.0}",run_output_8day_rem_w2_s1_stage2,rem_w2_s1_stage2
70,c0b68ecba74cdaf2,pareto_filtered,"pareto_k_above_threshold_after_retries: k_max=1.62799, threshold=0.7","concat: mean, range; odd: mean",mean=lognormal; range=lognormal,16,5.0,3,1,2,378.4578573686837,378.4578573686837,14.016957680321616,4.6723192267738725,0.0194122009636512,4.6723192267738725,0.0194122009636512,-755.5570090966445,1.01,434.0,442.0,0.9884961845635492,0,7,0.3043480010217488,0.831828089227708,6.268369148965631,1.0562967646646355,6.0,7.0,7.0,0.5361307335775094,1.6279913029279178,2,True,"pareto_k_above_threshold_after_retries: k_max=1.62799, threshold=0.7",False,3,3,27,3,"[3, 21, 0]",44.73657699799514,"(27, 176)",,[],"{""feature_selection"": {""concat"": [""mean"", ""range""], ""odd"": [""mean""]}, ""n_chunks"": 16, ""parameter_selection"": {""mean"": {""likelihood"": ""lognormal""}, ""range"": {""likelihood"": ""lognormal""}}, ""rem_profile_params"": {""rem_stage"": 2, ""step_size_hours"": 1, ""window_size_hours"": 3}, ""tau_threshold"": 5.0}",run_output_8day_rem_w3_s1_stage2,rem_w3_s1_stage2
81,c6b68572b7eb7e05,pareto_filtered,"pareto_k_above_threshold_after_retries: k_max=1.28807, threshold=0.7",concat: mean; even: mean; odd: mean,mean=lognormal,16,5.0,3,1,2,378.1263722327967,378.1263722327967,14.004680453066545,4.668226817688847,0.0184327457068875,4.668226817688847,0.0184327457068875,-751.2037216961453,1.01,427.0,401.0,1.007582582677489,0,7,0.3450305593134215,0.8225822794711707,6.263620976409625,1.2579397097202183,6.0,7.0,7.0,0.6368503688167215,1.288070325217842,3,True,"pareto_k_above_threshold_after_retries: k_max=1.28807, threshold=0.7",False,3,3,27,3,"[3, 21, 0]",47.30283261500881,"(27, 176)",,[],"{""feature_selection"": {""concat"": [""mean""], ""even"": [""mean""], ""odd"": [""mean""]}, ""n_chunks"": 16, ""parameter_selection"": {""mean"": {""likelihood"": ""lognormal""}}, ""rem_profile_params"": {""rem_stage"": 2, ""step_size_hours"": 1, ""window_size_hours"": 3}, ""tau_threshold"": 5.0}",run_output_8day_rem_w3_s1_stage2,rem_w3_s1_stage2
145,3940da8b584302a4,pareto_filtered,"pareto_k_above_threshold_after_retries: k_max=0.853667, threshold=0.7","concat: mean, range; even: mean; odd: range",mean=lognormal; range=beta,16,5.0,2,1,2,504.1092744905138,504.1092744905138,18.670713870019032,4.667678467504757,0.0148022825508963,4.667678467504757,0.0148022825508963,-997.8504099093166,1.03,76.0,330.0,0.8759593826940144,0,8,0.5752748535957573,0.9989057783500024,7.102509495425821,0.989105185617134,6.0,8.0,8.0,0.5590401259930615,0.8536673487707137,5,True,"pareto_k_above_threshold_after_retries: k_max=0.853667, threshold=0.7",False,4,4,27,3,"[3, 27, 4]",235.71796893098508,"(27, 184)",,[],"{""feature_selection"": {""concat"": [""mean"", ""range""], ""even"": [""mean""], ""odd"": [""range""]}, ""n_chunks"": 16, ""parameter_selection"": {""mean"": {""likelihood"": ""lognormal""}, ""range"": {""likelihood"": ""beta""}}, ""rem_profile_params"": {""rem_stage"": 2, ""step_size_hours"": 1, ""window_size_hours"": 2}, ""tau_threshold"": 5.0}",run_output_8day_rem_w2_s1_stage2,rem_w2_s1_stage2
26,a7dc9e6276f50f2a,pareto_filtered,"pareto_k_above_threshold_after_retries: k_max=0.726181, threshold=0.7",concat: mean; odd: range,mean=lognormal; range=lognormal,16,5.0,2,2,2,251.78197332722573,251.78197332722573,9.32525827137873,4.662629135689366,0.0150948101912614,4.662629135689366,0.0150948101912614,-497.9035595080772,1.01,476.0,1061.0,1.049336041456004,0,8,0.3533394959968335,0.9481304211158832,7.192060686421688,1.0255883943801674,7.0,7.0,8.0,0.8515301805246979,0.7261809445264272,1,True,"pareto_k_above_threshold_after_retries: k_max=0.726181, threshold=0.7",False,2,2,27,3,"[3, 0, 21]",42.065419188991655,"(27, 96)",,[],"{""feature_selection"": {""concat"": [""mean""], ""odd"": [""range""]}, ""n_chunks"": 16, ""parameter_selection"": {""mean"": {""likelihood"": ""lognormal""}, ""range"": {""likelihood"": ""lognormal""}}, ""rem_profile_params"": {""rem_stage"": 2, ""step_size_hours"": 2, ""window_size_hours"": 2}, ""tau_threshold"": 5.0}",run_output_8day_rem_w2_s2_stage2,rem_w2_s2_stage2
164,97028460124cfa25,ok,,"concat: mean; even: mean, range; odd: mean",mean=student_t; range=lognormal,16,5.0,2,1,2,503.3433143713671,503.3433143713671,18.6423449767173,4.660586244179325,0.0121959061155523,4.660586244179325,0.0121959061155523,-1007.4464923962852,1.01,618.0,453.0,1.0887325981772602,0,8,0.5723807012533377,0.9218753572370438,7.525309450672452,1.1433072971030414,8.0,8.0,8.0,0.8595152342773555,0.6964660347356894,0,False,,False,4,4,27,3,"[13, 27, 3]",452.95475837099366,"(27, 184)",,[],"{""feature_selection"": {""concat"": [""mean""], ""even"": [""mean"", ""range""], ""odd"": [""mean""]}, ""n_chunks"": 16, ""parameter_selection"": {""mean"": {""likelihood"": ""student_t""}, ""range"": {""likelihood"": ""lognormal""}}, ""rem_profile_params"": {""rem_stage"": 2, ""step_size_hours"": 1, ""window_size_hours"": 2}, ""tau_threshold"": 5.0}",run_output_8day_rem_w2_s1_stage2,rem_w2_s1_stage2
19,d5334c80a3ca0475,ok,,concat: mean; even: range,mean=lognormal; range=beta,16,5.0,2,2,2,251.43869194892304,251.43869194892304,9.312544146256409,4.656272073128203,0.0128286673304566,4.656272073128203,0.0128286673304566,-502.1233565589151,1.01,629.0,816.0,0.9762826243503508,0,6,0.2646519098956681,0.8786349843178198,6.409574898593741,1.318100029667754,6.0,6.0,8.0,0.3845881898243761,0.6367845768533713,0,False,,False,2,2,27,3,"[3, 0, 24]",69.14345434098504,"(27, 96)",,[],"{""feature_selection"": {""concat"": [""mean""], ""even"": [""range""]}, ""n_chunks"": 16, ""parameter_selection"": {""mean"": {""likelihood"": ""lognormal""}, ""range"": {""likelihood"": ""beta""}}, ""rem_profile_params"": {""rem_stage"": 2, ""step_size_hours"": 2, ""window_size_hours"": 2}, ""tau_threshold"": 5.0}",run_output_8day_rem_w2_s2_stage2,rem_w2_s2_stage2
158,397274a94d98d6e9,pareto_filtered,"pareto_k_above_threshold_after_retries: k_max=1.37882, threshold=0.7","concat: mean, range; odd: mean, range",mean=lognormal; range=lognormal,16,5.0,2,1,2,499.177848555005,499.177848555005,18.488068465000183,4.622017116250047,0.014738338354531,4.622017116250047,0.014738338354531,-995.1161086964826,1.01,149.0,129.0,0.9856698189319578,0,7,0.3397777143769119,0.7482801934692125,6.27012673764,1.3730557597655226,5.0,7.0,7.0,0.6675313843611042,1.3788222537650618,3,True,"pareto_k_above_threshold_after_retries: k_max=1.37882, threshold=0.7",False,4,4,27,3,"[3, 21, 0]",78.30266828698223,"(27, 184)",,[],"{""feature_selection"": {""concat"": [""mean"", ""range""], ""odd"": [""mean"", ""range""]}, ""n_chunks"": 16, ""parameter_selection"": {""mean"": {""likelihood"": ""lognormal""}, ""range"": {""likelihood"": ""lognormal""}}, ""rem_profile_params"": {""rem_stage"": 2, ""step_size_hours"": 1, ""window_size_hours"": 2}, ""tau_threshold"": 5.0}",run_output_8day_rem_w2_s1_stage2,rem_w2_s1_stage2
170,23bb08962cb4b825,pareto_filtered,"pareto_k_above_threshold_after_retries: k_max=0.861146, threshold=0.7","concat: mean; even: mean; odd: mean, range",mean=lognormal; range=lognormal,16,5.0,2,1,2,499.1501731045304,499.1501731045304,18.48704344831594,4.621760862078984,0.0161727086362301,4.621760862078984,0.0161727086362301,-1001.3636852151318,1.01,697.0,476.0,0.9891231011784168,0,8,0.8892458974644409,0.975693798913686,7.874410912363438,0.7283284492746243,8.0,8.0,8.0,0.9731960304360256,0.861146040868972,1,True,"pareto_k_above_threshold_after_retries: k_max=0.861146, threshold=0.7",False,4,4,27,3,"[3, 21, 27]",80.53902447098517,"(27, 184)",,[],"{""feature_selection"": {""concat"": [""mean""], ""even"": [""mean""], ""odd"": [""mean"", ""range""]}, ""n_chunks"": 16, ""parameter_selection"": {""mean"": {""likelihood"": ""lognormal""}, ""range"": {""likelihood"": ""lognormal""}}, ""rem_profile_params"": {""rem_stage"": 2, ""step_size_hours"": 1, ""window_size_hours"": 2}, ""tau_threshold"": 5.0}",run_output_8day_rem_w2_s1_stage2,rem_w2_s1_stage2
27,f3c698bcf3e69a91,ok,,concat: mean; odd: range,mean=student_t; range=beta,16,5.0,3,1,2,267.905247268654,267.905247268654,9.238111974781171,4.619055987390585,0.0126443078146222,4.619055987390585,0.0126443078146222,-535.6664942214016,1.01,513.0,408.0,1.0230094298026433,0,8,0.4446370426446565,0.9351040485609328,7.410611454464188,1.138988065088635,7.0,8.0,8.0,0.8673997733801025,0.5120877667854881,0,False,,False,2,2,29,1,[15],42.55425435799407,"(29, 176)",,[],"{""feature_selection"": {""concat"": [""mean""], ""odd"": [""range""]}, ""n_chunks"": 16, ""parameter_selection"": {""mean"": {""likelihood"": ""student_t""}, ""range"": {""likelihood"": ""beta""}}, ""rem_profile_params"": {""rem_stage"": 2, ""step_size_hours"": 1, ""window_size_hours"": 3}, ""tau_threshold"": 5.0}",run_output_8day_rem_w3_s1_stage2,rem_w3_s1_stage2
21,329659d540c3ece0,ok,,"concat: mean; even: mean, range; odd: mean, range",mean=student_t; range=beta,16,5.0,2,1,2,622.7705360547517,622.7705360547517,23.065575409435247,4.613115081887049,0.0093508643282365,4.613115081887049,0.0093508643282365,-1246.611992581008,1.01,397.0,401.0,0.952974106584538,0,8,0.395895359677418,0.9043269245757348,7.218531558920882,1.2904219277705298,6.0,8.0,8.0,0.7343525980933746,0.6716431105810265,0,False,,False,5,5,27,3,"[27, 3, 21]",367.4996648160159,"(27, 184)",,[],"{""feature_selection"": {""concat"": [""mean""], ""even"": [""mean"", ""range""], ""odd"": [""mean"", ""range""]}, ""n_chunks"": 16, ""parameter_selection"": {""mean"": {""likelihood"": ""student_t""}, ""range"": {""likelihood"": ""beta""}}, ""rem_profile_params"": {""rem_stage"": 2, ""step_size_hours"": 1, ""window_size_hours"": 2}, ""tau_threshold"": 5.0}",run_output_8day_rem_w2_s1_stage2,rem_w2_s1_stage2
96,9dcc72c9be573985,pareto_filtered,"pareto_k_above_threshold_after_retries: k_max=0.790496, threshold=0.7","concat: mean; odd: mean, range",mean=lognormal; range=lognormal,16,5.0,2,2,2,373.58901287914966,373.58901287914966,13.836630106635171,4.612210035545057,0.0155314650963283,4.612210035545057,0.0155314650963283,-743.8594346436266,1.02,299.0,384.0,1.0667741127050985,0,8,0.4074767808185183,0.9318297474496255,7.338465971145314,1.1330440046016754,7.0,8.0,8.0,0.8530718603382843,0.7904959549302859,1,True,"pareto_k_above_threshold_after_retries: k_max=0.790496, threshold=0.7",False,3,3,27,3,"[3, 21, 0]",49.36743135901634,"(27, 96)",,[],"{""feature_selection"": {""concat"": [""mean""], ""odd"": [""mean"", ""range""]}, ""n_chunks"": 16, ""parameter_selection"": {""mean"": {""likelihood"": ""lognormal""}, ""range"": {""likelihood"": ""lognormal""}}, ""rem_profile_params"": {""rem_stage"": 2, ""step_size_hours"": 2, ""window_size_hours"": 2}, ""tau_threshold"": 5.0}",run_output_8day_rem_w2_s2_stage2,rem_w2_s2_stage2
149,141e38fdf3aa1b6e,pareto_filtered,"pareto_k_above_threshold_after_retries: k_max=1.26999, threshold=0.7","concat: mean, range; even: range; odd: mean",mean=lognormal; range=beta,16,5.0,2,1,2,497.8803730310507,497.8803730310507,18.44001381596484,4.610003453991209,0.0137832697289384,4.610003453991209,0.0137832697289384,-1002.0208145623862,1.01,210.0,120.0,1.053494651591429,0,8,0.5503711113896979,0.8913458851794973,7.342003983835992,1.5012515792514396,8.0,8.0,8.0,0.8517017552855268,1.2699930964510653,3,True,"pareto_k_above_threshold_after_retries: k_max=1.26999, threshold=0.7",False,4,4,27,3,"[3, 21, 27]",248.59966387200984,"(27, 184)",,[],"{""feature_selection"": {""concat"": [""mean"", ""range""], ""even"": [""range""], ""odd"": [""mean""]}, ""n_chunks"": 16, ""parameter_selection"": {""mean"": {""likelihood"": ""lognormal""}, ""range"": {""likelihood"": ""beta""}}, ""rem_profile_params"": {""rem_stage"": 2, ""step_size_hours"": 1, ""window_size_hours"": 2}, ""tau_threshold"": 5.0}",run_output_8day_rem_w2_s1_stage2,rem_w2_s1_stage2
89,f6bd8c1943466483,ok,,concat: mean; even: range; odd: mean,mean=student_t; range=beta,16,5.0,2,1,2,400.5011320835027,400.5011320835027,13.810383864948369,4.603461288316122,0.0152616747687283,4.603461288316122,0.0152616747687283,-800.9590680383646,1.02,364.0,710.0,0.994382472864005,0,8,0.1318391054537026,0.7784804046899643,6.540122824161918,1.644109670411886,6.0,7.0,8.0,0.5907872802113253,0.5571244016757059,0,False,,False,3,3,29,1,[27],89.50108754402027,"(29, 184)",,[],"{""feature_selection"": {""concat"": [""mean""], ""even"": [""range""], ""odd"": [""mean""]}, ""n_chunks"": 16, ""parameter_selection"": {""mean"": {""likelihood"": ""student_t""}, ""range"": {""likelihood"": ""beta""}}, ""rem_profile_params"": {""rem_stage"": 2, ""step_size_hours"": 1, ""window_size_hours"": 2}, ""tau_threshold"": 5.0}",run_output_8day_rem_w2_s1_stage2,rem_w2_s1_stage2
159,0aae62d097a5b597,pareto_filtered,"pareto_k_above_threshold_after_retries: k_max=0.761177, threshold=0.7","concat: mean, range; odd: mean, range",mean=student_t; range=beta,16,5.0,3,1,2,496.0237617604905,496.0237617604905,18.371250435573725,4.592812608893432,0.014369562437165,4.592812608893432,0.014369562437165,-991.613995864628,1.01,694.0,662.0,1.0311560997499585,0,8,0.7465870549700917,0.9986280339229996,7.839109837453212,0.3947174665458325,8.0,8.0,8.0,0.9955213698418828,0.7611773432812063,2,True,"pareto_k_above_threshold_after_retries: k_max=0.761177, threshold=0.7",False,4,4,27,3,"[15, 3, 21]",381.0812849389913,"(27, 176)",,[],"{""feature_selection"": {""concat"": [""mean"", ""range""], ""odd"": [""mean"", ""range""]}, ""n_chunks"": 16, ""parameter_selection"": {""mean"": {""likelihood"": ""student_t""}, ""range"": {""likelihood"": ""beta""}}, ""rem_profile_params"": {""rem_stage"": 2, ""step_size_hours"": 1, ""window_size_hours"": 3}, ""tau_threshold"": 5.0}",run_output_8day_rem_w3_s1_stage2,rem_w3_s1_stage2
95,d870f950da91814c,pareto_filtered,"pareto_k_above_threshold_after_retries: k_max=0.877558, threshold=0.7","concat: mean; odd: mean, range",mean=lognormal; range=beta,16,5.0,2,2,2,371.7245573332857,371.7245573332857,13.767576197529095,4.589192065843033,0.0148263630078879,4.589192065843033,0.0148263630078879,-741.0481524931878,1.01,605.0,365.0,0.8940712890443597,0,7,0.553367425151305,0.9994071464157852,6.882677042191009,0.5415416532243108,7.0,7.0,7.0,0.7921360109795856,0.8775582113067889,3,True,"pareto_k_above_threshold_after_retries: k_max=0.877558, threshold=0.7",False,3,3,27,3,"[3, 21, 0]",113.35230866700294,"(27, 96)",,[],"{""feature_selection"": {""concat"": [""mean""], ""odd"": [""mean"", ""range""]}, ""n_chunks"": 16, ""parameter_selection"": {""mean"": {""likelihood"": ""lognormal""}, ""range"": {""likelihood"": ""beta""}}, ""rem_profile_params"": {""rem_stage"": 2, ""step_size_hours"": 2, ""window_size_hours"": 2}, ""tau_threshold"": 5.0}",run_output_8day_rem_w2_s2_stage2,rem_w2_s2_stage2
175,9e98a3ee6c7091b8,ok,,"concat: mean; even: range; odd: mean, range",mean=student_t; range=beta,16,5.0,2,1,2,495.428071881645,495.428071881645,18.349187847468333,4.587296961867082,0.0102695509517572,4.587296961867082,0.0102695509517572,-991.3485740617606,1.01,374.0,610.0,0.942850173402345,0,6,0.2525900202999303,0.8818759058636743,6.627090994242292,1.2826289098871286,6.0,6.0,8.0,0.4686678305056128,0.6335757382992905,0,False,,False,4,4,27,3,"[27, 3, 21]",451.506756635994,"(27, 184)",,[],"{""feature_selection"": {""concat"": [""mean""], ""even"": [""range""], ""odd"": [""mean"", ""range""]}, ""n_chunks"": 16, ""parameter_selection"": {""mean"": {""likelihood"": ""student_t""}, ""range"": {""likelihood"": ""beta""}}, ""rem_profile_params"": {""rem_stage"": 2, ""step_size_hours"": 1, ""window_size_hours"": 2}, ""tau_threshold"": 5.0}",run_output_8day_rem_w2_s1_stage2,rem_w2_s1_stage2
87,bda266a4257d6c27,pareto_filtered,"pareto_k_above_threshold_after_retries: k_max=0.718001, threshold=0.7",concat: mean; even: range; odd: mean,mean=lognormal; range=beta,16,5.0,2,2,2,371.5308957687906,371.5308957687906,13.760403546992244,4.586801182330747,0.015304114413827,4.586801182330747,0.015304114413827,-741.0713013012128,1.01,320.0,324.0,0.9189598545666312,0,7,0.3033528503404156,0.9446708883655888,6.640421862523798,0.9944939697511817,6.0,7.0,7.0,0.5852515478034506,0.7180009436840237,1,True,"pareto_k_above_threshold_after_retries: k_max=0.718001, threshold=0.7",False,3,3,27,3,"[3, 21, 0]",107.31726658798289,"(27, 96)",,[],"{""feature_selection"": {""concat"": [""mean""], ""even"": [""range""], ""odd"": [""mean""]}, ""n_chunks"": 16, ""parameter_selection"": {""mean"": {""likelihood"": ""lognormal""}, ""range"": {""likelihood"": ""beta""}}, ""rem_profile_params"": {""rem_stage"": 2, ""step_size_hours"": 2, ""window_size_hours"": 2}, ""tau_threshold"": 5.0}",run_output_8day_rem_w2_s2_stage2,rem_w2_s2_stage2
84,b3583c979aacb0ec,pareto_filtered,"pareto_k_above_threshold_after_retries: k_max=1.08901, threshold=0.7",concat: mean; even: mean; odd: range,mean=lognormal; range=lognormal,16,5.0,2,1,2,371.43026257640497,371.43026257640497,13.756676391718702,4.585558797239568,0.0147217081543509,4.585558797239568,0.0147217081543509,-741.9027658102513,1.01,335.0,327.0,1.0464459427782582,0,6,0.1698180571931778,0.6446113390027185,5.660596827212373,1.315833166174085,4.0,6.0,7.0,0.2652453119385528,1.0890088357896264,3,True,"pareto_k_above_threshold_after_retries: k_max=1.08901, threshold=0.7",False,3,3,27,3,"[3, 0, 15]",93.49293909900008,"(27, 184)",,[],"{""feature_selection"": {""concat"": [""mean""], ""even"": [""mean""], ""odd"": [""range""]}, ""n_chunks"": 16, ""parameter_selection"": {""mean"": {""likelihood"": ""lognormal""}, ""range"": {""likelihood"": ""lognormal""}}, ""rem_profile_params"": {""rem_stage"": 2, ""step_size_hours"": 1, ""window_size_hours"": 2}, ""tau_threshold"": 5.0}",run_output_8day_rem_w2_s1_stage2,rem_w2_s1_stage2
61,1f83203f2ca1f412,ok,,"concat: mean, range; even: mean",mean=lognormal; range=beta,16,5.0,3,1,2,371.3770448367525,371.3770448367525,13.754705364324163,4.584901788108055,0.0154641903387171,4.584901788108055,0.0154641903387171,-743.5824436868483,1.01,644.0,642.0,0.9491768235721308,0,7,0.4663754792885234,0.934512694663716,7.1929507998001005,0.8694755545555143,7.0,7.0,8.0,0.9265384345294504,0.6924746632339782,0,False,,False,3,3,27,3,"[24, 3, 27]",98.42415814200648,"(27, 176)",,[],"{""feature_selection"": {""concat"": [""mean"", ""range""], ""even"": [""mean""]}, ""n_chunks"": 16, ""parameter_selection"": {""mean"": {""likelihood"": ""lognormal""}, ""range"": {""likelihood"": ""beta""}}, ""rem_profile_params"": {""rem_stage"": 2, ""step_size_hours"": 1, ""window_size_hours"": 3}, ""tau_threshold"": 5.0}",run_output_8day_rem_w3_s1_stage2,rem_w3_s1_stage2
65,fdabb969cb59f3a1,pareto_filtered,"pareto_k_above_threshold_after_retries: k_max=0.718003, threshold=0.7","concat: mean, range; even: range",mean=lognormal; range=beta,16,5.0,2,1,2,371.1283160433498,371.1283160433498,13.745493186790734,4.581831062263578,0.0123324891653503,4.581831062263578,0.0123324891653503,-737.6304546284265,1.03,158.0,222.0,0.8258159580031659,0,6,0.5722762320224829,0.9972142000504298,6.562966179546788,0.8794570753413177,6.0,6.0,8.0,0.3064602720506739,0.7180026316296637,3,True,"pareto_k_above_threshold_after_retries: k_max=0.718003, threshold=0.7",False,3,3,27,3,"[3, 27, 4]",123.97248148999644,"(27, 184)",,[],"{""feature_selection"": {""concat"": [""mean"", ""range""], ""even"": [""range""]}, ""n_chunks"": 16, ""parameter_selection"": {""mean"": {""likelihood"": ""lognormal""}, ""range"": {""likelihood"": ""beta""}}, ""rem_profile_params"": {""rem_stage"": 2, ""step_size_hours"": 1, ""window_size_hours"": 2}, ""tau_threshold"": 5.0}",run_output_8day_rem_w2_s1_stage2,rem_w2_s1_stage2
26,9fba83cf943d4d2f,ok,,concat: mean; odd: range,mean=lognormal; range=lognormal,16,5.0,3,1,2,246.95317856513165,246.95317856513165,9.146414020930802,4.5732070104654,0.0147328384871982,4.5732070104654,0.0147328384871982,-493.5783904185862,1.03,91.0,378.0,0.994495028317906,0,8,0.2845833234069369,0.5414310460264451,6.150100416041754,1.901054626371432,4.0,6.0,8.0,0.4976928589249068,0.6578240246027939,0,False,,False,2,2,27,3,"[3, 0, 24]",30.016210901987503,"(27, 176)",,[],"{""feature_selection"": {""concat"": [""mean""], ""odd"": [""range""]}, ""n_chunks"": 16, ""parameter_selection"": {""mean"": {""likelihood"": ""lognormal""}, ""range"": {""likelihood"": ""lognormal""}}, ""rem_profile_params"": {""rem_stage"": 2, ""step_size_hours"": 1, ""window_size_hours"": 3}, ""tau_threshold"": 5.0}",run_output_8day_rem_w3_s1_stage2,rem_w3_s1_stage2
76,e57da2027252e179,pareto_filtered,"pareto_k_above_threshold_after_retries: k_max=0.725961, threshold=0.7","concat: mean, range; odd: range",mean=student_t; range=lognormal,16,5.0,2,1,2,369.9299893930492,369.9299893930492,13.70111071826108,4.567036906087028,0.0146494207270844,4.567036906087028,0.0146494207270844,-739.759598148554,1.03,124.0,109.0,1.0141042896033767,0,8,0.5332519009191301,0.805259521249235,6.9217397284795465,1.9299567154159796,6.0,8.0,8.0,0.7429130350613692,0.7259609995262428,1,True,"pareto_k_above_threshold_after_retries: k_max=0.725961, threshold=0.7",False,3,3,27,3,"[15, 21, 3]",112.98207280700444,"(27, 184)",,[],"{""feature_selection"": {""concat"": [""mean"", ""range""], ""odd"": [""range""]}, ""n_chunks"": 16, ""parameter_selection"": {""mean"": {""likelihood"": ""student_t""}, ""range"": {""likelihood"": ""lognormal""}}, ""rem_profile_params"": {""rem_stage"": 2, ""step_size_hours"": 1, ""window_size_hours"": 2}, ""tau_threshold"": 5.0}",run_output_8day_rem_w2_s1_stage2,rem_w2_s1_stage2
80,c206a9f1a7d9cc68,pareto_filtered,"pareto_k_above_threshold_after_retries: k_max=0.776173, threshold=0.7","concat: mean; even: mean, range",mean=student_t; range=lognormal,16,5.0,2,1,2,369.7287323088332,369.7287323088332,13.693656752179008,4.564552250726336,0.0107133101952515,4.564552250726336,0.0107133101952515,-739.8863333064721,1.01,1187.0,1311.0,1.003481458269056,0,7,0.8315574111806009,0.9902811668616316,6.9761701422509335,0.3986401345066374,7.0,7.0,7.0,0.9683330438267004,0.7761733404746539,2,True,"pareto_k_above_threshold_after_retries: k_max=0.776173, threshold=0.7",False,3,3,27,3,"[25, 9, 23]",175.7684061730106,"(27, 184)",,[],"{""feature_selection"": {""concat"": [""mean""], ""even"": [""mean"", ""range""]}, ""n_chunks"": 16, ""parameter_selection"": {""mean"": {""likelihood"": ""student_t""}, ""range"": {""likelihood"": ""lognormal""}}, ""rem_profile_params"": {""rem_stage"": 2, ""step_size_hours"": 1, ""window_size_hours"": 2}, ""tau_threshold"": 5.0}",run_output_8day_rem_w2_s1_stage2,rem_w2_s1_stage2
9,f54aef7312169d3b,ok,,odd: mean,mean=lognormal,16,5.0,2,1,2,127.59132624358143,127.59132624358143,4.556833080127909,4.556833080127909,0.0230067662835107,4.556833080127909,0.0230067662835107,-255.4147404827572,1.01,546.0,663.0,1.1032828051836614,0,8,0.3010672048520276,0.8061510754229221,6.886468718391582,1.6945516743235314,6.0,8.0,8.0,0.6966670164415505,0.6135289536287809,0,False,,False,1,1,28,2,"[3, 21]",14.315698924998289,"(28, 184)",,[],"{""feature_selection"": {""odd"": [""mean""]}, ""n_chunks"": 16, ""parameter_selection"": {""mean"": {""likelihood"": ""lognormal""}}, ""rem_profile_params"": {""rem_stage"": 2, ""step_size_hours"": 1, ""window_size_hours"": 2}, ""tau_threshold"": 5.0}",run_output_8day_rem_w2_s1_stage2,rem_w2_s1_stage2
17,e1ebebf295b4b622,pareto_filtered,"pareto_k_above_threshold_after_retries: k_max=1.09666, threshold=0.7","concat: mean, range; even: range; odd: mean, range",mean=student_t; range=beta,16,5.0,2,1,2,615.1534603352612,615.1534603352612,22.783461493898564,4.556692298779714,0.0102143217891434,4.556692298779714,0.0102143217891434,-1231.201569768025,1.01,306.0,227.0,0.9249252523299404,0,6,0.296960720328377,0.8925715018199762,6.574642847559924,1.3325024717125689,6.0,6.0,8.0,0.4365038650693726,1.096662873026083,1,True,"pareto_k_above_threshold_after_retries: k_max=1.09666, threshold=0.7",False,5,5,27,3,"[27, 3, 21]",308.55213313901913,"(27, 184)",,[],"{""feature_selection"": {""concat"": [""mean"", ""range""], ""even"": [""range""], ""odd"": [""mean"", ""range""]}, ""n_chunks"": 16, ""parameter_selection"": {""mean"": {""likelihood"": ""student_t""}, ""range"": {""likelihood"": ""beta""}}, ""rem_profile_params"": {""rem_stage"": 2, ""step_size_hours"": 1, ""window_size_hours"": 2}, ""tau_threshold"": 5.0}",run_output_8day_rem_w2_s1_stage2,rem_w2_s1_stage2
85,dbdc311e9bc090e9,ok,,concat: mean; even: mean; odd: range,mean=student_t; range=beta,16,5.0,2,2,2,369.0839873069229,369.0839873069229,13.669777307663807,4.556592435887937,0.0117540256351872,4.556592435887937,0.0117540256351872,-738.1768327805324,1.01,720.0,635.0,1.0053745629045974,0,8,0.6742702251973227,0.9535432969553193,7.691233165519354,0.9655420653640656,8.0,8.0,8.0,0.9354519360313076,0.5063642776931311,0,False,,False,3,3,27,3,"[3, 15, 7]",196.0517614569981,"(27, 96)",,[],"{""feature_selection"": {""concat"": [""mean""], ""even"": [""mean""], ""odd"": [""range""]}, ""n_chunks"": 16, ""parameter_selection"": {""mean"": {""likelihood"": ""student_t""}, ""range"": {""likelihood"": ""beta""}}, ""rem_profile_params"": {""rem_stage"": 2, ""step_size_hours"": 2, ""window_size_hours"": 2}, ""tau_threshold"": 5.0}",run_output_8day_rem_w2_s2_stage2,rem_w2_s2_stage2
26,05def077b68675f6,ok,,concat: mean; odd: range,mean=lognormal; range=lognormal,16,5.0,2,1,2,255.1092060830193,255.1092060830193,9.111043074393546,4.555521537196773,0.0167477369641232,4.555521537196773,0.0167477369641232,-505.91432907162925,1.01,296.0,566.0,1.082907687672234,0,8,0.3283570507994147,0.919169883783694,7.091572611677416,1.27361020265066,6.0,8.0,8.0,0.6910424038261945,0.6810560682867407,0,False,,False,2,2,28,2,"[3, 15]",32.60095758701209,"(28, 184)",,[],"{""feature_selection"": {""concat"": [""mean""], ""odd"": [""range""]}, ""n_chunks"": 16, ""parameter_selection"": {""mean"": {""likelihood"": ""lognormal""}, ""range"": {""likelihood"": ""lognormal""}}, ""rem_profile_params"": {""rem_stage"": 2, ""step_size_hours"": 1, ""window_size_hours"": 2}, ""tau_threshold"": 5.0}",run_output_8day_rem_w2_s1_stage2,rem_w2_s1_stage2
75,c15f9e281a64ae32,pareto_filtered,"pareto_k_above_threshold_after_retries: k_max=0.757094, threshold=0.7","concat: mean, range; odd: range",mean=student_t; range=beta,16,5.0,2,2,2,367.90244378304993,367.90244378304993,13.626016436409255,4.542005478803085,0.0123619684876726,4.542005478803085,0.0123619684876726,-735.9033683024157,1.01,1379.0,1017.0,0.987569879601946,0,7,0.904536726653921,0.9999999972100884,7.040980149727681,0.1982443809046431,7.0,7.0,7.0,0.9999999768279546,0.7570939791967635,1,True,"pareto_k_above_threshold_after_retries: k_max=0.757094, threshold=0.7",False,3,3,27,3,"[4, 15, 7]",145.30810497200582,"(27, 96)",,[],"{""feature_selection"": {""concat"": [""mean"", ""range""], ""odd"": [""range""]}, ""n_chunks"": 16, ""parameter_selection"": {""mean"": {""likelihood"": ""student_t""}, ""range"": {""likelihood"": ""beta""}}, ""rem_profile_params"": {""rem_stage"": 2, ""step_size_hours"": 2, ""window_size_hours"": 2}, ""tau_threshold"": 5.0}",run_output_8day_rem_w2_s2_stage2,rem_w2_s2_stage2
21,a714441b03403ad8,ok,,concat: mean; even: range,mean=student_t; range=beta,16,5.0,2,2,2,272.28840888457984,272.28840888457984,9.076280296152662,4.538140148076331,0.0106610762639324,4.538140148076331,0.0106610762639324,-545.1423454948349,1.01,666.0,706.0,0.8917894970928681,0,8,0.2365882463676198,0.9039880070576805,6.785110825394044,1.3319088361055476,6.0,7.0,8.0,0.5986319858579945,0.5075060687798078,0,False,,False,2,2,30,0,[],19.220358888997,"(30, 96)",,[],"{""feature_selection"": {""concat"": [""mean""], ""even"": [""range""]}, ""n_chunks"": 16, ""parameter_selection"": {""mean"": {""likelihood"": ""student_t""}, ""range"": {""likelihood"": ""beta""}}, ""rem_profile_params"": {""rem_stage"": 2, ""step_size_hours"": 2, ""window_size_hours"": 2}, ""tau_threshold"": 5.0}",run_output_8day_rem_w2_s2_stage2,rem_w2_s2_stage2
19,cbd854d011be1f93,ok,,concat: mean; even: range,mean=lognormal; range=beta,16,5.0,2,1,2,254.0737582991329,254.0737582991329,9.074062796397603,4.537031398198803,0.0136586449739499,4.537031398198803,0.0136586449739499,-505.7350595758,1.01,391.0,581.0,0.9383945858367088,0,8,0.2064797700156606,0.8672892597844075,6.774288434424925,1.4474246591319084,6.0,7.0,8.0,0.6238490830347757,0.6975986687952496,0,False,,False,2,2,28,2,"[3, 27]",49.82739196700277,"(28, 184)",,[],"{""feature_selection"": {""concat"": [""mean""], ""even"": [""range""]}, ""n_chunks"": 16, ""parameter_selection"": {""mean"": {""likelihood"": ""lognormal""}, ""range"": {""likelihood"": ""beta""}}, ""rem_profile_params"": {""rem_stage"": 2, ""step_size_hours"": 1, ""window_size_hours"": 2}, ""tau_threshold"": 5.0}",run_output_8day_rem_w2_s1_stage2,rem_w2_s1_stage2
6,b61d3ad0913d6f96,ok,,"concat: mean, range; even: mean, range; odd: mean",mean=student_t; range=beta,16,5.0,2,2,2,611.9688683196753,611.9688683196753,22.665513641469456,4.5331027282938905,0.0093748348229119,4.5331027282938905,0.0093748348229119,-1224.0260673398552,1.01,1360.0,931.0,0.9267114309822064,0,7,0.9379438832766728,0.9999871594705808,7.012889846572548,0.1436782783108084,7.0,7.0,7.0,0.9960662803060506,0.5967058320331364,0,False,,False,5,5,27,3,"[4, 21, 3]",241.4611776600068,"(27, 96)",,[],"{""feature_selection"": {""concat"": [""mean"", ""range""], ""even"": [""mean"", ""range""], ""odd"": [""mean""]}, ""n_chunks"": 16, ""parameter_selection"": {""mean"": {""likelihood"": ""student_t""}, ""range"": {""likelihood"": ""beta""}}, ""rem_profile_params"": {""rem_stage"": 2, ""step_size_hours"": 2, ""window_size_hours"": 2}, ""tau_threshold"": 5.0}",run_output_8day_rem_w2_s2_stage2,rem_w2_s2_stage2
172,4f056af43b7d68cd,ok,,"concat: mean; even: mean; odd: mean, range",mean=student_t; range=lognormal,16,5.0,2,2,2,507.69588352541126,507.69588352541126,18.13199584019326,4.532998960048315,0.0111865661674663,4.532998960048315,0.0111865661674663,-1016.9457015354808,1.01,594.0,297.0,0.9930446910880316,0,8,0.7044015508836496,0.9526168862809916,7.662790952176206,1.0408220266264618,8.0,8.0,8.0,0.8975109714231361,0.6631938961486268,0,False,,False,4,4,28,2,"[3, 21]",265.56457528600004,"(28, 96)",,[],"{""feature_selection"": {""concat"": [""mean""], ""even"": [""mean""], ""odd"": [""mean"", ""range""]}, ""n_chunks"": 16, ""parameter_selection"": {""mean"": {""likelihood"": ""student_t""}, ""range"": {""likelihood"": ""lognormal""}}, ""rem_profile_params"": {""rem_stage"": 2, ""step_size_hours"": 2, ""window_size_hours"": 2}, ""tau_threshold"": 5.0}",run_output_8day_rem_w2_s2_stage2,rem_w2_s2_stage2
144,5ccc9e88096f5667,pareto_filtered,"pareto_k_above_threshold_after_retries: k_max=0.894862, threshold=0.7","concat: mean, range; even: mean; odd: mean",mean=student_t; range=lognormal,16,5.0,3,1,2,489.2110352463742,489.2110352463742,18.118927231347197,4.529731807836798,0.0143744028797759,4.529731807836798,0.0143744028797759,-979.4215703682056,1.02,183.0,209.0,1.0295004140804431,0,8,0.2934842616690126,0.8721618333881109,6.698962843832774,1.5952608805079431,6.0,7.0,8.0,0.5753901307096698,0.8948618831897696,1,True,"pareto_k_above_threshold_after_retries: k_max=0.894862, threshold=0.7",False,4,4,27,3,"[15, 3, 27]",336.6401491180004,"(27, 176)",,[],"{""feature_selection"": {""concat"": [""mean"", ""range""], ""even"": [""mean""], ""odd"": [""mean""]}, ""n_chunks"": 16, ""parameter_selection"": {""mean"": {""likelihood"": ""student_t""}, ""range"": {""likelihood"": ""lognormal""}}, ""rem_profile_params"": {""rem_stage"": 2, ""step_size_hours"": 1, ""window_size_hours"": 3}, ""tau_threshold"": 5.0}",run_output_8day_rem_w3_s1_stage2,rem_w3_s1_stage2
64,fa2ed9a3c6b6fcab,ok,,"concat: mean, range; even: mean",mean=student_t; range=lognormal,16,5.0,3,1,2,393.7807037306777,393.7807037306777,13.578644956230264,4.526214985410089,0.0098127476562956,4.526214985410089,0.0098127476562956,-788.462223634027,1.01,390.0,508.0,0.9661593358601416,0,8,0.1480359899426924,0.8154247691597316,6.495062051169882,1.5255104480501596,6.0,7.0,8.0,0.5264074915123346,0.6436749526889167,0,False,,False,3,3,29,1,[3],68.09369401499862,"(29, 176)",,[],"{""feature_selection"": {""concat"": [""mean"", ""range""], ""even"": [""mean""]}, ""n_chunks"": 16, ""parameter_selection"": {""mean"": {""likelihood"": ""student_t""}, ""range"": {""likelihood"": ""lognormal""}}, ""rem_profile_params"": {""rem_stage"": 2, ""step_size_hours"": 1, ""window_size_hours"": 3}, ""tau_threshold"": 5.0}",run_output_8day_rem_w3_s1_stage2,rem_w3_s1_stage2
97,1843abd67b5c2d1a,pareto_filtered,"pareto_k_above_threshold_after_retries: k_max=0.717024, threshold=0.7","concat: mean; odd: mean, range",mean=student_t; range=beta,16,5.0,2,2,2,366.5450732556173,366.5450732556173,13.575743453911752,4.525247817970584,0.0162451540247753,4.525247817970584,0.0162451540247753,-734.0163375184366,1.0,710.0,616.0,0.93596225556973,0,8,0.4620062487377229,0.9319251462379008,7.4320521311856576,1.1412869827607173,7.0,8.0,8.0,0.8575379487582109,0.7170238215135137,1,True,"pareto_k_above_threshold_after_retries: k_max=0.717024, threshold=0.7",False,3,3,27,3,"[7, 15, 3]",204.8593357229838,"(27, 96)",,[],"{""feature_selection"": {""concat"": [""mean""], ""odd"": [""mean"", ""range""]}, ""n_chunks"": 16, ""parameter_selection"": {""mean"": {""likelihood"": ""student_t""}, ""range"": {""likelihood"": ""beta""}}, ""rem_profile_params"": {""rem_stage"": 2, ""step_size_hours"": 2, ""window_size_hours"": 2}, ""tau_threshold"": 5.0}",run_output_8day_rem_w2_s2_stage2,rem_w2_s2_stage2
37,bc5a31e07b7e3e7c,ok,,concat: range; odd: mean,mean=student_t; range=beta,16,5.0,2,2,2,243.82601069328064,243.82601069328064,9.030592988640024,4.515296494320011,0.0131320978123317,4.515296494320011,0.0131320978123317,-487.9298663461696,1.01,1306.0,933.0,0.9882257270934866,0,7,0.9863045920569342,0.9999999989559368,7.003716893576231,0.060880519504167,7.0,7.0,7.0,0.9999983224000888,0.603252895845793,0,False,,False,2,2,27,3,"[4, 3, 21]",88.32539554798859,"(27, 96)",,[],"{""feature_selection"": {""concat"": [""range""], ""odd"": [""mean""]}, ""n_chunks"": 16, ""parameter_selection"": {""mean"": {""likelihood"": ""student_t""}, ""range"": {""likelihood"": ""beta""}}, ""rem_profile_params"": {""rem_stage"": 2, ""step_size_hours"": 2, ""window_size_hours"": 2}, ""tau_threshold"": 5.0}",run_output_8day_rem_w2_s2_stage2,rem_w2_s2_stage2
105,a356074de99c663e,ok,,concat: range; even: mean; odd: mean,mean=student_t; range=beta,16,5.0,2,1,2,378.7479711314045,378.7479711314045,13.52671325469302,4.508904418231007,0.0149191295759378,4.508904418231007,0.0149191295759378,-757.422785826165,1.01,706.0,696.0,0.9586783189744909,0,8,0.5465536566480889,0.990337393395238,7.369321903517653,0.9542847577389868,6.0,8.0,8.0,0.7165232734566604,0.6746456716983436,0,False,,False,3,3,28,2,"[4, 21]",175.70610277401283,"(28, 184)",,[],"{""feature_selection"": {""concat"": [""range""], ""even"": [""mean""], ""odd"": [""mean""]}, ""n_chunks"": 16, ""parameter_selection"": {""mean"": {""likelihood"": ""student_t""}, ""range"": {""likelihood"": ""beta""}}, ""rem_profile_params"": {""rem_stage"": 2, ""step_size_hours"": 1, ""window_size_hours"": 2}, ""tau_threshold"": 5.0}",run_output_8day_rem_w2_s1_stage2,rem_w2_s1_stage2
21,36ffd2b47792462d,ok,,concat: mean; even: range,mean=student_t; range=beta,16,5.0,3,1,2,252.1762737159192,252.1762737159192,9.006295489854256,4.503147744927129,0.0124701439038811,4.503147744927129,0.0124701439038811,-504.9434578582332,1.01,380.0,563.0,0.8920689423729676,0,8,0.084215336670764,0.4266265669940561,5.438033007200829,1.9135935120016816,3.0,5.0,8.0,0.3335497162667724,0.5148173475678234,0,False,,False,2,2,28,2,"[17, 3]",76.3520411060017,"(28, 176)",,[],"{""feature_selection"": {""concat"": [""mean""], ""even"": [""range""]}, ""n_chunks"": 16, ""parameter_selection"": {""mean"": {""likelihood"": ""student_t""}, ""range"": {""likelihood"": ""beta""}}, ""rem_profile_params"": {""rem_stage"": 2, ""step_size_hours"": 1, ""window_size_hours"": 3}, ""tau_threshold"": 5.0}",run_output_8day_rem_w3_s1_stage2,rem_w3_s1_stage2
12,1ccc802643320ef2,pareto_filtered,"pareto_k_above_threshold_after_retries: k_max=1.25758, threshold=0.7","concat: mean, range; even: mean; odd: mean, range",mean=lognormal; range=lognormal,16,5.0,2,1,2,607.1971210229316,607.1971210229316,22.48878226010858,4.497756452021716,0.012969712821127,4.497756452021716,0.012969712821127,-1207.2553353446149,1.02,123.0,137.0,0.9662819126251786,0,7,0.4087325611797711,0.8180188744944169,6.521158139950202,1.2568093628453612,7.0,7.0,7.0,0.7717994900472168,1.25758072248508,3,True,"pareto_k_above_threshold_after_retries: k_max=1.25758, threshold=0.7",False,5,5,27,3,"[3, 21, 0]",156.99902899100562,"(27, 184)",,[],"{""feature_selection"": {""concat"": [""mean"", ""range""], ""even"": [""mean""], ""odd"": [""mean"", ""range""]}, ""n_chunks"": 16, ""parameter_selection"": {""mean"": {""likelihood"": ""lognormal""}, ""range"": {""likelihood"": ""lognormal""}}, ""rem_profile_params"": {""rem_stage"": 2, ""step_size_hours"": 1, ""window_size_hours"": 2}, ""tau_threshold"": 5.0}",run_output_8day_rem_w2_s1_stage2,rem_w2_s1_stage2
161,3ac1e83b4c651ec8,pareto_filtered,"pareto_k_above_threshold_after_retries: k_max=0.822841, threshold=0.7","concat: mean; even: mean, range; odd: mean",mean=lognormal; range=beta,16,5.0,2,1,2,484.96517608963,484.96517608963,17.961673188504815,4.490418297126203,0.0149178950841858,4.490418297126203,0.0149178950841858,-971.5098286437646,1.01,686.0,385.0,0.9763536549706924,0,8,0.8602696091805693,0.9681030212760304,7.841593233301921,0.7999619386804849,8.0,8.0,8.0,0.9637949270700586,0.8228413529359394,3,True,"pareto_k_above_threshold_after_retries: k_max=0.822841, threshold=0.7",False,4,4,27,3,"[3, 27, 21]",284.2018051529885,"(27, 184)",,[],"{""feature_selection"": {""concat"": [""mean""], ""even"": [""mean"", ""range""], ""odd"": [""mean""]}, ""n_chunks"": 16, ""parameter_selection"": {""mean"": {""likelihood"": ""lognormal""}, ""range"": {""likelihood"": ""beta""}}, ""rem_profile_params"": {""rem_stage"": 2, ""step_size_hours"": 1, ""window_size_hours"": 2}, ""tau_threshold"": 5.0}",run_output_8day_rem_w2_s1_stage2,rem_w2_s1_stage2
27,fab8ddd86f78ea26,ok,,concat: mean; odd: range,mean=student_t; range=beta,16,5.0,2,2,2,269.067061048799,269.067061048799,8.968902034959967,4.484451017479983,0.0121475621328224,4.484451017479983,0.0121475621328224,-537.8712994876322,1.01,953.0,1085.0,0.9699482915747736,0,7,0.4391203167687494,0.9983531903363352,6.759718274447466,0.6902708397670433,6.0,7.0,7.0,0.624753088563431,0.6896110976999664,0,False,,False,2,2,30,0,[],20.526120138994884,"(30, 96)",,[],"{""feature_selection"": {""concat"": [""mean""], ""odd"": [""range""]}, ""n_chunks"": 16, ""parameter_selection"": {""mean"": {""likelihood"": ""student_t""}, ""range"": {""likelihood"": ""beta""}}, ""rem_profile_params"": {""rem_stage"": 2, ""step_size_hours"": 2, ""window_size_hours"": 2}, ""tau_threshold"": 5.0}",run_output_8day_rem_w2_s2_stage2,rem_w2_s2_stage2
98,62bcd6fa2636cb46,ok,,"concat: mean; odd: mean, range",mean=student_t; range=lognormal,16,5.0,2,2,2,390.0893988365704,390.0893988365704,13.451358580571393,4.483786193523797,0.0143546578416095,4.483786193523797,0.0143546578416095,-779.895340598266,1.01,361.0,480.0,1.0198897187905622,0,8,0.3724791612825122,0.8497592705716697,7.017907370435227,1.622223355912509,6.0,8.0,8.0,0.7157582722645842,0.6661459710135248,0,False,,False,3,3,29,1,[3],77.2259002100036,"(29, 96)",,[],"{""feature_selection"": {""concat"": [""mean""], ""odd"": [""mean"", ""range""]}, ""n_chunks"": 16, ""parameter_selection"": {""mean"": {""likelihood"": ""student_t""}, ""range"": {""likelihood"": ""lognormal""}}, ""rem_profile_params"": {""rem_stage"": 2, ""step_size_hours"": 2, ""window_size_hours"": 2}, ""tau_threshold"": 5.0}",run_output_8day_rem_w2_s2_stage2,rem_w2_s2_stage2
75,e6311cc675e5df34,ok,,"concat: mean, range; odd: range",mean=student_t; range=beta,16,5.0,3,1,2,376.5585380921984,376.5585380921984,13.448519217578516,4.482839739192838,0.0122848695479069,4.482839739192838,0.0122848695479069,-753.8004599852253,1.01,319.0,453.0,0.8926135232363439,0,6,0.4424248023572111,0.9979329531863176,6.657820160425266,0.833206470981306,6.0,6.0,7.0,0.4327446081099051,0.6591397006219749,0,False,,False,3,3,28,2,"[15, 10]",112.30705923700587,"(28, 176)",,[],"{""feature_selection"": {""concat"": [""mean"", ""range""], ""odd"": [""range""]}, ""n_chunks"": 16, ""parameter_selection"": {""mean"": {""likelihood"": ""student_t""}, ""range"": {""likelihood"": ""beta""}}, ""rem_profile_params"": {""rem_stage"": 2, ""step_size_hours"": 1, ""window_size_hours"": 3}, ""tau_threshold"": 5.0}",run_output_8day_rem_w3_s1_stage2,rem_w3_s1_stage2
90,20bc6862f20eaf49,pareto_filtered,"pareto_k_above_threshold_after_retries: k_max=0.92404, threshold=0.7",concat: mean; even: range; odd: mean,mean=student_t; range=lognormal,16,5.0,2,1,2,362.682252647311,362.682252647311,13.43267602397448,4.477558674658159,0.0156877140428507,4.477558674658159,0.0156877140428507,-726.1365915020731,1.01,292.0,643.0,0.9312091629189913,0,8,0.2576111208278081,0.7316591333482699,6.526871154740688,1.979809916915904,5.0,8.0,8.0,0.6507368027691843,0.9240402166955424,2,True,"pareto_k_above_threshold_after_retries: k_max=0.92404, threshold=0.7",False,3,3,27,3,"[3, 25, 27]",177.3571737340244,"(27, 184)",,[],"{""feature_selection"": {""concat"": [""mean""], ""even"": [""range""], ""odd"": [""mean""]}, ""n_chunks"": 16, ""parameter_selection"": {""mean"": {""likelihood"": ""student_t""}, ""range"": {""likelihood"": ""lognormal""}}, ""rem_profile_params"": {""rem_stage"": 2, ""step_size_hours"": 1, ""window_size_hours"": 2}, ""tau_threshold"": 5.0}",run_output_8day_rem_w2_s1_stage2,rem_w2_s1_stage2
3,6b6616f57be8d5d3,pareto_filtered,"pareto_k_above_threshold_after_retries: k_max=0.909039, threshold=0.7","concat: mean, range; even: mean, range; odd: mean",mean=lognormal; range=beta,16,5.0,2,1,2,604.1447407849947,604.1447407849947,22.37573114018499,4.475146228036998,0.0127012342432967,4.475146228036998,0.0127012342432967,-1215.071445418057,1.02,160.0,77.0,1.012715346870941,0,8,0.7889356153883285,0.947755661434556,7.713170809537909,1.0841179394990357,8.0,8.0,8.0,0.9364754340475612,0.909039437367837,6,True,"pareto_k_above_threshold_after_retries: k_max=0.909039, threshold=0.7",False,5,5,27,3,"[3, 21, 27]",162.06322342899512,"(27, 184)",,[],"{""feature_selection"": {""concat"": [""mean"", ""range""], ""even"": [""mean"", ""range""], ""odd"": [""mean""]}, ""n_chunks"": 16, ""parameter_selection"": {""mean"": {""likelihood"": ""lognormal""}, ""range"": {""likelihood"": ""beta""}}, ""rem_profile_params"": {""rem_stage"": 2, ""step_size_hours"": 1, ""window_size_hours"": 2}, ""tau_threshold"": 5.0}",run_output_8day_rem_w2_s1_stage2,rem_w2_s1_stage2
31,01417cf4c0794cbb,ok,,concat: range; even: mean,mean=student_t; range=beta,16,5.0,2,1,2,259.3432077217216,259.3432077217216,8.942869231783504,4.471434615891752,0.0108803230429729,4.471434615891752,0.0108803230429729,-519.0814658748225,1.01,819.0,928.0,0.9799503355672738,0,8,0.5175516368590671,0.9911844223444726,7.347429303639341,0.9359223600396176,6.0,8.0,8.0,0.7136820505458871,0.4017267979811756,0,False,,False,2,2,29,1,[4],43.35178741300479,"(29, 184)",,[],"{""feature_selection"": {""concat"": [""range""], ""even"": [""mean""]}, ""n_chunks"": 16, ""parameter_selection"": {""mean"": {""likelihood"": ""student_t""}, ""range"": {""likelihood"": ""beta""}}, ""rem_profile_params"": {""rem_stage"": 2, ""step_size_hours"": 1, ""window_size_hours"": 2}, ""tau_threshold"": 5.0}",run_output_8day_rem_w2_s1_stage2,rem_w2_s1_stage2
6,e954e816a26a8978,pareto_filtered,"pareto_k_above_threshold_after_retries: k_max=0.740037, threshold=0.7","concat: mean, range; even: mean, range; odd: mean",mean=student_t; range=lognormal,16,5.0,2,1,2,603.0341423860255,603.0341423860255,22.33459786614909,4.466919573229817,0.0101110987504216,4.466919573229817,0.0101110987504216,-1207.298012201321,1.05,134.0,181.0,1.0225653751857362,0,8,0.4653177077533776,0.8224444363212475,6.998830578567093,1.7979084165309178,6.0,8.0,8.0,0.7479656929412855,0.740037457049704,2,True,"pareto_k_above_threshold_after_retries: k_max=0.740037, threshold=0.7",False,5,5,27,3,"[3, 21, 27]",201.7052384919953,"(27, 184)",,[],"{""feature_selection"": {""concat"": [""mean"", ""range""], ""even"": [""mean"", ""range""], ""odd"": [""mean""]}, ""n_chunks"": 16, ""parameter_selection"": {""mean"": {""likelihood"": ""student_t""}, ""range"": {""likelihood"": ""lognormal""}}, ""rem_profile_params"": {""rem_stage"": 2, ""step_size_hours"": 1, ""window_size_hours"": 2}, ""tau_threshold"": 5.0}",run_output_8day_rem_w2_s1_stage2,rem_w2_s1_stage2
25,158069a0f35cdf5a,pareto_filtered,"pareto_k_above_threshold_after_retries: k_max=0.901787, threshold=0.7",concat: mean; odd: range,mean=lognormal; range=beta,16,5.0,2,2,2,240.68793913506863,240.68793913506863,8.914368116113653,4.457184058056827,0.0160179510728114,4.457184058056827,0.0160179510728114,-480.1699146064235,1.01,610.0,743.0,0.9732257271803008,0,8,0.4206947876755862,0.9427080671716211,7.389083371746167,1.0894580839331938,7.0,8.0,8.0,0.8524611516125513,0.9017869498411536,2,True,"pareto_k_above_threshold_after_retries: k_max=0.901787, threshold=0.7",False,2,2,27,3,"[15, 7, 3]",76.77825564099476,"(27, 96)",,[],"{""feature_selection"": {""concat"": [""mean""], ""odd"": [""range""]}, ""n_chunks"": 16, ""parameter_selection"": {""mean"": {""likelihood"": ""lognormal""}, ""range"": {""likelihood"": ""beta""}}, ""rem_profile_params"": {""rem_stage"": 2, ""step_size_hours"": 2, ""window_size_hours"": 2}, ""tau_threshold"": 5.0}",run_output_8day_rem_w2_s2_stage2,rem_w2_s2_stage2
90,9d10876d3d45f384,pareto_filtered,"pareto_k_above_threshold_after_retries: k_max=0.857174, threshold=0.7",concat: mean; even: range; odd: mean,mean=student_t; range=lognormal,16,5.0,2,2,2,360.86410919368456,360.86410919368456,13.365337377543872,4.45511245918129,0.014569575066442,4.45511245918129,0.014569575066442,-722.8735846003783,1.01,274.0,381.0,0.9588911814421626,0,8,0.209788230914052,0.7976372319833283,6.603645893899159,1.7359182314434969,6.0,7.0,8.0,0.5977888705763175,0.8571739216518045,1,True,"pareto_k_above_threshold_after_retries: k_max=0.857174, threshold=0.7",False,3,3,27,3,"[3, 25, 21]",165.59624525500112,"(27, 96)",,[],"{""feature_selection"": {""concat"": [""mean""], ""even"": [""range""], ""odd"": [""mean""]}, ""n_chunks"": 16, ""parameter_selection"": {""mean"": {""likelihood"": ""student_t""}, ""range"": {""likelihood"": ""lognormal""}}, ""rem_profile_params"": {""rem_stage"": 2, ""step_size_hours"": 2, ""window_size_hours"": 2}, ""tau_threshold"": 5.0}",run_output_8day_rem_w2_s2_stage2,rem_w2_s2_stage2
24,ddf9e5d177caa131,ok,,concat: mean; odd: mean,mean=student_t,16,5.0,6,1,2,266.1980676963951,266.1980676963951,8.873268923213171,4.4366344616065865,0.0171177908370042,4.4366344616065865,0.0171177908370042,-532.4751034409784,1.0,456.0,825.0,0.9952182566541908,0,6,0.070463175076901,0.7219062666961982,6.070717884285756,1.6329077933716487,5.0,6.0,8.0,0.4229130952212097,0.6482236058972498,0,False,,False,2,2,30,0,[],18.92115787800867,"(30, 152)",,[],"{""feature_selection"": {""concat"": [""mean""], ""odd"": [""mean""]}, ""n_chunks"": 16, ""parameter_selection"": {""mean"": {""likelihood"": ""student_t""}}, ""rem_profile_params"": {""rem_stage"": 2, ""step_size_hours"": 1, ""window_size_hours"": 6}, ""tau_threshold"": 5.0}",run_output_8day_rem_w6_s1_stage2,rem_w6_s1_stage2
35,8dc2e6656db75324,pareto_filtered,"pareto_k_above_threshold_after_retries: k_max=0.956393, threshold=0.7",concat: range; odd: mean,mean=lognormal; range=beta,16,5.0,2,1,2,239.3726120121821,239.3726120121821,8.865652296747484,4.432826148373743,0.0157093814916615,4.432826148373743,0.0157093814916615,-478.7845579986057,1.05,99.0,56.0,0.8462605856476232,5,3,0.4751273217733943,0.0664070008433276,3.758002309172992,1.160319391045071,3.0,4.0,4.0,0.0565457526198342,0.9563927272496248,1,True,"pareto_k_above_threshold_after_retries: k_max=0.956393, threshold=0.7",False,2,2,27,3,"[3, 21, 15]",72.31667615202605,"(27, 184)",,[],"{""feature_selection"": {""concat"": [""range""], ""odd"": [""mean""]}, ""n_chunks"": 16, ""parameter_selection"": {""mean"": {""likelihood"": ""lognormal""}, ""range"": {""likelihood"": ""beta""}}, ""rem_profile_params"": {""rem_stage"": 2, ""step_size_hours"": 1, ""window_size_hours"": 2}, ""tau_threshold"": 5.0}",run_output_8day_rem_w2_s1_stage2,rem_w2_s1_stage2
77,182a17710ae2ef02,pareto_filtered,"pareto_k_above_threshold_after_retries: k_max=0.967815, threshold=0.7","concat: mean; even: mean, range",mean=lognormal; range=beta,16,5.0,2,1,2,359.0453425671198,359.0453425671198,13.297975650634069,4.4326585502113565,0.0140329267951014,4.4326585502113565,0.0140329267951014,-715.6408431775833,1.06,95.0,175.0,0.8624260116615399,0,6,0.2059756277421318,0.8628702772201289,6.538268159335098,1.3588770369293826,6.0,6.0,8.0,0.4725420756887546,0.967814621028192,3,True,"pareto_k_above_threshold_after_retries: k_max=0.967815, threshold=0.7",False,3,3,27,3,"[3, 27, 0]",125.19067520499812,"(27, 184)",,[],"{""feature_selection"": {""concat"": [""mean""], ""even"": [""mean"", ""range""]}, ""n_chunks"": 16, ""parameter_selection"": {""mean"": {""likelihood"": ""lognormal""}, ""range"": {""likelihood"": ""beta""}}, ""rem_profile_params"": {""rem_stage"": 2, ""step_size_hours"": 1, ""window_size_hours"": 2}, ""tau_threshold"": 5.0}",run_output_8day_rem_w2_s1_stage2,rem_w2_s1_stage2
163,b0e7531ee6a13313,ok,,"concat: mean; even: mean, range; odd: mean",mean=student_t; range=beta,16,5.0,3,1,2,477.6980390067356,477.6980390067356,17.69251996321243,4.423129990803107,0.0102535103860675,4.423129990803107,0.0102535103860675,-956.7148251071336,1.01,375.0,414.0,1.035211915962332,0,8,0.3395432071092634,0.8486581661227904,7.082146738413941,1.5120597999072476,6.0,8.0,8.0,0.7438468647036162,0.6516556702589236,0,False,,False,4,4,27,3,"[3, 27, 21]",408.0587144109886,"(27, 176)",,[],"{""feature_selection"": {""concat"": [""mean""], ""even"": [""mean"", ""range""], ""odd"": [""mean""]}, ""n_chunks"": 16, ""parameter_selection"": {""mean"": {""likelihood"": ""student_t""}, ""range"": {""likelihood"": ""beta""}}, ""rem_profile_params"": {""rem_stage"": 2, ""step_size_hours"": 1, ""window_size_hours"": 3}, ""tau_threshold"": 5.0}",run_output_8day_rem_w3_s1_stage2,rem_w3_s1_stage2
148,24ed33ca140fe867,ok,,"concat: mean, range; even: mean; odd: range",mean=student_t; range=lognormal,16,5.0,2,1,2,494.5687571698977,494.5687571698977,17.663169898924917,4.415792474731228,0.0122847322357594,4.415792474731228,0.0122847322357594,-988.3935003226352,1.0,297.0,167.0,1.046283888486211,0,8,0.561026764563863,0.8668895195683322,7.246226627825961,1.6477530658149326,8.0,8.0,8.0,0.8393987842897344,0.6619477478013751,0,False,,False,4,4,28,2,"[27, 15]",247.57752749498468,"(28, 184)",,[],"{""feature_selection"": {""concat"": [""mean"", ""range""], ""even"": [""mean""], ""odd"": [""range""]}, ""n_chunks"": 16, ""parameter_selection"": {""mean"": {""likelihood"": ""student_t""}, ""range"": {""likelihood"": ""lognormal""}}, ""rem_profile_params"": {""rem_stage"": 2, ""step_size_hours"": 1, ""window_size_hours"": 2}, ""tau_threshold"": 5.0}",run_output_8day_rem_w2_s1_stage2,rem_w2_s1_stage2
28,9ea5ba5aaf7ce955,ok,,concat: mean; odd: range,mean=student_t; range=lognormal,16,5.0,2,2,2,264.71039512919657,264.71039512919657,8.823679837639885,4.411839918819943,0.0139215721744061,4.411839918819943,0.0139215721744061,-529.1875617711647,1.01,749.0,738.0,1.014018777855895,0,8,0.4694485881866768,0.8771314926139192,7.330852398098117,1.33668653998766,7.0,8.0,8.0,0.8059298399082225,0.5287946605913539,0,False,,False,2,2,30,0,[],16.226141863997327,"(30, 96)",,[],"{""feature_selection"": {""concat"": [""mean""], ""odd"": [""range""]}, ""n_chunks"": 16, ""parameter_selection"": {""mean"": {""likelihood"": ""student_t""}, ""range"": {""likelihood"": ""lognormal""}}, ""rem_profile_params"": {""rem_stage"": 2, ""step_size_hours"": 2, ""window_size_hours"": 2}, ""tau_threshold"": 5.0}",run_output_8day_rem_w2_s2_stage2,rem_w2_s2_stage2
74,16490325aff58d9c,pareto_filtered,"pareto_k_above_threshold_after_retries: k_max=0.831568, threshold=0.7","concat: mean, range; odd: range",mean=lognormal; range=lognormal,16,5.0,2,1,2,357.12409467451795,357.12409467451795,13.226818321278442,4.408939440426147,0.014903354842615,4.408939440426147,0.014903354842615,-709.3500792061478,1.01,198.0,368.0,1.0205921314983633,0,3,0.1819406496954616,0.4425478966535634,5.096698212425187,2.1373601575270404,3.0,5.0,7.0,0.3582447265899613,0.8315682770042384,2,True,"pareto_k_above_threshold_after_retries: k_max=0.831568, threshold=0.7",False,3,3,27,3,"[3, 27, 24]",85.87111545400694,"(27, 184)",,[],"{""feature_selection"": {""concat"": [""mean"", ""range""], ""odd"": [""range""]}, ""n_chunks"": 16, ""parameter_selection"": {""mean"": {""likelihood"": ""lognormal""}, ""range"": {""likelihood"": ""lognormal""}}, ""rem_profile_params"": {""rem_stage"": 2, ""step_size_hours"": 1, ""window_size_hours"": 2}, ""tau_threshold"": 5.0}",run_output_8day_rem_w2_s1_stage2,rem_w2_s1_stage2
73,63b009c27e716a8d,ok,,"concat: mean, range; odd: range",mean=lognormal; range=beta,16,5.0,3,1,2,356.946710838578,356.946710838578,13.220248549576963,4.406749516525654,0.0143333295242255,4.406749516525654,0.0143333295242255,-713.6160785887749,1.01,758.0,503.0,0.98476222689348,0,8,0.6666523686134538,0.9853751915842828,7.732379984499543,0.6426871217898351,8.0,8.0,8.0,0.984815060405712,0.5753412317163284,0,False,,False,3,3,27,3,"[15, 24, 3]",119.98105858400233,"(27, 176)",,[],"{""feature_selection"": {""concat"": [""mean"", ""range""], ""odd"": [""range""]}, ""n_chunks"": 16, ""parameter_selection"": {""mean"": {""likelihood"": ""lognormal""}, ""range"": {""likelihood"": ""beta""}}, ""rem_profile_params"": {""rem_stage"": 2, ""step_size_hours"": 1, ""window_size_hours"": 3}, ""tau_threshold"": 5.0}",run_output_8day_rem_w3_s1_stage2,rem_w3_s1_stage2
46,90a45432161d72be,ok,,even: mean; odd: mean,mean=student_t,16,5.0,2,1,2,264.36942970929977,264.36942970929977,8.812314323643326,4.406157161821662,0.0155655380473037,4.406157161821662,0.0155655380473037,-528.8188071344214,1.01,593.0,896.0,0.9945978183664022,0,8,0.1710614633184805,0.7659165544121274,6.642532016094533,1.6995246877286023,6.0,7.0,8.0,0.6378743913171574,0.66143516458859,0,False,,False,2,2,30,0,[],22.71597437601304,"(30, 184)",,[],"{""feature_selection"": {""even"": [""mean""], ""odd"": [""mean""]}, ""n_chunks"": 16, ""parameter_selection"": {""mean"": {""likelihood"": ""student_t""}}, ""rem_profile_params"": {""rem_stage"": 2, ""step_size_hours"": 1, ""window_size_hours"": 2}, ""tau_threshold"": 5.0}",run_output_8day_rem_w2_s1_stage2,rem_w2_s1_stage2
171,f5e7ff58614db1e6,pareto_filtered,"pareto_k_above_threshold_after_retries: k_max=0.840278, threshold=0.7","concat: mean; even: mean; odd: mean, range",mean=student_t; range=beta,16,5.0,3,1,2,475.7801160588851,475.7801160588851,17.621485779958707,4.405371444989677,0.0125624823155268,4.405371444989677,0.0125624823155268,-953.2143631683108,1.01,1189.0,766.0,1.0697050270628057,0,8,0.8622882594197053,0.9955924905492376,7.917131660180846,0.4127666649154141,8.0,8.0,8.0,0.9746311879443768,0.8402779073024649,1,True,"pareto_k_above_threshold_after_retries: k_max=0.840278, threshold=0.7",False,4,4,27,3,"[15, 3, 17]",493.0123986110266,"(27, 176)",,[],"{""feature_selection"": {""concat"": [""mean""], ""even"": [""mean""], ""odd"": [""mean"", ""range""]}, ""n_chunks"": 16, ""parameter_selection"": {""mean"": {""likelihood"": ""student_t""}, ""range"": {""likelihood"": ""beta""}}, ""rem_profile_params"": {""rem_stage"": 2, ""step_size_hours"": 1, ""window_size_hours"": 3}, ""tau_threshold"": 5.0}",run_output_8day_rem_w3_s1_stage2,rem_w3_s1_stage2
9,6c4c3033be4d62e1,pareto_filtered,"pareto_k_above_threshold_after_retries: k_max=0.79865, threshold=0.7","concat: mean, range; even: mean; odd: mean, range",mean=student_t; range=beta,16,5.0,3,1,2,594.706065271487,594.706065271487,22.026150565610628,4.405230113122125,0.0119221248263045,4.405230113122125,0.0119221248263045,-1189.5501709000064,1.0,1038.0,845.0,1.012983901012206,0,8,0.8598588972692,0.9999765456352918,7.931632999282957,0.2546022282086225,8.0,8.0,8.0,0.9994892787858144,0.7986500383339376,1,True,"pareto_k_above_threshold_after_retries: k_max=0.79865, threshold=0.7",False,5,5,27,3,"[15, 3, 21]",267.6164822250139,"(27, 176)",,[],"{""feature_selection"": {""concat"": [""mean"", ""range""], ""even"": [""mean""], ""odd"": [""mean"", ""range""]}, ""n_chunks"": 16, ""parameter_selection"": {""mean"": {""likelihood"": ""student_t""}, ""range"": {""likelihood"": ""beta""}}, ""rem_profile_params"": {""rem_stage"": 2, ""step_size_hours"": 1, ""window_size_hours"": 3}, ""tau_threshold"": 5.0}",run_output_8day_rem_w3_s1_stage2,rem_w3_s1_stage2
152,6a55799084eb99dc,pareto_filtered,"pareto_k_above_threshold_after_retries: k_max=0.852794, threshold=0.7","concat: mean, range; even: range; odd: mean",mean=student_t; range=lognormal,16,5.0,2,1,2,473.5345535834878,473.5345535834878,17.538316799388436,4.384579199847109,0.0117027720661425,4.384579199847109,0.0117027720661425,-948.5373776937888,1.01,205.0,409.0,0.9655782982917052,0,8,0.1995740541627317,0.6623674632831676,5.9659554916863655,2.0383358656363013,3.0,6.0,8.0,0.4481640018480192,0.8527942264143475,2,True,"pareto_k_above_threshold_after_retries: k_max=0.852794, threshold=0.7",False,4,4,27,3,"[3, 27, 21]",333.5266042610165,"(27, 184)",,[],"{""feature_selection"": {""concat"": [""mean"", ""range""], ""even"": [""range""], ""odd"": [""mean""]}, ""n_chunks"": 16, ""parameter_selection"": {""mean"": {""likelihood"": ""student_t""}, ""range"": {""likelihood"": ""lognormal""}}, ""rem_profile_params"": {""rem_stage"": 2, ""step_size_hours"": 1, ""window_size_hours"": 2}, ""tau_threshold"": 5.0}",run_output_8day_rem_w2_s1_stage2,rem_w2_s1_stage2
19,7367b5374b6eb1ac,ok,,concat: mean; even: range,mean=lognormal; range=beta,16,5.0,3,1,2,236.7267415348581,236.7267415348581,8.767657093883631,4.383828546941817,0.0142338448961912,4.383828546941817,0.0142338448961912,-474.1571814553049,1.0,464.0,697.0,0.922867571479005,0,3,0.0728015195701917,0.4766370243570903,5.302447753840616,1.854026495514508,3.0,5.0,7.0,0.2618385623990885,0.525483342604596,0,False,,False,2,2,27,3,"[3, 0, 24]",72.00340197602054,"(27, 176)",,[],"{""feature_selection"": {""concat"": [""mean""], ""even"": [""range""]}, ""n_chunks"": 16, ""parameter_selection"": {""mean"": {""likelihood"": ""lognormal""}, ""range"": {""likelihood"": ""beta""}}, ""rem_profile_params"": {""rem_stage"": 2, ""step_size_hours"": 1, ""window_size_hours"": 3}, ""tau_threshold"": 5.0}",run_output_8day_rem_w3_s1_stage2,rem_w3_s1_stage2
37,4cc362f63696c88a,ok,,concat: range; odd: mean,mean=student_t; range=beta,16,5.0,3,1,2,236.59530356866483,236.59530356866483,8.76278902106166,4.381394510530831,0.0168123785054406,4.381394510530831,0.0168123785054406,-473.5214683498393,1.01,673.0,500.0,0.9489931695600052,0,7,0.4550074611558968,0.9370277593245384,6.997239173963592,0.9806881349689992,7.0,7.0,7.0,0.8996947796829505,0.5402407345229439,0,False,,False,2,2,27,3,"[21, 3, 15]",104.07286824600304,"(27, 176)",,[],"{""feature_selection"": {""concat"": [""range""], ""odd"": [""mean""]}, ""n_chunks"": 16, ""parameter_selection"": {""mean"": {""likelihood"": ""student_t""}, ""range"": {""likelihood"": ""beta""}}, ""rem_profile_params"": {""rem_stage"": 2, ""step_size_hours"": 1, ""window_size_hours"": 3}, ""tau_threshold"": 5.0}",run_output_8day_rem_w3_s1_stage2,rem_w3_s1_stage2
146,7bd830964556ff49,pareto_filtered,"pareto_k_above_threshold_after_retries: k_max=1.10887, threshold=0.7","concat: mean, range; even: mean; odd: range",mean=lognormal; range=lognormal,16,5.0,2,1,2,473.158919117157,473.158919117157,17.524404411746556,4.381101102936639,0.013330868805277,4.381101102936639,0.013330868805277,-944.0431491506628,1.04,124.0,49.0,0.940309158259368,0,6,0.3189556021458354,0.8963987264919431,6.259481902778296,0.9319302629648069,6.0,6.0,7.0,0.3471199121773614,1.1088686770589182,6,True,"pareto_k_above_threshold_after_retries: k_max=1.10887, threshold=0.7",False,4,4,27,3,"[3, 27, 0]",192.2028942950128,"(27, 184)",,[],"{""feature_selection"": {""concat"": [""mean"", ""range""], ""even"": [""mean""], ""odd"": [""range""]}, ""n_chunks"": 16, ""parameter_selection"": {""mean"": {""likelihood"": ""lognormal""}, ""range"": {""likelihood"": ""lognormal""}}, ""rem_profile_params"": {""rem_stage"": 2, ""step_size_hours"": 1, ""window_size_hours"": 2}, ""tau_threshold"": 5.0}",run_output_8day_rem_w2_s1_stage2,rem_w2_s1_stage2
67,3b21f8927469ee4d,ok,,"concat: mean, range; even: range",mean=student_t; range=beta,16,5.0,2,2,2,381.0943780010086,381.0943780010086,13.14118544831064,4.380395149436879,0.008827744029922,4.380395149436879,0.008827744029922,-762.2235563501357,1.0,1558.0,1103.0,0.945306314210514,0,7,0.9758988490769664,0.9999999999449972,7.007295654088726,0.0851121268192202,7.0,7.0,7.0,0.9999991768043124,0.5704303294176433,0,False,,False,3,3,29,1,[4],68.11127704198589,"(29, 96)",,[],"{""feature_selection"": {""concat"": [""mean"", ""range""], ""even"": [""range""]}, ""n_chunks"": 16, ""parameter_selection"": {""mean"": {""likelihood"": ""student_t""}, ""range"": {""likelihood"": ""beta""}}, ""rem_profile_params"": {""rem_stage"": 2, ""step_size_hours"": 2, ""window_size_hours"": 2}, ""tau_threshold"": 5.0}",run_output_8day_rem_w2_s2_stage2,rem_w2_s2_stage2
187,409ff372ca678de6,ok,,"concat: range; even: mean; odd: mean, range",mean=student_t; range=beta,16,5.0,2,1,2,472.3114072095724,472.3114072095724,17.493015081836013,4.373253770459003,0.0101649270185274,4.373253770459003,0.0101649270185274,-944.8633187828904,1.01,524.0,947.0,0.94483854182753,0,6,0.5414307278138358,0.9973305849705708,6.989410179104683,0.993236691439224,6.0,7.0,8.0,0.510906671610219,0.6159333478196581,0,False,,False,4,4,27,3,"[4, 3, 21]",511.09628483399865,"(27, 184)",,[],"{""feature_selection"": {""concat"": [""range""], ""even"": [""mean""], ""odd"": [""mean"", ""range""]}, ""n_chunks"": 16, ""parameter_selection"": {""mean"": {""likelihood"": ""student_t""}, ""range"": {""likelihood"": ""beta""}}, ""rem_profile_params"": {""rem_stage"": 2, ""step_size_hours"": 1, ""window_size_hours"": 2}, ""tau_threshold"": 5.0}",run_output_8day_rem_w2_s1_stage2,rem_w2_s1_stage2
147,73cbf7718a6f24d6,ok,,"concat: mean, range; even: mean; odd: range",mean=student_t; range=beta,16,5.0,2,2,2,471.7476674615049,471.7476674615049,17.47213583190759,4.368033957976897,0.0110357011218377,4.368033957976897,0.0110357011218377,-943.6339465396544,1.01,1312.0,1047.0,0.9200028907442352,0,7,0.8447288754231768,0.9999999827211838,7.079768665698511,0.2709357244322533,7.0,7.0,7.0,0.999999764018346,0.6860527987051801,0,False,,False,4,4,27,3,"[4, 7, 15]",353.8632856699988,"(27, 96)",,[],"{""feature_selection"": {""concat"": [""mean"", ""range""], ""even"": [""mean""], ""odd"": [""range""]}, ""n_chunks"": 16, ""parameter_selection"": {""mean"": {""likelihood"": ""student_t""}, ""range"": {""likelihood"": ""beta""}}, ""rem_profile_params"": {""rem_stage"": 2, ""step_size_hours"": 2, ""window_size_hours"": 2}, ""tau_threshold"": 5.0}",run_output_8day_rem_w2_s2_stage2,rem_w2_s2_stage2
73,740e6e58b456c445,pareto_filtered,"pareto_k_above_threshold_after_retries: k_max=1.31962, threshold=0.7","concat: mean, range; odd: range",mean=lognormal; range=beta,16,5.0,2,2,2,353.605670754281,353.605670754281,13.09650632423263,4.365502108077544,0.0143298228345291,4.365502108077544,0.0143298228345291,-709.0141676618202,1.01,1381.0,798.0,1.0142271570658634,0,7,0.9986473705097588,0.9999999999998952,7.000261593232138,0.0161822278834601,7.0,7.0,7.0,0.9999998301511294,1.3196175691127745,2,True,"pareto_k_above_threshold_after_retries: k_max=1.31962, threshold=0.7",False,3,3,27,3,"[4, 3, 21]",120.07304509499228,"(27, 96)",,[],"{""feature_selection"": {""concat"": [""mean"", ""range""], ""odd"": [""range""]}, ""n_chunks"": 16, ""parameter_selection"": {""mean"": {""likelihood"": ""lognormal""}, ""range"": {""likelihood"": ""beta""}}, ""rem_profile_params"": {""rem_stage"": 2, ""step_size_hours"": 2, ""window_size_hours"": 2}, ""tau_threshold"": 5.0}",run_output_8day_rem_w2_s2_stage2,rem_w2_s2_stage2
157,f42cfd5b2315da5d,pareto_filtered,"pareto_k_above_threshold_after_retries: k_max=1.1954, threshold=0.7","concat: mean, range; odd: mean, range",mean=lognormal; range=beta,16,5.0,2,2,2,471.0631135768104,471.0631135768104,17.44678198432631,4.361695496081578,0.0152154394728998,4.361695496081578,0.0152154394728998,-939.7664095584482,1.01,1914.0,1025.0,0.9920474120280344,0,7,0.9957600390821518,0.9999999999999996,7.000946145191434,0.0308442300394706,7.0,7.0,7.0,0.9999969417369908,1.1953990567988897,2,True,"pareto_k_above_threshold_after_retries: k_max=1.1954, threshold=0.7",False,4,4,27,3,"[3, 21, 4]",250.63958666400868,"(27, 96)",,[],"{""feature_selection"": {""concat"": [""mean"", ""range""], ""odd"": [""mean"", ""range""]}, ""n_chunks"": 16, ""parameter_selection"": {""mean"": {""likelihood"": ""lognormal""}, ""range"": {""likelihood"": ""beta""}}, ""rem_profile_params"": {""rem_stage"": 2, ""step_size_hours"": 2, ""window_size_hours"": 2}, ""tau_threshold"": 5.0}",run_output_8day_rem_w2_s2_stage2,rem_w2_s2_stage2
137,c38345f8eb28e952,ok,,"concat: mean, range; even: mean, range",mean=lognormal; range=beta,16,5.0,2,1,2,470.7759000814201,470.7759000814201,17.436144447460002,4.3590361118650005,0.0123343153934369,4.3590361118650005,0.0123343153934369,-939.126756322434,1.01,221.0,274.0,0.960561154754314,0,8,0.65250380508092,0.9960636437838049,7.520091495203586,0.8684697303202412,8.0,8.0,8.0,0.7698581726196999,0.6583499389144724,0,False,,False,4,4,27,3,"[3, 27, 4]",236.21341542701705,"(27, 184)",,[],"{""feature_selection"": {""concat"": [""mean"", ""range""], ""even"": [""mean"", ""range""]}, ""n_chunks"": 16, ""parameter_selection"": {""mean"": {""likelihood"": ""lognormal""}, ""range"": {""likelihood"": ""beta""}}, ""rem_profile_params"": {""rem_stage"": 2, ""step_size_hours"": 1, ""window_size_hours"": 2}, ""tau_threshold"": 5.0}",run_output_8day_rem_w2_s1_stage2,rem_w2_s1_stage2
28,f575e5f4cfc64a95,ok,,concat: mean; odd: range,mean=student_t; range=lognormal,16,5.0,3,1,2,261.3051992319784,261.3051992319784,8.710173307732614,4.355086653866307,0.0123040432773657,4.355086653866307,0.0123040432773657,-522.218407752974,1.01,573.0,307.0,0.9991634182660948,0,8,0.6456747466855354,0.9512103471904682,7.665918575047854,0.936932162447782,8.0,8.0,8.0,0.9065649725078384,0.6485670626194889,0,False,,False,2,2,30,0,[],16.062720952002564,"(30, 176)",,[],"{""feature_selection"": {""concat"": [""mean""], ""odd"": [""range""]}, ""n_chunks"": 16, ""parameter_selection"": {""mean"": {""likelihood"": ""student_t""}, ""range"": {""likelihood"": ""lognormal""}}, ""rem_profile_params"": {""rem_stage"": 2, ""step_size_hours"": 1, ""window_size_hours"": 3}, ""tau_threshold"": 5.0}",run_output_8day_rem_w3_s1_stage2,rem_w3_s1_stage2
80,73808bd4df0e8626,ok,,"concat: mean; even: mean, range",mean=student_t; range=lognormal,16,5.0,2,2,2,352.6693609630386,352.6693609630386,13.061828183816246,4.35394272793875,0.0119054635054891,4.35394272793875,0.0119054635054891,-705.2296297581347,1.0,617.0,567.0,0.9808750203079706,0,8,0.4617266798233281,0.9609001025093672,7.461596357478498,0.95029821061821,7.0,8.0,8.0,0.9060183621740812,0.6678210373403586,0,False,,False,3,3,27,3,"[23, 3, 25]",150.6659140009724,"(27, 96)",,[],"{""feature_selection"": {""concat"": [""mean""], ""even"": [""mean"", ""range""]}, ""n_chunks"": 16, ""parameter_selection"": {""mean"": {""likelihood"": ""student_t""}, ""range"": {""likelihood"": ""lognormal""}}, ""rem_profile_params"": {""rem_stage"": 2, ""step_size_hours"": 2, ""window_size_hours"": 2}, ""tau_threshold"": 5.0}",run_output_8day_rem_w2_s2_stage2,rem_w2_s2_stage2
167,2cc71ddd886b99ed,ok,,"concat: mean; even: mean, range; odd: range",mean=student_t; range=beta,16,5.0,2,1,2,487.3054629939197,487.3054629939197,17.403766535497134,4.350941633874284,0.0090158803189414,4.350941633874284,0.0090158803189414,-975.2303107826214,1.01,418.0,481.0,0.9818989377527212,0,8,0.3779427991045669,0.9065602025129276,7.241609464164344,1.2722398849161802,7.0,8.0,8.0,0.765666280521723,0.593996693217255,0,False,,False,4,4,28,2,"[27, 3]",330.0486232729745,"(28, 184)",,[],"{""feature_selection"": {""concat"": [""mean""], ""even"": [""mean"", ""range""], ""odd"": [""range""]}, ""n_chunks"": 16, ""parameter_selection"": {""mean"": {""likelihood"": ""student_t""}, ""range"": {""likelihood"": ""beta""}}, ""rem_profile_params"": {""rem_stage"": 2, ""step_size_hours"": 1, ""window_size_hours"": 2}, ""tau_threshold"": 5.0}",run_output_8day_rem_w2_s1_stage2,rem_w2_s1_stage2
96,277b8fc7428c0f12,pareto_filtered,"pareto_k_above_threshold_after_retries: k_max=1.00683, threshold=0.7","concat: mean; odd: mean, range",mean=lognormal; range=lognormal,16,5.0,3,1,2,351.83427103506625,351.83427103506625,13.030898927224676,4.343632975741558,0.0177644147686703,4.343632975741558,0.0177644147686703,-702.1097955849376,1.22,13.0,42.0,0.9686519927937758,0,4,0.261093757987949,0.491118675142152,5.761021835446408,1.8471067627649187,4.0,5.0,8.0,0.4326069477290736,1.0068287587215048,3,True,"pareto_k_above_threshold_after_retries: k_max=1.00683, threshold=0.7",False,3,3,27,3,"[3, 0, 21]",50.00812032198883,"(27, 176)",,[],"{""feature_selection"": {""concat"": [""mean""], ""odd"": [""mean"", ""range""]}, ""n_chunks"": 16, ""parameter_selection"": {""mean"": {""likelihood"": ""lognormal""}, ""range"": {""likelihood"": ""lognormal""}}, ""rem_profile_params"": {""rem_stage"": 2, ""step_size_hours"": 1, ""window_size_hours"": 3}, ""tau_threshold"": 5.0}",run_output_8day_rem_w3_s1_stage2,rem_w3_s1_stage2
79,f3ca7c9aeaa84685,ok,,"concat: mean; even: mean, range",mean=student_t; range=beta,16,5.0,2,2,2,390.5704961872062,390.5704961872062,13.019016539573538,4.339672179857846,0.0098077838064521,4.339672179857846,0.0098077838064521,-781.6224155457522,1.01,700.0,1065.0,0.926770335746592,0,8,0.3897686797921814,0.9654741100274916,7.2740688273686,1.0499767100736188,7.0,8.0,8.0,0.7644399212986084,0.5129621197569427,0,False,,False,3,3,30,0,[],39.90197387197986,"(30, 96)",,[],"{""feature_selection"": {""concat"": [""mean""], ""even"": [""mean"", ""range""]}, ""n_chunks"": 16, ""parameter_selection"": {""mean"": {""likelihood"": ""student_t""}, ""range"": {""likelihood"": ""beta""}}, ""rem_profile_params"": {""rem_stage"": 2, ""step_size_hours"": 2, ""window_size_hours"": 2}, ""tau_threshold"": 5.0}",run_output_8day_rem_w2_s2_stage2,rem_w2_s2_stage2
142,634486c7be6f9100,pareto_filtered,"pareto_k_above_threshold_after_retries: k_max=0.803933, threshold=0.7","concat: mean, range; even: mean; odd: mean",mean=lognormal; range=lognormal,16,5.0,2,2,2,467.7838449725009,467.7838449725009,17.32532759157411,4.331331897893526,0.0158903441410408,4.331331897893526,0.0158903441410408,-921.1374443926632,1.08,36.0,155.0,1.0186679237731806,0,3,0.2398538801193953,0.5910700064850434,5.549213392504759,2.164527451582934,3.0,6.0,8.0,0.4681307348980448,0.8039328786310523,3,True,"pareto_k_above_threshold_after_retries: k_max=0.803933, threshold=0.7",False,4,4,27,3,"[3, 21, 15]",105.44693976198324,"(27, 96)",,[],"{""feature_selection"": {""concat"": [""mean"", ""range""], ""even"": [""mean""], ""odd"": [""mean""]}, ""n_chunks"": 16, ""parameter_selection"": {""mean"": {""likelihood"": ""lognormal""}, ""range"": {""likelihood"": ""lognormal""}}, ""rem_profile_params"": {""rem_stage"": 2, ""step_size_hours"": 2, ""window_size_hours"": 2}, ""tau_threshold"": 5.0}",run_output_8day_rem_w2_s2_stage2,rem_w2_s2_stage2
149,cd25abdc48a6affb,pareto_filtered,"pareto_k_above_threshold_after_retries: k_max=0.992982, threshold=0.7","concat: mean, range; even: range; odd: mean",mean=lognormal; range=beta,16,5.0,2,2,2,466.8520415719691,466.8520415719691,17.290816354517375,4.322704088629344,0.0141271907767998,4.322704088629344,0.0141271907767998,-932.3109738044258,1.0,1936.0,1121.0,0.9170793718622098,0,7,0.979624769679202,0.9999999999636954,7.005964109706799,0.0770053473647775,7.0,7.0,7.0,0.999999357862328,0.9929824304933084,1,True,"pareto_k_above_threshold_after_retries: k_max=0.992982, threshold=0.7",False,4,4,27,3,"[3, 21, 4]",229.6708895819902,"(27, 96)",,[],"{""feature_selection"": {""concat"": [""mean"", ""range""], ""even"": [""range""], ""odd"": [""mean""]}, ""n_chunks"": 16, ""parameter_selection"": {""mean"": {""likelihood"": ""lognormal""}, ""range"": {""likelihood"": ""beta""}}, ""rem_profile_params"": {""rem_stage"": 2, ""step_size_hours"": 2, ""window_size_hours"": 2}, ""tau_threshold"": 5.0}",run_output_8day_rem_w2_s2_stage2,rem_w2_s2_stage2
103,be155b15d06ff127,ok,,concat: range; even: mean; odd: mean,mean=lognormal; range=beta,16,5.0,2,1,2,349.38764136550503,349.38764136550503,12.940283013537224,4.313427671179075,0.0135959693311258,4.313427671179075,0.0135959693311258,-699.2154606455852,1.01,365.0,267.0,0.9336528269064974,0,8,0.6693375833175026,0.9644026776546007,7.615957376087529,1.0177178027173566,8.0,8.0,8.0,0.86178427030146,0.6158173688032125,0,False,,False,3,3,27,3,"[3, 21, 4]",133.4959327300021,"(27, 184)",,[],"{""feature_selection"": {""concat"": [""range""], ""even"": [""mean""], ""odd"": [""mean""]}, ""n_chunks"": 16, ""parameter_selection"": {""mean"": {""likelihood"": ""lognormal""}, ""range"": {""likelihood"": ""beta""}}, ""rem_profile_params"": {""rem_stage"": 2, ""step_size_hours"": 1, ""window_size_hours"": 2}, ""tau_threshold"": 5.0}",run_output_8day_rem_w2_s1_stage2,rem_w2_s1_stage2
62,6873dcd2fac6401c,pareto_filtered,"pareto_k_above_threshold_after_retries: k_max=0.77776, threshold=0.7","concat: mean, range; even: mean",mean=lognormal; range=lognormal,16,5.0,2,2,2,349.10604963900096,349.10604963900096,12.929853690333369,4.309951230111123,0.0156413711626737,4.309951230111123,0.0156413711626737,-696.899407153974,1.02,284.0,406.0,1.070940303122785,0,8,0.4065313229858457,0.9304911522045682,7.233866487039214,1.2318720720729563,6.0,8.0,8.0,0.7324292838578254,0.7777596549582667,2,True,"pareto_k_above_threshold_after_retries: k_max=0.77776, threshold=0.7",False,3,3,27,3,"[3, 27, 15]",72.31332272099098,"(27, 96)",,[],"{""feature_selection"": {""concat"": [""mean"", ""range""], ""even"": [""mean""]}, ""n_chunks"": 16, ""parameter_selection"": {""mean"": {""likelihood"": ""lognormal""}, ""range"": {""likelihood"": ""lognormal""}}, ""rem_profile_params"": {""rem_stage"": 2, ""step_size_hours"": 2, ""window_size_hours"": 2}, ""tau_threshold"": 5.0}",run_output_8day_rem_w2_s2_stage2,rem_w2_s2_stage2
88,cbe9a69dce73b7b8,pareto_filtered,"pareto_k_above_threshold_after_retries: k_max=0.759555, threshold=0.7",concat: mean; even: range; odd: mean,mean=lognormal; range=lognormal,16,5.0,2,2,2,347.6609445976264,347.6609445976264,12.87633128139357,4.29211042713119,0.0159832345328688,4.29211042713119,0.0159832345328688,-691.6421964727816,1.01,329.0,536.0,0.9862060613919716,0,7,0.2759202067298398,0.9330839348787484,6.859842069395786,1.0602804489596398,6.0,7.0,8.0,0.7167684117444746,0.7595551754349386,2,True,"pareto_k_above_threshold_after_retries: k_max=0.759555, threshold=0.7",False,3,3,27,3,"[3, 21, 0]",48.05544823000673,"(27, 96)",,[],"{""feature_selection"": {""concat"": [""mean""], ""even"": [""range""], ""odd"": [""mean""]}, ""n_chunks"": 16, ""parameter_selection"": {""mean"": {""likelihood"": ""lognormal""}, ""range"": {""likelihood"": ""lognormal""}}, ""rem_profile_params"": {""rem_stage"": 2, ""step_size_hours"": 2, ""window_size_hours"": 2}, ""tau_threshold"": 5.0}",run_output_8day_rem_w2_s2_stage2,rem_w2_s2_stage2
89,f0eeae1bb4cb958a,ok,,concat: mean; even: range; odd: mean,mean=student_t; range=beta,16,5.0,3,1,2,373.2288895450418,373.2288895450418,12.869961708449717,4.289987236149906,0.013223026923557,4.289987236149906,0.013223026923557,-746.9418264165196,1.01,429.0,839.0,0.910144508965755,0,8,0.0875291914620498,0.6407555588613746,6.084027918160376,1.7017830636270543,5.0,6.0,8.0,0.4113807228198856,0.6553646590052736,0,False,,False,3,3,29,1,[3],98.41841477900743,"(29, 176)",,[],"{""feature_selection"": {""concat"": [""mean""], ""even"": [""range""], ""odd"": [""mean""]}, ""n_chunks"": 16, ""parameter_selection"": {""mean"": {""likelihood"": ""student_t""}, ""range"": {""likelihood"": ""beta""}}, ""rem_profile_params"": {""rem_stage"": 2, ""step_size_hours"": 1, ""window_size_hours"": 3}, ""tau_threshold"": 5.0}",run_output_8day_rem_w3_s1_stage2,rem_w3_s1_stage2
9,080c17955b1c39ed,ok,,odd: mean,mean=lognormal,16,5.0,3,1,2,115.64140934285572,115.64140934285572,4.283015160846508,4.283015160846509,0.0262616369082976,4.283015160846509,0.0262616369082976,-231.44404415976663,1.01,454.0,294.0,0.9393788247882078,0,4,0.3536505657466937,0.1750498252034396,4.53828081887849,1.3732247553459218,4.0,4.0,4.0,0.1283571354542951,0.6222004449123094,0,False,,False,1,1,27,3,"[3, 21, 0]",27.17074499899172,"(27, 176)",,[],"{""feature_selection"": {""odd"": [""mean""]}, ""n_chunks"": 16, ""parameter_selection"": {""mean"": {""likelihood"": ""lognormal""}}, ""rem_profile_params"": {""rem_stage"": 2, ""step_size_hours"": 1, ""window_size_hours"": 3}, ""tau_threshold"": 5.0}",run_output_8day_rem_w3_s1_stage2,rem_w3_s1_stage2
22,e8cac652c778f994,ok,,concat: mean; even: range,mean=student_t; range=lognormal,16,5.0,2,1,2,230.9761854914613,230.9761854914613,8.55467353672079,4.277336768360396,0.0154349107677458,4.277336768360396,0.0154349107677458,-463.0778520413499,1.01,620.0,701.0,0.9894190795926175,0,8,0.1033241793569752,0.6657183175647756,6.204839914757517,1.870939509902941,5.0,7.0,8.0,0.5124408223044479,0.6804692731266284,0,False,,False,2,2,27,3,"[27, 25, 12]",82.80351761201746,"(27, 184)",,[],"{""feature_selection"": {""concat"": [""mean""], ""even"": [""range""]}, ""n_chunks"": 16, ""parameter_selection"": {""mean"": {""likelihood"": ""student_t""}, ""range"": {""likelihood"": ""lognormal""}}, ""rem_profile_params"": {""rem_stage"": 2, ""step_size_hours"": 1, ""window_size_hours"": 2}, ""tau_threshold"": 5.0}",run_output_8day_rem_w2_s1_stage2,rem_w2_s1_stage2
139,eb7d094c0a64f77c,ok,,"concat: mean, range; even: mean, range",mean=student_t; range=beta,16,5.0,2,2,2,478.6332529358583,478.6332529358583,17.094044747709226,4.273511186927306,0.0089928823147347,4.273511186927306,0.0089928823147347,-957.3294698911636,1.01,1259.0,978.0,0.9693630489900252,0,7,0.9279859969747906,0.9999996978082568,7.026970265838718,0.1644675839076373,7.0,7.0,7.0,0.9995972588265756,0.5502236149099266,0,False,,False,4,4,28,2,"[4, 26]",246.6446607139951,"(28, 96)",,[],"{""feature_selection"": {""concat"": [""mean"", ""range""], ""even"": [""mean"", ""range""]}, ""n_chunks"": 16, ""parameter_selection"": {""mean"": {""likelihood"": ""student_t""}, ""range"": {""likelihood"": ""beta""}}, ""rem_profile_params"": {""rem_stage"": 2, ""step_size_hours"": 2, ""window_size_hours"": 2}, ""tau_threshold"": 5.0}",run_output_8day_rem_w2_s2_stage2,rem_w2_s2_stage2
95,6b6a3e87702f2532,pareto_filtered,"pareto_k_above_threshold_after_retries: k_max=1.13705, threshold=0.7","concat: mean; odd: mean, range",mean=lognormal; range=beta,16,5.0,3,1,2,345.47701201828795,345.47701201828795,12.79544488956622,4.265148296522073,0.0184511951698173,4.265148296522073,0.0184511951698173,-675.2544798975838,1.04,86.0,111.0,0.9536847239845768,0,7,0.1535736021250836,0.7651891872395553,6.251853224723773,1.6514449958752708,6.0,7.0,7.0,0.6175020153260475,1.1370523091689533,5,True,"pareto_k_above_threshold_after_retries: k_max=1.13705, threshold=0.7",False,3,3,27,3,"[3, 0, 21]",139.466190045001,"(27, 176)",,[],"{""feature_selection"": {""concat"": [""mean""], ""odd"": [""mean"", ""range""]}, ""n_chunks"": 16, ""parameter_selection"": {""mean"": {""likelihood"": ""lognormal""}, ""range"": {""likelihood"": ""beta""}}, ""rem_profile_params"": {""rem_stage"": 2, ""step_size_hours"": 1, ""window_size_hours"": 3}, ""tau_threshold"": 5.0}",run_output_8day_rem_w3_s1_stage2,rem_w3_s1_stage2
160,9d6f8d089589d36a,pareto_filtered,"pareto_k_above_threshold_after_retries: k_max=0.77901, threshold=0.7","concat: mean, range; odd: mean, range",mean=student_t; range=lognormal,16,5.0,2,2,2,460.31513484932026,460.31513484932026,17.048708698122972,4.262177174530742,0.0135629644617485,4.262177174530742,0.0135629644617485,-921.70946100333,1.01,272.0,340.0,1.0052193042947342,0,8,0.537886417889609,0.959406965896734,7.392319437643493,1.1491120354561837,7.0,8.0,8.0,0.7687502256312863,0.779010193433435,1,True,"pareto_k_above_threshold_after_retries: k_max=0.77901, threshold=0.7",False,4,4,27,3,"[21, 3, 15]",331.0657355069998,"(27, 96)",,[],"{""feature_selection"": {""concat"": [""mean"", ""range""], ""odd"": [""mean"", ""range""]}, ""n_chunks"": 16, ""parameter_selection"": {""mean"": {""likelihood"": ""student_t""}, ""range"": {""likelihood"": ""lognormal""}}, ""rem_profile_params"": {""rem_stage"": 2, ""step_size_hours"": 2, ""window_size_hours"": 2}, ""tau_threshold"": 5.0}",run_output_8day_rem_w2_s2_stage2,rem_w2_s2_stage2
141,d39b794a49fbb929,pareto_filtered,"pareto_k_above_threshold_after_retries: k_max=1.49288, threshold=0.7","concat: mean, range; even: mean; odd: mean",mean=lognormal; range=beta,16,5.0,3,1,2,459.3737502881884,459.3737502881884,17.013842603266237,4.253460650816558,0.0188764491637379,4.253460650816558,0.0188764491637379,-922.9602417973248,1.0,225.0,106.0,0.9216088579813873,0,8,0.7913857014643769,0.9995429763767764,7.879168898000952,0.3341907525526308,8.0,8.0,8.0,0.9984497659405722,1.49287555563392,3,True,"pareto_k_above_threshold_after_retries: k_max=1.49288, threshold=0.7",False,4,4,27,3,"[3, 27, 21]",199.59339126199484,"(27, 176)",,[],"{""feature_selection"": {""concat"": [""mean"", ""range""], ""even"": [""mean""], ""odd"": [""mean""]}, ""n_chunks"": 16, ""parameter_selection"": {""mean"": {""likelihood"": ""lognormal""}, ""range"": {""likelihood"": ""beta""}}, ""rem_profile_params"": {""rem_stage"": 2, ""step_size_hours"": 1, ""window_size_hours"": 3}, ""tau_threshold"": 5.0}",run_output_8day_rem_w3_s1_stage2,rem_w3_s1_stage2
86,0971ec4244da7c90,ok,,concat: mean; even: mean; odd: range,mean=student_t; range=lognormal,16,5.0,2,2,2,382.1109444025098,382.1109444025098,12.73703148008366,4.245677160027888,0.0115574233870363,4.245677160027888,0.0115574233870363,-764.1459487329137,1.01,844.0,558.0,1.011849680460778,0,8,0.7039954251115241,0.9562055300986468,7.723602380972568,0.8930196543603849,8.0,8.0,8.0,0.9224098091385744,0.6754142391634949,0,False,,False,3,3,30,0,[],34.992986256984295,"(30, 96)",,[],"{""feature_selection"": {""concat"": [""mean""], ""even"": [""mean""], ""odd"": [""range""]}, ""n_chunks"": 16, ""parameter_selection"": {""mean"": {""likelihood"": ""student_t""}, ""range"": {""likelihood"": ""lognormal""}}, ""rem_profile_params"": {""rem_stage"": 2, ""step_size_hours"": 2, ""window_size_hours"": 2}, ""tau_threshold"": 5.0}",run_output_8day_rem_w2_s2_stage2,rem_w2_s2_stage2
151,8bfd4247e9c95ff9,pareto_filtered,"pareto_k_above_threshold_after_retries: k_max=0.830731, threshold=0.7","concat: mean, range; even: range; odd: mean",mean=student_t; range=beta,16,5.0,3,1,2,458.3711059186018,458.3711059186018,16.976707626614886,4.2441769066537205,0.0127954519451643,4.2441769066537205,0.0127954519451643,-917.0515577039984,1.01,994.0,875.0,0.8936580826466088,0,6,0.8728873531595853,0.9929411177790376,6.040499930243813,0.3474556623354933,6.0,6.0,6.0,0.0360372526292123,0.830730748440929,2,True,"pareto_k_above_threshold_after_retries: k_max=0.830731, threshold=0.7",False,4,4,27,3,"[15, 3, 10]",407.0204150379868,"(27, 176)",,[],"{""feature_selection"": {""concat"": [""mean"", ""range""], ""even"": [""range""], ""odd"": [""mean""]}, ""n_chunks"": 16, ""parameter_selection"": {""mean"": {""likelihood"": ""student_t""}, ""range"": {""likelihood"": ""beta""}}, ""rem_profile_params"": {""rem_stage"": 2, ""step_size_hours"": 1, ""window_size_hours"": 3}, ""tau_threshold"": 5.0}",run_output_8day_rem_w3_s1_stage2,rem_w3_s1_stage2
88,4ffb16f9ed65dc73,pareto_filtered,"pareto_k_above_threshold_after_retries: k_max=0.905782, threshold=0.7",concat: mean; even: range; odd: mean,mean=lognormal; range=lognormal,16,5.0,2,1,2,343.1642555970921,343.1642555970921,12.709787244336743,4.236595748112249,0.0182362050114137,4.236595748112249,0.0182362050114137,-693.7122777124188,1.01,362.0,227.0,1.0793531921662547,0,8,0.6132829574937896,0.9069694763310752,7.469261271764355,1.37303703110345,8.0,8.0,8.0,0.8816987517820996,0.9057819332307292,2,True,"pareto_k_above_threshold_after_retries: k_max=0.905782, threshold=0.7",False,3,3,27,3,"[3, 21, 27]",48.971586573985405,"(27, 184)",,[],"{""feature_selection"": {""concat"": [""mean""], ""even"": [""range""], ""odd"": [""mean""]}, ""n_chunks"": 16, ""parameter_selection"": {""mean"": {""likelihood"": ""lognormal""}, ""range"": {""likelihood"": ""lognormal""}}, ""rem_profile_params"": {""rem_stage"": 2, ""step_size_hours"": 1, ""window_size_hours"": 2}, ""tau_threshold"": 5.0}",run_output_8day_rem_w2_s1_stage2,rem_w2_s1_stage2
9,7b57a5c8c3fe42e9,ok,,"concat: mean, range; even: mean, range; odd: range",mean=student_t; range=beta,16,5.0,2,1,2,613.5819102255203,613.5819102255203,21.15799690432829,4.2315993808656565,0.009092269927115,4.2315993808656565,0.009092269927115,-1227.404472238669,1.01,556.0,706.0,0.879873097524529,0,8,0.3847866124883147,0.968230182205138,7.242683217684261,1.0127467929266616,6.0,8.0,8.0,0.7332206429640936,0.6892714283193113,0,False,,False,5,5,29,1,[27],131.164534748008,"(29, 184)",,[],"{""feature_selection"": {""concat"": [""mean"", ""range""], ""even"": [""mean"", ""range""], ""odd"": [""range""]}, ""n_chunks"": 16, ""parameter_selection"": {""mean"": {""likelihood"": ""student_t""}, ""range"": {""likelihood"": ""beta""}}, ""rem_profile_params"": {""rem_stage"": 2, ""step_size_hours"": 1, ""window_size_hours"": 2}, ""tau_threshold"": 5.0}",run_output_8day_rem_w2_s1_stage2,rem_w2_s1_stage2
35,e2691fef9129de61,pareto_filtered,"pareto_k_above_threshold_after_retries: k_max=0.924883, threshold=0.7",concat: range; odd: mean,mean=lognormal; range=beta,16,5.0,2,2,2,227.8075356714436,227.8075356714436,8.437316135979392,4.218658067989696,0.0152950214270351,4.218658067989696,0.0152950214270351,-455.89907753709326,1.0,1221.0,896.0,0.9249954516680468,0,7,0.9510610729871956,0.999999420035762,7.017173984476654,0.1303722368089394,7.0,7.0,7.0,0.9999422283442378,0.9248830635253172,1,True,"pareto_k_above_threshold_after_retries: k_max=0.924883, threshold=0.7",False,2,2,27,3,"[3, 21, 4]",66.72177745701629,"(27, 96)",,[],"{""feature_selection"": {""concat"": [""range""], ""odd"": [""mean""]}, ""n_chunks"": 16, ""parameter_selection"": {""mean"": {""likelihood"": ""lognormal""}, ""range"": {""likelihood"": ""beta""}}, ""rem_profile_params"": {""rem_stage"": 2, ""step_size_hours"": 2, ""window_size_hours"": 2}, ""tau_threshold"": 5.0}",run_output_8day_rem_w2_s2_stage2,rem_w2_s2_stage2
155,54ec190f1cc392e4,ok,,"concat: mean, range; even: range; odd: range",mean=student_t; range=beta,16,5.0,2,1,2,472.4187599408185,472.4187599408185,16.872098569314947,4.218024642328737,0.010188356821129,4.218024642328737,0.010188356821129,-945.460732986641,1.0,553.0,550.0,0.8708224193179345,0,6,0.4746882136181515,0.9933988426740716,6.810706179880389,0.9584184411744991,6.0,6.0,8.0,0.4504535824119921,0.689056732802185,0,False,,False,4,4,28,2,"[27, 4]",298.5088279090123,"(28, 184)",,[],"{""feature_selection"": {""concat"": [""mean"", ""range""], ""even"": [""range""], ""odd"": [""range""]}, ""n_chunks"": 16, ""parameter_selection"": {""mean"": {""likelihood"": ""student_t""}, ""range"": {""likelihood"": ""beta""}}, ""rem_profile_params"": {""rem_stage"": 2, ""step_size_hours"": 1, ""window_size_hours"": 2}, ""tau_threshold"": 5.0}",run_output_8day_rem_w2_s1_stage2,rem_w2_s1_stage2
85,4ccd74ae30cd66d8,ok,,concat: mean; even: mean; odd: range,mean=student_t; range=beta,16,5.0,3,1,2,366.64720337651113,366.64720337651113,12.643007012983142,4.21433567099438,0.0105897104807498,4.21433567099438,0.0105897104807498,-732.7891518936894,1.01,819.0,555.0,1.0331606715490045,0,8,0.7070856673165683,0.9792377911905168,7.7753765576835745,0.731967491054606,8.0,8.0,8.0,0.9593710289436416,0.4830943792869702,0,False,,False,3,3,29,1,[15],87.98392948100809,"(29, 176)",,[],"{""feature_selection"": {""concat"": [""mean""], ""even"": [""mean""], ""odd"": [""range""]}, ""n_chunks"": 16, ""parameter_selection"": {""mean"": {""likelihood"": ""student_t""}, ""range"": {""likelihood"": ""beta""}}, ""rem_profile_params"": {""rem_stage"": 2, ""step_size_hours"": 1, ""window_size_hours"": 3}, ""tau_threshold"": 5.0}",run_output_8day_rem_w3_s1_stage2,rem_w3_s1_stage2
140,038dd72dfc19833e,ok,,"concat: mean, range; even: mean, range",mean=student_t; range=lognormal,16,5.0,2,1,2,471.8543561722534,471.8543561722534,16.851941291866193,4.212985322966548,0.009128318283922,4.212985322966548,0.009128318283922,-944.2584194953056,1.01,1438.0,1151.0,1.0285005523353756,0,7,0.8542761198605094,0.9956709469654224,7.008985393906388,0.3122956061396512,7.0,7.0,7.0,0.98188218221765,0.6418188309265225,0,False,,False,4,4,28,2,"[25, 23]",229.0065699619881,"(28, 184)",,[],"{""feature_selection"": {""concat"": [""mean"", ""range""], ""even"": [""mean"", ""range""]}, ""n_chunks"": 16, ""parameter_selection"": {""mean"": {""likelihood"": ""student_t""}, ""range"": {""likelihood"": ""lognormal""}}, ""rem_profile_params"": {""rem_stage"": 2, ""step_size_hours"": 1, ""window_size_hours"": 2}, ""tau_threshold"": 5.0}",run_output_8day_rem_w2_s1_stage2,rem_w2_s1_stage2
158,66765ab369201038,pareto_filtered,"pareto_k_above_threshold_after_retries: k_max=1.25448, threshold=0.7","concat: mean, range; odd: mean, range",mean=lognormal; range=lognormal,16,5.0,2,2,2,454.738199944806,454.738199944806,16.842155553511333,4.210538888377833,0.0135968133086554,4.210538888377833,0.0135968133086554,-903.768707808326,1.01,148.0,519.0,0.8830164879194657,0,8,0.3967923815793678,0.9837102137840994,7.255862876004231,0.8063880519999616,7.0,7.0,8.0,0.8484734522987591,1.2544843673592776,4,True,"pareto_k_above_threshold_after_retries: k_max=1.25448, threshold=0.7",False,4,4,27,3,"[3, 21, 0]",119.10142929200084,"(27, 96)",,[],"{""feature_selection"": {""concat"": [""mean"", ""range""], ""odd"": [""mean"", ""range""]}, ""n_chunks"": 16, ""parameter_selection"": {""mean"": {""likelihood"": ""lognormal""}, ""range"": {""likelihood"": ""lognormal""}}, ""rem_profile_params"": {""rem_stage"": 2, ""step_size_hours"": 2, ""window_size_hours"": 2}, ""tau_threshold"": 5.0}",run_output_8day_rem_w2_s2_stage2,rem_w2_s2_stage2
164,360adcc35abf67fd,pareto_filtered,"pareto_k_above_threshold_after_retries: k_max=0.705268, threshold=0.7","concat: mean; even: mean, range; odd: mean",mean=student_t; range=lognormal,16,5.0,3,1,2,454.5351774180972,454.5351774180972,16.834636200670268,4.208659050167567,0.011252180509955,4.208659050167567,0.011252180509955,-909.8727464696716,1.02,267.0,368.0,1.0158651543684722,0,8,0.3216935651194621,0.8244814012156194,6.988755617777617,1.5883093993969113,6.0,8.0,8.0,0.7099399460316456,0.7052683146085627,1,True,"pareto_k_above_threshold_after_retries: k_max=0.705268, threshold=0.7",False,4,4,27,3,"[3, 21, 27]",414.3638715830166,"(27, 176)",,[],"{""feature_selection"": {""concat"": [""mean""], ""even"": [""mean"", ""range""], ""odd"": [""mean""]}, ""n_chunks"": 16, ""parameter_selection"": {""mean"": {""likelihood"": ""student_t""}, ""range"": {""likelihood"": ""lognormal""}}, ""rem_profile_params"": {""rem_stage"": 2, ""step_size_hours"": 1, ""window_size_hours"": 3}, ""tau_threshold"": 5.0}",run_output_8day_rem_w3_s1_stage2,rem_w3_s1_stage2
62,2fdc3f638b3d76fa,pareto_filtered,"pareto_k_above_threshold_after_retries: k_max=1.13086, threshold=0.7","concat: mean, range; even: mean",mean=lognormal; range=lognormal,16,5.0,3,1,2,340.57243186608014,340.57243186608014,12.613793772817782,4.204597924272594,0.015426024140167,4.204597924272594,0.015426024140167,-678.9554836343179,1.02,216.0,422.0,0.9914737832996252,0,3,0.2125122214943465,0.4307167428308126,4.980824365692596,2.121363011998301,3.0,4.0,7.0,0.3172010118877422,1.130856626176464,4,True,"pareto_k_above_threshold_after_retries: k_max=1.13086, threshold=0.7",False,3,3,27,3,"[24, 3, 15]",75.06073719100095,"(27, 176)",,[],"{""feature_selection"": {""concat"": [""mean"", ""range""], ""even"": [""mean""]}, ""n_chunks"": 16, ""parameter_selection"": {""mean"": {""likelihood"": ""lognormal""}, ""range"": {""likelihood"": ""lognormal""}}, ""rem_profile_params"": {""rem_stage"": 2, ""step_size_hours"": 1, ""window_size_hours"": 3}, ""tau_threshold"": 5.0}",run_output_8day_rem_w3_s1_stage2,rem_w3_s1_stage2
170,6ba1ec6c6cd68dbe,pareto_filtered,"pareto_k_above_threshold_after_retries: k_max=0.934679, threshold=0.7","concat: mean; even: mean; odd: mean, range",mean=lognormal; range=lognormal,16,5.0,2,2,2,453.4837126642943,453.4837126642943,16.795693061640527,4.198923265410132,0.0133403875646663,4.198923265410132,0.0133403875646663,-906.877148540227,1.04,247.0,237.0,0.9554005410489188,0,8,0.6280216575826274,0.9701787976893812,7.685688894248121,0.8350167499032309,8.0,8.0,8.0,0.9442472946308657,0.9346793764919752,3,True,"pareto_k_above_threshold_after_retries: k_max=0.934679, threshold=0.7",False,4,4,27,3,"[3, 21, 0]",129.30940238002222,"(27, 96)",,[],"{""feature_selection"": {""concat"": [""mean""], ""even"": [""mean""], ""odd"": [""mean"", ""range""]}, ""n_chunks"": 16, ""parameter_selection"": {""mean"": {""likelihood"": ""lognormal""}, ""range"": {""likelihood"": ""lognormal""}}, ""rem_profile_params"": {""rem_stage"": 2, ""step_size_hours"": 2, ""window_size_hours"": 2}, ""tau_threshold"": 5.0}",run_output_8day_rem_w2_s2_stage2,rem_w2_s2_stage2
27,3ddd523887ac26a2,ok,,concat: mean; odd: range,mean=student_t; range=beta,16,5.0,6,1,2,234.9425892710749,234.9425892710749,8.390806759681247,4.195403379840624,0.0114689645585692,4.195403379840624,0.0114689645585692,-470.13794187055737,1.0,616.0,664.0,0.9952509221895844,0,8,0.1372529604756415,0.800054462858055,6.554696163715772,1.5649206483351144,6.0,7.0,8.0,0.6514182112192438,0.552516842862846,0,False,,False,2,2,28,2,"[29, 15]",68.42545860700193,"(28, 152)",,[],"{""feature_selection"": {""concat"": [""mean""], ""odd"": [""range""]}, ""n_chunks"": 16, ""parameter_selection"": {""mean"": {""likelihood"": ""student_t""}, ""range"": {""likelihood"": ""beta""}}, ""rem_profile_params"": {""rem_stage"": 2, ""step_size_hours"": 1, ""window_size_hours"": 6}, ""tau_threshold"": 5.0}",run_output_8day_rem_w6_s1_stage2,rem_w6_s1_stage2
15,39c19857fa9190fe,pareto_filtered,"pareto_k_above_threshold_after_retries: k_max=0.814718, threshold=0.7","concat: mean, range; even: mean; odd: mean, range",mean=student_t; range=lognormal,16,5.0,2,2,2,566.2695408433755,566.2695408433755,20.97294595716205,4.194589191432411,0.0114162228022666,4.194589191432411,0.0114162228022666,-1132.5542369465145,1.01,451.0,259.0,1.0096793282751844,0,8,0.740263196523604,0.99284492433956,7.756695829088153,0.6954846113220947,8.0,8.0,8.0,0.8978604369995143,0.8147178603434181,3,True,"pareto_k_above_threshold_after_retries: k_max=0.814718, threshold=0.7",False,5,5,27,3,"[21, 3, 15]",239.70761849399423,"(27, 96)",,[],"{""feature_selection"": {""concat"": [""mean"", ""range""], ""even"": [""mean""], ""odd"": [""mean"", ""range""]}, ""n_chunks"": 16, ""parameter_selection"": {""mean"": {""likelihood"": ""student_t""}, ""range"": {""likelihood"": ""lognormal""}}, ""rem_profile_params"": {""rem_stage"": 2, ""step_size_hours"": 2, ""window_size_hours"": 2}, ""tau_threshold"": 5.0}",run_output_8day_rem_w2_s2_stage2,rem_w2_s2_stage2
173,0d21a443d9ac27db,pareto_filtered,"pareto_k_above_threshold_after_retries: k_max=1.13299, threshold=0.7","concat: mean; even: range; odd: mean, range",mean=lognormal; range=beta,16,5.0,2,1,2,452.6443224720191,452.6443224720191,16.764604536000707,4.191151134000177,0.0141006764300116,4.191151134000177,0.0141006764300116,-908.2589046416296,1.01,424.0,343.0,1.0642797524298535,0,8,0.5730155047701009,0.9600110091883244,7.579175041511503,0.9989343769163004,8.0,8.0,8.0,0.878634810187089,1.1329874407869795,3,True,"pareto_k_above_threshold_after_retries: k_max=1.13299, threshold=0.7",False,4,4,27,3,"[3, 21, 27]",310.01806801199564,"(27, 184)",,[],"{""feature_selection"": {""concat"": [""mean""], ""even"": [""range""], ""odd"": [""mean"", ""range""]}, ""n_chunks"": 16, ""parameter_selection"": {""mean"": {""likelihood"": ""lognormal""}, ""range"": {""likelihood"": ""beta""}}, ""rem_profile_params"": {""rem_stage"": 2, ""step_size_hours"": 1, ""window_size_hours"": 2}, ""tau_threshold"": 5.0}",run_output_8day_rem_w2_s1_stage2,rem_w2_s1_stage2
172,ee698d654fc379aa,ok,,"concat: mean; even: mean; odd: mean, range",mean=student_t; range=lognormal,16,5.0,3,1,2,486.05670132451087,486.05670132451087,16.760575907741753,4.190143976935438,0.0109348992514065,4.190143976935438,0.0109348992514065,-973.2707643616952,1.01,635.0,344.0,1.045343418731501,0,8,0.8660008865201937,0.9777064698976874,7.878768480920867,0.634118458953702,8.0,8.0,8.0,0.9640053878981232,0.6553799872162706,0,False,,False,4,4,29,1,[3],184.8081095899979,"(29, 176)",,[],"{""feature_selection"": {""concat"": [""mean""], ""even"": [""mean""], ""odd"": [""mean"", ""range""]}, ""n_chunks"": 16, ""parameter_selection"": {""mean"": {""likelihood"": ""student_t""}, ""range"": {""likelihood"": ""lognormal""}}, ""rem_profile_params"": {""rem_stage"": 2, ""step_size_hours"": 1, ""window_size_hours"": 3}, ""tau_threshold"": 5.0}",run_output_8day_rem_w3_s1_stage2,rem_w3_s1_stage2
20,1db7c25c2c8e447f,pareto_filtered,"pareto_k_above_threshold_after_retries: k_max=0.941425, threshold=0.7",concat: mean; even: range,mean=lognormal; range=lognormal,16,5.0,2,2,2,226.0582848596246,226.0582848596246,8.372529068874984,4.186264534437493,0.0157313199608789,4.186264534437493,0.0157313199608789,-452.3000396187646,1.01,650.0,935.0,1.0178329379905244,0,8,0.1612179013952256,0.7803222731509447,6.423082803952647,1.5727708523430222,6.0,6.0,8.0,0.4677946559585416,0.9414249928862995,2,True,"pareto_k_above_threshold_after_retries: k_max=0.941425, threshold=0.7",False,2,2,27,3,"[3, 0, 24]",39.87465067900485,"(27, 96)",,[],"{""feature_selection"": {""concat"": [""mean""], ""even"": [""range""]}, ""n_chunks"": 16, ""parameter_selection"": {""mean"": {""likelihood"": ""lognormal""}, ""range"": {""likelihood"": ""lognormal""}}, ""rem_profile_params"": {""rem_stage"": 2, ""step_size_hours"": 2, ""window_size_hours"": 2}, ""tau_threshold"": 5.0}",run_output_8day_rem_w2_s2_stage2,rem_w2_s2_stage2
20,30d004f3ac80a783,pareto_filtered,"pareto_k_above_threshold_after_retries: k_max=0.754231, threshold=0.7",concat: mean; even: range,mean=lognormal; range=lognormal,16,5.0,2,1,2,226.00297657434405,226.00297657434405,8.370480613864594,4.185240306932297,0.014774892883373,4.185240306932297,0.014774892883373,-453.0456442934135,1.02,491.0,941.0,1.0089658135451365,0,8,0.0617334267109243,0.6085287505111796,6.06659980680112,1.832768259553012,5.0,6.0,8.0,0.4844932438873917,0.7542312384974558,1,True,"pareto_k_above_threshold_after_retries: k_max=0.754231, threshold=0.7",False,2,2,27,3,"[3, 27, 24]",40.66301081000711,"(27, 184)",,[],"{""feature_selection"": {""concat"": [""mean""], ""even"": [""range""]}, ""n_chunks"": 16, ""parameter_selection"": {""mean"": {""likelihood"": ""lognormal""}, ""range"": {""likelihood"": ""lognormal""}}, ""rem_profile_params"": {""rem_stage"": 2, ""step_size_hours"": 1, ""window_size_hours"": 2}, ""tau_threshold"": 5.0}",run_output_8day_rem_w2_s1_stage2,rem_w2_s1_stage2
87,cd5ce931f690e1b8,pareto_filtered,"pareto_k_above_threshold_after_retries: k_max=1.21032, threshold=0.7",concat: mean; even: range; odd: mean,mean=lognormal; range=beta,16,5.0,3,1,2,338.910022742063,338.910022742063,12.552223064520852,4.184074354840283,0.0173765062281085,4.184074354840283,0.0173765062281085,-674.0920014470576,1.01,295.0,382.0,0.9341357732165296,0,7,0.1020132393989996,0.6026771908354633,5.653949395619231,1.478364691590652,4.0,6.0,7.0,0.3992919733686512,1.2103165776855571,2,True,"pareto_k_above_threshold_after_retries: k_max=1.21032, threshold=0.7",False,3,3,27,3,"[3, 21, 0]",119.9668238890008,"(27, 176)",,[],"{""feature_selection"": {""concat"": [""mean""], ""even"": [""range""], ""odd"": [""mean""]}, ""n_chunks"": 16, ""parameter_selection"": {""mean"": {""likelihood"": ""lognormal""}, ""range"": {""likelihood"": ""beta""}}, ""rem_profile_params"": {""rem_stage"": 2, ""step_size_hours"": 1, ""window_size_hours"": 3}, ""tau_threshold"": 5.0}",run_output_8day_rem_w3_s1_stage2,rem_w3_s1_stage2
161,12b598b2bcdceea3,pareto_filtered,"pareto_k_above_threshold_after_retries: k_max=0.854609, threshold=0.7","concat: mean; even: mean, range; odd: mean",mean=lognormal; range=beta,16,5.0,2,2,2,451.5663676107389,451.5663676107389,16.72468028187922,4.181170070469805,0.0133342852188312,4.181170070469805,0.0133342852188312,-899.3724240566833,1.02,305.0,447.0,0.9017110520440962,0,7,0.286461669812398,0.9359469452828086,6.795126820801492,1.0845872085172177,6.0,7.0,7.0,0.6983216295542778,0.8546088998889779,3,True,"pareto_k_above_threshold_after_retries: k_max=0.854609, threshold=0.7",False,4,4,27,3,"[3, 21, 0]",232.6825750769931,"(27, 96)",,[],"{""feature_selection"": {""concat"": [""mean""], ""even"": [""mean"", ""range""], ""odd"": [""mean""]}, ""n_chunks"": 16, ""parameter_selection"": {""mean"": {""likelihood"": ""lognormal""}, ""range"": {""likelihood"": ""beta""}}, ""rem_profile_params"": {""rem_stage"": 2, ""step_size_hours"": 2, ""window_size_hours"": 2}, ""tau_threshold"": 5.0}",run_output_8day_rem_w2_s2_stage2,rem_w2_s2_stage2
160,2189ce0c8293966a,pareto_filtered,"pareto_k_above_threshold_after_retries: k_max=0.820523, threshold=0.7","concat: mean, range; odd: mean, range",mean=student_t; range=lognormal,16,5.0,3,1,2,451.2989393822763,451.2989393822763,16.7147755326769,4.178693883169225,0.0151164277355869,4.178693883169225,0.0151164277355869,-903.3073461590908,1.0,1721.0,953.0,1.059385807318279,0,8,0.9915080818723914,0.999861314377346,7.997136302933785,0.0775614844652704,8.0,8.0,8.0,0.9993051107528262,0.8205229505857858,2,True,"pareto_k_above_threshold_after_retries: k_max=0.820523, threshold=0.7",False,4,4,27,3,"[3, 15, 4]",320.8081168970093,"(27, 176)",,[],"{""feature_selection"": {""concat"": [""mean"", ""range""], ""odd"": [""mean"", ""range""]}, ""n_chunks"": 16, ""parameter_selection"": {""mean"": {""likelihood"": ""student_t""}, ""range"": {""likelihood"": ""lognormal""}}, ""rem_profile_params"": {""rem_stage"": 2, ""step_size_hours"": 1, ""window_size_hours"": 3}, ""tau_threshold"": 5.0}",run_output_8day_rem_w3_s1_stage2,rem_w3_s1_stage2
65,2757856ae4c89628,pareto_filtered,"pareto_k_above_threshold_after_retries: k_max=0.818297, threshold=0.7","concat: mean, range; even: range",mean=lognormal; range=beta,16,5.0,3,1,2,338.3101061417047,338.3101061417047,12.530003931174248,4.176667977058084,0.0112964713998036,4.176667977058084,0.0112964713998036,-677.824236523799,1.01,458.0,352.0,0.9703174924311152,0,7,0.4488425019104947,0.9304226214353843,7.141920238340237,1.1282444850328903,7.0,7.0,8.0,0.9223595012982626,0.8182968281650072,1,True,"pareto_k_above_threshold_after_retries: k_max=0.818297, threshold=0.7",False,3,3,27,3,"[24, 3, 27]",120.62232484499692,"(27, 176)",,[],"{""feature_selection"": {""concat"": [""mean"", ""range""], ""even"": [""range""]}, ""n_chunks"": 16, ""parameter_selection"": {""mean"": {""likelihood"": ""lognormal""}, ""range"": {""likelihood"": ""beta""}}, ""rem_profile_params"": {""rem_stage"": 2, ""step_size_hours"": 1, ""window_size_hours"": 3}, ""tau_threshold"": 5.0}",run_output_8day_rem_w3_s1_stage2,rem_w3_s1_stage2
78,a40492f40590f688,pareto_filtered,"pareto_k_above_threshold_after_retries: k_max=0.963267, threshold=0.7","concat: mean; even: mean, range",mean=lognormal; range=lognormal,16,5.0,2,1,2,338.1069956397203,338.1069956397203,12.52248131998964,4.174160439996546,0.0152979397103311,4.174160439996546,0.0152979397103311,-675.6455180563183,1.01,529.0,658.0,0.9307320235101912,0,5,0.3318693408087051,0.3629985499154827,5.790791111064863,1.3264255610496274,5.0,5.0,7.0,0.2765023535759747,0.9632668947111048,1,True,"pareto_k_above_threshold_after_retries: k_max=0.963267, threshold=0.7",False,3,3,27,3,"[27, 3, 24]",83.69186694698874,"(27, 184)",,[],"{""feature_selection"": {""concat"": [""mean""], ""even"": [""mean"", ""range""]}, ""n_chunks"": 16, ""parameter_selection"": {""mean"": {""likelihood"": ""lognormal""}, ""range"": {""likelihood"": ""lognormal""}}, ""rem_profile_params"": {""rem_stage"": 2, ""step_size_hours"": 1, ""window_size_hours"": 2}, ""tau_threshold"": 5.0}",run_output_8day_rem_w2_s1_stage2,rem_w2_s1_stage2
90,24788e49bab83468,ok,,concat: mean; even: range; odd: mean,mean=student_t; range=lognormal,16,5.0,3,1,2,350.46193083699046,350.46193083699046,12.516497529892517,4.172165843297506,0.0140638188999953,4.172165843297506,0.0140638188999953,-701.5733434282458,1.01,250.0,460.0,1.0237754508274808,0,8,0.1541970073574573,0.7943898880288247,6.625003765193771,1.6279464021981087,6.0,7.0,8.0,0.6179409033391563,0.6188291410301744,0,False,,False,3,3,28,2,"[3, 21]",122.26984461900427,"(28, 176)",,[],"{""feature_selection"": {""concat"": [""mean""], ""even"": [""range""], ""odd"": [""mean""]}, ""n_chunks"": 16, ""parameter_selection"": {""mean"": {""likelihood"": ""student_t""}, ""range"": {""likelihood"": ""lognormal""}}, ""rem_profile_params"": {""rem_stage"": 2, ""step_size_hours"": 1, ""window_size_hours"": 3}, ""tau_threshold"": 5.0}",run_output_8day_rem_w3_s1_stage2,rem_w3_s1_stage2
1,f9ac5424c38cf1e1,ok,,"concat: mean, range; even: mean, range; odd: mean",mean=student_t; range=beta,16,5.0,3,1,2,563.2297514245229,563.2297514245229,20.860361163871215,4.172072232774243,0.0111099777561989,4.172072232774243,0.0111099777561989,-1128.8519684640737,1.03,118.0,72.0,0.9579772579754038,0,8,0.3671454249339383,0.8541528463934831,7.044192019727058,1.553563165366384,7.0,8.0,8.0,0.8416916682026772,0.6974121997904784,0,False,,False,5,5,27,3,"[3, 15, 21]",195.94030336500143,"(27, 176)",,[],"{""feature_selection"": {""concat"": [""mean"", ""range""], ""even"": [""mean"", ""range""], ""odd"": [""mean""]}, ""n_chunks"": 16, ""parameter_selection"": {""mean"": {""likelihood"": ""student_t""}, ""range"": {""likelihood"": ""beta""}}, ""rem_profile_params"": {""rem_stage"": 2, ""step_size_hours"": 1, ""window_size_hours"": 3}, ""tau_threshold"": 5.0}",run_output_8day_rem_w3_s1_stage2,rem_w3_s1_stage2
147,a716f40574693177,ok,,"concat: mean, range; even: mean; odd: range",mean=student_t; range=beta,16,5.0,3,1,2,483.9163880953547,483.9163880953547,16.686772003288095,4.171693000822024,0.0102007826691917,4.171693000822024,0.0102007826691917,-966.8656278523242,1.01,673.0,753.0,0.9698523059173646,0,8,0.6108200329858782,0.9970431348236384,7.610904863841728,0.5322995910499325,7.0,8.0,8.0,0.9947291998515304,0.5574824035458361,0,False,,False,4,4,29,1,[15],177.382849126996,"(29, 176)",,[],"{""feature_selection"": {""concat"": [""mean"", ""range""], ""even"": [""mean""], ""odd"": [""range""]}, ""n_chunks"": 16, ""parameter_selection"": {""mean"": {""likelihood"": ""student_t""}, ""range"": {""likelihood"": ""beta""}}, ""rem_profile_params"": {""rem_stage"": 2, ""step_size_hours"": 1, ""window_size_hours"": 3}, ""tau_threshold"": 5.0}",run_output_8day_rem_w3_s1_stage2,rem_w3_s1_stage2
10,c43faacaacfda7a9,ok,,odd: mean,mean=student_t,16,5.0,3,1,2,120.92608638187228,120.92608638187228,4.169865047650768,4.169865047650768,0.0235229667801008,4.169865047650768,0.0235229667801008,-241.92013589419852,1.0,714.0,811.0,1.020021950369224,0,6,0.0305829120960181,0.6205478585175597,5.817390422174382,1.5674788106550828,5.0,6.0,7.0,0.3400042754768491,0.5371683960489216,0,False,,False,1,1,29,1,[3],25.89783574797912,"(29, 176)",,[],"{""feature_selection"": {""odd"": [""mean""]}, ""n_chunks"": 16, ""parameter_selection"": {""mean"": {""likelihood"": ""student_t""}}, ""rem_profile_params"": {""rem_stage"": 2, ""step_size_hours"": 1, ""window_size_hours"": 3}, ""tau_threshold"": 5.0}",run_output_8day_rem_w3_s1_stage2,rem_w3_s1_stage2
163,92d379a824d05772,ok,,"concat: mean; even: mean, range; odd: mean",mean=student_t; range=beta,16,5.0,2,2,2,499.4211857924286,499.4211857924286,16.64737285974762,4.161843214936905,0.0122036699505982,4.161843214936905,0.0122036699505982,-997.848099152669,1.0,462.0,823.0,0.9357351551657022,0,8,0.3833193489114445,0.9724373351738168,7.064403165381059,1.0759830363066212,6.0,7.0,8.0,0.628315025570775,0.6040732558676118,0,False,,False,4,4,30,0,[],100.7760352990008,"(30, 96)",,[],"{""feature_selection"": {""concat"": [""mean""], ""even"": [""mean"", ""range""], ""odd"": [""mean""]}, ""n_chunks"": 16, ""parameter_selection"": {""mean"": {""likelihood"": ""student_t""}, ""range"": {""likelihood"": ""beta""}}, ""rem_profile_params"": {""rem_stage"": 2, ""step_size_hours"": 2, ""window_size_hours"": 2}, ""tau_threshold"": 5.0}",run_output_8day_rem_w2_s2_stage2,rem_w2_s2_stage2
22,c8b17caac673fa21,pareto_filtered,"pareto_k_above_threshold_after_retries: k_max=0.804829, threshold=0.7","concat: mean; even: mean, range; odd: mean, range",mean=student_t; range=lognormal,16,5.0,2,1,2,561.3190488309292,561.3190488309292,20.789594401145525,4.157918880229105,0.0100353416724238,4.157918880229105,0.0100353416724238,-1123.118029458496,1.02,331.0,172.0,1.0495672545188963,0,8,0.652274432126777,0.9153339811122484,7.545062941978823,1.2702186858425146,8.0,8.0,8.0,0.8883089587036471,0.8048291562982334,1,True,"pareto_k_above_threshold_after_retries: k_max=0.804829, threshold=0.7",False,5,5,27,3,"[21, 3, 27]",286.7287262300088,"(27, 184)",,[],"{""feature_selection"": {""concat"": [""mean""], ""even"": [""mean"", ""range""], ""odd"": [""mean"", ""range""]}, ""n_chunks"": 16, ""parameter_selection"": {""mean"": {""likelihood"": ""student_t""}, ""range"": {""likelihood"": ""lognormal""}}, ""rem_profile_params"": {""rem_stage"": 2, ""step_size_hours"": 1, ""window_size_hours"": 2}, ""tau_threshold"": 5.0}",run_output_8day_rem_w2_s1_stage2,rem_w2_s1_stage2
29,0d3e8baab5e11028,pareto_filtered,"pareto_k_above_threshold_after_retries: k_max=1.79654, threshold=0.7","concat: mean, range; even: mean, range; odd: mean, range",mean=student_t; range=beta,16,5.0,2,1,2,673.5598193985311,673.5598193985311,24.94665997772337,4.157776662953895,0.0116067306496562,4.157776662953895,0.0116067306496562,-1340.391546912162,3.31,4.0,5.0,1.5086436188519614,1999,8,0.4182015109481267,0.7150690387864546,6.487328895964705,2.137100453088036,3.0,8.0,8.0,0.6514384250287683,1.7965422005346567,6,True,"pareto_k_above_threshold_after_retries: k_max=1.79654, threshold=0.7",False,6,6,27,3,"[12, 3, 25]",491.707802570978,"(27, 184)",,[],"{""feature_selection"": {""concat"": [""mean"", ""range""], ""even"": [""mean"", ""range""], ""odd"": [""mean"", ""range""]}, ""n_chunks"": 16, ""parameter_selection"": {""mean"": {""likelihood"": ""student_t""}, ""range"": {""likelihood"": ""beta""}}, ""rem_profile_params"": {""rem_stage"": 2, ""step_size_hours"": 1, ""window_size_hours"": 2}, ""tau_threshold"": 5.0}",run_output_8day_rem_w2_s1_stage2,rem_w2_s1_stage2
27,860ec7c96591dba9,pareto_filtered,"pareto_k_above_threshold_after_retries: k_max=1.26183, threshold=0.7","concat: mean, range; even: mean, range; odd: mean, range",mean=lognormal; range=beta,16,5.0,2,1,2,673.2505689538808,673.2505689538808,24.93520625755114,4.155867709591857,0.0119906835883871,4.155867709591857,0.0119906835883871,-1353.0958297706927,1.06,68.0,36.0,1.1323910495306946,1548,8,0.7453297266502814,0.9388744750533496,7.646984721088961,1.179919693863349,8.0,8.0,8.0,0.919629339856088,1.261834054315994,10,True,"pareto_k_above_threshold_after_retries: k_max=1.26183, threshold=0.7",False,6,6,27,3,"[3, 21, 27]",354.30175990299904,"(27, 184)",,[],"{""feature_selection"": {""concat"": [""mean"", ""range""], ""even"": [""mean"", ""range""], ""odd"": [""mean"", ""range""]}, ""n_chunks"": 16, ""parameter_selection"": {""mean"": {""likelihood"": ""lognormal""}, ""range"": {""likelihood"": ""beta""}}, ""rem_profile_params"": {""rem_stage"": 2, ""step_size_hours"": 1, ""window_size_hours"": 2}, ""tau_threshold"": 5.0}",run_output_8day_rem_w2_s1_stage2,rem_w2_s1_stage2
19,611ceeabd2cd3a8b,pareto_filtered,"pareto_k_above_threshold_after_retries: k_max=0.924019, threshold=0.7","concat: mean; even: mean, range; odd: mean, range",mean=lognormal; range=beta,16,5.0,2,1,2,559.9740444385095,559.9740444385095,20.7397794236485,4.1479558847297,0.0130563892575132,4.1479558847297,0.0130563892575132,-1125.959002469884,1.01,578.0,375.0,0.9768581891620208,0,8,0.8725542775644198,0.9826736930986048,7.894366047045662,0.6115547667573025,8.0,8.0,8.0,0.9768258340034932,0.9240190707121616,2,True,"pareto_k_above_threshold_after_retries: k_max=0.924019, threshold=0.7",False,5,5,27,3,"[3, 21, 27]",228.74441991798813,"(27, 184)",,[],"{""feature_selection"": {""concat"": [""mean""], ""even"": [""mean"", ""range""], ""odd"": [""mean"", ""range""]}, ""n_chunks"": 16, ""parameter_selection"": {""mean"": {""likelihood"": ""lognormal""}, ""range"": {""likelihood"": ""beta""}}, ""rem_profile_params"": {""rem_stage"": 2, ""step_size_hours"": 1, ""window_size_hours"": 2}, ""tau_threshold"": 5.0}",run_output_8day_rem_w2_s1_stage2,rem_w2_s1_stage2
14,13efaed53ff51e18,ok,,"concat: mean, range; even: mean; odd: mean, range",mean=student_t; range=beta,16,5.0,2,2,2,580.6339097724795,580.6339097724795,20.736925349017124,4.147385069803424,0.0126450366730538,4.147385069803424,0.0126450366730538,-1158.9065836625955,1.01,1745.0,1269.0,1.0022748212323942,0,7,0.968617624172081,1.0,7.010049146799939,0.0997415951057117,7.0,7.0,7.0,0.9999998878271544,0.6760255766707399,0,False,,False,5,5,28,2,"[4, 15]",219.1975571689836,"(28, 96)",,[],"{""feature_selection"": {""concat"": [""mean"", ""range""], ""even"": [""mean""], ""odd"": [""mean"", ""range""]}, ""n_chunks"": 16, ""parameter_selection"": {""mean"": {""likelihood"": ""student_t""}, ""range"": {""likelihood"": ""beta""}}, ""rem_profile_params"": {""rem_stage"": 2, ""step_size_hours"": 2, ""window_size_hours"": 2}, ""tau_threshold"": 5.0}",run_output_8day_rem_w2_s2_stage2,rem_w2_s2_stage2
18,24fa522b53f06835,ok,,concat: mean; even: mean,mean=student_t,16,5.0,6,1,2,248.7363874558621,248.7363874558621,8.291212915195404,4.145606457597702,0.0125425378440998,4.145606457597702,0.0125425378440998,-497.6334386706428,1.01,767.0,734.0,0.976604939873594,0,8,0.38541226210205,0.8926097632331677,7.253514171639477,1.343704563290793,7.0,8.0,8.0,0.8411326018626655,0.5623335419797001,0,False,,False,2,2,30,0,[],19.23591066000517,"(30, 152)",,[],"{""feature_selection"": {""concat"": [""mean""], ""even"": [""mean""]}, ""n_chunks"": 16, ""parameter_selection"": {""mean"": {""likelihood"": ""student_t""}}, ""rem_profile_params"": {""rem_stage"": 2, ""step_size_hours"": 1, ""window_size_hours"": 6}, ""tau_threshold"": 5.0}",run_output_8day_rem_w6_s1_stage2,rem_w6_s1_stage2
9,ede32aa208e3b024,ok,,odd: mean,mean=lognormal,16,5.0,2,2,2,115.98188549105286,115.98188549105286,4.142210196109031,4.142210196109031,0.024368085934169,4.142210196109031,0.024368085934169,-231.9005437657642,1.01,437.0,559.0,1.074278797633854,0,8,0.1081306053710344,0.6733196170006228,6.186945840540053,1.8573656418835276,5.0,7.0,8.0,0.5050855553337308,0.5683346740017513,0,False,,False,1,1,28,2,"[3, 21]",14.405879805999575,"(28, 96)",,[],"{""feature_selection"": {""odd"": [""mean""]}, ""n_chunks"": 16, ""parameter_selection"": {""mean"": {""likelihood"": ""lognormal""}}, ""rem_profile_params"": {""rem_stage"": 2, ""step_size_hours"": 2, ""window_size_hours"": 2}, ""tau_threshold"": 5.0}",run_output_8day_rem_w2_s2_stage2,rem_w2_s2_stage2
153,0885b11d927b8399,pareto_filtered,"pareto_k_above_threshold_after_retries: k_max=0.881942, threshold=0.7","concat: mean, range; even: range; odd: range",mean=lognormal; range=beta,16,5.0,2,1,2,447.3328524480653,447.3328524480653,16.567883424002417,4.141970856000604,0.0111024316012535,4.141970856000604,0.0111024316012535,-897.9175685942396,1.01,350.0,415.0,0.8717959231132392,0,8,0.162365942501522,0.8030596586603683,6.619447593208419,1.529849568221156,6.0,7.0,8.0,0.5629637167730303,0.8819424091862615,3,True,"pareto_k_above_threshold_after_retries: k_max=0.881942, threshold=0.7",False,4,4,27,3,"[27, 3, 24]",349.8793331840134,"(27, 184)",,[],"{""feature_selection"": {""concat"": [""mean"", ""range""], ""even"": [""range""], ""odd"": [""range""]}, ""n_chunks"": 16, ""parameter_selection"": {""mean"": {""likelihood"": ""lognormal""}, ""range"": {""likelihood"": ""beta""}}, ""rem_profile_params"": {""rem_stage"": 2, ""step_size_hours"": 1, ""window_size_hours"": 2}, ""tau_threshold"": 5.0}",run_output_8day_rem_w2_s1_stage2,rem_w2_s1_stage2
171,3fc15e79f19abc78,ok,,"concat: mean; even: mean; odd: mean, range",mean=student_t; range=beta,16,5.0,2,2,2,463.7502856914922,463.7502856914922,16.56251020326758,4.140627550816895,0.0142303198814416,4.140627550816895,0.0142303198814416,-927.0863467848974,1.01,920.0,894.0,0.9918284361837022,0,8,0.6838192582618001,0.9850194289717068,7.76973220080646,0.6524873254850314,8.0,8.0,8.0,0.9457896174349544,0.6385090938515515,0,False,,False,4,4,28,2,"[7, 15]",335.52341716899537,"(28, 96)",,[],"{""feature_selection"": {""concat"": [""mean""], ""even"": [""mean""], ""odd"": [""mean"", ""range""]}, ""n_chunks"": 16, ""parameter_selection"": {""mean"": {""likelihood"": ""student_t""}, ""range"": {""likelihood"": ""beta""}}, ""rem_profile_params"": {""rem_stage"": 2, ""step_size_hours"": 2, ""window_size_hours"": 2}, ""tau_threshold"": 5.0}",run_output_8day_rem_w2_s2_stage2,rem_w2_s2_stage2
76,cd88120a7737775b,pareto_filtered,"pareto_k_above_threshold_after_retries: k_max=0.814932, threshold=0.7","concat: mean, range; odd: range",mean=student_t; range=lognormal,16,5.0,3,1,2,335.3705199794289,335.3705199794289,12.421130369608475,4.140376789869493,0.0156224625836602,4.140376789869493,0.0156224625836602,-672.0953185624633,1.01,1017.0,548.0,1.070599284630248,0,8,0.9231853010286012,0.9905034744917076,7.9299979089977475,0.5172442174089613,8.0,8.0,8.0,0.980877261658891,0.8149322178323682,1,True,"pareto_k_above_threshold_after_retries: k_max=0.814932, threshold=0.7",False,3,3,27,3,"[3, 15, 2]",130.45318916998804,"(27, 176)",,[],"{""feature_selection"": {""concat"": [""mean"", ""range""], ""odd"": [""range""]}, ""n_chunks"": 16, ""parameter_selection"": {""mean"": {""likelihood"": ""student_t""}, ""range"": {""likelihood"": ""lognormal""}}, ""rem_profile_params"": {""rem_stage"": 2, ""step_size_hours"": 1, ""window_size_hours"": 3}, ""tau_threshold"": 5.0}",run_output_8day_rem_w3_s1_stage2,rem_w3_s1_stage2
45,72e53e2acfee97cd,pareto_filtered,"pareto_k_above_threshold_after_retries: k_max=0.878882, threshold=0.7",even: mean; odd: mean,mean=lognormal,16,5.0,2,1,2,223.30254911356965,223.30254911356965,8.270464781984062,4.135232390992031,0.0158157820319531,4.135232390992031,0.0158157820319531,-447.0634521825491,1.04,127.0,670.0,0.9661441838576978,0,8,0.3714806983074796,0.5298407801552208,5.617600381100215,2.378922155001977,3.0,7.0,8.0,0.5023136092814372,0.8788818146656727,1,True,"pareto_k_above_threshold_after_retries: k_max=0.878882, threshold=0.7",False,2,2,27,3,"[25, 3, 21]",56.166075565997744,"(27, 184)",,[],"{""feature_selection"": {""even"": [""mean""], ""odd"": [""mean""]}, ""n_chunks"": 16, ""parameter_selection"": {""mean"": {""likelihood"": ""lognormal""}}, ""rem_profile_params"": {""rem_stage"": 2, ""step_size_hours"": 1, ""window_size_hours"": 2}, ""tau_threshold"": 5.0}",run_output_8day_rem_w2_s1_stage2,rem_w2_s1_stage2
105,4b9e337f02c8059e,ok,,concat: range; even: mean; odd: mean,mean=student_t; range=beta,16,5.0,3,1,2,333.82711340539123,333.82711340539123,12.363967163162638,4.12132238772088,0.0117760683092608,4.12132238772088,0.0117760683092608,-667.9057556997385,1.01,593.0,490.0,0.9317536552924522,0,7,0.4570691814690032,0.9524246594970788,7.270866384280588,0.97932763346175,7.0,7.0,8.0,0.9341525327696448,0.6306208583620361,0,False,,False,3,3,27,3,"[3, 15, 21]",214.02334522697493,"(27, 176)",,[],"{""feature_selection"": {""concat"": [""range""], ""even"": [""mean""], ""odd"": [""mean""]}, ""n_chunks"": 16, ""parameter_selection"": {""mean"": {""likelihood"": ""student_t""}, ""range"": {""likelihood"": ""beta""}}, ""rem_profile_params"": {""rem_stage"": 2, ""step_size_hours"": 1, ""window_size_hours"": 3}, ""tau_threshold"": 5.0}",run_output_8day_rem_w3_s1_stage2,rem_w3_s1_stage2
26,b3d1ed2332bc8437,ok,,concat: mean; odd: range,mean=lognormal; range=lognormal,16,5.0,6,1,2,222.51320910233093,222.51320910233093,8.241229966752998,4.120614983376498,0.0120268949383301,4.120614983376498,0.0120268949383301,-445.343577482635,1.01,617.0,1069.0,0.9431308518969111,0,8,0.1481516874513355,0.8011378426616032,6.59570379982001,1.356883256477704,6.0,7.0,8.0,0.5355863686553932,0.4675652587155239,0,False,,False,2,2,27,3,"[0, 24, 3]",62.71780045802007,"(27, 152)",,[],"{""feature_selection"": {""concat"": [""mean""], ""odd"": [""range""]}, ""n_chunks"": 16, ""parameter_selection"": {""mean"": {""likelihood"": ""lognormal""}, ""range"": {""likelihood"": ""lognormal""}}, ""rem_profile_params"": {""rem_stage"": 2, ""step_size_hours"": 1, ""window_size_hours"": 6}, ""tau_threshold"": 5.0}",run_output_8day_rem_w6_s1_stage2,rem_w6_s1_stage2
10,6014dd63ab4e6651,ok,,odd: mean,mean=student_t,16,5.0,2,1,2,123.37182929909385,123.37182929909385,4.112394309969795,4.112394309969795,0.0261026536780958,4.112394309969795,0.0261026536780958,-246.9526243881258,1.0,685.0,879.0,0.9761643854175888,0,8,0.0320395627340293,0.6401566696766985,5.956310371392487,1.7045505079973593,5.0,6.0,8.0,0.414426640526038,0.6558621237260404,0,False,,False,1,1,30,0,[],10.44558139401488,"(30, 184)",,[],"{""feature_selection"": {""odd"": [""mean""]}, ""n_chunks"": 16, ""parameter_selection"": {""mean"": {""likelihood"": ""student_t""}}, ""rem_profile_params"": {""rem_stage"": 2, ""step_size_hours"": 1, ""window_size_hours"": 2}, ""tau_threshold"": 5.0}",run_output_8day_rem_w2_s1_stage2,rem_w2_s1_stage2
3,9e1471ef9a5ac8c8,ok,,concat: range,range=beta,16,5.0,2,1,2,123.04469939061036,123.04469939061036,4.101489979687012,4.101489979687012,0.0154648915687793,4.101489979687012,0.0154648915687793,-246.57141651139904,1.01,712.0,724.0,0.9531977242523628,0,6,0.1700089713036913,0.8177680741499691,6.181632195465914,1.270846473926634,6.0,6.0,7.0,0.3648612547572968,0.6425407165448216,0,False,,False,1,1,30,0,[],9.897569940978428,"(30, 184)",,[],"{""feature_selection"": {""concat"": [""range""]}, ""n_chunks"": 16, ""parameter_selection"": {""range"": {""likelihood"": ""beta""}}, ""rem_profile_params"": {""rem_stage"": 2, ""step_size_hours"": 1, ""window_size_hours"": 2}, ""tau_threshold"": 5.0}",run_output_8day_rem_w2_s1_stage2,rem_w2_s1_stage2
65,a36c7327169886e3,ok,,"concat: mean, range; even: range",mean=lognormal; range=beta,16,5.0,2,2,2,355.91167858577944,355.91167858577944,12.272816502957912,4.090938834319304,0.0094859500828229,4.090938834319304,0.0094859500828229,-711.9554716295058,1.01,1727.0,1112.0,0.9745287848924344,0,7,0.9999566387496076,0.9999999999993274,7.00000539921626,0.0024247227619344,7.0,7.0,7.0,0.9999997599546612,0.6457857262600601,0,False,,False,3,3,29,1,[4],54.40525447000982,"(29, 96)",,[],"{""feature_selection"": {""concat"": [""mean"", ""range""], ""even"": [""range""]}, ""n_chunks"": 16, ""parameter_selection"": {""mean"": {""likelihood"": ""lognormal""}, ""range"": {""likelihood"": ""beta""}}, ""rem_profile_params"": {""rem_stage"": 2, ""step_size_hours"": 2, ""window_size_hours"": 2}, ""tau_threshold"": 5.0}",run_output_8day_rem_w2_s2_stage2,rem_w2_s2_stage2
29,4c3a30dd58d438e8,ok,,concat: range; even: mean,mean=lognormal; range=beta,16,5.0,2,1,2,220.86861298772092,220.86861298772092,8.18031899954522,4.090159499772611,0.0142782142143895,4.090159499772611,0.0142782142143895,-441.9220177048062,1.01,789.0,750.0,0.9172535061078768,0,8,0.5592554651006322,0.9808132038868532,7.540500956750167,0.8563014792154772,7.0,8.0,8.0,0.8186295617565943,0.540076216471544,0,False,,False,2,2,27,3,"[27, 4, 23]",70.64622896301444,"(27, 184)",,[],"{""feature_selection"": {""concat"": [""range""], ""even"": [""mean""]}, ""n_chunks"": 16, ""parameter_selection"": {""mean"": {""likelihood"": ""lognormal""}, ""range"": {""likelihood"": ""beta""}}, ""rem_profile_params"": {""rem_stage"": 2, ""step_size_hours"": 1, ""window_size_hours"": 2}, ""tau_threshold"": 5.0}",run_output_8day_rem_w2_s1_stage2,rem_w2_s1_stage2
67,8c115c769aa4e36f,ok,,"concat: mean, range; even: range",mean=student_t; range=beta,16,5.0,3,1,2,367.9532529088965,367.9532529088965,12.265108430296548,4.088369476765515,0.0093809041432653,4.088369476765515,0.0093809041432653,-735.9144116130268,1.0,1023.0,790.0,0.9784844035873722,0,7,0.7199791143700995,0.986495257546356,7.056378668806344,0.5489820221957895,7.0,7.0,7.0,0.974499181220494,0.6294366467806551,0,False,,False,3,3,30,0,[],36.66715664300136,"(30, 176)",,[],"{""feature_selection"": {""concat"": [""mean"", ""range""], ""even"": [""range""]}, ""n_chunks"": 16, ""parameter_selection"": {""mean"": {""likelihood"": ""student_t""}, ""range"": {""likelihood"": ""beta""}}, ""rem_profile_params"": {""rem_stage"": 2, ""step_size_hours"": 1, ""window_size_hours"": 3}, ""tau_threshold"": 5.0}",run_output_8day_rem_w3_s1_stage2,rem_w3_s1_stage2
165,38f0bce543c02bb1,pareto_filtered,"pareto_k_above_threshold_after_retries: k_max=0.921462, threshold=0.7","concat: mean; even: mean, range; odd: range",mean=lognormal; range=beta,16,5.0,2,1,2,440.9168336822149,440.9168336822149,16.330253099341295,4.082563274835324,0.0117091776520795,4.082563274835324,0.0117091776520795,-885.1343744813338,1.02,360.0,537.0,0.7929043686831827,0,5,0.2764799957679364,0.4588353794307092,6.010016477527486,1.3586542607055805,5.0,5.0,8.0,0.3423133539845193,0.9214622296773894,5,True,"pareto_k_above_threshold_after_retries: k_max=0.921462, threshold=0.7",False,4,4,27,3,"[3, 27, 24]",307.78592611299246,"(27, 184)",,[],"{""feature_selection"": {""concat"": [""mean""], ""even"": [""mean"", ""range""], ""odd"": [""range""]}, ""n_chunks"": 16, ""parameter_selection"": {""mean"": {""likelihood"": ""lognormal""}, ""range"": {""likelihood"": ""beta""}}, ""rem_profile_params"": {""rem_stage"": 2, ""step_size_hours"": 1, ""window_size_hours"": 2}, ""tau_threshold"": 5.0}",run_output_8day_rem_w2_s1_stage2,rem_w2_s1_stage2
15,efc95485dee71fc8,pareto_filtered,"pareto_k_above_threshold_after_retries: k_max=1.13268, threshold=0.7","concat: mean, range; even: range; odd: mean, range",mean=lognormal; range=beta,16,5.0,2,1,2,551.1340182232,551.1340182232,20.412371045303704,4.08247420906074,0.0133216646188502,4.08247420906074,0.0133216646188502,-1096.9527381175042,1.03,143.0,83.0,0.9668031257330244,0,3,0.5407504603390314,0.0299999268196562,3.56735790113304,0.8623485665431864,3.0,3.0,4.0,0.0232770697015309,1.1326832339732225,2,True,"pareto_k_above_threshold_after_retries: k_max=1.13268, threshold=0.7",False,5,5,27,3,"[3, 21, 15]",230.45341226100567,"(27, 184)",,[],"{""feature_selection"": {""concat"": [""mean"", ""range""], ""even"": [""range""], ""odd"": [""mean"", ""range""]}, ""n_chunks"": 16, ""parameter_selection"": {""mean"": {""likelihood"": ""lognormal""}, ""range"": {""likelihood"": ""beta""}}, ""rem_profile_params"": {""rem_stage"": 2, ""step_size_hours"": 1, ""window_size_hours"": 2}, ""tau_threshold"": 5.0}",run_output_8day_rem_w2_s1_stage2,rem_w2_s1_stage2
93,6d540082585694ca,ok,,concat: mean; even: range; odd: range,mean=student_t; range=beta,16,5.0,2,1,2,355.0963763284307,355.0963763284307,12.244702632014851,4.081567544004951,0.0094374869283106,4.081567544004951,0.0094374869283106,-712.1566801707835,1.01,485.0,680.0,0.9462755100142576,0,6,0.1731375798377646,0.8627068577506722,6.5901846765035685,1.284100915083357,6.0,7.0,8.0,0.5304039052473867,0.6871452936049046,0,False,,False,3,3,29,1,[27],92.8942215339921,"(29, 184)",,[],"{""feature_selection"": {""concat"": [""mean""], ""even"": [""range""], ""odd"": [""range""]}, ""n_chunks"": 16, ""parameter_selection"": {""mean"": {""likelihood"": ""student_t""}, ""range"": {""likelihood"": ""beta""}}, ""rem_profile_params"": {""rem_stage"": 2, ""step_size_hours"": 1, ""window_size_hours"": 2}, ""tau_threshold"": 5.0}",run_output_8day_rem_w2_s1_stage2,rem_w2_s1_stage2
22,4d7caea0f414614f,ok,,concat: mean; even: range,mean=student_t; range=lognormal,16,5.0,2,2,2,244.85674839601265,244.85674839601265,8.161891613200421,4.08094580660021,0.0127663704102738,4.08094580660021,0.0127663704102738,-490.32632484347374,1.01,543.0,661.0,1.0549266442341163,0,8,0.1854040246472531,0.8001292163897162,6.69991426579772,1.6404597171952473,6.0,7.0,8.0,0.6372944397090334,0.6491024599529966,0,False,,False,2,2,30,0,[],15.534332612995058,"(30, 96)",,[],"{""feature_selection"": {""concat"": [""mean""], ""even"": [""range""]}, ""n_chunks"": 16, ""parameter_selection"": {""mean"": {""likelihood"": ""student_t""}, ""range"": {""likelihood"": ""lognormal""}}, ""rem_profile_params"": {""rem_stage"": 2, ""step_size_hours"": 2, ""window_size_hours"": 2}, ""tau_threshold"": 5.0}",run_output_8day_rem_w2_s2_stage2,rem_w2_s2_stage2
86,33e3d9381f6193f4,ok,,concat: mean; even: mean; odd: range,mean=student_t; range=lognormal,16,5.0,3,1,2,367.1658393665331,367.1658393665331,12.23886131221777,4.079620437405923,0.0099625971169037,4.079620437405923,0.0099625971169037,-734.5880341784879,1.01,1074.0,461.0,1.0641873980732697,0,8,0.8138732499337318,0.9816429726163493,7.863493505370505,0.6088240011216044,8.0,8.0,8.0,0.9666241890092075,0.5836409032732705,0,False,,False,3,3,30,0,[],35.747734510019654,"(30, 176)",,[],"{""feature_selection"": {""concat"": [""mean""], ""even"": [""mean""], ""odd"": [""range""]}, ""n_chunks"": 16, ""parameter_selection"": {""mean"": {""likelihood"": ""student_t""}, ""range"": {""likelihood"": ""lognormal""}}, ""rem_profile_params"": {""rem_stage"": 2, ""step_size_hours"": 1, ""window_size_hours"": 3}, ""tau_threshold"": 5.0}",run_output_8day_rem_w3_s1_stage2,rem_w3_s1_stage2
157,0726771d186dc92e,pareto_filtered,"pareto_k_above_threshold_after_retries: k_max=1.07114, threshold=0.7","concat: mean, range; odd: mean, range",mean=lognormal; range=beta,16,5.0,3,1,2,440.2956992611908,440.2956992611908,16.30724812078484,4.076812030196211,0.0168589667056786,4.076812030196211,0.0168589667056786,-883.9671059955009,1.01,1146.0,843.0,1.0008501893967845,0,8,0.823263549124477,0.9949822071115412,7.896911193610934,0.419682277048381,8.0,8.0,8.0,0.9944791164912776,1.07113960140763,4,True,"pareto_k_above_threshold_after_retries: k_max=1.07114, threshold=0.7",False,4,4,27,3,"[24, 3, 15]",312.22343420700054,"(27, 176)",,[],"{""feature_selection"": {""concat"": [""mean"", ""range""], ""odd"": [""mean"", ""range""]}, ""n_chunks"": 16, ""parameter_selection"": {""mean"": {""likelihood"": ""lognormal""}, ""range"": {""likelihood"": ""beta""}}, ""rem_profile_params"": {""rem_stage"": 2, ""step_size_hours"": 1, ""window_size_hours"": 3}, ""tau_threshold"": 5.0}",run_output_8day_rem_w3_s1_stage2,rem_w3_s1_stage2
20,7278ac5e7bf3bb8b,ok,,concat: mean; even: range,mean=lognormal; range=lognormal,16,5.0,6,1,2,220.12549917525476,220.12549917525476,8.152796265750176,4.076398132875088,0.0185803199785964,4.076398132875088,0.0185803199785964,-440.2408704017008,1.01,621.0,383.0,1.0391021712582806,0,8,0.6065622649643863,0.9050455982765372,7.49258625404278,1.3173069037074343,8.0,8.0,8.0,0.8819103603684013,0.6706889194162478,0,False,,False,2,2,27,3,"[3, 0, 24]",51.6712358329969,"(27, 152)",,[],"{""feature_selection"": {""concat"": [""mean""], ""even"": [""range""]}, ""n_chunks"": 16, ""parameter_selection"": {""mean"": {""likelihood"": ""lognormal""}, ""range"": {""likelihood"": ""lognormal""}}, ""rem_profile_params"": {""rem_stage"": 2, ""step_size_hours"": 1, ""window_size_hours"": 6}, ""tau_threshold"": 5.0}",run_output_8day_rem_w6_s1_stage2,rem_w6_s1_stage2
77,87b03b3e19f09a80,pareto_filtered,"pareto_k_above_threshold_after_retries: k_max=0.821454, threshold=0.7","concat: mean; even: mean, range",mean=lognormal; range=beta,16,5.0,2,2,2,328.25818492425566,328.25818492425566,12.15771055275021,4.05257018425007,0.0127818471589794,4.05257018425007,0.0127818471589794,-656.3573329146776,1.03,197.0,331.0,0.9787393373320036,0,8,0.2405734887041861,0.7409975451195864,6.565295084906627,1.888472150929935,5.0,8.0,8.0,0.6366279603236964,0.8214539390680867,1,True,"pareto_k_above_threshold_after_retries: k_max=0.821454, threshold=0.7",False,3,3,27,3,"[24, 3, 23]",127.5742728600162,"(27, 96)",,[],"{""feature_selection"": {""concat"": [""mean""], ""even"": [""mean"", ""range""]}, ""n_chunks"": 16, ""parameter_selection"": {""mean"": {""likelihood"": ""lognormal""}, ""range"": {""likelihood"": ""beta""}}, ""rem_profile_params"": {""rem_stage"": 2, ""step_size_hours"": 2, ""window_size_hours"": 2}, ""tau_threshold"": 5.0}",run_output_8day_rem_w2_s2_stage2,rem_w2_s2_stage2
148,f68bb61274b8c3ed,ok,,"concat: mean, range; even: mean; odd: range",mean=student_t; range=lognormal,16,5.0,2,2,2,453.75761202757104,453.75761202757104,16.20562900098468,4.05140725024617,0.0101299493803657,4.05140725024617,0.0101299493803657,-907.3870454208708,1.01,507.0,458.0,1.0377866050994742,0,8,0.5694978133065832,0.957394406892684,7.526564383286019,1.0674498376105956,8.0,8.0,8.0,0.8410245039314326,0.6767523032622946,0,False,,False,4,4,28,2,"[15, 3]",208.72073618500144,"(28, 96)",,[],"{""feature_selection"": {""concat"": [""mean"", ""range""], ""even"": [""mean""], ""odd"": [""range""]}, ""n_chunks"": 16, ""parameter_selection"": {""mean"": {""likelihood"": ""student_t""}, ""range"": {""likelihood"": ""lognormal""}}, ""rem_profile_params"": {""rem_stage"": 2, ""step_size_hours"": 2, ""window_size_hours"": 2}, ""tau_threshold"": 5.0}",run_output_8day_rem_w2_s2_stage2,rem_w2_s2_stage2
7,2b7c5cff87a510bc,pareto_filtered,"pareto_k_above_threshold_after_retries: k_max=0.791565, threshold=0.7","concat: mean, range; even: mean, range; odd: mean",mean=student_t; range=lognormal,16,5.0,2,2,2,546.5689457478392,546.5689457478392,20.243294286957006,4.048658857391402,0.010883631566957,4.048658857391402,0.010883631566957,-1096.8933731602378,1.02,175.0,101.0,0.9381767637160994,0,6,0.3495997419654836,0.9114962368191406,6.510478118397,1.3615741989889816,6.0,6.0,8.0,0.4114885837538591,0.7915654913738525,4,True,"pareto_k_above_threshold_after_retries: k_max=0.791565, threshold=0.7",False,5,5,27,3,"[3, 21, 15]",204.40771717697496,"(27, 96)",,[],"{""feature_selection"": {""concat"": [""mean"", ""range""], ""even"": [""mean"", ""range""], ""odd"": [""mean""]}, ""n_chunks"": 16, ""parameter_selection"": {""mean"": {""likelihood"": ""student_t""}, ""range"": {""likelihood"": ""lognormal""}}, ""rem_profile_params"": {""rem_stage"": 2, ""step_size_hours"": 2, ""window_size_hours"": 2}, ""tau_threshold"": 5.0}",run_output_8day_rem_w2_s2_stage2,rem_w2_s2_stage2
131,998e1a5a049bb198,ok,,"even: mean; odd: mean, range",mean=student_t; range=beta,16,5.0,2,1,2,352.06376685835363,352.06376685835363,12.140129891667367,4.046709963889122,0.0105705618713984,4.046709963889122,0.0105705618713984,-705.0302970928242,1.01,453.0,942.0,0.9869877833780556,0,8,0.2147826579420264,0.869762715909922,6.740695197707835,1.3162125453050055,6.0,7.0,8.0,0.5577233916726427,0.585527215411151,0,False,,False,3,3,29,1,[3],127.58224794000851,"(29, 184)",,[],"{""feature_selection"": {""even"": [""mean""], ""odd"": [""mean"", ""range""]}, ""n_chunks"": 16, ""parameter_selection"": {""mean"": {""likelihood"": ""student_t""}, ""range"": {""likelihood"": ""beta""}}, ""rem_profile_params"": {""rem_stage"": 2, ""step_size_hours"": 1, ""window_size_hours"": 2}, ""tau_threshold"": 5.0}",run_output_8day_rem_w2_s1_stage2,rem_w2_s1_stage2
12,6b598749cb7a0ea8,pareto_filtered,"pareto_k_above_threshold_after_retries: k_max=1.32008, threshold=0.7","concat: mean, range; even: mean; odd: mean, range",mean=lognormal; range=beta,16,5.0,2,2,2,545.998326390518,545.998326390518,20.22216023668585,4.04443204733717,0.0135848242101037,4.04443204733717,0.0135848242101037,-1092.203702582369,1.01,1612.0,1109.0,0.96804935170455,0,7,0.9889412913896412,1.0,7.002895193969492,0.0537306687199276,7.0,7.0,7.0,0.9999999135301388,1.3200809579644628,4,True,"pareto_k_above_threshold_after_retries: k_max=1.32008, threshold=0.7",False,5,5,27,3,"[3, 4, 21]",190.64915169499,"(27, 96)",,[],"{""feature_selection"": {""concat"": [""mean"", ""range""], ""even"": [""mean""], ""odd"": [""mean"", ""range""]}, ""n_chunks"": 16, ""parameter_selection"": {""mean"": {""likelihood"": ""lognormal""}, ""range"": {""likelihood"": ""beta""}}, ""rem_profile_params"": {""rem_stage"": 2, ""step_size_hours"": 2, ""window_size_hours"": 2}, ""tau_threshold"": 5.0}",run_output_8day_rem_w2_s2_stage2,rem_w2_s2_stage2
22,a0bf7cd3b962fe63,ok,,concat: mean; even: range,mean=student_t; range=lognormal,16,5.0,6,1,2,242.3991063879572,242.3991063879572,8.079970212931906,4.039985106465953,0.0154078192416273,4.039985106465953,0.0154078192416273,-484.4183179489688,1.01,664.0,462.0,1.079817506596391,0,8,0.3060250733598445,0.8677983092549982,7.038823556838864,1.4724808617959508,7.0,8.0,8.0,0.813239052778626,0.6729615636657023,0,False,,False,2,2,30,0,[],15.168148088007,"(30, 152)",,[],"{""feature_selection"": {""concat"": [""mean""], ""even"": [""range""]}, ""n_chunks"": 16, ""parameter_selection"": {""mean"": {""likelihood"": ""student_t""}, ""range"": {""likelihood"": ""lognormal""}}, ""rem_profile_params"": {""rem_stage"": 2, ""step_size_hours"": 1, ""window_size_hours"": 6}, ""tau_threshold"": 5.0}",run_output_8day_rem_w6_s1_stage2,rem_w6_s1_stage2
97,7f96c3e09be55648,pareto_filtered,"pareto_k_above_threshold_after_retries: k_max=0.731617, threshold=0.7","concat: mean; odd: mean, range",mean=student_t; range=beta,16,5.0,6,1,2,326.8807456304913,326.8807456304913,12.106694282610787,4.035564760870262,0.0118541763462874,4.035564760870262,0.0118541763462874,-653.8677350866582,1.01,508.0,618.0,1.0102839195891675,0,8,0.2422447764946473,0.8504465452935475,6.866107851274708,1.5389906836467806,6.0,8.0,8.0,0.6714798283748018,0.7316166230471517,1,True,"pareto_k_above_threshold_after_retries: k_max=0.731617, threshold=0.7",False,3,3,27,3,"[15, 29, 3]",195.5736735109822,"(27, 152)",,[],"{""feature_selection"": {""concat"": [""mean""], ""odd"": [""mean"", ""range""]}, ""n_chunks"": 16, ""parameter_selection"": {""mean"": {""likelihood"": ""student_t""}, ""range"": {""likelihood"": ""beta""}}, ""rem_profile_params"": {""rem_stage"": 2, ""step_size_hours"": 1, ""window_size_hours"": 6}, ""tau_threshold"": 5.0}",run_output_8day_rem_w6_s1_stage2,rem_w6_s1_stage2
117,11aaa0ba05bec980,pareto_filtered,"pareto_k_above_threshold_after_retries: k_max=0.960082, threshold=0.7","concat: range; odd: mean, range",mean=lognormal; range=beta,16,5.0,2,1,2,326.70891301736987,326.70891301736987,12.10033011175444,4.033443370584813,0.0125300962280249,4.033443370584813,0.0125300962280249,-654.4619904129418,1.05,99.0,266.0,0.868333959034941,0,4,0.2569872203381311,0.4365338025474684,5.312844930521947,1.6387575207235077,4.0,4.0,6.0,0.2424855183032637,0.9600823227744564,2,True,"pareto_k_above_threshold_after_retries: k_max=0.960082, threshold=0.7",False,3,3,27,3,"[3, 21, 0]",170.17431968500023,"(27, 184)",,[],"{""feature_selection"": {""concat"": [""range""], ""odd"": [""mean"", ""range""]}, ""n_chunks"": 16, ""parameter_selection"": {""mean"": {""likelihood"": ""lognormal""}, ""range"": {""likelihood"": ""beta""}}, ""rem_profile_params"": {""rem_stage"": 2, ""step_size_hours"": 1, ""window_size_hours"": 2}, ""tau_threshold"": 5.0}",run_output_8day_rem_w2_s1_stage2,rem_w2_s1_stage2
82,b302903ba10423c5,ok,,concat: mean; even: mean; odd: mean,mean=student_t,16,5.0,6,1,2,350.7243290787999,350.7243290787999,12.09394238202758,4.031314127342528,0.0116406250304927,4.031314127342528,0.0116406250304927,-701.135965539515,1.01,398.0,428.0,1.006959533930365,0,8,0.3758879809886527,0.865002625195767,7.13347256988544,1.4619926187856531,6.0,8.0,8.0,0.7388350472170905,0.5997324788932237,0,False,,False,3,3,29,1,[3],79.57690238798386,"(29, 152)",,[],"{""feature_selection"": {""concat"": [""mean""], ""even"": [""mean""], ""odd"": [""mean""]}, ""n_chunks"": 16, ""parameter_selection"": {""mean"": {""likelihood"": ""student_t""}}, ""rem_profile_params"": {""rem_stage"": 2, ""step_size_hours"": 1, ""window_size_hours"": 6}, ""tau_threshold"": 5.0}",run_output_8day_rem_w6_s1_stage2,rem_w6_s1_stage2
145,6ba72dc76722a3f6,pareto_filtered,"pareto_k_above_threshold_after_retries: k_max=0.726248, threshold=0.7","concat: mean, range; even: mean; odd: range",mean=lognormal; range=beta,16,5.0,3,1,2,435.16504192884696,435.16504192884696,16.11722377514248,4.029305943785619,0.0133913031007573,4.029305943785619,0.0133913031007573,-869.3032732315654,1.01,845.0,816.0,1.0355994982021643,0,8,0.7870569210689943,0.9998782967818982,7.874043217268393,0.3350429228598325,8.0,8.0,8.0,0.9993398388588294,0.726247779998127,1,True,"pareto_k_above_threshold_after_retries: k_max=0.726248, threshold=0.7",False,4,4,27,3,"[15, 24, 3]",251.6923378609936,"(27, 176)",,[],"{""feature_selection"": {""concat"": [""mean"", ""range""], ""even"": [""mean""], ""odd"": [""range""]}, ""n_chunks"": 16, ""parameter_selection"": {""mean"": {""likelihood"": ""lognormal""}, ""range"": {""likelihood"": ""beta""}}, ""rem_profile_params"": {""rem_stage"": 2, ""step_size_hours"": 1, ""window_size_hours"": 3}, ""tau_threshold"": 5.0}",run_output_8day_rem_w3_s1_stage2,rem_w3_s1_stage2
74,ddcba0dbc392a3c6,pareto_filtered,"pareto_k_above_threshold_after_retries: k_max=1.07972, threshold=0.7","concat: mean, range; odd: range",mean=lognormal; range=lognormal,16,5.0,3,1,2,326.01911613241805,326.01911613241805,12.074782078978446,4.024927359659483,0.0141192192949424,4.024927359659483,0.0141192192949424,-650.908690445525,1.07,68.0,385.0,1.0354946394408089,0,8,0.3080320829258622,0.5526962192045485,6.3143924154857,1.7799765349837362,5.0,8.0,8.0,0.5130009384104058,1.0797212641300002,2,True,"pareto_k_above_threshold_after_retries: k_max=1.07972, threshold=0.7",False,3,3,27,3,"[3, 0, 24]",63.99021240399452,"(27, 176)",,[],"{""feature_selection"": {""concat"": [""mean"", ""range""], ""odd"": [""range""]}, ""n_chunks"": 16, ""parameter_selection"": {""mean"": {""likelihood"": ""lognormal""}, ""range"": {""likelihood"": ""lognormal""}}, ""rem_profile_params"": {""rem_stage"": 2, ""step_size_hours"": 1, ""window_size_hours"": 3}, ""tau_threshold"": 5.0}",run_output_8day_rem_w3_s1_stage2,rem_w3_s1_stage2
4,29d3df6742ca5fc5,pareto_filtered,"pareto_k_above_threshold_after_retries: k_max=0.978142, threshold=0.7","concat: mean, range; even: mean, range; odd: mean",mean=lognormal; range=beta,16,5.0,2,2,2,543.3076719285048,543.3076719285048,20.1225063677224,4.02450127354448,0.0126612861300377,4.02450127354448,0.0126612861300377,-1084.3474257224696,1.01,1909.0,1252.0,0.9819204039251416,0,7,0.9838310143834852,0.999999999996491,7.004528394304543,0.0671488975550349,7.0,7.0,7.0,0.9999994567609712,0.978141929218554,2,True,"pareto_k_above_threshold_after_retries: k_max=0.978142, threshold=0.7",False,5,5,27,3,"[3, 21, 4]",157.94268065699725,"(27, 96)",,[],"{""feature_selection"": {""concat"": [""mean"", ""range""], ""even"": [""mean"", ""range""], ""odd"": [""mean""]}, ""n_chunks"": 16, ""parameter_selection"": {""mean"": {""likelihood"": ""lognormal""}, ""range"": {""likelihood"": ""beta""}}, ""rem_profile_params"": {""rem_stage"": 2, ""step_size_hours"": 2, ""window_size_hours"": 2}, ""tau_threshold"": 5.0}",run_output_8day_rem_w2_s2_stage2,rem_w2_s2_stage2
7,3fc1e0b605f4fd5c,pareto_filtered,"pareto_k_above_threshold_after_retries: k_max=0.790148, threshold=0.7","concat: mean, range; even: mean, range; odd: range",mean=lognormal; range=beta,16,5.0,2,1,2,542.8841572040268,542.8841572040268,20.10682063718618,4.021364127437234,0.0118237877525671,4.021364127437234,0.0118237877525671,-1079.2941918183203,1.08,38.0,89.0,0.9293321354280284,0,8,0.6000652657590103,0.9985151605615282,7.331759723139386,0.9372400915556112,6.0,8.0,8.0,0.6747041561738587,0.7901475998783145,4,True,"pareto_k_above_threshold_after_retries: k_max=0.790148, threshold=0.7",False,5,5,27,3,"[27, 3, 4]",196.45914105299744,"(27, 184)",,[],"{""feature_selection"": {""concat"": [""mean"", ""range""], ""even"": [""mean"", ""range""], ""odd"": [""range""]}, ""n_chunks"": 16, ""parameter_selection"": {""mean"": {""likelihood"": ""lognormal""}, ""range"": {""likelihood"": ""beta""}}, ""rem_profile_params"": {""rem_stage"": 2, ""step_size_hours"": 1, ""window_size_hours"": 2}, ""tau_threshold"": 5.0}",run_output_8day_rem_w2_s1_stage2,rem_w2_s1_stage2
38,da25d95105296032,ok,,concat: range; odd: mean,mean=student_t; range=lognormal,16,5.0,2,1,2,233.20124412651668,233.20124412651668,8.041422211259196,4.020711105629598,0.0156585047943066,4.020711105629598,0.0156585047943066,-466.5255983525302,1.01,456.0,598.0,0.9198961615890332,0,6,0.1238492386232757,0.7298682368035745,5.924778725654013,1.5882841357219943,5.0,6.0,7.0,0.3352936145105498,0.5324482129379199,0,False,,False,2,2,29,1,[3],33.86112266598502,"(29, 184)",,[],"{""feature_selection"": {""concat"": [""range""], ""odd"": [""mean""]}, ""n_chunks"": 16, ""parameter_selection"": {""mean"": {""likelihood"": ""student_t""}, ""range"": {""likelihood"": ""lognormal""}}, ""rem_profile_params"": {""rem_stage"": 2, ""step_size_hours"": 1, ""window_size_hours"": 2}, ""tau_threshold"": 5.0}",run_output_8day_rem_w2_s1_stage2,rem_w2_s1_stage2
10,bb35549582dc24f6,pareto_filtered,"pareto_k_above_threshold_after_retries: k_max=1.10968, threshold=0.7","concat: mean, range; even: mean; odd: mean, range",mean=student_t; range=lognormal,16,5.0,3,1,2,542.2501691103485,542.2501691103485,20.08333959667957,4.016667919335914,0.0128996318443218,4.016667919335914,0.0128996318443218,-1087.412079939759,1.01,474.0,314.0,1.0101855270106166,0,8,0.9134808722329478,0.9863994054679884,7.926706310876045,0.4870874237627079,8.0,8.0,8.0,0.9766572511151664,1.1096821953868596,3,True,"pareto_k_above_threshold_after_retries: k_max=1.10968, threshold=0.7",False,5,5,27,3,"[3, 0, 15]",222.8784601810039,"(27, 176)",,[],"{""feature_selection"": {""concat"": [""mean"", ""range""], ""even"": [""mean""], ""odd"": [""mean"", ""range""]}, ""n_chunks"": 16, ""parameter_selection"": {""mean"": {""likelihood"": ""student_t""}, ""range"": {""likelihood"": ""lognormal""}}, ""rem_profile_params"": {""rem_stage"": 2, ""step_size_hours"": 1, ""window_size_hours"": 3}, ""tau_threshold"": 5.0}",run_output_8day_rem_w3_s1_stage2,rem_w3_s1_stage2
158,3db3d311d8ff6bc1,pareto_filtered,"pareto_k_above_threshold_after_retries: k_max=1.65904, threshold=0.7","concat: mean, range; odd: mean, range",mean=lognormal; range=lognormal,16,5.0,3,1,2,433.6251941652952,433.6251941652952,16.060192376492413,4.015048094123104,0.015672737896351,4.015048094123104,0.015672737896351,-868.0116050089663,1.09,41.0,38.0,0.843109756319755,0,4,0.5003739745884744,0.2191239549735515,4.899054889158846,1.595623296748974,4.0,4.0,5.0,0.2008519683955146,1.6590440556925463,5,True,"pareto_k_above_threshold_after_retries: k_max=1.65904, threshold=0.7",False,4,4,27,3,"[3, 0, 24]",165.67039835697506,"(27, 176)",,[],"{""feature_selection"": {""concat"": [""mean"", ""range""], ""odd"": [""mean"", ""range""]}, ""n_chunks"": 16, ""parameter_selection"": {""mean"": {""likelihood"": ""lognormal""}, ""range"": {""likelihood"": ""lognormal""}}, ""rem_profile_params"": {""rem_stage"": 2, ""step_size_hours"": 1, ""window_size_hours"": 3}, ""tau_threshold"": 5.0}",run_output_8day_rem_w3_s1_stage2,rem_w3_s1_stage2
68,276c8643d4299a4d,pareto_filtered,"pareto_k_above_threshold_after_retries: k_max=0.800236, threshold=0.7","concat: mean, range; even: range",mean=student_t; range=lognormal,16,5.0,2,1,2,325.1555488254508,325.1555488254508,12.042798104646328,4.01426603488211,0.0113325855332069,4.01426603488211,0.0113325855332069,-650.7479263367918,1.01,555.0,360.0,0.9804709481137556,0,7,0.5322787150166621,0.9092905972009208,6.70127865125928,1.102507819417197,7.0,7.0,7.0,0.8542999220860584,0.8002362704034173,2,True,"pareto_k_above_threshold_after_retries: k_max=0.800236, threshold=0.7",False,3,3,27,3,"[27, 25, 23]",116.2925962599984,"(27, 184)",,[],"{""feature_selection"": {""concat"": [""mean"", ""range""], ""even"": [""range""]}, ""n_chunks"": 16, ""parameter_selection"": {""mean"": {""likelihood"": ""student_t""}, ""range"": {""likelihood"": ""lognormal""}}, ""rem_profile_params"": {""rem_stage"": 2, ""step_size_hours"": 1, ""window_size_hours"": 2}, ""tau_threshold"": 5.0}",run_output_8day_rem_w2_s1_stage2,rem_w2_s1_stage2
150,db4531d1154001db,pareto_filtered,"pareto_k_above_threshold_after_retries: k_max=0.829875, threshold=0.7","concat: mean, range; even: range; odd: mean",mean=lognormal; range=lognormal,16,5.0,2,2,2,432.9544268692905,432.9544268692905,16.035349143307055,4.008837285826764,0.0129041224853237,4.008837285826764,0.0129041224853237,-863.5156548570455,1.01,611.0,369.0,0.8906033793094864,0,7,0.4587765648676171,0.9829409377847816,6.74468149396154,0.6615923470173684,6.0,7.0,7.0,0.6819927701390621,0.829874876892056,5,True,"pareto_k_above_threshold_after_retries: k_max=0.829875, threshold=0.7",False,4,4,27,3,"[3, 21, 0]",107.20664761101943,"(27, 96)",,[],"{""feature_selection"": {""concat"": [""mean"", ""range""], ""even"": [""range""], ""odd"": [""mean""]}, ""n_chunks"": 16, ""parameter_selection"": {""mean"": {""likelihood"": ""lognormal""}, ""range"": {""likelihood"": ""lognormal""}}, ""rem_profile_params"": {""rem_stage"": 2, ""step_size_hours"": 2, ""window_size_hours"": 2}, ""tau_threshold"": 5.0}",run_output_8day_rem_w2_s2_stage2,rem_w2_s2_stage2
79,70ba092125f94d20,ok,,"concat: mean; even: mean, range",mean=student_t; range=beta,16,5.0,3,1,2,360.6310399800892,360.6310399800892,12.021034666002972,4.007011555334324,0.0098772312070669,4.007011555334324,0.0098772312070669,-721.5504762629281,1.02,360.0,582.0,1.0140839118983151,0,8,0.1424130575400413,0.7210992365590363,6.500026554371656,1.7595034118416275,5.0,7.0,8.0,0.6288655430824378,0.5960058660605398,0,False,,False,3,3,30,0,[],41.36914778599749,"(30, 176)",,[],"{""feature_selection"": {""concat"": [""mean""], ""even"": [""mean"", ""range""]}, ""n_chunks"": 16, ""parameter_selection"": {""mean"": {""likelihood"": ""student_t""}, ""range"": {""likelihood"": ""beta""}}, ""rem_profile_params"": {""rem_stage"": 2, ""step_size_hours"": 1, ""window_size_hours"": 3}, ""tau_threshold"": 5.0}",run_output_8day_rem_w3_s1_stage2,rem_w3_s1_stage2
150,a117eb609ca0c59d,pareto_filtered,"pareto_k_above_threshold_after_retries: k_max=0.966717, threshold=0.7","concat: mean, range; even: range; odd: mean",mean=lognormal; range=lognormal,16,5.0,2,1,2,432.73385786368624,432.73385786368624,16.02717992087727,4.006794980219317,0.0155237460821792,4.006794980219317,0.0155237460821792,-862.3298010298619,1.09,33.0,110.0,1.0037829371232714,0,8,0.4843668444401517,0.728681296993178,6.55917900324073,2.170084486701947,3.0,8.0,8.0,0.6957513508553502,0.9667171839590472,4,True,"pareto_k_above_threshold_after_retries: k_max=0.966717, threshold=0.7",False,4,4,27,3,"[3, 21, 27]",75.32819430300151,"(27, 184)",,[],"{""feature_selection"": {""concat"": [""mean"", ""range""], ""even"": [""range""], ""odd"": [""mean""]}, ""n_chunks"": 16, ""parameter_selection"": {""mean"": {""likelihood"": ""lognormal""}, ""range"": {""likelihood"": ""lognormal""}}, ""rem_profile_params"": {""rem_stage"": 2, ""step_size_hours"": 1, ""window_size_hours"": 2}, ""tau_threshold"": 5.0}",run_output_8day_rem_w2_s1_stage2,rem_w2_s1_stage2
106,3c6c364098ba4439,ok,,concat: range; even: mean; odd: mean,mean=student_t; range=lognormal,16,5.0,2,1,2,360.11394574520494,360.11394574520494,12.003798191506831,4.001266063835611,0.0127146398727015,4.001266063835611,0.0127146398727015,-719.7067576622813,1.01,498.0,440.0,1.0145160733971557,0,8,0.1817321372071603,0.8471076735869232,6.657281902435427,1.4914749142985686,6.0,7.0,8.0,0.6763729031689896,0.6545663783186892,0,False,,False,3,3,30,0,[],44.52613860799465,"(30, 184)",,[],"{""feature_selection"": {""concat"": [""range""], ""even"": [""mean""], ""odd"": [""mean""]}, ""n_chunks"": 16, ""parameter_selection"": {""mean"": {""likelihood"": ""student_t""}, ""range"": {""likelihood"": ""lognormal""}}, ""rem_profile_params"": {""rem_stage"": 2, ""step_size_hours"": 1, ""window_size_hours"": 2}, ""tau_threshold"": 5.0}",run_output_8day_rem_w2_s1_stage2,rem_w2_s1_stage2
162,e7f7ab3661c05e0b,pareto_filtered,"pareto_k_above_threshold_after_retries: k_max=1.50049, threshold=0.7","concat: mean; even: mean, range; odd: mean",mean=lognormal; range=lognormal,16,5.0,2,1,2,432.0905868832231,432.0905868832231,16.003355069749002,4.000838767437251,0.0158709269606171,4.000838767437251,0.0158709269606171,-864.8038278766154,1.05,96.0,352.0,0.9834013979561036,0,3,0.359077630732568,0.5324003802632793,5.472353104841496,2.322213256106217,3.0,7.0,8.0,0.5205741800204222,1.5004883866850505,5,True,"pareto_k_above_threshold_after_retries: k_max=1.50049, threshold=0.7",False,4,4,27,3,"[3, 21, 25]",125.8181933099986,"(27, 184)",,[],"{""feature_selection"": {""concat"": [""mean""], ""even"": [""mean"", ""range""], ""odd"": [""mean""]}, ""n_chunks"": 16, ""parameter_selection"": {""mean"": {""likelihood"": ""lognormal""}, ""range"": {""likelihood"": ""lognormal""}}, ""rem_profile_params"": {""rem_stage"": 2, ""step_size_hours"": 1, ""window_size_hours"": 2}, ""tau_threshold"": 5.0}",run_output_8day_rem_w2_s1_stage2,rem_w2_s1_stage2
28,82ee902e4f63ed61,ok,,concat: mean; odd: range,mean=student_t; range=lognormal,16,5.0,6,1,2,239.6431037079688,239.6431037079688,7.988103456932293,3.9940517284661454,0.0097661543415323,3.9940517284661454,0.0097661543415323,-479.6506485723571,1.01,643.0,911.0,1.0045141470795826,0,8,0.282749487848942,0.9479904355703715,6.918566750430649,1.0404298490126955,6.0,7.0,8.0,0.6274250872790829,0.6074404031281121,0,False,,False,2,2,30,0,[],15.795005631982349,"(30, 152)",,[],"{""feature_selection"": {""concat"": [""mean""], ""odd"": [""range""]}, ""n_chunks"": 16, ""parameter_selection"": {""mean"": {""likelihood"": ""student_t""}, ""range"": {""likelihood"": ""lognormal""}}, ""rem_profile_params"": {""rem_stage"": 2, ""step_size_hours"": 1, ""window_size_hours"": 6}, ""tau_threshold"": 5.0}",run_output_8day_rem_w6_s1_stage2,rem_w6_s1_stage2
142,2a8698ee919a6d5f,pareto_filtered,"pareto_k_above_threshold_after_retries: k_max=1.49477, threshold=0.7","concat: mean, range; even: mean; odd: mean",mean=lognormal; range=lognormal,16,5.0,3,1,2,431.11648979717313,431.11648979717313,15.967277399895302,3.991819349973825,0.0193529094726563,3.991819349973825,0.0193529094726563,-866.981457777584,1.02,289.0,83.0,1.0399143509725983,0,8,0.8120381695474927,0.9850346356707969,7.867115668422276,0.594273757928614,8.0,8.0,8.0,0.9695000890478565,1.4947726031679207,4,True,"pareto_k_above_threshold_after_retries: k_max=1.49477, threshold=0.7",False,4,4,27,3,"[3, 21, 27]",145.5557735080074,"(27, 176)",,[],"{""feature_selection"": {""concat"": [""mean"", ""range""], ""even"": [""mean""], ""odd"": [""mean""]}, ""n_chunks"": 16, ""parameter_selection"": {""mean"": {""likelihood"": ""lognormal""}, ""range"": {""likelihood"": ""lognormal""}}, ""rem_profile_params"": {""rem_stage"": 2, ""step_size_hours"": 1, ""window_size_hours"": 3}, ""tau_threshold"": 5.0}",run_output_8day_rem_w3_s1_stage2,rem_w3_s1_stage2
83,fdf9aa97e2391b50,pareto_filtered,"pareto_k_above_threshold_after_retries: k_max=1.03326, threshold=0.7",concat: mean; even: mean; odd: range,mean=lognormal; range=beta,16,5.0,3,1,2,323.2812247855205,323.2812247855205,11.97337869576002,3.991126231920007,0.0150536928769754,3.991126231920007,0.0150536928769754,-646.5885234475594,1.01,488.0,286.0,1.0259093632136562,0,8,0.756076213758719,0.948142470936407,7.746591927997175,0.9322522368047392,8.0,8.0,8.0,0.9404334413332596,1.0332620251827864,1,True,"pareto_k_above_threshold_after_retries: k_max=1.03326, threshold=0.7",False,3,3,27,3,"[24, 15, 3]",117.19906835700384,"(27, 176)",,[],"{""feature_selection"": {""concat"": [""mean""], ""even"": [""mean""], ""odd"": [""range""]}, ""n_chunks"": 16, ""parameter_selection"": {""mean"": {""likelihood"": ""lognormal""}, ""range"": {""likelihood"": ""beta""}}, ""rem_profile_params"": {""rem_stage"": 2, ""step_size_hours"": 1, ""window_size_hours"": 3}, ""tau_threshold"": 5.0}",run_output_8day_rem_w3_s1_stage2,rem_w3_s1_stage2
30,7c6b22371c41a16d,pareto_filtered,"pareto_k_above_threshold_after_retries: k_max=1.05813, threshold=0.7","concat: mean, range; even: mean, range; odd: mean, range",mean=student_t; range=lognormal,16,5.0,2,1,2,646.3605343903396,646.3605343903396,23.939279051494054,3.989879841915677,0.0098994803167778,3.989879841915677,0.0098994803167778,-1293.777847511264,1.09,35.0,53.0,1.014309895245563,0,8,0.3904016795802816,0.7697106090309181,6.727524692029418,1.991253711155824,6.0,8.0,8.0,0.7411030392649248,1.0581322252925622,3,True,"pareto_k_above_threshold_after_retries: k_max=1.05813, threshold=0.7",False,6,6,27,3,"[3, 21, 23]",378.80226551400847,"(27, 184)",,[],"{""feature_selection"": {""concat"": [""mean"", ""range""], ""even"": [""mean"", ""range""], ""odd"": [""mean"", ""range""]}, ""n_chunks"": 16, ""parameter_selection"": {""mean"": {""likelihood"": ""student_t""}, ""range"": {""likelihood"": ""lognormal""}}, ""rem_profile_params"": {""rem_stage"": 2, ""step_size_hours"": 1, ""window_size_hours"": 2}, ""tau_threshold"": 5.0}",run_output_8day_rem_w2_s1_stage2,rem_w2_s1_stage2
137,1d04ce51a0c0b0fa,ok,,"concat: mean, range; even: mean, range",mean=lognormal; range=beta,16,5.0,2,2,2,430.4804696911564,430.4804696911564,15.94372109967246,3.985930274918114,0.0114641584250999,3.985930274918114,0.0114641584250999,-858.3322621321121,1.01,1107.0,1115.0,0.9523732410550964,0,7,0.9304989657886684,0.9999998554018736,7.026973843262092,0.1622019228516837,7.0,7.0,7.0,0.9999686853172702,0.6433347243533515,0,False,,False,4,4,27,3,"[4, 3, 24]",235.7677558540017,"(27, 96)",,[],"{""feature_selection"": {""concat"": [""mean"", ""range""], ""even"": [""mean"", ""range""]}, ""n_chunks"": 16, ""parameter_selection"": {""mean"": {""likelihood"": ""lognormal""}, ""range"": {""likelihood"": ""beta""}}, ""rem_profile_params"": {""rem_stage"": 2, ""step_size_hours"": 2, ""window_size_hours"": 2}, ""tau_threshold"": 5.0}",run_output_8day_rem_w2_s2_stage2,rem_w2_s2_stage2
176,913b40e258a4ed11,pareto_filtered,"pareto_k_above_threshold_after_retries: k_max=0.785573, threshold=0.7","concat: mean; even: range; odd: mean, range",mean=student_t; range=lognormal,16,5.0,2,1,2,430.0319811619615,430.0319811619615,15.92711041340598,3.981777603351495,0.0114264368970144,3.981777603351495,0.0114264368970144,-860.2812360936762,1.02,256.0,242.0,0.9908239196515604,0,8,0.4503575835037092,0.866621933559016,7.225229997617785,1.5143713686058753,7.0,8.0,8.0,0.7944857036436684,0.7855732789021207,3,True,"pareto_k_above_threshold_after_retries: k_max=0.785573, threshold=0.7",False,4,4,27,3,"[27, 21, 3]",436.1633234379988,"(27, 184)",,[],"{""feature_selection"": {""concat"": [""mean""], ""even"": [""range""], ""odd"": [""mean"", ""range""]}, ""n_chunks"": 16, ""parameter_selection"": {""mean"": {""likelihood"": ""student_t""}, ""range"": {""likelihood"": ""lognormal""}}, ""rem_profile_params"": {""rem_stage"": 2, ""step_size_hours"": 1, ""window_size_hours"": 2}, ""tau_threshold"": 5.0}",run_output_8day_rem_w2_s1_stage2,rem_w2_s1_stage2
169,a84b6b6049dbca57,pareto_filtered,"pareto_k_above_threshold_after_retries: k_max=0.8595, threshold=0.7","concat: mean; even: mean; odd: mean, range",mean=lognormal; range=beta,16,5.0,2,2,2,429.1580803996221,429.1580803996221,15.894743718504523,3.973685929626131,0.0151905505752843,3.973685929626131,0.0151905505752843,-860.9212039528522,1.01,450.0,223.0,1.028994124225102,0,8,0.7526522820102379,0.9969290997441076,7.830954688422886,0.5356050733597516,8.0,8.0,8.0,0.9539880679289088,0.8594998084860662,2,True,"pareto_k_above_threshold_after_retries: k_max=0.8595, threshold=0.7",False,4,4,27,3,"[3, 21, 27]",236.654502217978,"(27, 96)",,[],"{""feature_selection"": {""concat"": [""mean""], ""even"": [""mean""], ""odd"": [""mean"", ""range""]}, ""n_chunks"": 16, ""parameter_selection"": {""mean"": {""likelihood"": ""lognormal""}, ""range"": {""likelihood"": ""beta""}}, ""rem_profile_params"": {""rem_stage"": 2, ""step_size_hours"": 2, ""window_size_hours"": 2}, ""tau_threshold"": 5.0}",run_output_8day_rem_w2_s2_stage2,rem_w2_s2_stage2
13,d4a3c8443be2973b,ok,,"concat: mean, range; even: range; odd: mean, range",mean=student_t; range=beta,16,5.0,3,1,2,536.300022009329,536.300022009329,19.862963778123294,3.97259275562466,0.0111374334351503,3.97259275562466,0.0111374334351503,-1071.645038281901,1.01,629.0,464.0,0.9377327092642884,0,8,0.758930371958633,0.995438444433689,7.846045768508208,0.4663004771199786,8.0,8.0,8.0,0.9921533051757142,0.6900222173982672,0,False,,False,5,5,27,3,"[15, 3, 27]",299.16065202100435,"(27, 176)",,[],"{""feature_selection"": {""concat"": [""mean"", ""range""], ""even"": [""range""], ""odd"": [""mean"", ""range""]}, ""n_chunks"": 16, ""parameter_selection"": {""mean"": {""likelihood"": ""student_t""}, ""range"": {""likelihood"": ""beta""}}, ""rem_profile_params"": {""rem_stage"": 2, ""step_size_hours"": 1, ""window_size_hours"": 3}, ""tau_threshold"": 5.0}",run_output_8day_rem_w3_s1_stage2,rem_w3_s1_stage2
145,2b3354d6c037e310,pareto_filtered,"pareto_k_above_threshold_after_retries: k_max=1.02372, threshold=0.7","concat: mean, range; even: mean; odd: range",mean=lognormal; range=beta,16,5.0,2,2,2,429.00865960675054,429.00865960675054,15.889209615064836,3.972302403766209,0.0134284741020915,3.972302403766209,0.0134284741020915,-858.4716464880295,1.01,1792.0,1064.0,0.9192321478418676,0,7,0.9938733468577984,0.9999999999995248,7.00143589419084,0.0380610265254164,7.0,7.0,7.0,0.9999925953302662,1.0237168373665533,4,True,"pareto_k_above_threshold_after_retries: k_max=1.02372, threshold=0.7",False,4,4,27,3,"[4, 3, 21]",264.6803957000084,"(27, 96)",,[],"{""feature_selection"": {""concat"": [""mean"", ""range""], ""even"": [""mean""], ""odd"": [""range""]}, ""n_chunks"": 16, ""parameter_selection"": {""mean"": {""likelihood"": ""lognormal""}, ""range"": {""likelihood"": ""beta""}}, ""rem_profile_params"": {""rem_stage"": 2, ""step_size_hours"": 2, ""window_size_hours"": 2}, ""tau_threshold"": 5.0}",run_output_8day_rem_w2_s2_stage2,rem_w2_s2_stage2
38,dea9249935761438,ok,,concat: range; odd: mean,mean=student_t; range=lognormal,16,5.0,2,2,2,214.4137111803545,214.4137111803545,7.941248562235353,3.9706242811176766,0.017706046416023,3.9706242811176766,0.017706046416023,-429.393293541784,1.0,876.0,694.0,0.9841364661136104,0,6,0.386860265769773,0.8767274659362604,6.0033508201920105,1.031797141146568,6.0,6.0,6.0,0.2151191759358942,0.4763880827131795,0,False,,False,2,2,27,3,"[15, 3, 21]",74.93324144399958,"(27, 96)",,[],"{""feature_selection"": {""concat"": [""range""], ""odd"": [""mean""]}, ""n_chunks"": 16, ""parameter_selection"": {""mean"": {""likelihood"": ""student_t""}, ""range"": {""likelihood"": ""lognormal""}}, ""rem_profile_params"": {""rem_stage"": 2, ""step_size_hours"": 2, ""window_size_hours"": 2}, ""tau_threshold"": 5.0}",run_output_8day_rem_w2_s2_stage2,rem_w2_s2_stage2
13,efacc544ea9ce316,pareto_filtered,"pareto_k_above_threshold_after_retries: k_max=0.92868, threshold=0.7","concat: mean, range; even: mean; odd: mean, range",mean=lognormal; range=lognormal,16,5.0,2,2,2,536.0092537750705,536.0092537750705,19.85219458426187,3.970438916852374,0.0118182199196742,3.970438916852374,0.0118182199196742,-1063.0808956789483,1.03,148.0,314.0,1.0018876004338622,0,8,0.4288964571477801,0.979639227434852,7.375627961982584,0.8048317348567374,7.0,8.0,8.0,0.8905686934556468,0.9286802070476372,6,True,"pareto_k_above_threshold_after_retries: k_max=0.92868, threshold=0.7",False,5,5,27,3,"[21, 3, 0]",153.26893548798398,"(27, 96)",,[],"{""feature_selection"": {""concat"": [""mean"", ""range""], ""even"": [""mean""], ""odd"": [""mean"", ""range""]}, ""n_chunks"": 16, ""parameter_selection"": {""mean"": {""likelihood"": ""lognormal""}, ""range"": {""likelihood"": ""lognormal""}}, ""rem_profile_params"": {""rem_stage"": 2, ""step_size_hours"": 2, ""window_size_hours"": 2}, ""tau_threshold"": 5.0}",run_output_8day_rem_w2_s2_stage2,rem_w2_s2_stage2
35,6e0fa4f37eeb70df,pareto_filtered,"pareto_k_above_threshold_after_retries: k_max=1.0509, threshold=0.7",concat: range; odd: mean,mean=lognormal; range=beta,16,5.0,3,1,2,214.3886514001229,214.3886514001229,7.940320422226774,3.970160211113387,0.0184844663448883,3.970160211113387,0.0184844663448883,-428.959418234526,1.01,375.0,342.0,0.9111608495314558,0,7,0.4019185046141187,0.9035609587333768,7.013915444369732,1.130754609215284,7.0,7.0,8.0,0.8847650044794881,1.0508962530975383,1,True,"pareto_k_above_threshold_after_retries: k_max=1.0509, threshold=0.7",False,2,2,27,3,"[3, 21, 0]",69.88851008398342,"(27, 176)",,[],"{""feature_selection"": {""concat"": [""range""], ""odd"": [""mean""]}, ""n_chunks"": 16, ""parameter_selection"": {""mean"": {""likelihood"": ""lognormal""}, ""range"": {""likelihood"": ""beta""}}, ""rem_profile_params"": {""rem_stage"": 2, ""step_size_hours"": 1, ""window_size_hours"": 3}, ""tau_threshold"": 5.0}",run_output_8day_rem_w3_s1_stage2,rem_w3_s1_stage2
89,a9e5de30ff6ad1d0,pareto_filtered,"pareto_k_above_threshold_after_retries: k_max=0.881066, threshold=0.7",concat: mean; even: range; odd: mean,mean=student_t; range=beta,16,5.0,6,1,2,321.39175495264294,321.39175495264294,11.903398331579368,3.9677994438597888,0.0134597535777418,3.9677994438597888,0.0134597535777418,-641.2535005148751,1.02,181.0,314.0,0.9364091140422932,0,3,0.2476825841417371,0.5563221295485165,5.561937085072621,2.205575121391936,3.0,6.0,8.0,0.4083647451369963,0.8810656014778776,1,True,"pareto_k_above_threshold_after_retries: k_max=0.881066, threshold=0.7",False,3,3,27,3,"[26, 28, 3]",210.09332566300876,"(27, 152)",,[],"{""feature_selection"": {""concat"": [""mean""], ""even"": [""range""], ""odd"": [""mean""]}, ""n_chunks"": 16, ""parameter_selection"": {""mean"": {""likelihood"": ""student_t""}, ""range"": {""likelihood"": ""beta""}}, ""rem_profile_params"": {""rem_stage"": 2, ""step_size_hours"": 1, ""window_size_hours"": 6}, ""tau_threshold"": 5.0}",run_output_8day_rem_w6_s1_stage2,rem_w6_s1_stage2
15,d1015285ac276109,ok,,"concat: mean, range",mean=student_t; range=beta,16,5.0,6,1,2,237.6650534052972,237.6650534052972,7.922168446843241,3.961084223421621,0.0120925595176533,3.961084223421621,0.0120925595176533,-475.61198525600656,1.0,1250.0,944.0,0.9260948068469144,0,5,0.527910826022074,0.2847531557974988,5.185443213263052,0.696500493658121,5.0,5.0,6.0,0.0069426319077852,0.5079051352616011,0,False,,False,2,2,30,0,[],19.25997263399768,"(30, 152)",,[],"{""feature_selection"": {""concat"": [""mean"", ""range""]}, ""n_chunks"": 16, ""parameter_selection"": {""mean"": {""likelihood"": ""student_t""}, ""range"": {""likelihood"": ""beta""}}, ""rem_profile_params"": {""rem_stage"": 2, ""step_size_hours"": 1, ""window_size_hours"": 6}, ""tau_threshold"": 5.0}",run_output_8day_rem_w6_s1_stage2,rem_w6_s1_stage2
32,01ae05e0cc6a21a8,ok,,concat: range; even: mean,mean=student_t; range=lognormal,16,5.0,2,1,2,237.65213537562275,237.65213537562275,7.921737845854092,3.960868922927046,0.0088164586609462,3.960868922927046,0.0088164586609462,-475.68260714649216,1.0,648.0,658.0,1.0393364219802386,0,7,0.1629917506171749,0.7993274233146865,6.423566990174033,1.5175245927720635,6.0,7.0,7.0,0.6555533418634323,0.6883588153891739,0,False,,False,2,2,30,0,[],16.345662128995173,"(30, 184)",,[],"{""feature_selection"": {""concat"": [""range""], ""even"": [""mean""]}, ""n_chunks"": 16, ""parameter_selection"": {""mean"": {""likelihood"": ""student_t""}, ""range"": {""likelihood"": ""lognormal""}}, ""rem_profile_params"": {""rem_stage"": 2, ""step_size_hours"": 1, ""window_size_hours"": 2}, ""tau_threshold"": 5.0}",run_output_8day_rem_w2_s1_stage2,rem_w2_s1_stage2
185,b9204adb74924210,pareto_filtered,"pareto_k_above_threshold_after_retries: k_max=1.09423, threshold=0.7","concat: range; even: mean; odd: mean, range",mean=lognormal; range=beta,16,5.0,2,1,2,427.36293460701614,427.36293460701614,15.828256837296896,3.957064209324224,0.01230699903851,3.957064209324224,0.01230699903851,-856.6909444543318,1.01,257.0,197.0,0.9988443152597624,0,8,0.6113174940790188,0.92936247395255,7.524469612993716,1.1546628602951512,8.0,8.0,8.0,0.8406365106602801,1.0942272075494222,1,True,"pareto_k_above_threshold_after_retries: k_max=1.09423, threshold=0.7",False,4,4,27,3,"[3, 21, 27]",335.672727371013,"(27, 184)",,[],"{""feature_selection"": {""concat"": [""range""], ""even"": [""mean""], ""odd"": [""mean"", ""range""]}, ""n_chunks"": 16, ""parameter_selection"": {""mean"": {""likelihood"": ""lognormal""}, ""range"": {""likelihood"": ""beta""}}, ""rem_profile_params"": {""rem_stage"": 2, ""step_size_hours"": 1, ""window_size_hours"": 2}, ""tau_threshold"": 5.0}",run_output_8day_rem_w2_s1_stage2,rem_w2_s1_stage2
6,edb32ab89a92ef07,ok,,even: mean,mean=student_t,16,5.0,2,2,2,118.57994772874412,118.57994772874412,3.9526649242914704,3.9526649242914704,0.0126652252052123,3.9526649242914704,0.0126652252052123,-237.32263530260977,1.0,790.0,990.0,0.9899499785203624,0,8,0.0494996325938271,0.6610713988289562,6.128948832685149,1.7659657743341195,5.0,7.0,8.0,0.5171611817035155,0.4319531140736099,0,False,,False,1,1,30,0,[],10.9147141680005,"(30, 96)",,[],"{""feature_selection"": {""even"": [""mean""]}, ""n_chunks"": 16, ""parameter_selection"": {""mean"": {""likelihood"": ""student_t""}}, ""rem_profile_params"": {""rem_stage"": 2, ""step_size_hours"": 2, ""window_size_hours"": 2}, ""tau_threshold"": 5.0}",run_output_8day_rem_w2_s2_stage2,rem_w2_s2_stage2
106,8fa0b9fc44f63627,ok,,concat: range; even: mean; odd: mean,mean=student_t; range=lognormal,16,5.0,2,2,2,320.1147671074998,320.1147671074998,11.856102485462957,3.952034161820984,0.0119606590579313,3.952034161820984,0.0119606590579313,-641.9868894760564,1.02,446.0,327.0,0.8568801201995709,0,6,0.2935291424829388,0.8641274744092899,6.095225623830862,1.2593261416571728,6.0,6.0,7.0,0.2971450146524912,0.692931292146101,0,False,,False,3,3,27,3,"[15, 21, 3]",166.27129748501466,"(27, 96)",,[],"{""feature_selection"": {""concat"": [""range""], ""even"": [""mean""], ""odd"": [""mean""]}, ""n_chunks"": 16, ""parameter_selection"": {""mean"": {""likelihood"": ""student_t""}, ""range"": {""likelihood"": ""lognormal""}}, ""rem_profile_params"": {""rem_stage"": 2, ""step_size_hours"": 2, ""window_size_hours"": 2}, ""tau_threshold"": 5.0}",run_output_8day_rem_w2_s2_stage2,rem_w2_s2_stage2
13,114b012c80fd1c02,ok,,"concat: mean, range",mean=lognormal; range=beta,16,5.0,6,1,2,221.18610598979205,221.18610598979205,7.899503785349716,3.9497518926748576,0.0154902918411578,3.9497518926748576,0.0154902918411578,-442.5935362539465,1.01,1234.0,900.0,0.9983691422960496,0,5,0.5785027578582971,0.2338095485241193,5.182227621424059,0.6110480577356845,5.0,5.0,5.0,0.0139536091383151,0.6133538818409999,0,False,,False,2,2,28,2,"[0, 24]",42.59721685099066,"(28, 152)",,[],"{""feature_selection"": {""concat"": [""mean"", ""range""]}, ""n_chunks"": 16, ""parameter_selection"": {""mean"": {""likelihood"": ""lognormal""}, ""range"": {""likelihood"": ""beta""}}, ""rem_profile_params"": {""rem_stage"": 2, ""step_size_hours"": 1, ""window_size_hours"": 6}, ""tau_threshold"": 5.0}",run_output_8day_rem_w6_s1_stage2,rem_w6_s1_stage2
36,211a441b3a88a41b,ok,,concat: range; odd: mean,mean=lognormal; range=lognormal,16,5.0,2,1,2,220.9291375184258,220.9291375184258,7.890326339943778,3.945163169971889,0.0160790323776811,3.945163169971889,0.0160790323776811,-440.9262448778002,1.01,303.0,542.0,1.0039257950816411,0,8,0.2627396511253324,0.6686096043684264,6.092060123699098,2.149095107241224,3.0,7.0,8.0,0.536242316312429,0.6033712536960013,0,False,,False,2,2,28,2,"[3, 21]",24.202139679982796,"(28, 184)",,[],"{""feature_selection"": {""concat"": [""range""], ""odd"": [""mean""]}, ""n_chunks"": 16, ""parameter_selection"": {""mean"": {""likelihood"": ""lognormal""}, ""range"": {""likelihood"": ""lognormal""}}, ""rem_profile_params"": {""rem_stage"": 2, ""step_size_hours"": 1, ""window_size_hours"": 2}, ""tau_threshold"": 5.0}",run_output_8day_rem_w2_s1_stage2,rem_w2_s1_stage2
19,51516530ece887da,ok,,concat: mean; even: range,mean=lognormal; range=beta,16,5.0,6,1,2,212.741976874805,212.741976874805,7.87933247684463,3.939666238422315,0.0150480552836346,3.939666238422315,0.0150480552836346,-425.6641597307526,1.0,415.0,337.0,0.9924532283151424,0,8,0.3464041558252575,0.7934765282814036,6.88940252560689,1.7912877598217902,6.0,8.0,8.0,0.7271780327066458,0.5895440791249299,0,False,,False,2,2,27,3,"[0, 24, 3]",78.5130059759831,"(27, 152)",,[],"{""feature_selection"": {""concat"": [""mean""], ""even"": [""range""]}, ""n_chunks"": 16, ""parameter_selection"": {""mean"": {""likelihood"": ""lognormal""}, ""range"": {""likelihood"": ""beta""}}, ""rem_profile_params"": {""rem_stage"": 2, ""step_size_hours"": 1, ""window_size_hours"": 6}, ""tau_threshold"": 5.0}",run_output_8day_rem_w6_s1_stage2,rem_w6_s1_stage2
77,d84a27536b554d70,pareto_filtered,"pareto_k_above_threshold_after_retries: k_max=0.797559, threshold=0.7","concat: mean; even: mean, range",mean=lognormal; range=beta,16,5.0,3,1,2,319.0368131318514,319.0368131318514,11.816178264142644,3.938726088047548,0.0138053588345242,3.938726088047548,0.0138053588345242,-639.8139553417003,1.01,387.0,725.0,0.8694164048567471,0,5,0.2381950987985368,0.4229010050424742,5.943699918311307,1.6016963982038332,5.0,5.0,8.0,0.3752366935923787,0.7975590249085099,2,True,"pareto_k_above_threshold_after_retries: k_max=0.797559, threshold=0.7",False,3,3,27,3,"[24, 3, 27]",103.43047081501572,"(27, 176)",,[],"{""feature_selection"": {""concat"": [""mean""], ""even"": [""mean"", ""range""]}, ""n_chunks"": 16, ""parameter_selection"": {""mean"": {""likelihood"": ""lognormal""}, ""range"": {""likelihood"": ""beta""}}, ""rem_profile_params"": {""rem_stage"": 2, ""step_size_hours"": 1, ""window_size_hours"": 3}, ""tau_threshold"": 5.0}",run_output_8day_rem_w3_s1_stage2,rem_w3_s1_stage2
169,9585cacfda576c9c,pareto_filtered,"pareto_k_above_threshold_after_retries: k_max=1.29271, threshold=0.7","concat: mean; even: mean; odd: mean, range",mean=lognormal; range=beta,16,5.0,3,1,2,424.9711346993082,424.9711346993082,15.739671655529934,3.934917913882484,0.0153773772484545,3.934917913882484,0.0153773772484545,-845.9587825203919,1.01,237.0,228.0,0.983943564198415,0,6,0.2526842529395878,0.7332663917787818,5.70636364647359,1.2123880256031772,5.0,6.0,6.0,0.2218788510757293,1.2927113358174662,3,True,"pareto_k_above_threshold_after_retries: k_max=1.29271, threshold=0.7",False,4,4,27,3,"[3, 15, 0]",260.57300995400874,"(27, 176)",,[],"{""feature_selection"": {""concat"": [""mean""], ""even"": [""mean""], ""odd"": [""mean"", ""range""]}, ""n_chunks"": 16, ""parameter_selection"": {""mean"": {""likelihood"": ""lognormal""}, ""range"": {""likelihood"": ""beta""}}, ""rem_profile_params"": {""rem_stage"": 2, ""step_size_hours"": 1, ""window_size_hours"": 3}, ""tau_threshold"": 5.0}",run_output_8day_rem_w3_s1_stage2,rem_w3_s1_stage2
139,7808690b7064816e,ok,,"concat: mean, range; even: mean, range",mean=student_t; range=beta,16,5.0,3,1,2,471.6545187557439,471.6545187557439,15.721817291858128,3.930454322964533,0.0084878893737602,3.930454322964533,0.0084878893737602,-944.5505495236916,1.01,870.0,788.0,0.9460175283386056,0,7,0.6764443822768609,0.9973498152058544,7.207124369549981,0.4566751986704506,7.0,7.0,7.0,0.9919782053780009,0.6266427797272237,0,False,,False,4,4,30,0,[],82.05151942500379,"(30, 176)",,[],"{""feature_selection"": {""concat"": [""mean"", ""range""], ""even"": [""mean"", ""range""]}, ""n_chunks"": 16, ""parameter_selection"": {""mean"": {""likelihood"": ""student_t""}, ""range"": {""likelihood"": ""beta""}}, ""rem_profile_params"": {""rem_stage"": 2, ""step_size_hours"": 1, ""window_size_hours"": 3}, ""tau_threshold"": 5.0}",run_output_8day_rem_w3_s1_stage2,rem_w3_s1_stage2
46,59b4b6b54162698a,ok,,even: mean; odd: mean,mean=student_t,16,5.0,3,1,2,227.7527871814536,227.7527871814536,7.853544385567365,3.9267721927836825,0.0132247776547471,3.9267721927836825,0.0132247776547471,-455.52770977659975,1.0,597.0,1040.0,1.0245648744286942,0,8,0.0664139575528918,0.6794438785962474,6.21756659783565,1.709798825526923,5.0,6.0,8.0,0.492103642479901,0.5181014145705416,0,False,,False,2,2,29,1,[3],43.044482074998086,"(29, 176)",,[],"{""feature_selection"": {""even"": [""mean""], ""odd"": [""mean""]}, ""n_chunks"": 16, ""parameter_selection"": {""mean"": {""likelihood"": ""student_t""}}, ""rem_profile_params"": {""rem_stage"": 2, ""step_size_hours"": 1, ""window_size_hours"": 3}, ""tau_threshold"": 5.0}",run_output_8day_rem_w3_s1_stage2,rem_w3_s1_stage2
164,06ee7d42fabafc0b,ok,,"concat: mean; even: mean, range; odd: mean",mean=student_t; range=lognormal,16,5.0,2,2,2,470.99816738529023,470.99816738529023,15.699938912843008,3.924984728210752,0.0127891483804511,3.924984728210752,0.0127891483804511,-942.386172622059,1.01,426.0,562.0,1.00028020278873,0,8,0.3810050768852834,0.9336854806023888,7.1967475300237735,1.223232807946225,6.0,8.0,8.0,0.7211566197887189,0.6460952705520103,0,False,,False,4,4,30,0,[],84.49833005899563,"(30, 96)",,[],"{""feature_selection"": {""concat"": [""mean""], ""even"": [""mean"", ""range""], ""odd"": [""mean""]}, ""n_chunks"": 16, ""parameter_selection"": {""mean"": {""likelihood"": ""student_t""}, ""range"": {""likelihood"": ""lognormal""}}, ""rem_profile_params"": {""rem_stage"": 2, ""step_size_hours"": 2, ""window_size_hours"": 2}, ""tau_threshold"": 5.0}",run_output_8day_rem_w2_s2_stage2,rem_w2_s2_stage2
69,8316eb739b97eea4,pareto_filtered,"pareto_k_above_threshold_after_retries: k_max=0.77204, threshold=0.7","concat: mean, range; odd: mean",mean=lognormal; range=beta,16,5.0,6,1,2,317.6371470034801,317.6371470034801,11.764338777906673,3.921446259302224,0.0141247486791969,3.921446259302224,0.0141247486791969,-635.7446437364023,1.01,768.0,536.0,0.970794728028614,0,5,0.5644976216749609,0.0904915292438198,4.848277502154864,0.7465392584313085,5.0,5.0,5.0,0.0035593444571509,0.7720396847276247,1,True,"pareto_k_above_threshold_after_retries: k_max=0.77204, threshold=0.7",False,3,3,27,3,"[0, 3, 24]",92.1834918439854,"(27, 152)",,[],"{""feature_selection"": {""concat"": [""mean"", ""range""], ""odd"": [""mean""]}, ""n_chunks"": 16, ""parameter_selection"": {""mean"": {""likelihood"": ""lognormal""}, ""range"": {""likelihood"": ""beta""}}, ""rem_profile_params"": {""rem_stage"": 2, ""step_size_hours"": 1, ""window_size_hours"": 6}, ""tau_threshold"": 5.0}",run_output_8day_rem_w6_s1_stage2,rem_w6_s1_stage2
80,c067e19d4beebd19,ok,,"concat: mean; even: mean, range",mean=student_t; range=lognormal,16,5.0,3,1,2,329.3576681840419,329.3576681840419,11.762773863715784,3.920924621238593,0.0109418215180668,3.920924621238593,0.0109418215180668,-658.0357469494422,1.01,258.0,219.0,1.040153652501594,0,7,0.2188463739395987,0.7771024514451174,6.4986175018914425,1.6486644494751483,6.0,7.0,8.0,0.7266172416678476,0.5247803808684963,0,False,,False,3,3,28,2,"[23, 27]",122.65062961899092,"(28, 176)",,[],"{""feature_selection"": {""concat"": [""mean""], ""even"": [""mean"", ""range""]}, ""n_chunks"": 16, ""parameter_selection"": {""mean"": {""likelihood"": ""student_t""}, ""range"": {""likelihood"": ""lognormal""}}, ""rem_profile_params"": {""rem_stage"": 2, ""step_size_hours"": 1, ""window_size_hours"": 3}, ""tau_threshold"": 5.0}",run_output_8day_rem_w3_s1_stage2,rem_w3_s1_stage2
74,20d9b46fed558c47,pareto_filtered,"pareto_k_above_threshold_after_retries: k_max=0.891679, threshold=0.7","concat: mean, range; odd: range",mean=lognormal; range=lognormal,16,5.0,2,2,2,317.21578544098696,317.21578544098696,11.748732794110628,3.9162442647035434,0.0147840020408948,3.9162442647035434,0.0147840020408948,-618.5995806181045,1.05,123.0,330.0,1.0142117997504767,0,3,0.249135564671443,0.5098852530020653,5.530062088786385,2.25382721244297,3.0,6.0,8.0,0.4401815827175923,0.8916794913277961,2,True,"pareto_k_above_threshold_after_retries: k_max=0.891679, threshold=0.7",False,3,3,27,3,"[24, 3, 21]",99.20850791799604,"(27, 96)",,[],"{""feature_selection"": {""concat"": [""mean"", ""range""], ""odd"": [""range""]}, ""n_chunks"": 16, ""parameter_selection"": {""mean"": {""likelihood"": ""lognormal""}, ""range"": {""likelihood"": ""lognormal""}}, ""rem_profile_params"": {""rem_stage"": 2, ""step_size_hours"": 2, ""window_size_hours"": 2}, ""tau_threshold"": 5.0}",run_output_8day_rem_w2_s2_stage2,rem_w2_s2_stage2
91,f49d95fb5279eae1,ok,,concat: mean; even: range; odd: range,mean=lognormal; range=beta,16,5.0,2,1,2,317.1423048060945,317.1423048060945,11.74601128911461,3.9153370963715366,0.0124771283729838,3.9153370963715366,0.0124771283729838,-635.127974584329,1.03,168.0,172.0,0.8824607656855668,0,8,0.6017597731163244,0.9767337361388504,7.579338251030076,0.9235707861595964,8.0,8.0,8.0,0.8393620648063826,0.6203450793127868,0,False,,False,3,3,27,3,"[3, 27, 12]",161.79159637200064,"(27, 184)",,[],"{""feature_selection"": {""concat"": [""mean""], ""even"": [""range""], ""odd"": [""range""]}, ""n_chunks"": 16, ""parameter_selection"": {""mean"": {""likelihood"": ""lognormal""}, ""range"": {""likelihood"": ""beta""}}, ""rem_profile_params"": {""rem_stage"": 2, ""step_size_hours"": 1, ""window_size_hours"": 2}, ""tau_threshold"": 5.0}",run_output_8day_rem_w2_s1_stage2,rem_w2_s1_stage2
66,c74493ab8acf46ee,pareto_filtered,"pareto_k_above_threshold_after_retries: k_max=0.969192, threshold=0.7","concat: mean, range; even: range",mean=lognormal; range=lognormal,16,5.0,2,1,2,317.1378798770514,317.1378798770514,11.745847402853755,3.915282467617918,0.0128652437093771,3.915282467617918,0.0128652437093771,-634.7916459535204,1.01,388.0,183.0,0.8843208898764936,0,6,0.4119767012248713,0.9299662675499925,6.224653295986624,0.8707869630147299,6.0,6.0,7.0,0.2677138816441071,0.9691921824625184,4,True,"pareto_k_above_threshold_after_retries: k_max=0.969192, threshold=0.7",False,3,3,27,3,"[3, 27, 0]",63.28413694299525,"(27, 184)",,[],"{""feature_selection"": {""concat"": [""mean"", ""range""], ""even"": [""range""]}, ""n_chunks"": 16, ""parameter_selection"": {""mean"": {""likelihood"": ""lognormal""}, ""range"": {""likelihood"": ""lognormal""}}, ""rem_profile_params"": {""rem_stage"": 2, ""step_size_hours"": 1, ""window_size_hours"": 2}, ""tau_threshold"": 5.0}",run_output_8day_rem_w2_s1_stage2,rem_w2_s1_stage2
175,b1a8dc695cf32c9b,ok,,"concat: mean; even: range; odd: mean, range",mean=student_t; range=beta,16,5.0,3,1,2,422.46690230437736,422.46690230437736,15.646922307569533,3.911730576892384,0.0115341592416959,3.911730576892384,0.0115341592416959,-844.8081562614353,1.01,447.0,256.0,1.0086459508450567,0,8,0.699636725888418,0.9577745360524852,7.703575395524171,0.9697557013542408,8.0,8.0,8.0,0.9276148049808092,0.6542926954981797,0,False,,False,4,4,27,3,"[15, 27, 3]",480.8856236400025,"(27, 176)",,[],"{""feature_selection"": {""concat"": [""mean""], ""even"": [""range""], ""odd"": [""mean"", ""range""]}, ""n_chunks"": 16, ""parameter_selection"": {""mean"": {""likelihood"": ""student_t""}, ""range"": {""likelihood"": ""beta""}}, ""rem_profile_params"": {""rem_stage"": 2, ""step_size_hours"": 1, ""window_size_hours"": 3}, ""tau_threshold"": 5.0}",run_output_8day_rem_w3_s1_stage2,rem_w3_s1_stage2
88,a67816c308fbc68b,pareto_filtered,"pareto_k_above_threshold_after_retries: k_max=1.11918, threshold=0.7",concat: mean; even: range; odd: mean,mean=lognormal; range=lognormal,16,5.0,3,1,2,316.80466252877693,316.80466252877693,11.73350601958433,3.911168673194777,0.0174189057712666,3.911168673194777,0.0174189057712666,-627.8479072484547,1.02,285.0,258.0,0.9761894324458186,0,7,0.3274658318722765,0.826547620064272,6.34550071754332,1.2243128773153291,6.0,7.0,7.0,0.6581357687342134,1.1191768489377258,2,True,"pareto_k_above_threshold_after_retries: k_max=1.11918, threshold=0.7",False,3,3,27,3,"[3, 21, 0]",49.05373017498641,"(27, 176)",,[],"{""feature_selection"": {""concat"": [""mean""], ""even"": [""range""], ""odd"": [""mean""]}, ""n_chunks"": 16, ""parameter_selection"": {""mean"": {""likelihood"": ""lognormal""}, ""range"": {""likelihood"": ""lognormal""}}, ""rem_profile_params"": {""rem_stage"": 2, ""step_size_hours"": 1, ""window_size_hours"": 3}, ""tau_threshold"": 5.0}",run_output_8day_rem_w3_s1_stage2,rem_w3_s1_stage2
3,a8f6c100ac0a0b29,ok,,concat: range,range=beta,16,5.0,2,2,2,113.32163613749309,113.32163613749309,3.907642625430796,3.9076426254307934,0.0118839340529915,3.9076426254307934,0.0118839340529915,-226.6668734651369,1.0,984.0,803.0,0.9674444942510524,0,7,0.98040361056365,0.99999999069696,7.005692905812469,0.0752438040956303,7.0,7.0,7.0,0.999999452235839,0.3487177685051988,0,False,,False,1,1,29,1,[4],20.031559293012837,"(29, 96)",,[],"{""feature_selection"": {""concat"": [""range""]}, ""n_chunks"": 16, ""parameter_selection"": {""range"": {""likelihood"": ""beta""}}, ""rem_profile_params"": {""rem_stage"": 2, ""step_size_hours"": 2, ""window_size_hours"": 2}, ""tau_threshold"": 5.0}",run_output_8day_rem_w2_s2_stage2,rem_w2_s2_stage2
25,3291b46d9683c8f2,pareto_filtered,"pareto_k_above_threshold_after_retries: k_max=0.810835, threshold=0.7","concat: mean, range; even: mean, range; odd: mean, range",mean=student_t; range=beta,16,5.0,3,1,2,632.0564782646869,632.0564782646869,23.409499194988403,3.9015831991647354,0.0098122685458691,3.9015831991647354,0.0098122685458691,-1265.0868670807663,1.01,1029.0,694.0,0.9489592618167392,0,8,0.8628995648773923,0.9999892207046076,7.933625790513177,0.250804866618058,8.0,8.0,8.0,0.9995625492157068,0.8108346002705453,1,True,"pareto_k_above_threshold_after_retries: k_max=0.810835, threshold=0.7",False,6,6,27,3,"[15, 3, 27]",454.3863270609872,"(27, 176)",,[],"{""feature_selection"": {""concat"": [""mean"", ""range""], ""even"": [""mean"", ""range""], ""odd"": [""mean"", ""range""]}, ""n_chunks"": 16, ""parameter_selection"": {""mean"": {""likelihood"": ""student_t""}, ""range"": {""likelihood"": ""beta""}}, ""rem_profile_params"": {""rem_stage"": 2, ""step_size_hours"": 1, ""window_size_hours"": 3}, ""tau_threshold"": 5.0}",run_output_8day_rem_w3_s1_stage2,rem_w3_s1_stage2
31,974289860b375906,ok,,concat: range; even: mean,mean=student_t; range=beta,16,5.0,2,2,2,226.04405623953997,226.04405623953997,7.794622628949653,3.8973113144748255,0.0083460121232327,3.8973113144748255,0.0083460121232327,-452.0943792016939,1.01,955.0,796.0,1.0305018503189856,0,7,0.972064742233378,0.9999999649619624,7.008705449218982,0.0929498019722453,7.0,7.0,7.0,0.9999950698270452,0.4448444261580404,0,False,,False,2,2,29,1,[4],41.265308422996895,"(29, 96)",,[],"{""feature_selection"": {""concat"": [""range""], ""even"": [""mean""]}, ""n_chunks"": 16, ""parameter_selection"": {""mean"": {""likelihood"": ""student_t""}, ""range"": {""likelihood"": ""beta""}}, ""rem_profile_params"": {""rem_stage"": 2, ""step_size_hours"": 2, ""window_size_hours"": 2}, ""tau_threshold"": 5.0}",run_output_8day_rem_w2_s2_stage2,rem_w2_s2_stage2
90,ba10eb38d5a49ea0,ok,,concat: mean; even: range; odd: mean,mean=student_t; range=lognormal,16,5.0,6,1,2,338.2442345986699,338.2442345986699,11.663594296505858,3.887864765501954,0.0124018737837498,3.887864765501954,0.0124018737837498,-676.0821686778686,1.01,416.0,306.0,0.9966580380562016,0,8,0.5131069083866195,0.9275257183501656,7.43804063963204,1.2342070678458126,8.0,8.0,8.0,0.8446298881876106,0.6220446353328941,0,False,,False,3,3,29,1,[3],74.67841731198132,"(29, 152)",,[],"{""feature_selection"": {""concat"": [""mean""], ""even"": [""range""], ""odd"": [""mean""]}, ""n_chunks"": 16, ""parameter_selection"": {""mean"": {""likelihood"": ""student_t""}, ""range"": {""likelihood"": ""lognormal""}}, ""rem_profile_params"": {""rem_stage"": 2, ""step_size_hours"": 1, ""window_size_hours"": 6}, ""tau_threshold"": 5.0}",run_output_8day_rem_w6_s1_stage2,rem_w6_s1_stage2
18,69479f2d839793bd,pareto_filtered,"pareto_k_above_threshold_after_retries: k_max=1.01666, threshold=0.7","concat: mean, range; even: range; odd: mean, range",mean=student_t; range=lognormal,16,5.0,2,1,2,524.1405324392342,524.1405324392342,19.41261231256423,3.8825224625128474,0.0113037347176362,3.8825224625128474,0.0113037347176362,-1049.690995007353,1.01,199.0,317.0,0.9707623836647266,0,7,0.1908811872178817,0.713240295611953,6.319827191970251,1.5720565203564427,4.0,7.0,8.0,0.6346120271345101,1.0166551653376048,5,True,"pareto_k_above_threshold_after_retries: k_max=1.01666, threshold=0.7",False,5,5,27,3,"[3, 0, 21]",228.907450268016,"(27, 184)",,[],"{""feature_selection"": {""concat"": [""mean"", ""range""], ""even"": [""range""], ""odd"": [""mean"", ""range""]}, ""n_chunks"": 16, ""parameter_selection"": {""mean"": {""likelihood"": ""student_t""}, ""range"": {""likelihood"": ""lognormal""}}, ""rem_profile_params"": {""rem_stage"": 2, ""step_size_hours"": 1, ""window_size_hours"": 2}, ""tau_threshold"": 5.0}",run_output_8day_rem_w2_s1_stage2,rem_w2_s1_stage2
81,08306a91b3ed5418,pareto_filtered,"pareto_k_above_threshold_after_retries: k_max=0.755468, threshold=0.7",concat: mean; even: mean; odd: mean,mean=lognormal,16,5.0,6,1,2,314.44370693326965,314.44370693326965,11.646063219750728,3.8820210732502423,0.0148755751523575,3.8820210732502423,0.0148755751523575,-629.0814157604977,1.02,281.0,154.0,0.882245964579354,0,4,0.273253437431691,0.1525865369391892,4.495971293149267,1.4880397908888787,4.0,4.0,5.0,0.1327306754507893,0.7554676339983513,1,True,"pareto_k_above_threshold_after_retries: k_max=0.755468, threshold=0.7",False,3,3,27,3,"[3, 0, 24]",46.28490354400128,"(27, 152)",,[],"{""feature_selection"": {""concat"": [""mean""], ""even"": [""mean""], ""odd"": [""mean""]}, ""n_chunks"": 16, ""parameter_selection"": {""mean"": {""likelihood"": ""lognormal""}}, ""rem_profile_params"": {""rem_stage"": 2, ""step_size_hours"": 1, ""window_size_hours"": 6}, ""tau_threshold"": 5.0}",run_output_8day_rem_w6_s1_stage2,rem_w6_s1_stage2
161,4d22b9d45060daf4,pareto_filtered,"pareto_k_above_threshold_after_retries: k_max=1.50104, threshold=0.7","concat: mean; even: mean, range; odd: mean",mean=lognormal; range=beta,16,5.0,3,1,2,418.5070789665612,418.5070789665612,15.50026218394671,3.875065545986677,0.0151382758161083,3.875065545986677,0.0151382758161083,-831.6846030658774,1.02,288.0,403.0,0.9447766365643394,0,7,0.1511681241633446,0.629304045844821,5.77336065779419,1.5566783337176389,4.0,7.0,7.0,0.5041462893186144,1.5010378888847773,3,True,"pareto_k_above_threshold_after_retries: k_max=1.50104, threshold=0.7",False,4,4,27,3,"[3, 21, 0]",245.47162317999755,"(27, 176)",,[],"{""feature_selection"": {""concat"": [""mean""], ""even"": [""mean"", ""range""], ""odd"": [""mean""]}, ""n_chunks"": 16, ""parameter_selection"": {""mean"": {""likelihood"": ""lognormal""}, ""range"": {""likelihood"": ""beta""}}, ""rem_profile_params"": {""rem_stage"": 2, ""step_size_hours"": 1, ""window_size_hours"": 3}, ""tau_threshold"": 5.0}",run_output_8day_rem_w3_s1_stage2,rem_w3_s1_stage2
4,a61d1fcccf2cf485,pareto_filtered,"pareto_k_above_threshold_after_retries: k_max=1.52421, threshold=0.7","concat: mean, range; even: mean, range; odd: mean",mean=lognormal; range=lognormal,16,5.0,2,1,2,523.0507260891966,523.0507260891966,19.37224911441469,3.8744498228829376,0.0138839753122217,3.8744498228829376,0.0138839753122217,-1053.2444793758962,1.02,131.0,88.0,0.9132145834734088,0,3,0.676289645566196,0.1671335790575468,3.7954776766058926,1.7777351051782222,3.0,3.0,3.0,0.1623527934800822,1.5242084059602403,4,True,"pareto_k_above_threshold_after_retries: k_max=1.52421, threshold=0.7",False,5,5,27,3,"[3, 21, 25]",137.35100622399477,"(27, 184)",,[],"{""feature_selection"": {""concat"": [""mean"", ""range""], ""even"": [""mean"", ""range""], ""odd"": [""mean""]}, ""n_chunks"": 16, ""parameter_selection"": {""mean"": {""likelihood"": ""lognormal""}, ""range"": {""likelihood"": ""lognormal""}}, ""rem_profile_params"": {""rem_stage"": 2, ""step_size_hours"": 1, ""window_size_hours"": 2}, ""tau_threshold"": 5.0}",run_output_8day_rem_w2_s1_stage2,rem_w2_s1_stage2
76,76dfab5bc938162a,ok,,"concat: mean, range; odd: range",mean=student_t; range=lognormal,16,5.0,2,2,2,336.99334617554206,336.99334617554206,11.620460212949729,3.873486737649909,0.0125964407203041,3.873486737649909,0.0125964407203041,-673.0124501407929,1.01,551.0,1118.0,1.0000750648925991,0,8,0.3553863897708633,0.9606407222037582,7.230077310859034,0.9305613400056048,7.0,8.0,8.0,0.7665101963534051,0.665005395802549,0,False,,False,3,3,29,1,[15],53.37265163499978,"(29, 96)",,[],"{""feature_selection"": {""concat"": [""mean"", ""range""], ""odd"": [""range""]}, ""n_chunks"": 16, ""parameter_selection"": {""mean"": {""likelihood"": ""student_t""}, ""range"": {""likelihood"": ""lognormal""}}, ""rem_profile_params"": {""rem_stage"": 2, ""step_size_hours"": 2, ""window_size_hours"": 2}, ""tau_threshold"": 5.0}",run_output_8day_rem_w2_s2_stage2,rem_w2_s2_stage2
84,f18c2112e745dd74,ok,,concat: mean; even: mean; odd: range,mean=lognormal; range=lognormal,16,5.0,2,2,2,325.2014981755723,325.2014981755723,11.614339220556152,3.8714464068520495,0.013999653658473,3.8714464068520495,0.013999653658473,-652.9711985659724,1.01,1140.0,700.0,1.038016537419629,0,8,0.8638368840512718,0.970898407193953,7.845271899819787,0.7950479421403782,8.0,8.0,8.0,0.9640668084435132,0.6110565052319398,0,False,,False,3,3,28,2,"[3, 27]",54.27932542900089,"(28, 96)",,[],"{""feature_selection"": {""concat"": [""mean""], ""even"": [""mean""], ""odd"": [""range""]}, ""n_chunks"": 16, ""parameter_selection"": {""mean"": {""likelihood"": ""lognormal""}, ""range"": {""likelihood"": ""lognormal""}}, ""rem_profile_params"": {""rem_stage"": 2, ""step_size_hours"": 2, ""window_size_hours"": 2}, ""tau_threshold"": 5.0}",run_output_8day_rem_w2_s2_stage2,rem_w2_s2_stage2
17,f62255214f318d72,ok,,"concat: mean; even: mean, range; odd: mean, range",mean=student_t; range=beta,16,5.0,3,1,2,522.3250306081156,522.3250306081156,19.345371504004284,3.869074300800856,0.0101252262532621,3.869074300800856,0.0101252262532621,-1047.87910049585,1.0,530.0,349.0,0.9186831352866872,0,8,0.8563712700141028,0.9727659481425032,7.860642422808861,0.7210534076823405,8.0,8.0,8.0,0.9670088455911094,0.6613378042156617,0,False,,False,5,5,27,3,"[15, 3, 21]",325.7357289849897,"(27, 176)",,[],"{""feature_selection"": {""concat"": [""mean""], ""even"": [""mean"", ""range""], ""odd"": [""mean"", ""range""]}, ""n_chunks"": 16, ""parameter_selection"": {""mean"": {""likelihood"": ""student_t""}, ""range"": {""likelihood"": ""beta""}}, ""rem_profile_params"": {""rem_stage"": 2, ""step_size_hours"": 1, ""window_size_hours"": 3}, ""tau_threshold"": 5.0}",run_output_8day_rem_w3_s1_stage2,rem_w3_s1_stage2
57,4f7d0df3eaaaec83,ok,,"odd: mean, range",mean=lognormal; range=beta,16,5.0,2,1,2,208.8930709781254,208.8930709781254,7.736780406597237,3.868390203298618,0.0128259317333644,3.868390203298618,0.0128259317333644,-418.1182122838206,1.01,321.0,728.0,0.9930211566527398,0,8,0.1203488399486296,0.5828614370179162,5.978293293348494,1.7102982723913855,4.0,6.0,8.0,0.4147057473131492,0.5103012937442563,0,False,,False,2,2,27,3,"[3, 21, 0]",74.99383232399123,"(27, 184)",,[],"{""feature_selection"": {""odd"": [""mean"", ""range""]}, ""n_chunks"": 16, ""parameter_selection"": {""mean"": {""likelihood"": ""lognormal""}, ""range"": {""likelihood"": ""beta""}}, ""rem_profile_params"": {""rem_stage"": 2, ""step_size_hours"": 1, ""window_size_hours"": 2}, ""tau_threshold"": 5.0}",run_output_8day_rem_w2_s1_stage2,rem_w2_s1_stage2
72,978c0c0c19c8527b,pareto_filtered,"pareto_k_above_threshold_after_retries: k_max=0.701114, threshold=0.7","concat: mean, range; odd: mean",mean=student_t; range=lognormal,16,5.0,6,1,2,313.1230942345864,313.1230942345864,11.597151638318016,3.865717212772671,0.0126370900588936,3.865717212772671,0.0126370900588936,-625.158255850116,1.02,315.0,365.0,1.0036012049594416,0,8,0.2800159685207858,0.843197143892839,7.017205057622203,1.4932691702494605,6.0,8.0,8.0,0.7435991434849196,0.7011142145511474,1,True,"pareto_k_above_threshold_after_retries: k_max=0.701114, threshold=0.7",False,3,3,27,3,"[3, 0, 15]",145.89350860597915,"(27, 152)",,[],"{""feature_selection"": {""concat"": [""mean"", ""range""], ""odd"": [""mean""]}, ""n_chunks"": 16, ""parameter_selection"": {""mean"": {""likelihood"": ""student_t""}, ""range"": {""likelihood"": ""lognormal""}}, ""rem_profile_params"": {""rem_stage"": 2, ""step_size_hours"": 1, ""window_size_hours"": 6}, ""tau_threshold"": 5.0}",run_output_8day_rem_w6_s1_stage2,rem_w6_s1_stage2
104,6483e19ff3af4c20,pareto_filtered,"pareto_k_above_threshold_after_retries: k_max=0.845429, threshold=0.7",concat: range; even: mean; odd: mean,mean=lognormal; range=lognormal,16,5.0,2,1,2,312.9513243848315,312.9513243848315,11.590789792030796,3.8635965973435984,0.0127163343614854,3.8635965973435984,0.0127163343614854,-625.2359212590512,1.04,151.0,191.0,0.923034136304616,0,3,0.5699825173968488,0.2230060008163827,4.085081838411893,1.9823755892723676,3.0,3.0,3.0,0.2007242675173314,0.8454285226458457,1,True,"pareto_k_above_threshold_after_retries: k_max=0.845429, threshold=0.7",False,3,3,27,3,"[3, 21, 25]",56.69164830399677,"(27, 184)",,[],"{""feature_selection"": {""concat"": [""range""], ""even"": [""mean""], ""odd"": [""mean""]}, ""n_chunks"": 16, ""parameter_selection"": {""mean"": {""likelihood"": ""lognormal""}, ""range"": {""likelihood"": ""lognormal""}}, ""rem_profile_params"": {""rem_stage"": 2, ""step_size_hours"": 1, ""window_size_hours"": 2}, ""tau_threshold"": 5.0}",run_output_8day_rem_w2_s1_stage2,rem_w2_s1_stage2
98,14a852fe50715501,ok,,"concat: mean; odd: mean, range",mean=student_t; range=lognormal,16,5.0,6,1,2,335.95171480433294,335.95171480433294,11.584541889804584,3.861513963268194,0.0099879928039592,3.861513963268194,0.0099879928039592,-671.4630301373463,1.01,324.0,724.0,0.9532955583560114,0,8,0.3665604194835151,0.942539206686802,7.057322811585653,1.1608351473274277,6.0,8.0,8.0,0.6239440397807626,0.5138128242665745,0,False,,False,3,3,29,1,[3],79.03582582302624,"(29, 152)",,[],"{""feature_selection"": {""concat"": [""mean""], ""odd"": [""mean"", ""range""]}, ""n_chunks"": 16, ""parameter_selection"": {""mean"": {""likelihood"": ""student_t""}, ""range"": {""likelihood"": ""lognormal""}}, ""rem_profile_params"": {""rem_stage"": 2, ""step_size_hours"": 1, ""window_size_hours"": 6}, ""tau_threshold"": 5.0}",run_output_8day_rem_w6_s1_stage2,rem_w6_s1_stage2
21,0a2692d21dc692e2,ok,,concat: mean; even: range,mean=student_t; range=beta,16,5.0,6,1,2,231.3137102550418,231.3137102550418,7.710457008501393,3.855228504250696,0.0132039239547991,3.855228504250696,0.0132039239547991,-462.5959203981199,1.02,431.0,368.0,1.0248335098916783,0,8,0.265068938658715,0.7651389755432283,6.6543209927479126,1.897488953696184,6.0,8.0,8.0,0.6939926814646834,0.5991297965623381,0,False,,False,2,2,30,0,[],19.341726903017843,"(30, 152)",,[],"{""feature_selection"": {""concat"": [""mean""], ""even"": [""range""]}, ""n_chunks"": 16, ""parameter_selection"": {""mean"": {""likelihood"": ""student_t""}, ""range"": {""likelihood"": ""beta""}}, ""rem_profile_params"": {""rem_stage"": 2, ""step_size_hours"": 1, ""window_size_hours"": 6}, ""tau_threshold"": 5.0}",run_output_8day_rem_w6_s1_stage2,rem_w6_s1_stage2
38,16a62caa0f13e02e,pareto_filtered,"pareto_k_above_threshold_after_retries: k_max=0.975141, threshold=0.7",concat: range; odd: mean,mean=student_t; range=lognormal,16,5.0,3,1,2,207.58221223771568,207.58221223771568,7.688230082878358,3.84411504143918,0.0186721346943902,3.84411504143918,0.0186721346943902,-414.75010142125456,1.02,303.0,555.0,1.0172874047681373,0,3,0.2063134526403167,0.5541493581481232,5.163719807594654,1.93105416376781,3.0,6.0,7.0,0.2566692967789742,0.9751411552644133,1,True,"pareto_k_above_threshold_after_retries: k_max=0.975141, threshold=0.7",False,2,2,27,3,"[3, 21, 15]",84.36177709599724,"(27, 176)",,[],"{""feature_selection"": {""concat"": [""range""], ""odd"": [""mean""]}, ""n_chunks"": 16, ""parameter_selection"": {""mean"": {""likelihood"": ""student_t""}, ""range"": {""likelihood"": ""lognormal""}}, ""rem_profile_params"": {""rem_stage"": 2, ""step_size_hours"": 1, ""window_size_hours"": 3}, ""tau_threshold"": 5.0}",run_output_8day_rem_w3_s1_stage2,rem_w3_s1_stage2
146,f2358c754d0a0e97,pareto_filtered,"pareto_k_above_threshold_after_retries: k_max=1.4662, threshold=0.7","concat: mean, range; even: mean; odd: range",mean=lognormal; range=lognormal,16,5.0,2,2,2,415.0122365618979,415.0122365618979,15.37082357636659,3.842705894091648,0.0119397221520565,3.842705894091648,0.0119397221520565,-826.2523482950683,1.01,223.0,342.0,0.9495792444322312,0,7,0.5038638841458909,0.990170635690668,7.130750611631579,0.6191045713429983,7.0,7.0,7.0,0.9013839937859912,1.4661966294590472,1,True,"pareto_k_above_threshold_after_retries: k_max=1.4662, threshold=0.7",False,4,4,27,3,"[3, 0, 21]",72.87846747599542,"(27, 96)",,[],"{""feature_selection"": {""concat"": [""mean"", ""range""], ""even"": [""mean""], ""odd"": [""range""]}, ""n_chunks"": 16, ""parameter_selection"": {""mean"": {""likelihood"": ""lognormal""}, ""range"": {""likelihood"": ""lognormal""}}, ""rem_profile_params"": {""rem_stage"": 2, ""step_size_hours"": 2, ""window_size_hours"": 2}, ""tau_threshold"": 5.0}",run_output_8day_rem_w2_s2_stage2,rem_w2_s2_stage2
22,5902eef06c51493b,ok,,concat: mean; even: range,mean=student_t; range=lognormal,16,5.0,3,1,2,229.95203256234788,229.95203256234788,7.665067752078262,3.832533876039131,0.0130106711835067,3.832533876039131,0.0130106711835067,-460.1562021850686,1.01,567.0,810.0,1.0363898280108437,0,7,0.1633472345330726,0.8238077260904756,6.594522829122628,1.4809747283363035,6.0,7.0,8.0,0.6818915256842586,0.6046611847650558,0,False,,False,2,2,30,0,[],16.2343860649853,"(30, 176)",,[],"{""feature_selection"": {""concat"": [""mean""], ""even"": [""range""]}, ""n_chunks"": 16, ""parameter_selection"": {""mean"": {""likelihood"": ""student_t""}, ""range"": {""likelihood"": ""lognormal""}}, ""rem_profile_params"": {""rem_stage"": 2, ""step_size_hours"": 1, ""window_size_hours"": 3}, ""tau_threshold"": 5.0}",run_output_8day_rem_w3_s1_stage2,rem_w3_s1_stage2
105,9dfe1901a6b7c55f,ok,,concat: range; even: mean; odd: mean,mean=student_t; range=beta,16,5.0,2,2,2,333.1696754216369,333.1696754216369,11.488609497297825,3.829536499099275,0.0123831782453077,3.829536499099275,0.0123831782453077,-666.1599978754102,1.0,1597.0,1087.0,1.0256134088246076,0,7,0.9768484861289414,0.9999999455889454,7.006898272490273,0.0829675499511307,7.0,7.0,7.0,0.9999836456026416,0.6973828068129859,0,False,,False,3,3,29,1,[4],90.6619862630032,"(29, 96)",,[],"{""feature_selection"": {""concat"": [""range""], ""even"": [""mean""], ""odd"": [""mean""]}, ""n_chunks"": 16, ""parameter_selection"": {""mean"": {""likelihood"": ""student_t""}, ""range"": {""likelihood"": ""beta""}}, ""rem_profile_params"": {""rem_stage"": 2, ""step_size_hours"": 2, ""window_size_hours"": 2}, ""tau_threshold"": 5.0}",run_output_8day_rem_w2_s2_stage2,rem_w2_s2_stage2
5,88b0b4da3cc32e9e,ok,,even: mean,mean=lognormal,16,5.0,2,1,2,114.83106277333536,114.83106277333536,3.827702092444512,3.827702092444511,0.0179494969841466,3.827702092444511,0.0179494969841466,-230.05558657684028,1.0,686.0,938.0,0.9722752907230764,0,8,0.026844616028621,0.5727922799034538,5.797803633580553,1.8228150504499392,4.0,6.0,7.0,0.4617821871584209,0.6723274382601109,0,False,,False,1,1,30,0,[],4.285510958987288,"(30, 184)",,[],"{""feature_selection"": {""even"": [""mean""]}, ""n_chunks"": 16, ""parameter_selection"": {""mean"": {""likelihood"": ""lognormal""}}, ""rem_profile_params"": {""rem_stage"": 2, ""step_size_hours"": 1, ""window_size_hours"": 2}, ""tau_threshold"": 5.0}",run_output_8day_rem_w2_s1_stage2,rem_w2_s1_stage2
109,2489cc767c6bb6af,ok,,concat: range; even: mean; odd: range,mean=student_t; range=beta,16,5.0,2,1,2,344.1839127189775,344.1839127189775,11.472797090632584,3.8242656968775286,0.0091845305301241,3.8242656968775286,0.0091845305301241,-689.2849952093122,1.01,649.0,691.0,0.8637734303333849,0,6,0.3267796767022195,0.9529627697948768,6.642045039269855,1.0036492741133547,6.0,6.0,8.0,0.455278378040197,0.5920973229212327,0,False,,False,3,3,30,0,[],51.25905651101493,"(30, 184)",,[],"{""feature_selection"": {""concat"": [""range""], ""even"": [""mean""], ""odd"": [""range""]}, ""n_chunks"": 16, ""parameter_selection"": {""mean"": {""likelihood"": ""student_t""}, ""range"": {""likelihood"": ""beta""}}, ""rem_profile_params"": {""rem_stage"": 2, ""step_size_hours"": 1, ""window_size_hours"": 2}, ""tau_threshold"": 5.0}",run_output_8day_rem_w2_s1_stage2,rem_w2_s1_stage2
138,e053ae8e93bd09f5,pareto_filtered,"pareto_k_above_threshold_after_retries: k_max=1.72414, threshold=0.7","concat: mean, range; even: mean, range",mean=lognormal; range=lognormal,16,5.0,2,1,2,412.9062973916437,412.9062973916437,15.292825829320137,3.823206457330033,0.0115195600150547,3.823206457330033,0.0115195600150547,-832.4087079955883,1.01,2022.0,1297.0,1.0273869265838025,0,7,0.9727805645633538,0.99991425700614,7.00102495897002,0.0917591656111972,7.0,7.0,7.0,0.996958312568418,1.724142109418312,2,True,"pareto_k_above_threshold_after_retries: k_max=1.72414, threshold=0.7",False,4,4,27,3,"[25, 23, 12]",187.4195798280125,"(27, 184)",,[],"{""feature_selection"": {""concat"": [""mean"", ""range""], ""even"": [""mean"", ""range""]}, ""n_chunks"": 16, ""parameter_selection"": {""mean"": {""likelihood"": ""lognormal""}, ""range"": {""likelihood"": ""lognormal""}}, ""rem_profile_params"": {""rem_stage"": 2, ""step_size_hours"": 1, ""window_size_hours"": 2}, ""tau_threshold"": 5.0}",run_output_8day_rem_w2_s1_stage2,rem_w2_s1_stage2
149,cf0e9a6f9df96a46,pareto_filtered,"pareto_k_above_threshold_after_retries: k_max=1.089, threshold=0.7","concat: mean, range; even: range; odd: mean",mean=lognormal; range=beta,16,5.0,3,1,2,412.3958612469911,412.3958612469911,15.273920786925594,3.818480196731398,0.0162450914982302,3.818480196731398,0.0162450914982302,-822.8410171847718,1.02,140.0,151.0,0.9513461614572474,0,8,0.4912805232887667,0.952184114497093,7.325104035171924,1.04036679258842,7.0,8.0,8.0,0.9452458675668064,1.0889982772184823,4,True,"pareto_k_above_threshold_after_retries: k_max=1.089, threshold=0.7",False,4,4,27,3,"[3, 21, 15]",267.24895030999323,"(27, 176)",,[],"{""feature_selection"": {""concat"": [""mean"", ""range""], ""even"": [""range""], ""odd"": [""mean""]}, ""n_chunks"": 16, ""parameter_selection"": {""mean"": {""likelihood"": ""lognormal""}, ""range"": {""likelihood"": ""beta""}}, ""rem_profile_params"": {""rem_stage"": 2, ""step_size_hours"": 1, ""window_size_hours"": 3}, ""tau_threshold"": 5.0}",run_output_8day_rem_w3_s1_stage2,rem_w3_s1_stage2
170,113bd554df4c197c,pareto_filtered,"pareto_k_above_threshold_after_retries: k_max=0.850955, threshold=0.7","concat: mean; even: mean; odd: mean, range",mean=lognormal; range=lognormal,16,5.0,3,1,2,412.22311323735727,412.22311323735727,15.267522712494712,3.816880678123679,0.0176306099071471,3.816880678123679,0.0176306099071471,-828.4654739633187,1.01,1080.0,1123.0,1.052475195331975,0,8,0.9778586240419904,0.9999679448368582,7.993164382202493,0.0907044305696872,8.0,8.0,8.0,0.9993547357727848,0.8509551324327338,3,True,"pareto_k_above_threshold_after_retries: k_max=0.850955, threshold=0.7",False,4,4,27,3,"[3, 21, 27]",121.8594018899894,"(27, 176)",,[],"{""feature_selection"": {""concat"": [""mean""], ""even"": [""mean""], ""odd"": [""mean"", ""range""]}, ""n_chunks"": 16, ""parameter_selection"": {""mean"": {""likelihood"": ""lognormal""}, ""range"": {""likelihood"": ""lognormal""}}, ""rem_profile_params"": {""rem_stage"": 2, ""step_size_hours"": 1, ""window_size_hours"": 3}, ""tau_threshold"": 5.0}",run_output_8day_rem_w3_s1_stage2,rem_w3_s1_stage2
30,7bd83eba07e13f05,pareto_filtered,"pareto_k_above_threshold_after_retries: k_max=1.10651, threshold=0.7","concat: mean, range; even: mean, range; odd: mean, range",mean=student_t; range=beta,16,5.0,2,2,2,617.4570923541711,617.4570923541711,22.86878119830263,3.811463533050439,0.0116295136050815,3.811463533050439,0.0116295136050815,-1234.8451291336842,1.01,1131.0,935.0,0.9708902423947596,0,7,0.9190145734975144,1.0,7.0329481866642185,0.1785963197043558,7.0,7.0,7.0,0.9999829791239055,1.1065071289850992,3,True,"pareto_k_above_threshold_after_retries: k_max=1.10651, threshold=0.7",False,6,6,27,3,"[4, 21, 15]",473.50259982500575,"(27, 96)",,[],"{""feature_selection"": {""concat"": [""mean"", ""range""], ""even"": [""mean"", ""range""], ""odd"": [""mean"", ""range""]}, ""n_chunks"": 16, ""parameter_selection"": {""mean"": {""likelihood"": ""student_t""}, ""range"": {""likelihood"": ""beta""}}, ""rem_profile_params"": {""rem_stage"": 2, ""step_size_hours"": 2, ""window_size_hours"": 2}, ""tau_threshold"": 5.0}",run_output_8day_rem_w2_s2_stage2,rem_w2_s2_stage2
132,9cc4d57896750bf6,ok,,"even: mean; odd: mean, range",mean=student_t; range=lognormal,16,5.0,2,1,2,308.5611112936501,308.5611112936501,11.428189307172223,3.809396435724076,0.0129904713721962,3.809396435724076,0.0129904713721962,-615.5541716957824,1.03,172.0,588.0,1.0085408760992387,0,8,0.3738831695193054,0.5563802609449677,6.131137509090122,1.9510486334862271,4.0,7.0,8.0,0.531718044992703,0.6878928753743657,0,False,,False,3,3,27,3,"[0, 3, 15]",226.27889137199963,"(27, 184)",,[],"{""feature_selection"": {""even"": [""mean""], ""odd"": [""mean"", ""range""]}, ""n_chunks"": 16, ""parameter_selection"": {""mean"": {""likelihood"": ""student_t""}, ""range"": {""likelihood"": ""lognormal""}}, ""rem_profile_params"": {""rem_stage"": 2, ""step_size_hours"": 1, ""window_size_hours"": 2}, ""tau_threshold"": 5.0}",run_output_8day_rem_w2_s1_stage2,rem_w2_s1_stage2
179,e0314e2eab56a56e,ok,,"concat: range; even: mean, range; odd: mean",mean=student_t; range=beta,16,5.0,2,1,2,411.3813652967025,411.3813652967025,15.236346862840833,3.809086715710208,0.0117730912797957,3.809086715710208,0.0117730912797957,-822.6909977343719,1.01,1575.0,1023.0,0.984589602040798,0,6,0.9448773770783042,0.999836078647817,6.020741570482353,0.1647923794472262,6.0,6.0,6.0,0.0176469704144161,0.6713619777359023,0,False,,False,4,4,27,3,"[4, 27, 26]",511.1672689929837,"(27, 184)",,[],"{""feature_selection"": {""concat"": [""range""], ""even"": [""mean"", ""range""], ""odd"": [""mean""]}, ""n_chunks"": 16, ""parameter_selection"": {""mean"": {""likelihood"": ""student_t""}, ""range"": {""likelihood"": ""beta""}}, ""rem_profile_params"": {""rem_stage"": 2, ""step_size_hours"": 1, ""window_size_hours"": 2}, ""tau_threshold"": 5.0}",run_output_8day_rem_w2_s1_stage2,rem_w2_s1_stage2
10,ee5875a556402209,pareto_filtered,"pareto_k_above_threshold_after_retries: k_max=0.960411, threshold=0.7","concat: mean, range; even: mean, range; odd: range",mean=student_t; range=beta,16,5.0,2,2,2,513.408138604858,513.408138604858,19.01511624462437,3.803023248924873,0.009102799612029,3.803023248924873,0.009102799612029,-1027.6513980570162,1.01,855.0,756.0,0.919304219738686,0,7,0.7698603815717813,0.9999999995586376,7.1441084351819,0.351200101019736,7.0,7.0,7.0,0.9999998424502864,0.960411064869244,1,True,"pareto_k_above_threshold_after_retries: k_max=0.960411, threshold=0.7",False,5,5,27,3,"[4, 15, 7]",259.4157095249975,"(27, 96)",,[],"{""feature_selection"": {""concat"": [""mean"", ""range""], ""even"": [""mean"", ""range""], ""odd"": [""range""]}, ""n_chunks"": 16, ""parameter_selection"": {""mean"": {""likelihood"": ""student_t""}, ""range"": {""likelihood"": ""beta""}}, ""rem_profile_params"": {""rem_stage"": 2, ""step_size_hours"": 2, ""window_size_hours"": 2}, ""tau_threshold"": 5.0}",run_output_8day_rem_w2_s2_stage2,rem_w2_s2_stage2
18,0b80d2435865009d,pareto_filtered,"pareto_k_above_threshold_after_retries: k_max=1.05867, threshold=0.7","concat: mean, range; even: range; odd: mean, range",mean=student_t; range=beta,16,5.0,2,2,2,513.0751367715098,513.0751367715098,19.00278284338925,3.800556568677851,0.0125508684898106,3.800556568677851,0.0125508684898106,-1027.2002782312447,1.0,1513.0,1114.0,0.9479047225212812,0,7,0.9290995910129816,0.9999999923318948,7.027679616966181,0.1642389838186542,7.0,7.0,7.0,0.999969521321225,1.0586730103385285,3,True,"pareto_k_above_threshold_after_retries: k_max=1.05867, threshold=0.7",False,5,5,27,3,"[4, 21, 7]",312.6006598150125,"(27, 96)",,[],"{""feature_selection"": {""concat"": [""mean"", ""range""], ""even"": [""range""], ""odd"": [""mean"", ""range""]}, ""n_chunks"": 16, ""parameter_selection"": {""mean"": {""likelihood"": ""student_t""}, ""range"": {""likelihood"": ""beta""}}, ""rem_profile_params"": {""rem_stage"": 2, ""step_size_hours"": 2, ""window_size_hours"": 2}, ""tau_threshold"": 5.0}",run_output_8day_rem_w2_s2_stage2,rem_w2_s2_stage2
197,63d48924e2265187,pareto_filtered,"pareto_k_above_threshold_after_retries: k_max=1.11056, threshold=0.7","concat: mean, range; even: mean, range; odd: mean",mean=lognormal; range=beta,16,5.0,3,1,2,512.8788555314,512.8788555314,18.99551316782963,3.7991026335659264,0.0138998478633692,3.7991026335659264,0.0138998478633692,-1025.3407267861446,1.01,212.0,118.0,0.9265586898225082,0,7,0.3627264739458647,0.8419007462424685,6.810583245582573,1.6021070670879576,7.0,7.0,8.0,0.8346869196465694,1.110563844322119,2,True,"pareto_k_above_threshold_after_retries: k_max=1.11056, threshold=0.7",False,5,5,27,3,"[24, 3, 21]",426.5489520800184,"(27, 176)",,[],"{""feature_selection"": {""concat"": [""mean"", ""range""], ""even"": [""mean"", ""range""], ""odd"": [""mean""]}, ""n_chunks"": 16, ""parameter_selection"": {""mean"": {""likelihood"": ""lognormal""}, ""range"": {""likelihood"": ""beta""}}, ""rem_profile_params"": {""rem_stage"": 2, ""step_size_hours"": 1, ""window_size_hours"": 3}, ""tau_threshold"": 5.0}",run_output_8day_rem_w3_s1_stage2,rem_w3_s1_stage2
155,d09732efb535969a,pareto_filtered,"pareto_k_above_threshold_after_retries: k_max=0.822096, threshold=0.7","concat: mean, range; even: range; odd: range",mean=student_t; range=beta,16,5.0,2,2,2,410.2776315553603,410.2776315553603,15.195467835383717,3.7988669588459287,0.0094890226729287,3.7988669588459287,0.0094890226729287,-821.1181680771311,1.01,1118.0,1037.0,0.9459675756386,0,7,0.8681670823874962,0.9999999999518884,7.063395690995317,0.2436738179218083,7.0,7.0,7.0,0.9999998740051972,0.822096038439464,1,True,"pareto_k_above_threshold_after_retries: k_max=0.822096, threshold=0.7",False,4,4,27,3,"[4, 15, 7]",357.2061458809767,"(27, 96)",,[],"{""feature_selection"": {""concat"": [""mean"", ""range""], ""even"": [""range""], ""odd"": [""range""]}, ""n_chunks"": 16, ""parameter_selection"": {""mean"": {""likelihood"": ""student_t""}, ""range"": {""likelihood"": ""beta""}}, ""rem_profile_params"": {""rem_stage"": 2, ""step_size_hours"": 2, ""window_size_hours"": 2}, ""tau_threshold"": 5.0}",run_output_8day_rem_w2_s2_stage2,rem_w2_s2_stage2
96,e7cfe53147d83f18,pareto_filtered,"pareto_k_above_threshold_after_retries: k_max=0.763462, threshold=0.7","concat: mean; odd: mean, range",mean=lognormal; range=lognormal,16,5.0,6,1,2,307.6689988804376,307.6689988804376,11.395148106682871,3.798382702227624,0.0128909062206638,3.798382702227624,0.0128909062206638,-614.5168164254081,1.02,203.0,572.0,0.9727542922759268,0,8,0.1614689992591479,0.5625096723416424,5.933679767765943,1.924243294819848,4.0,6.0,8.0,0.4544147565673155,0.7634624099766203,1,True,"pareto_k_above_threshold_after_retries: k_max=0.763462, threshold=0.7",False,3,3,27,3,"[3, 0, 24]",49.61808077499154,"(27, 152)",,[],"{""feature_selection"": {""concat"": [""mean""], ""odd"": [""mean"", ""range""]}, ""n_chunks"": 16, ""parameter_selection"": {""mean"": {""likelihood"": ""lognormal""}, ""range"": {""likelihood"": ""lognormal""}}, ""rem_profile_params"": {""rem_stage"": 2, ""step_size_hours"": 1, ""window_size_hours"": 6}, ""tau_threshold"": 5.0}",run_output_8day_rem_w6_s1_stage2,rem_w6_s1_stage2
8,70766bbbda708c6a,pareto_filtered,"pareto_k_above_threshold_after_retries: k_max=1.20065, threshold=0.7","concat: mean, range; even: mean; odd: mean, range",mean=lognormal; range=lognormal,16,5.0,3,1,2,512.6718384624737,512.6718384624737,18.987845868980507,3.797569173796102,0.013895039192525,3.797569173796102,0.013895039192525,-1008.1527979517568,1.17,18.0,38.0,0.937538701449986,0,7,0.1501627557533914,0.6461053205901008,6.1505468274857575,1.5911108869790085,4.0,7.0,7.0,0.568502686031946,1.2006463769743787,5,True,"pareto_k_above_threshold_after_retries: k_max=1.20065, threshold=0.7",False,5,5,27,3,"[3, 0, 21]",141.6504778410017,"(27, 176)",,[],"{""feature_selection"": {""concat"": [""mean"", ""range""], ""even"": [""mean""], ""odd"": [""mean"", ""range""]}, ""n_chunks"": 16, ""parameter_selection"": {""mean"": {""likelihood"": ""lognormal""}, ""range"": {""likelihood"": ""lognormal""}}, ""rem_profile_params"": {""rem_stage"": 2, ""step_size_hours"": 1, ""window_size_hours"": 3}, ""tau_threshold"": 5.0}",run_output_8day_rem_w3_s1_stage2,rem_w3_s1_stage2
123,8b98dab690637cce,pareto_filtered,"pareto_k_above_threshold_after_retries: k_max=0.744649, threshold=0.7","even: mean, range; odd: mean",mean=student_t; range=beta,16,5.0,2,1,2,307.48554863099355,307.48554863099355,11.38835365299976,3.7961178843332535,0.0112565742846473,3.7961178843332535,0.0112565742846473,-614.830598546679,1.01,453.0,754.0,0.9997373969162064,0,8,0.1961108212304133,0.7417300410252259,6.641082895010535,1.7620851949860976,5.0,8.0,8.0,0.6435110633259284,0.7446490808432932,1,True,"pareto_k_above_threshold_after_retries: k_max=0.744649, threshold=0.7",False,3,3,27,3,"[27, 3, 13]",284.04875791899394,"(27, 184)",,[],"{""feature_selection"": {""even"": [""mean"", ""range""], ""odd"": [""mean""]}, ""n_chunks"": 16, ""parameter_selection"": {""mean"": {""likelihood"": ""student_t""}, ""range"": {""likelihood"": ""beta""}}, ""rem_profile_params"": {""rem_stage"": 2, ""step_size_hours"": 1, ""window_size_hours"": 2}, ""tau_threshold"": 5.0}",run_output_8day_rem_w2_s1_stage2,rem_w2_s1_stage2
129,04746e3cd6b33dd8,ok,,"even: mean; odd: mean, range",mean=lognormal; range=beta,16,5.0,2,1,2,306.9365714930444,306.9365714930444,11.368021166409052,3.7893403888030175,0.0132961472908585,3.7893403888030175,0.0132961472908585,-614.7231584134055,1.01,607.0,361.0,0.960025546500355,0,8,0.677476315755206,0.9287902937068664,7.628353625175687,1.039642749559622,8.0,8.0,8.0,0.8803413502704939,0.5334325764592013,0,False,,False,3,3,27,3,"[3, 21, 27]",165.28171430298244,"(27, 184)",,[],"{""feature_selection"": {""even"": [""mean""], ""odd"": [""mean"", ""range""]}, ""n_chunks"": 16, ""parameter_selection"": {""mean"": {""likelihood"": ""lognormal""}, ""range"": {""likelihood"": ""beta""}}, ""rem_profile_params"": {""rem_stage"": 2, ""step_size_hours"": 1, ""window_size_hours"": 2}, ""tau_threshold"": 5.0}",run_output_8day_rem_w2_s1_stage2,rem_w2_s1_stage2
14,609836fed41d080a,ok,,"concat: mean, range",mean=lognormal; range=lognormal,16,5.0,6,1,2,204.5328353165252,204.5328353165252,7.575290196908342,3.7876450984541714,0.0129841087968285,3.7876450984541714,0.0129841087968285,-409.17018119786894,1.01,616.0,758.0,0.9366249322783566,0,5,0.1379848343286001,0.5891545724191547,6.224312989287881,1.4169184343352637,5.0,6.0,8.0,0.4741479487897663,0.6155440238285,0,False,,False,2,2,27,3,"[3, 0, 24]",28.0605239449942,"(27, 152)",,[],"{""feature_selection"": {""concat"": [""mean"", ""range""]}, ""n_chunks"": 16, ""parameter_selection"": {""mean"": {""likelihood"": ""lognormal""}, ""range"": {""likelihood"": ""lognormal""}}, ""rem_profile_params"": {""rem_stage"": 2, ""step_size_hours"": 1, ""window_size_hours"": 6}, ""tau_threshold"": 5.0}",run_output_8day_rem_w6_s1_stage2,rem_w6_s1_stage2
2,47149afc01744faa,ok,,"concat: mean, range; even: mean, range; odd: mean",mean=student_t; range=lognormal,16,5.0,3,1,2,529.5310120053954,529.5310120053954,18.91182185733555,3.782364371467109,0.0098254067169208,3.782364371467109,0.0098254067169208,-1057.968193233614,1.02,268.0,354.0,0.9937001058738592,0,8,0.3596338681051778,0.931957915628509,7.158934012598111,1.2464527936476952,6.0,8.0,8.0,0.7173372377054785,0.6154757565385032,0,False,,False,5,5,28,2,"[3, 17]",137.09999142200104,"(28, 176)",,[],"{""feature_selection"": {""concat"": [""mean"", ""range""], ""even"": [""mean"", ""range""], ""odd"": [""mean""]}, ""n_chunks"": 16, ""parameter_selection"": {""mean"": {""likelihood"": ""student_t""}, ""range"": {""likelihood"": ""lognormal""}}, ""rem_profile_params"": {""rem_stage"": 2, ""step_size_hours"": 1, ""window_size_hours"": 3}, ""tau_threshold"": 5.0}",run_output_8day_rem_w3_s1_stage2,rem_w3_s1_stage2
17,b43b9ec560cf360b,ok,,concat: mean; even: mean,mean=lognormal,16,5.0,6,1,2,204.2417673616162,204.2417673616162,7.564509902282082,3.7822549511410415,0.0205354333613578,3.7822549511410415,0.0205354333613578,-407.2529279607822,1.04,176.0,336.0,1.0583423341448015,0,8,0.4854984581606918,0.9309601164627436,7.491574047519551,1.0439572118908926,7.0,8.0,8.0,0.8781040937584642,0.6723612066936054,0,False,,False,2,2,27,3,"[3, 0, 27]",52.13526182100759,"(27, 152)",,[],"{""feature_selection"": {""concat"": [""mean""], ""even"": [""mean""]}, ""n_chunks"": 16, ""parameter_selection"": {""mean"": {""likelihood"": ""lognormal""}}, ""rem_profile_params"": {""rem_stage"": 2, ""step_size_hours"": 1, ""window_size_hours"": 6}, ""tau_threshold"": 5.0}",run_output_8day_rem_w6_s1_stage2,rem_w6_s1_stage2
16,d6bc3a1ee1f28691,pareto_filtered,"pareto_k_above_threshold_after_retries: k_max=1.02888, threshold=0.7","concat: mean, range; even: range; odd: mean, range",mean=lognormal; range=beta,16,5.0,2,2,2,510.5819616066892,510.5819616066892,18.91044302246997,3.782088604493994,0.0121840701326968,3.782088604493994,0.0121840701326968,-1018.3538823930286,1.01,1340.0,1011.0,0.9622164101806614,0,7,0.9951367567872808,1.0,7.001112845893852,0.0333878784251884,7.0,7.0,7.0,0.9999984285210688,1.0288785285164923,2,True,"pareto_k_above_threshold_after_retries: k_max=1.02888, threshold=0.7",False,5,5,27,3,"[3, 21, 4]",231.1405150619976,"(27, 96)",,[],"{""feature_selection"": {""concat"": [""mean"", ""range""], ""even"": [""range""], ""odd"": [""mean"", ""range""]}, ""n_chunks"": 16, ""parameter_selection"": {""mean"": {""likelihood"": ""lognormal""}, ""range"": {""likelihood"": ""beta""}}, ""rem_profile_params"": {""rem_stage"": 2, ""step_size_hours"": 2, ""window_size_hours"": 2}, ""tau_threshold"": 5.0}",run_output_8day_rem_w2_s2_stage2,rem_w2_s2_stage2
119,06b606cf515552af,pareto_filtered,"pareto_k_above_threshold_after_retries: k_max=0.757093, threshold=0.7","concat: range; odd: mean, range",mean=student_t; range=beta,16,5.0,3,1,2,306.33850912258595,306.33850912258595,11.345870708243924,3.7819569027479742,0.0134415471060316,3.7819569027479742,0.0134415471060316,-613.0535827844068,1.01,723.0,664.0,0.9317689267211352,0,8,0.7004767970656939,0.9942092747113076,7.785690990395625,0.5151069150125049,8.0,8.0,8.0,0.9907497713454192,0.7570931528964743,1,True,"pareto_k_above_threshold_after_retries: k_max=0.757093, threshold=0.7",False,3,3,27,3,"[15, 3, 21]",241.77344497200104,"(27, 176)",,[],"{""feature_selection"": {""concat"": [""range""], ""odd"": [""mean"", ""range""]}, ""n_chunks"": 16, ""parameter_selection"": {""mean"": {""likelihood"": ""student_t""}, ""range"": {""likelihood"": ""beta""}}, ""rem_profile_params"": {""rem_stage"": 2, ""step_size_hours"": 1, ""window_size_hours"": 3}, ""tau_threshold"": 5.0}",run_output_8day_rem_w3_s1_stage2,rem_w3_s1_stage2
88,4ebb408dec440850,ok,,concat: mean; even: range; odd: mean,mean=lognormal; range=lognormal,16,5.0,6,1,2,306.18113303756155,306.18113303756155,11.340041964354132,3.780013988118044,0.0144894083313424,3.780013988118044,0.0144894083313424,-611.5670243385333,1.07,49.0,120.0,1.0389822863039455,0,8,0.5603858274239022,0.8031847452728474,7.076995435669579,1.807847101279052,8.0,8.0,8.0,0.7929960884917572,0.6596302218086,0,False,,False,3,3,27,3,"[3, 0, 24]",47.377952601003926,"(27, 152)",,[],"{""feature_selection"": {""concat"": [""mean""], ""even"": [""range""], ""odd"": [""mean""]}, ""n_chunks"": 16, ""parameter_selection"": {""mean"": {""likelihood"": ""lognormal""}, ""range"": {""likelihood"": ""lognormal""}}, ""rem_profile_params"": {""rem_stage"": 2, ""step_size_hours"": 1, ""window_size_hours"": 6}, ""tau_threshold"": 5.0}",run_output_8day_rem_w6_s1_stage2,rem_w6_s1_stage2
23,92c1df6991b713fa,pareto_filtered,"pareto_k_above_threshold_after_retries: k_max=0.887409, threshold=0.7","concat: mean; even: mean, range; odd: mean, range",mean=student_t; range=lognormal,16,5.0,2,2,2,509.9765871837672,509.9765871837672,18.888021747546933,3.777604349509386,0.0112572607222533,3.777604349509386,0.0112572607222533,-1018.5622987241488,1.0,595.0,374.0,0.9794896278499228,0,8,0.7465584425513243,0.9798250369866778,7.777921572775424,0.7849833841075785,8.0,8.0,8.0,0.9355575018990612,0.8874091227392757,3,True,"pareto_k_above_threshold_after_retries: k_max=0.887409, threshold=0.7",False,5,5,27,3,"[21, 3, 25]",292.0816587599984,"(27, 96)",,[],"{""feature_selection"": {""concat"": [""mean""], ""even"": [""mean"", ""range""], ""odd"": [""mean"", ""range""]}, ""n_chunks"": 16, ""parameter_selection"": {""mean"": {""likelihood"": ""student_t""}, ""range"": {""likelihood"": ""lognormal""}}, ""rem_profile_params"": {""rem_stage"": 2, ""step_size_hours"": 2, ""window_size_hours"": 2}, ""tau_threshold"": 5.0}",run_output_8day_rem_w2_s2_stage2,rem_w2_s2_stage2
46,bf245072e1d43d88,ok,,even: mean; odd: mean,mean=student_t,16,5.0,2,2,2,226.62163702516852,226.62163702516852,7.554054567505618,3.777027283752809,0.0157693508975163,3.777027283752809,0.0157693508975163,-453.571330372226,1.0,676.0,996.0,1.0456084930548477,0,6,0.1016823539358564,0.7685651070577235,6.288245190044526,1.545261149111648,6.0,6.0,8.0,0.4632007011680302,0.5857961695132282,0,False,,False,2,2,30,0,[],21.139942237001375,"(30, 96)",,[],"{""feature_selection"": {""even"": [""mean""], ""odd"": [""mean""]}, ""n_chunks"": 16, ""parameter_selection"": {""mean"": {""likelihood"": ""student_t""}}, ""rem_profile_params"": {""rem_stage"": 2, ""step_size_hours"": 2, ""window_size_hours"": 2}, ""tau_threshold"": 5.0}",run_output_8day_rem_w2_s2_stage2,rem_w2_s2_stage2
7,09f6b9482be403e9,pareto_filtered,"pareto_k_above_threshold_after_retries: k_max=1.11673, threshold=0.7","concat: mean, range; even: mean; odd: mean, range",mean=lognormal; range=beta,16,5.0,3,1,2,509.76522466983823,509.76522466983823,18.880193506290304,3.77603870125806,0.0158969732761392,3.77603870125806,0.0158969732761392,-1032.3206860543694,1.01,635.0,397.0,0.9535665663955972,0,8,0.9382601642880632,0.9999898010266676,7.976841612940714,0.154176458467733,8.0,8.0,8.0,0.9994465496237528,1.1167267300954906,3,True,"pareto_k_above_threshold_after_retries: k_max=1.11673, threshold=0.7",False,5,5,27,3,"[3, 15, 27]",174.74606660401332,"(27, 176)",,[],"{""feature_selection"": {""concat"": [""mean"", ""range""], ""even"": [""mean""], ""odd"": [""mean"", ""range""]}, ""n_chunks"": 16, ""parameter_selection"": {""mean"": {""likelihood"": ""lognormal""}, ""range"": {""likelihood"": ""beta""}}, ""rem_profile_params"": {""rem_stage"": 2, ""step_size_hours"": 1, ""window_size_hours"": 3}, ""tau_threshold"": 5.0}",run_output_8day_rem_w3_s1_stage2,rem_w3_s1_stage2
175,484d76cfa2b5d960,pareto_filtered,"pareto_k_above_threshold_after_retries: k_max=0.931313, threshold=0.7","concat: mean; even: range; odd: mean, range",mean=student_t; range=beta,16,5.0,2,2,2,406.3987212892209,406.3987212892209,15.051804492193368,3.7629511230483423,0.0128003201386275,3.7629511230483423,0.0128003201386275,-813.2280588200147,1.01,580.0,463.0,0.9764847941138836,0,8,0.6394716682988029,0.985820908305043,7.672145623297739,0.7995472913361266,8.0,8.0,8.0,0.8860331271265984,0.9313127796303452,1,True,"pareto_k_above_threshold_after_retries: k_max=0.931313, threshold=0.7",False,4,4,27,3,"[3, 15, 7]",471.9080821000098,"(27, 96)",,[],"{""feature_selection"": {""concat"": [""mean""], ""even"": [""range""], ""odd"": [""mean"", ""range""]}, ""n_chunks"": 16, ""parameter_selection"": {""mean"": {""likelihood"": ""student_t""}, ""range"": {""likelihood"": ""beta""}}, ""rem_profile_params"": {""rem_stage"": 2, ""step_size_hours"": 2, ""window_size_hours"": 2}, ""tau_threshold"": 5.0}",run_output_8day_rem_w2_s2_stage2,rem_w2_s2_stage2
140,9bdf025e61405b2a,ok,,"concat: mean, range; even: mean, range",mean=student_t; range=lognormal,16,5.0,2,2,2,435.8986307252342,435.8986307252342,15.030987266387386,3.757746816596847,0.0092773928098118,3.757746816596847,0.0092773928098118,-872.4776819556695,1.01,547.0,581.0,0.9604248672109216,0,7,0.4022213267239433,0.9701596029493154,6.993812992759501,0.7659011072849121,7.0,7.0,7.0,0.8092817653050712,0.6758598732791951,0,False,,False,4,4,29,1,[29],132.76360458199633,"(29, 96)",,[],"{""feature_selection"": {""concat"": [""mean"", ""range""], ""even"": [""mean"", ""range""]}, ""n_chunks"": 16, ""parameter_selection"": {""mean"": {""likelihood"": ""student_t""}, ""range"": {""likelihood"": ""lognormal""}}, ""rem_profile_params"": {""rem_stage"": 2, ""step_size_hours"": 2, ""window_size_hours"": 2}, ""tau_threshold"": 5.0}",run_output_8day_rem_w2_s2_stage2,rem_w2_s2_stage2
103,17c1c25dfae7a57b,ok,,concat: range; even: mean; odd: mean,mean=lognormal; range=beta,16,5.0,2,2,2,303.6202863859842,303.6202863859842,11.245195792073488,3.7483985973578298,0.0122206536607025,3.7483985973578298,0.0122206536607025,-607.2202671054214,1.01,1263.0,894.0,1.04382601010243,0,7,0.9310838174155276,0.999988567784298,7.026634024955527,0.1616309183738472,7.0,7.0,7.0,0.9999644341677332,0.6645308201467309,0,False,,False,3,3,27,3,"[4, 3, 21]",124.00668157098698,"(27, 96)",,[],"{""feature_selection"": {""concat"": [""range""], ""even"": [""mean""], ""odd"": [""mean""]}, ""n_chunks"": 16, ""parameter_selection"": {""mean"": {""likelihood"": ""lognormal""}, ""range"": {""likelihood"": ""beta""}}, ""rem_profile_params"": {""rem_stage"": 2, ""step_size_hours"": 2, ""window_size_hours"": 2}, ""tau_threshold"": 5.0}",run_output_8day_rem_w2_s2_stage2,rem_w2_s2_stage2
83,409d4bab26755ff6,pareto_filtered,"pareto_k_above_threshold_after_retries: k_max=0.999331, threshold=0.7",concat: mean; even: mean; odd: range,mean=lognormal; range=beta,16,5.0,2,2,2,303.2264597110642,303.2264597110642,11.230609618928304,3.743536539642768,0.0153319834928938,3.743536539642768,0.0153319834928938,-611.0441430142349,1.01,880.0,473.0,0.9573603348495504,0,8,0.8792437102428637,0.9999868501114718,7.936379481567147,0.3090160194966536,8.0,8.0,8.0,0.9821030039738388,0.999330559212344,4,True,"pareto_k_above_threshold_after_retries: k_max=0.999331, threshold=0.7",False,3,3,27,3,"[3, 12, 27]",130.03286274999846,"(27, 96)",,[],"{""feature_selection"": {""concat"": [""mean""], ""even"": [""mean""], ""odd"": [""range""]}, ""n_chunks"": 16, ""parameter_selection"": {""mean"": {""likelihood"": ""lognormal""}, ""range"": {""likelihood"": ""beta""}}, ""rem_profile_params"": {""rem_stage"": 2, ""step_size_hours"": 2, ""window_size_hours"": 2}, ""tau_threshold"": 5.0}",run_output_8day_rem_w2_s2_stage2,rem_w2_s2_stage2
168,8bf413806599e050,ok,,"concat: mean; even: mean, range; odd: range",mean=student_t; range=lognormal,16,5.0,2,1,2,403.3801518596069,403.3801518596069,14.940005624429883,3.7350014061074712,0.0121720500871805,3.7350014061074712,0.0121720500871805,-807.2002686086381,1.01,1308.0,855.0,1.0464103337940172,0,8,0.9226947986832326,0.9871386299476258,7.934818488720152,0.4924447710522161,8.0,8.0,8.0,0.9836939166093368,0.6532222105199643,0,False,,False,4,4,27,3,"[27, 21, 15]",394.7855463869928,"(27, 184)",,[],"{""feature_selection"": {""concat"": [""mean""], ""even"": [""mean"", ""range""], ""odd"": [""range""]}, ""n_chunks"": 16, ""parameter_selection"": {""mean"": {""likelihood"": ""student_t""}, ""range"": {""likelihood"": ""lognormal""}}, ""rem_profile_params"": {""rem_stage"": 2, ""step_size_hours"": 1, ""window_size_hours"": 2}, ""tau_threshold"": 5.0}",run_output_8day_rem_w2_s1_stage2,rem_w2_s1_stage2
113,f971a395625b6845,pareto_filtered,"pareto_k_above_threshold_after_retries: k_max=1.02219, threshold=0.7",concat: range; even: range; odd: mean,mean=student_t; range=beta,16,5.0,2,1,2,302.38805844367425,302.38805844367425,11.199557720136085,3.733185906712028,0.0100145142857632,3.733185906712028,0.0100145142857632,-606.7538563126164,1.01,363.0,674.0,0.91566684032879,0,6,0.0624110841216537,0.5866380605799428,5.619611770625943,1.8049591701944312,4.0,6.0,7.0,0.3255879309633448,1.0221913779748195,3,True,"pareto_k_above_threshold_after_retries: k_max=1.02219, threshold=0.7",False,3,3,27,3,"[3, 21, 27]",250.52517032600008,"(27, 184)",,[],"{""feature_selection"": {""concat"": [""range""], ""even"": [""range""], ""odd"": [""mean""]}, ""n_chunks"": 16, ""parameter_selection"": {""mean"": {""likelihood"": ""student_t""}, ""range"": {""likelihood"": ""beta""}}, ""rem_profile_params"": {""rem_stage"": 2, ""step_size_hours"": 1, ""window_size_hours"": 2}, ""tau_threshold"": 5.0}",run_output_8day_rem_w2_s1_stage2,rem_w2_s1_stage2
79,2db0a15ae4978299,ok,,"concat: mean; even: mean, range",mean=student_t; range=beta,16,5.0,6,1,2,302.10370832570527,302.10370832570527,11.18902623428538,3.729675411428461,0.0124317946913486,3.729675411428461,0.0124317946913486,-603.1024504941713,1.04,125.0,275.0,1.0373944496593168,0,3,0.4740185533162171,0.4278115803323651,5.120443716240004,2.41317020891208,3.0,3.0,8.0,0.4193566192368205,0.6699572367678764,0,False,,False,3,3,27,3,"[28, 27, 26]",190.446345311997,"(27, 152)",,[],"{""feature_selection"": {""concat"": [""mean""], ""even"": [""mean"", ""range""]}, ""n_chunks"": 16, ""parameter_selection"": {""mean"": {""likelihood"": ""student_t""}, ""range"": {""likelihood"": ""beta""}}, ""rem_profile_params"": {""rem_stage"": 2, ""step_size_hours"": 1, ""window_size_hours"": 6}, ""tau_threshold"": 5.0}",run_output_8day_rem_w6_s1_stage2,rem_w6_s1_stage2
5,0d40e3db54d3ee00,ok,,"concat: mean, range; even: mean, range; odd: range",mean=student_t; range=beta,16,5.0,3,1,2,503.5055713799352,503.5055713799352,18.648354495553157,3.7296708991106313,0.0088297272082006,3.7296708991106313,0.0088297272082006,-1005.9013894990192,1.01,375.0,427.0,0.9981397676357328,0,8,0.5180705650467525,0.9889825990122816,7.538223146985759,0.8253420097467047,7.0,8.0,8.0,0.8695488980680208,0.6986360107975663,0,False,,False,5,5,27,3,"[15, 27, 10]",252.0768542419828,"(27, 176)",,[],"{""feature_selection"": {""concat"": [""mean"", ""range""], ""even"": [""mean"", ""range""], ""odd"": [""range""]}, ""n_chunks"": 16, ""parameter_selection"": {""mean"": {""likelihood"": ""student_t""}, ""range"": {""likelihood"": ""beta""}}, ""rem_profile_params"": {""rem_stage"": 2, ""step_size_hours"": 1, ""window_size_hours"": 3}, ""tau_threshold"": 5.0}",run_output_8day_rem_w3_s1_stage2,rem_w3_s1_stage2
20,bff2b5743f5fe928,pareto_filtered,"pareto_k_above_threshold_after_retries: k_max=1.07358, threshold=0.7","concat: mean; even: mean, range; odd: mean, range",mean=lognormal; range=lognormal,16,5.0,2,1,2,501.6542222890175,501.6542222890175,18.57978601070435,3.715957202140871,0.0145566661419541,3.715957202140871,0.0145566661419541,-1007.0992351475608,1.01,317.0,181.0,1.0090693596697295,0,8,0.8730964141529461,0.9839680897603112,7.896367353818759,0.6050201616466414,8.0,8.0,8.0,0.9786489638776265,1.0735761559014616,5,True,"pareto_k_above_threshold_after_retries: k_max=1.07358, threshold=0.7",False,5,5,27,3,"[3, 27, 21]",192.49347511900123,"(27, 184)",,[],"{""feature_selection"": {""concat"": [""mean""], ""even"": [""mean"", ""range""], ""odd"": [""mean"", ""range""]}, ""n_chunks"": 16, ""parameter_selection"": {""mean"": {""likelihood"": ""lognormal""}, ""range"": {""likelihood"": ""lognormal""}}, ""rem_profile_params"": {""rem_stage"": 2, ""step_size_hours"": 1, ""window_size_hours"": 2}, ""tau_threshold"": 5.0}",run_output_8day_rem_w2_s1_stage2,rem_w2_s1_stage2
16,0d29f14b5142990e,pareto_filtered,"pareto_k_above_threshold_after_retries: k_max=1.30921, threshold=0.7","concat: mean, range; even: range; odd: mean, range",mean=lognormal; range=lognormal,16,5.0,2,1,2,501.6253686212506,501.6253686212506,18.57871735634261,3.715743471268523,0.0124408290215815,3.715743471268523,0.0124408290215815,-999.2029321825636,1.01,123.0,99.0,0.9330238404769056,0,7,0.3989469809205964,0.7843492291486343,6.433507046208873,1.335456748240454,6.0,7.0,7.0,0.7422563356081705,1.3092080153993424,4,True,"pareto_k_above_threshold_after_retries: k_max=1.30921, threshold=0.7",False,5,5,27,3,"[3, 21, 0]",169.10465711000143,"(27, 184)",,[],"{""feature_selection"": {""concat"": [""mean"", ""range""], ""even"": [""range""], ""odd"": [""mean"", ""range""]}, ""n_chunks"": 16, ""parameter_selection"": {""mean"": {""likelihood"": ""lognormal""}, ""range"": {""likelihood"": ""lognormal""}}, ""rem_profile_params"": {""rem_stage"": 2, ""step_size_hours"": 1, ""window_size_hours"": 2}, ""tau_threshold"": 5.0}",run_output_8day_rem_w2_s1_stage2,rem_w2_s1_stage2
152,e3962fce6dfafba0,ok,,"concat: mean, range; even: range; odd: mean",mean=student_t; range=lognormal,16,5.0,3,1,2,415.9532953605943,415.9532953605943,14.855474834306936,3.713868708576735,0.0127797531988774,3.713868708576735,0.0127797531988774,-833.4313285402917,1.01,181.0,181.0,0.9693943979395766,0,8,0.2412615658159265,0.8338127095492021,6.4617506971346295,1.6895830648925354,6.0,7.0,8.0,0.5203382630985558,0.6906494959787431,0,False,,False,4,4,28,2,"[3, 15]",222.6129337500024,"(28, 176)",,[],"{""feature_selection"": {""concat"": [""mean"", ""range""], ""even"": [""range""], ""odd"": [""mean""]}, ""n_chunks"": 16, ""parameter_selection"": {""mean"": {""likelihood"": ""student_t""}, ""range"": {""likelihood"": ""lognormal""}}, ""rem_profile_params"": {""rem_stage"": 2, ""step_size_hours"": 1, ""window_size_hours"": 3}, ""tau_threshold"": 5.0}",run_output_8day_rem_w3_s1_stage2,rem_w3_s1_stage2
167,29ff8454bad73a98,ok,,"concat: mean; even: mean, range; odd: range",mean=student_t; range=beta,16,5.0,2,2,2,415.7460605739863,415.7460605739863,14.848073591928085,3.71201839798202,0.0099091896697293,3.71201839798202,0.0099091896697293,-830.4068110954029,1.01,1297.0,1163.0,0.9929321640727204,0,8,0.8548087611571777,0.9982894036922594,7.926097845116901,0.3265114850366152,8.0,8.0,8.0,0.9873573423940588,0.5913302270014007,0,False,,False,4,4,28,2,"[15, 7]",283.0145588729938,"(28, 96)",,[],"{""feature_selection"": {""concat"": [""mean""], ""even"": [""mean"", ""range""], ""odd"": [""range""]}, ""n_chunks"": 16, ""parameter_selection"": {""mean"": {""likelihood"": ""student_t""}, ""range"": {""likelihood"": ""beta""}}, ""rem_profile_params"": {""rem_stage"": 2, ""step_size_hours"": 2, ""window_size_hours"": 2}, ""tau_threshold"": 5.0}",run_output_8day_rem_w2_s2_stage2,rem_w2_s2_stage2
155,c7b00608436f69e1,ok,,"concat: mean, range; even: range; odd: range",mean=student_t; range=beta,16,5.0,3,1,2,430.03496494992623,430.03496494992623,14.828791894825043,3.707197973706261,0.0089099706082338,3.707197973706261,0.0089099706082338,-858.9024941001971,1.0,738.0,730.0,0.9799460486454054,0,8,0.6038303272202983,0.9878448164722128,7.643525781384502,0.6096998822260242,7.0,8.0,8.0,0.9843426715694692,0.6695232916763281,0,False,,False,4,4,29,1,[15],175.71646931002033,"(29, 176)",,[],"{""feature_selection"": {""concat"": [""mean"", ""range""], ""even"": [""range""], ""odd"": [""range""]}, ""n_chunks"": 16, ""parameter_selection"": {""mean"": {""likelihood"": ""student_t""}, ""range"": {""likelihood"": ""beta""}}, ""rem_profile_params"": {""rem_stage"": 2, ""step_size_hours"": 1, ""window_size_hours"": 3}, ""tau_threshold"": 5.0}",run_output_8day_rem_w3_s1_stage2,rem_w3_s1_stage2
87,a8c16004e401ee9a,pareto_filtered,"pareto_k_above_threshold_after_retries: k_max=0.74624, threshold=0.7",concat: mean; even: range; odd: mean,mean=lognormal; range=beta,16,5.0,6,1,2,300.2292709938462,300.2292709938462,11.119602629401712,3.70653420980057,0.0132495634078283,3.70653420980057,0.0132495634078283,-600.5062074136098,1.02,144.0,408.0,0.9301441850207378,0,8,0.3046262219652814,0.4760419698751074,5.541897395538541,2.282589666276969,3.0,4.0,8.0,0.4558540432031862,0.7462400235747609,1,True,"pareto_k_above_threshold_after_retries: k_max=0.74624, threshold=0.7",False,3,3,27,3,"[3, 0, 24]",111.41391215799376,"(27, 152)",,[],"{""feature_selection"": {""concat"": [""mean""], ""even"": [""range""], ""odd"": [""mean""]}, ""n_chunks"": 16, ""parameter_selection"": {""mean"": {""likelihood"": ""lognormal""}, ""range"": {""likelihood"": ""beta""}}, ""rem_profile_params"": {""rem_stage"": 2, ""step_size_hours"": 1, ""window_size_hours"": 6}, ""tau_threshold"": 5.0}",run_output_8day_rem_w6_s1_stage2,rem_w6_s1_stage2
25,443182d397443103,pareto_filtered,"pareto_k_above_threshold_after_retries: k_max=1.16234, threshold=0.7","concat: range; even: mean, range; odd: mean, range",mean=student_t; range=beta,16,5.0,2,1,2,499.7013703267148,499.7013703267148,18.507458160248696,3.701491632049739,0.0097820248627489,3.701491632049739,0.0097820248627489,-1000.0619054441926,1.01,899.0,853.0,0.9621378446038265,0,4,0.6525768875157533,7.998209733639847e-07,3.713793544923268,0.4591532469353875,3.0,4.0,4.0,3.451748442280287e-07,1.1623368081667882,2,True,"pareto_k_above_threshold_after_retries: k_max=1.16234, threshold=0.7",False,5,5,27,3,"[3, 15, 21]",359.00253755101585,"(27, 184)",,[],"{""feature_selection"": {""concat"": [""range""], ""even"": [""mean"", ""range""], ""odd"": [""mean"", ""range""]}, ""n_chunks"": 16, ""parameter_selection"": {""mean"": {""likelihood"": ""student_t""}, ""range"": {""likelihood"": ""beta""}}, ""rem_profile_params"": {""rem_stage"": 2, ""step_size_hours"": 1, ""window_size_hours"": 2}, ""tau_threshold"": 5.0}",run_output_8day_rem_w2_s1_stage2,rem_w2_s1_stage2
148,4cbb6103b0688cc0,ok,,"concat: mean, range; even: mean; odd: range",mean=student_t; range=lognormal,16,5.0,3,1,2,443.8533611408869,443.8533611408869,14.795112038029565,3.698778009507391,0.0093540227315562,3.698778009507391,0.0093540227315562,-883.2847943221745,1.01,401.0,491.0,1.0280652798059675,0,8,0.5939510562904309,0.9808541809277348,7.678310197068264,0.6770481592623302,8.0,8.0,8.0,0.9497421308328884,0.590919023562432,0,False,,False,4,4,30,0,[],71.85974941001041,"(30, 176)",,[],"{""feature_selection"": {""concat"": [""mean"", ""range""], ""even"": [""mean""], ""odd"": [""range""]}, ""n_chunks"": 16, ""parameter_selection"": {""mean"": {""likelihood"": ""student_t""}, ""range"": {""likelihood"": ""lognormal""}}, ""rem_profile_params"": {""rem_stage"": 2, ""step_size_hours"": 1, ""window_size_hours"": 3}, ""tau_threshold"": 5.0}",run_output_8day_rem_w3_s1_stage2,rem_w3_s1_stage2
68,e3bc74f57563eca2,ok,,"concat: mean, range; even: range",mean=student_t; range=lognormal,16,5.0,2,2,2,321.7330734399653,321.7330734399653,11.094243911722945,3.698081303907648,0.0106158740789135,3.698081303907648,0.0106158740789135,-644.5405081020747,1.01,728.0,866.0,0.9213589199480176,0,7,0.3153024683402404,0.9491838711455316,6.672607815251201,0.9066918025096482,6.0,7.0,7.0,0.5921475408273298,0.5635079450426732,0,False,,False,3,3,29,1,[15],48.43859064698336,"(29, 96)",,[],"{""feature_selection"": {""concat"": [""mean"", ""range""], ""even"": [""range""]}, ""n_chunks"": 16, ""parameter_selection"": {""mean"": {""likelihood"": ""student_t""}, ""range"": {""likelihood"": ""lognormal""}}, ""rem_profile_params"": {""rem_stage"": 2, ""step_size_hours"": 2, ""window_size_hours"": 2}, ""tau_threshold"": 5.0}",run_output_8day_rem_w2_s2_stage2,rem_w2_s2_stage2
11,c5584025b6c69088,pareto_filtered,"pareto_k_above_threshold_after_retries: k_max=1.28145, threshold=0.7","concat: mean, range; even: range; odd: mean, range",mean=lognormal; range=beta,16,5.0,3,1,2,499.2183704823844,499.2183704823844,18.489569277125348,3.697913855425069,0.0117470793567014,3.697913855425069,0.0117470793567014,-985.705003641138,1.05,81.0,160.0,0.8916652820971481,0,7,0.2562511660825374,0.706041576824601,6.081448797755499,1.406429146712895,5.0,7.0,7.0,0.6056681056327379,1.2814548459802475,3,True,"pareto_k_above_threshold_after_retries: k_max=1.28145, threshold=0.7",False,5,5,27,3,"[3, 15, 0]",216.65603818901585,"(27, 176)",,[],"{""feature_selection"": {""concat"": [""mean"", ""range""], ""even"": [""range""], ""odd"": [""mean"", ""range""]}, ""n_chunks"": 16, ""parameter_selection"": {""mean"": {""likelihood"": ""lognormal""}, ""range"": {""likelihood"": ""beta""}}, ""rem_profile_params"": {""rem_stage"": 2, ""step_size_hours"": 1, ""window_size_hours"": 3}, ""tau_threshold"": 5.0}",run_output_8day_rem_w3_s1_stage2,rem_w3_s1_stage2
84,79a5415a466e2843,pareto_filtered,"pareto_k_above_threshold_after_retries: k_max=0.93949, threshold=0.7",concat: mean; even: mean; odd: range,mean=lognormal; range=lognormal,16,5.0,3,1,2,299.20751007876964,299.20751007876964,11.081759632547024,3.6939198775156745,0.0154588590809494,3.6939198775156745,0.0154588590809494,-599.2661111679004,1.01,1618.0,1048.0,1.0118278801588712,0,8,0.9945841793678484,0.9999591652954368,7.998047653616763,0.0611105860283565,8.0,8.0,8.0,0.9992337083304538,0.9394902359788296,2,True,"pareto_k_above_threshold_after_retries: k_max=0.93949, threshold=0.7",False,3,3,27,3,"[27, 3, 29]",65.37218684598338,"(27, 176)",,[],"{""feature_selection"": {""concat"": [""mean""], ""even"": [""mean""], ""odd"": [""range""]}, ""n_chunks"": 16, ""parameter_selection"": {""mean"": {""likelihood"": ""lognormal""}, ""range"": {""likelihood"": ""lognormal""}}, ""rem_profile_params"": {""rem_stage"": 2, ""step_size_hours"": 1, ""window_size_hours"": 3}, ""tau_threshold"": 5.0}",run_output_8day_rem_w3_s1_stage2,rem_w3_s1_stage2
10,6fdf68f8cafc41be,pareto_filtered,"pareto_k_above_threshold_after_retries: k_max=0.872511, threshold=0.7","concat: mean, range; even: mean, range; odd: range",mean=student_t; range=lognormal,16,5.0,2,1,2,498.5523295253614,498.5523295253614,18.464901093531903,3.692980218706381,0.0101035509478875,3.692980218706381,0.0101035509478875,-998.545978141496,1.01,277.0,295.0,0.9969597637763512,0,7,0.5455799871539027,0.9801504548800192,7.118519071344427,0.7458525035148653,7.0,7.0,7.0,0.9364731320591844,0.8725108753882785,4,True,"pareto_k_above_threshold_after_retries: k_max=0.872511, threshold=0.7",False,5,5,27,3,"[15, 23, 25]",192.97062089899555,"(27, 184)",,[],"{""feature_selection"": {""concat"": [""mean"", ""range""], ""even"": [""mean"", ""range""], ""odd"": [""range""]}, ""n_chunks"": 16, ""parameter_selection"": {""mean"": {""likelihood"": ""student_t""}, ""range"": {""likelihood"": ""lognormal""}}, ""rem_profile_params"": {""rem_stage"": 2, ""step_size_hours"": 1, ""window_size_hours"": 2}, ""tau_threshold"": 5.0}",run_output_8day_rem_w2_s1_stage2,rem_w2_s1_stage2
60,0e926220b1f94005,ok,,"odd: mean, range",mean=student_t; range=lognormal,16,5.0,2,1,2,199.4096473823757,199.4096473823757,7.385542495643545,3.692771247821772,0.012441283201805,3.692771247821772,0.012441283201805,-400.3423906045289,1.01,447.0,331.0,0.9240013677592892,0,4,0.2819352434432596,0.3181892406729958,5.07476189125515,1.589994950847075,4.0,4.0,7.0,0.2577787963198179,0.6934981147485424,0,False,,False,2,2,27,3,"[3, 21, 0]",98.23004129700712,"(27, 184)",,[],"{""feature_selection"": {""odd"": [""mean"", ""range""]}, ""n_chunks"": 16, ""parameter_selection"": {""mean"": {""likelihood"": ""student_t""}, ""range"": {""likelihood"": ""lognormal""}}, ""rem_profile_params"": {""rem_stage"": 2, ""step_size_hours"": 1, ""window_size_hours"": 2}, ""tau_threshold"": 5.0}",run_output_8day_rem_w2_s1_stage2,rem_w2_s1_stage2
3,48271194c54d9b41,ok,,concat: range,range=beta,16,5.0,3,1,2,110.7252790362668,110.7252790362668,3.6908426345422263,3.6908426345422254,0.0152574466951439,3.6908426345422254,0.0152574466951439,-221.5176026206866,1.0,683.0,682.0,0.8163037980085542,0,7,0.7500845664716189,0.9870947880711624,7.033114334128312,0.4888099663263367,7.0,7.0,7.0,0.9735865074348298,0.667070832377354,0,False,,False,1,1,30,0,[],9.513376449001951,"(30, 176)",,[],"{""feature_selection"": {""concat"": [""range""]}, ""n_chunks"": 16, ""parameter_selection"": {""range"": {""likelihood"": ""beta""}}, ""rem_profile_params"": {""rem_stage"": 2, ""step_size_hours"": 1, ""window_size_hours"": 3}, ""tau_threshold"": 5.0}",run_output_8day_rem_w3_s1_stage2,rem_w3_s1_stage2
31,b0d33d1b911befc5,ok,,concat: range; even: mean,mean=student_t; range=beta,16,5.0,3,1,2,214.064356411566,214.064356411566,7.38152953143331,3.690764765716655,0.0103842467001599,3.690764765716655,0.0103842467001599,-428.4952922109652,1.01,1106.0,979.0,0.9753636185601412,0,7,0.573654212573659,0.979874481389264,7.212397545759289,0.6517331219342678,7.0,7.0,8.0,0.9688680396651448,0.6555949570851379,0,False,,False,2,2,29,1,[15],46.70615167400683,"(29, 176)",,[],"{""feature_selection"": {""concat"": [""range""], ""even"": [""mean""]}, ""n_chunks"": 16, ""parameter_selection"": {""mean"": {""likelihood"": ""student_t""}, ""range"": {""likelihood"": ""beta""}}, ""rem_profile_params"": {""rem_stage"": 2, ""step_size_hours"": 1, ""window_size_hours"": 3}, ""tau_threshold"": 5.0}",run_output_8day_rem_w3_s1_stage2,rem_w3_s1_stage2
162,0e9afbf79c817518,pareto_filtered,"pareto_k_above_threshold_after_retries: k_max=0.895311, threshold=0.7","concat: mean; even: mean, range; odd: mean",mean=lognormal; range=lognormal,16,5.0,2,2,2,398.4047379859694,398.4047379859694,14.755731036517384,3.688932759129346,0.0156400887866678,3.688932759129346,0.0156400887866678,-792.8720064001543,1.01,80.0,245.0,1.0014283942730478,0,3,0.4495291147095344,0.4341361775506713,5.0780703464921135,2.377302211582931,3.0,3.0,8.0,0.4164042359674837,0.8953106831642371,5,True,"pareto_k_above_threshold_after_retries: k_max=0.895311, threshold=0.7",False,4,4,27,3,"[3, 21, 25]",78.46894535399042,"(27, 96)",,[],"{""feature_selection"": {""concat"": [""mean""], ""even"": [""mean"", ""range""], ""odd"": [""mean""]}, ""n_chunks"": 16, ""parameter_selection"": {""mean"": {""likelihood"": ""lognormal""}, ""range"": {""likelihood"": ""lognormal""}}, ""rem_profile_params"": {""rem_stage"": 2, ""step_size_hours"": 2, ""window_size_hours"": 2}, ""tau_threshold"": 5.0}",run_output_8day_rem_w2_s2_stage2,rem_w2_s2_stage2
78,3f4e248ae5fd016a,ok,,"concat: mean; even: mean, range",mean=lognormal; range=lognormal,16,5.0,2,2,2,309.52757113978845,309.52757113978845,11.054556112135302,3.6848520373784335,0.0144223060651631,3.6848520373784335,0.0144223060651631,-612.0673636700184,1.01,475.0,492.0,1.0081716928126956,0,7,0.3551317294954071,0.9472127254012654,6.950796724402879,1.002223509276958,7.0,7.0,8.0,0.8131405452381344,0.6584819503347092,0,False,,False,3,3,28,2,"[3, 23]",51.84391695199884,"(28, 96)",,[],"{""feature_selection"": {""concat"": [""mean""], ""even"": [""mean"", ""range""]}, ""n_chunks"": 16, ""parameter_selection"": {""mean"": {""likelihood"": ""lognormal""}, ""range"": {""likelihood"": ""lognormal""}}, ""rem_profile_params"": {""rem_stage"": 2, ""step_size_hours"": 2, ""window_size_hours"": 2}, ""tau_threshold"": 5.0}",run_output_8day_rem_w2_s2_stage2,rem_w2_s2_stage2
176,3d80c0b8f3901cf7,ok,,"concat: mean; even: range; odd: mean, range",mean=student_t; range=lognormal,16,5.0,2,2,2,411.4045817744724,411.4045817744724,14.693020777659727,3.673255194414931,0.0118381204605222,3.673255194414931,0.0118381204605222,-823.2528999404635,1.02,355.0,273.0,0.97315272054344,0,8,0.6216391535850565,0.9417584090339016,7.516246569002017,1.1852252343942316,8.0,8.0,8.0,0.8390367421140644,0.6129654388580025,0,False,,False,4,4,28,2,"[3, 21]",230.0268995619845,"(28, 96)",,[],"{""feature_selection"": {""concat"": [""mean""], ""even"": [""range""], ""odd"": [""mean"", ""range""]}, ""n_chunks"": 16, ""parameter_selection"": {""mean"": {""likelihood"": ""student_t""}, ""range"": {""likelihood"": ""lognormal""}}, ""rem_profile_params"": {""rem_stage"": 2, ""step_size_hours"": 2, ""window_size_hours"": 2}, ""tau_threshold"": 5.0}",run_output_8day_rem_w2_s2_stage2,rem_w2_s2_stage2
95,294573b8fc470b3a,pareto_filtered,"pareto_k_above_threshold_after_retries: k_max=0.993006, threshold=0.7","concat: mean; odd: mean, range",mean=lognormal; range=beta,16,5.0,6,1,2,297.50658952675815,297.50658952675815,11.018762575065116,3.672920858355039,0.0127998321067038,3.672920858355039,0.0127998321067038,-595.310891430736,1.01,1483.0,1051.0,0.9550116216529554,0,5,0.9699238872214382,0.0090786062847002,5.00954595379023,0.1027480332276724,5.0,5.0,5.0,0.0004652883369994,0.9930055094484256,3,True,"pareto_k_above_threshold_after_retries: k_max=0.993006, threshold=0.7",False,3,3,27,3,"[0, 3, 24]",125.4595283039962,"(27, 152)",,[],"{""feature_selection"": {""concat"": [""mean""], ""odd"": [""mean"", ""range""]}, ""n_chunks"": 16, ""parameter_selection"": {""mean"": {""likelihood"": ""lognormal""}, ""range"": {""likelihood"": ""beta""}}, ""rem_profile_params"": {""rem_stage"": 2, ""step_size_hours"": 1, ""window_size_hours"": 6}, ""tau_threshold"": 5.0}",run_output_8day_rem_w6_s1_stage2,rem_w6_s1_stage2
152,6d613cdf6f1485a0,ok,,"concat: mean, range; even: range; odd: mean",mean=student_t; range=lognormal,16,5.0,2,2,2,425.94895841288576,425.94895841288576,14.687895117685716,3.671973779421429,0.0133216985512635,3.671973779421429,0.0133216985512635,-852.1882022487914,1.01,483.0,466.0,0.9034541782093646,0,6,0.4059559569504096,0.9681467983474576,6.46233002257016,0.8092261984544096,6.0,6.0,7.0,0.3967055125357407,0.6761134234153127,0,False,,False,4,4,29,1,[15],151.18892768002115,"(29, 96)",,[],"{""feature_selection"": {""concat"": [""mean"", ""range""], ""even"": [""range""], ""odd"": [""mean""]}, ""n_chunks"": 16, ""parameter_selection"": {""mean"": {""likelihood"": ""student_t""}, ""range"": {""likelihood"": ""lognormal""}}, ""rem_profile_params"": {""rem_stage"": 2, ""step_size_hours"": 2, ""window_size_hours"": 2}, ""tau_threshold"": 5.0}",run_output_8day_rem_w2_s2_stage2,rem_w2_s2_stage2
162,a382a57ca4c2a593,pareto_filtered,"pareto_k_above_threshold_after_retries: k_max=1.42041, threshold=0.7","concat: mean; even: mean, range; odd: mean",mean=lognormal; range=lognormal,16,5.0,3,1,2,396.3801542643521,396.3801542643521,14.680746454235262,3.670186613558816,0.0165674893337924,3.670186613558816,0.0165674893337924,-791.7609046909602,1.01,1057.0,1093.0,1.0681905006879355,0,6,0.7417590747161822,0.959306053298507,5.978717538205118,0.5439237088872818,6.0,6.0,6.0,0.0703593539793185,1.420413477678261,3,True,"pareto_k_above_threshold_after_retries: k_max=1.42041, threshold=0.7",False,4,4,27,3,"[3, 27, 0]",206.20573461000455,"(27, 176)",,[],"{""feature_selection"": {""concat"": [""mean""], ""even"": [""mean"", ""range""], ""odd"": [""mean""]}, ""n_chunks"": 16, ""parameter_selection"": {""mean"": {""likelihood"": ""lognormal""}, ""range"": {""likelihood"": ""lognormal""}}, ""rem_profile_params"": {""rem_stage"": 2, ""step_size_hours"": 1, ""window_size_hours"": 3}, ""tau_threshold"": 5.0}",run_output_8day_rem_w3_s1_stage2,rem_w3_s1_stage2
28,177b3a2bbb0310e6,pareto_filtered,"pareto_k_above_threshold_after_retries: k_max=1.07888, threshold=0.7","concat: mean, range; even: mean, range; odd: mean, range",mean=lognormal; range=lognormal,16,5.0,2,1,2,594.0728119889731,594.0728119889731,22.002696740332336,3.667116123388723,0.0135065270264931,3.667116123388723,0.0135065270264931,-1200.4782743957885,1.2,13.0,6.0,1.0792725834114354,0,8,0.7965914134291879,0.9042791528523608,7.518848972692059,1.4615318997150766,8.0,8.0,8.0,0.9029043447166252,1.0788787128074837,7,True,"pareto_k_above_threshold_after_retries: k_max=1.07888, threshold=0.7",False,6,6,27,3,"[3, 21, 27]",250.46360806497975,"(27, 184)",,[],"{""feature_selection"": {""concat"": [""mean"", ""range""], ""even"": [""mean"", ""range""], ""odd"": [""mean"", ""range""]}, ""n_chunks"": 16, ""parameter_selection"": {""mean"": {""likelihood"": ""lognormal""}, ""range"": {""likelihood"": ""lognormal""}}, ""rem_profile_params"": {""rem_stage"": 2, ""step_size_hours"": 1, ""window_size_hours"": 2}, ""tau_threshold"": 5.0}",run_output_8day_rem_w2_s1_stage2,rem_w2_s1_stage2
71,36ab69d38550b150,ok,,"concat: mean, range; odd: mean",mean=student_t; range=beta,16,5.0,6,1,2,329.95217935646684,329.95217935646684,10.998405978548895,3.666135326182965,0.0133432821958494,3.666135326182965,0.0133432821958494,-659.8745131455055,1.01,1334.0,1087.0,1.0442756786394078,0,5,0.5185894608598899,0.42363711281193,5.358715558805442,0.6752901855537754,5.0,5.0,6.0,0.0062124506798019,0.5825529784024014,0,False,,False,3,3,30,0,[],35.96499580499949,"(30, 152)",,[],"{""feature_selection"": {""concat"": [""mean"", ""range""], ""odd"": [""mean""]}, ""n_chunks"": 16, ""parameter_selection"": {""mean"": {""likelihood"": ""student_t""}, ""range"": {""likelihood"": ""beta""}}, ""rem_profile_params"": {""rem_stage"": 2, ""step_size_hours"": 1, ""window_size_hours"": 6}, ""tau_threshold"": 5.0}",run_output_8day_rem_w6_s1_stage2,rem_w6_s1_stage2
59,48f13d01f193b474,ok,,"odd: mean, range",mean=student_t; range=beta,16,5.0,2,1,2,212.37634383634816,212.37634383634816,7.323322201253386,3.661661100626693,0.0143944080419471,3.661661100626693,0.0143944080419471,-424.9217530352538,1.01,586.0,776.0,0.8728732247324504,0,6,0.1858562431213818,0.8257577311965985,6.268498631175856,1.2478191157481198,6.0,6.0,7.0,0.3640799570657878,0.682580385664138,0,False,,False,2,2,29,1,[3],56.85616095800651,"(29, 184)",,[],"{""feature_selection"": {""odd"": [""mean"", ""range""]}, ""n_chunks"": 16, ""parameter_selection"": {""mean"": {""likelihood"": ""student_t""}, ""range"": {""likelihood"": ""beta""}}, ""rem_profile_params"": {""rem_stage"": 2, ""step_size_hours"": 1, ""window_size_hours"": 2}, ""tau_threshold"": 5.0}",run_output_8day_rem_w2_s1_stage2,rem_w2_s1_stage2
140,fc452ff272280905,pareto_filtered,"pareto_k_above_threshold_after_retries: k_max=0.828995, threshold=0.7","concat: mean, range; even: mean, range",mean=student_t; range=lognormal,16,5.0,3,1,2,395.1524658299776,395.1524658299776,14.635276512221392,3.658819128055349,0.0098443991919263,3.658819128055349,0.0098443991919263,-790.6173812377069,1.05,106.0,261.0,1.0838800384378438,0,8,0.2948028656026789,0.6371846440986305,5.944085143608662,2.223969344647712,3.0,7.0,8.0,0.5154166773767193,0.828995183265677,2,True,"pareto_k_above_threshold_after_retries: k_max=0.828995, threshold=0.7",False,4,4,27,3,"[3, 27, 15]",270.4594442879897,"(27, 176)",,[],"{""feature_selection"": {""concat"": [""mean"", ""range""], ""even"": [""mean"", ""range""]}, ""n_chunks"": 16, ""parameter_selection"": {""mean"": {""likelihood"": ""student_t""}, ""range"": {""likelihood"": ""lognormal""}}, ""rem_profile_params"": {""rem_stage"": 2, ""step_size_hours"": 1, ""window_size_hours"": 3}, ""tau_threshold"": 5.0}",run_output_8day_rem_w3_s1_stage2,rem_w3_s1_stage2
187,3fc19a9e131e2be1,pareto_filtered,"pareto_k_above_threshold_after_retries: k_max=0.71475, threshold=0.7","concat: range; even: mean; odd: mean, range",mean=student_t; range=beta,16,5.0,3,1,2,394.75832638269264,394.75832638269264,14.620678754914543,3.655169688728636,0.0106963085991917,3.655169688728636,0.0106963085991917,-789.9646781083482,1.02,166.0,232.0,0.9160946493806345,0,6,0.6159519546687099,0.9966573205338152,6.488168419657307,0.8550083137495778,6.0,6.0,7.0,0.2609013313459205,0.7147496550938798,1,True,"pareto_k_above_threshold_after_retries: k_max=0.71475, threshold=0.7",False,4,4,27,3,"[15, 3, 10]",444.7891447549919,"(27, 176)",,[],"{""feature_selection"": {""concat"": [""range""], ""even"": [""mean""], ""odd"": [""mean"", ""range""]}, ""n_chunks"": 16, ""parameter_selection"": {""mean"": {""likelihood"": ""student_t""}, ""range"": {""likelihood"": ""beta""}}, ""rem_profile_params"": {""rem_stage"": 2, ""step_size_hours"": 1, ""window_size_hours"": 3}, ""tau_threshold"": 5.0}",run_output_8day_rem_w3_s1_stage2,rem_w3_s1_stage2
119,75e0e321e66efa5a,ok,,"concat: range; odd: mean, range",mean=student_t; range=beta,16,5.0,2,1,2,328.6912611215145,328.6912611215145,10.95637537071715,3.652125123572383,0.0129468675457484,3.652125123572383,0.0129468675457484,-657.677282255124,1.01,802.0,712.0,0.8732212593010372,0,6,0.5314585296143994,0.9704006965200548,6.298123786439539,0.7752840652764954,6.0,6.0,6.0,0.2232438823680562,0.6661997982728858,0,False,,False,3,3,30,0,[],56.478215657989495,"(30, 184)",,[],"{""feature_selection"": {""concat"": [""range""], ""odd"": [""mean"", ""range""]}, ""n_chunks"": 16, ""parameter_selection"": {""mean"": {""likelihood"": ""student_t""}, ""range"": {""likelihood"": ""beta""}}, ""rem_profile_params"": {""rem_stage"": 2, ""step_size_hours"": 1, ""window_size_hours"": 2}, ""tau_threshold"": 5.0}",run_output_8day_rem_w2_s1_stage2,rem_w2_s1_stage2
20,753d0ba523d96f42,pareto_filtered,"pareto_k_above_threshold_after_retries: k_max=1.05124, threshold=0.7","concat: mean; even: mean, range; odd: mean, range",mean=lognormal; range=beta,16,5.0,2,2,2,492.3311517567652,492.3311517567652,18.234487102102417,3.6468974204204834,0.0110605783523416,3.6468974204204834,0.0110605783523416,-983.1626224343064,1.01,367.0,238.0,0.9498889655478596,0,7,0.4846071524985254,0.9999828482857978,6.9070465519855935,0.6144450939206705,7.0,7.0,7.0,0.7605052393890773,1.0512412348410234,6,True,"pareto_k_above_threshold_after_retries: k_max=1.05124, threshold=0.7",False,5,5,27,3,"[3, 21, 0]",225.38863429101184,"(27, 96)",,[],"{""feature_selection"": {""concat"": [""mean""], ""even"": [""mean"", ""range""], ""odd"": [""mean"", ""range""]}, ""n_chunks"": 16, ""parameter_selection"": {""mean"": {""likelihood"": ""lognormal""}, ""range"": {""likelihood"": ""beta""}}, ""rem_profile_params"": {""rem_stage"": 2, ""step_size_hours"": 2, ""window_size_hours"": 2}, ""tau_threshold"": 5.0}",run_output_8day_rem_w2_s2_stage2,rem_w2_s2_stage2
25,c4d492078627b3d2,pareto_filtered,"pareto_k_above_threshold_after_retries: k_max=1.02853, threshold=0.7",concat: mean; odd: range,mean=lognormal; range=beta,16,5.0,6,1,2,196.3311023232263,196.3311023232263,7.271522308267641,3.63576115413382,0.0179525512120951,3.63576115413382,0.0179525512120951,-392.6490933236044,1.01,361.0,380.0,1.025384975843857,0,8,0.3860076766587218,0.7912216421101866,6.862105583815125,1.8805916509485097,7.0,8.0,8.0,0.7613795815809749,1.028531067923657,1,True,"pareto_k_above_threshold_after_retries: k_max=1.02853, threshold=0.7",False,2,2,27,3,"[29, 15, 3]",67.10558256699005,"(27, 152)",,[],"{""feature_selection"": {""concat"": [""mean""], ""odd"": [""range""]}, ""n_chunks"": 16, ""parameter_selection"": {""mean"": {""likelihood"": ""lognormal""}, ""range"": {""likelihood"": ""beta""}}, ""rem_profile_params"": {""rem_stage"": 2, ""step_size_hours"": 1, ""window_size_hours"": 6}, ""tau_threshold"": 5.0}",run_output_8day_rem_w6_s1_stage2,rem_w6_s1_stage2
49,6470b2140e451f86,ok,,even: mean; odd: range,mean=student_t; range=beta,16,5.0,2,1,2,218.1385337602764,218.1385337602764,7.27128445867588,3.63564222933794,0.008721313645355,3.63564222933794,0.008721313645355,-436.7783332106243,1.01,596.0,803.0,0.9985053145161462,0,8,0.141603835829898,0.8258177639291371,6.60355289752626,1.3900971780052385,6.0,7.0,8.0,0.5683653992899109,0.6339971928612937,0,False,,False,2,2,30,0,[],23.45009835201199,"(30, 184)",,[],"{""feature_selection"": {""even"": [""mean""], ""odd"": [""range""]}, ""n_chunks"": 16, ""parameter_selection"": {""mean"": {""likelihood"": ""student_t""}, ""range"": {""likelihood"": ""beta""}}, ""rem_profile_params"": {""rem_stage"": 2, ""step_size_hours"": 1, ""window_size_hours"": 2}, ""tau_threshold"": 5.0}",run_output_8day_rem_w2_s1_stage2,rem_w2_s1_stage2
91,198bdcd00ba1934e,pareto_filtered,"pareto_k_above_threshold_after_retries: k_max=0.961304, threshold=0.7",concat: mean; even: range; odd: range,mean=lognormal; range=beta,16,5.0,3,1,2,294.3941070913667,294.3941070913667,10.903485447828396,3.634495149276133,0.0108789641009611,3.634495149276133,0.0108789641009611,-588.8519446842508,1.04,138.0,74.0,0.9480066377378202,0,6,0.1017560882090583,0.6534425030334041,5.68095182081894,1.4812356836474876,5.0,6.0,7.0,0.2591871371197457,0.961303683822559,2,True,"pareto_k_above_threshold_after_retries: k_max=0.961304, threshold=0.7",False,3,3,27,3,"[15, 3, 0]",157.74495537599432,"(27, 176)",,[],"{""feature_selection"": {""concat"": [""mean""], ""even"": [""range""], ""odd"": [""range""]}, ""n_chunks"": 16, ""parameter_selection"": {""mean"": {""likelihood"": ""lognormal""}, ""range"": {""likelihood"": ""beta""}}, ""rem_profile_params"": {""rem_stage"": 2, ""step_size_hours"": 1, ""window_size_hours"": 3}, ""tau_threshold"": 5.0}",run_output_8day_rem_w3_s1_stage2,rem_w3_s1_stage2
16,0563a5181fc659f2,ok,,"concat: mean, range",mean=student_t; range=lognormal,16,5.0,6,1,2,210.66687464130516,210.66687464130516,7.264374987631212,3.632187493815606,0.0116259427007978,3.632187493815606,0.0116259427007978,-420.4650290901033,1.01,553.0,705.0,1.0112076791961595,0,8,0.1391549784716356,0.8103727716399922,6.628340823051245,1.3568190922313093,6.0,7.0,8.0,0.5974912244254311,0.5298217985310699,0,False,,False,2,2,29,1,[3],31.52561202200013,"(29, 152)",,[],"{""feature_selection"": {""concat"": [""mean"", ""range""]}, ""n_chunks"": 16, ""parameter_selection"": {""mean"": {""likelihood"": ""student_t""}, ""range"": {""likelihood"": ""lognormal""}}, ""rem_profile_params"": {""rem_stage"": 2, ""step_size_hours"": 1, ""window_size_hours"": 6}, ""tau_threshold"": 5.0}",run_output_8day_rem_w6_s1_stage2,rem_w6_s1_stage2
93,bfe8d8c7744d0e96,ok,,concat: mean; even: range; odd: range,mean=student_t; range=beta,16,5.0,2,2,2,305.00821328914816,305.00821328914816,10.893150474612437,3.631050158204145,0.0103530441459945,3.631050158204145,0.0103530441459945,-609.8306204588819,1.01,1345.0,1009.0,0.959252946354386,0,8,0.7234727006375412,0.9906840495828276,7.814800260278069,0.5639556533740413,8.0,8.0,8.0,0.9617643945615248,0.482839642147622,0,False,,False,3,3,28,2,"[15, 7]",138.62386578699807,"(28, 96)",,[],"{""feature_selection"": {""concat"": [""mean""], ""even"": [""range""], ""odd"": [""range""]}, ""n_chunks"": 16, ""parameter_selection"": {""mean"": {""likelihood"": ""student_t""}, ""range"": {""likelihood"": ""beta""}}, ""rem_profile_params"": {""rem_stage"": 2, ""step_size_hours"": 2, ""window_size_hours"": 2}, ""tau_threshold"": 5.0}",run_output_8day_rem_w2_s2_stage2,rem_w2_s2_stage2
164,28a614df86c1ecd6,ok,,"concat: mean; even: mean, range; odd: mean",mean=student_t; range=lognormal,16,5.0,6,1,2,406.498045416014,406.498045416014,14.517787336286212,3.629446834071553,0.0109774910251376,3.629446834071553,0.0109774910251376,-812.8220697841048,1.01,568.0,278.0,1.058971083836532,0,8,0.7704503582922979,0.9607640869892508,7.759619354049949,0.919715295176974,8.0,8.0,8.0,0.9377022681822892,0.5441641785050828,0,False,,False,4,4,28,2,"[27, 3]",301.6321202070103,"(28, 152)",,[],"{""feature_selection"": {""concat"": [""mean""], ""even"": [""mean"", ""range""], ""odd"": [""mean""]}, ""n_chunks"": 16, ""parameter_selection"": {""mean"": {""likelihood"": ""student_t""}, ""range"": {""likelihood"": ""lognormal""}}, ""rem_profile_params"": {""rem_stage"": 2, ""step_size_hours"": 1, ""window_size_hours"": 6}, ""tau_threshold"": 5.0}",run_output_8day_rem_w6_s1_stage2,rem_w6_s1_stage2
10,91865e093a312670,ok,,odd: mean,mean=student_t,16,5.0,2,2,2,108.87540582357352,108.87540582357352,3.629180194119117,3.6291801941191166,0.0273922782138341,3.6291801941191166,0.0273922782138341,-217.991552541115,1.01,859.0,943.0,1.0090350489207454,0,6,0.0718936915491219,0.6454174518647978,5.772298106472879,1.4848684890615862,5.0,6.0,7.0,0.286700045263177,0.6263193946686983,0,False,,False,1,1,30,0,[],11.179550211003516,"(30, 96)",,[],"{""feature_selection"": {""odd"": [""mean""]}, ""n_chunks"": 16, ""parameter_selection"": {""mean"": {""likelihood"": ""student_t""}}, ""rem_profile_params"": {""rem_stage"": 2, ""step_size_hours"": 2, ""window_size_hours"": 2}, ""tau_threshold"": 5.0}",run_output_8day_rem_w2_s2_stage2,rem_w2_s2_stage2
22,ed7faa2c9cba237e,ok,,"concat: mean; even: mean, range; odd: mean, range",mean=student_t; range=beta,16,5.0,2,2,2,508.01246694425697,508.01246694425697,18.14330239086632,3.628660478173265,0.0117885380343126,3.628660478173265,0.0117885380343126,-1016.0581332800692,1.01,1127.0,857.0,1.0279671745775631,0,8,0.8262779005241722,0.9988415746304872,7.900897838772508,0.3882903984165214,8.0,8.0,8.0,0.9753015413866112,0.6605320785253787,0,False,,False,5,5,28,2,"[15, 7]",254.8136384729878,"(28, 96)",,[],"{""feature_selection"": {""concat"": [""mean""], ""even"": [""mean"", ""range""], ""odd"": [""mean"", ""range""]}, ""n_chunks"": 16, ""parameter_selection"": {""mean"": {""likelihood"": ""student_t""}, ""range"": {""likelihood"": ""beta""}}, ""rem_profile_params"": {""rem_stage"": 2, ""step_size_hours"": 2, ""window_size_hours"": 2}, ""tau_threshold"": 5.0}",run_output_8day_rem_w2_s2_stage2,rem_w2_s2_stage2
36,6a171fa42b853ca7,pareto_filtered,"pareto_k_above_threshold_after_retries: k_max=0.808409, threshold=0.7",concat: range; odd: mean,mean=lognormal; range=lognormal,16,5.0,3,1,2,195.78261381143443,195.78261381143443,7.251207918942016,3.625603959471007,0.0205085074057094,3.625603959471007,0.0205085074057094,-392.0505181532242,1.02,412.0,341.0,0.9166218089692876,0,4,0.2338870098221558,0.2495237741128965,4.891040607936586,1.4061856617180288,4.0,4.0,5.0,0.1684710814735565,0.8084091715461622,1,True,"pareto_k_above_threshold_after_retries: k_max=0.808409, threshold=0.7",False,2,2,27,3,"[3, 21, 0]",42.35349396400852,"(27, 176)",,[],"{""feature_selection"": {""concat"": [""range""], ""odd"": [""mean""]}, ""n_chunks"": 16, ""parameter_selection"": {""mean"": {""likelihood"": ""lognormal""}, ""range"": {""likelihood"": ""lognormal""}}, ""rem_profile_params"": {""rem_stage"": 2, ""step_size_hours"": 1, ""window_size_hours"": 3}, ""tau_threshold"": 5.0}",run_output_8day_rem_w3_s1_stage2,rem_w3_s1_stage2
28,7f205367bd570cbe,pareto_filtered,"pareto_k_above_threshold_after_retries: k_max=1.04445, threshold=0.7","concat: mean, range; even: mean, range; odd: mean, range",mean=lognormal; range=beta,16,5.0,2,2,2,586.4125448196505,586.4125448196505,21.718983141468534,3.619830523578089,0.0113677815275935,3.619830523578089,0.0113677815275935,-1170.6748480434226,1.01,1514.0,1153.0,1.033621300467074,0,7,0.9967837332682594,1.0,7.0006967192037495,0.0263889379579427,7.0,7.0,7.0,0.9999999288697698,1.0444536367858457,4,True,"pareto_k_above_threshold_after_retries: k_max=1.04445, threshold=0.7",False,6,6,27,3,"[3, 4, 21]",323.9068293989985,"(27, 96)",,[],"{""feature_selection"": {""concat"": [""mean"", ""range""], ""even"": [""mean"", ""range""], ""odd"": [""mean"", ""range""]}, ""n_chunks"": 16, ""parameter_selection"": {""mean"": {""likelihood"": ""lognormal""}, ""range"": {""likelihood"": ""beta""}}, ""rem_profile_params"": {""rem_stage"": 2, ""step_size_hours"": 2, ""window_size_hours"": 2}, ""tau_threshold"": 5.0}",run_output_8day_rem_w2_s2_stage2,rem_w2_s2_stage2
153,5ed87c9cfef64c34,pareto_filtered,"pareto_k_above_threshold_after_retries: k_max=1.09301, threshold=0.7","concat: mean, range; even: range; odd: range",mean=lognormal; range=beta,16,5.0,3,1,2,390.7833625556048,390.7833625556048,14.473457872429806,3.618364468107452,0.0113616821001129,3.618364468107452,0.0113616821001129,-778.6051183221261,1.01,651.0,759.0,0.9300336984481256,0,8,0.6437079238969386,0.9924253417567328,7.71265984720028,0.5719490301448772,7.0,8.0,8.0,0.9868849737537428,1.0930096986897015,1,True,"pareto_k_above_threshold_after_retries: k_max=1.09301, threshold=0.7",False,4,4,27,3,"[15, 24, 27]",316.9463350420119,"(27, 176)",,[],"{""feature_selection"": {""concat"": [""mean"", ""range""], ""even"": [""range""], ""odd"": [""range""]}, ""n_chunks"": 16, ""parameter_selection"": {""mean"": {""likelihood"": ""lognormal""}, ""range"": {""likelihood"": ""beta""}}, ""rem_profile_params"": {""rem_stage"": 2, ""step_size_hours"": 1, ""window_size_hours"": 3}, ""tau_threshold"": 5.0}",run_output_8day_rem_w3_s1_stage2,rem_w3_s1_stage2
39,c3d5f681dab86709,ok,,concat: range; odd: range,range=beta,16,5.0,2,1,2,202.22478782809657,202.22478782809657,7.222313851003449,3.611156925501725,0.012521126032488,3.611156925501725,0.012521126032488,-404.7852299808056,1.0,723.0,553.0,0.8535988012818687,0,6,0.5062052325220343,0.9918901182907234,6.82733870285855,0.9934126640948626,6.0,6.0,8.0,0.4440330663787852,0.5359284059885078,0,False,,False,2,2,28,2,"[15, 4]",69.57703521399526,"(28, 184)",,[],"{""feature_selection"": {""concat"": [""range""], ""odd"": [""range""]}, ""n_chunks"": 16, ""parameter_selection"": {""range"": {""likelihood"": ""beta""}}, ""rem_profile_params"": {""rem_stage"": 2, ""step_size_hours"": 1, ""window_size_hours"": 2}, ""tau_threshold"": 5.0}",run_output_8day_rem_w2_s1_stage2,rem_w2_s1_stage2
137,d3950d0518d190a2,ok,,"concat: mean, range; even: mean, range",mean=lognormal; range=beta,16,5.0,3,1,2,404.2191680206656,404.2191680206656,14.436398857880915,3.609099714470229,0.0116259512686372,3.609099714470229,0.0116259512686372,-806.8055527548452,1.02,706.0,469.0,0.8571512149832299,0,7,0.5697329942299036,0.9916357256594788,7.441812959739362,0.6102530506450625,7.0,7.0,8.0,0.986808184746909,0.694484146835019,0,False,,False,4,4,28,2,"[24, 23]",189.30284862199915,"(28, 176)",,[],"{""feature_selection"": {""concat"": [""mean"", ""range""], ""even"": [""mean"", ""range""]}, ""n_chunks"": 16, ""parameter_selection"": {""mean"": {""likelihood"": ""lognormal""}, ""range"": {""likelihood"": ""beta""}}, ""rem_profile_params"": {""rem_stage"": 2, ""step_size_hours"": 1, ""window_size_hours"": 3}, ""tau_threshold"": 5.0}",run_output_8day_rem_w3_s1_stage2,rem_w3_s1_stage2
174,a11ae8971e1fcae9,pareto_filtered,"pareto_k_above_threshold_after_retries: k_max=0.999089, threshold=0.7","concat: mean; even: range; odd: mean, range",mean=lognormal; range=lognormal,16,5.0,2,2,2,389.44811312667775,389.44811312667775,14.424004189876952,3.606001047469239,0.012814010163236,3.606001047469239,0.012814010163236,-779.3368681784868,1.01,458.0,145.0,1.0320574832547602,0,8,0.7159622902981112,0.9833429207160516,7.790428113372001,0.669524145504611,8.0,8.0,8.0,0.9548254283540606,0.9990892173340016,3,True,"pareto_k_above_threshold_after_retries: k_max=0.999089, threshold=0.7",False,4,4,27,3,"[3, 21, 0]",125.35477045801235,"(27, 96)",,[],"{""feature_selection"": {""concat"": [""mean""], ""even"": [""range""], ""odd"": [""mean"", ""range""]}, ""n_chunks"": 16, ""parameter_selection"": {""mean"": {""likelihood"": ""lognormal""}, ""range"": {""likelihood"": ""lognormal""}}, ""rem_profile_params"": {""rem_stage"": 2, ""step_size_hours"": 2, ""window_size_hours"": 2}, ""tau_threshold"": 5.0}",run_output_8day_rem_w2_s2_stage2,rem_w2_s2_stage2
78,db277517cf517774,pareto_filtered,"pareto_k_above_threshold_after_retries: k_max=1.13562, threshold=0.7","concat: mean; even: mean, range",mean=lognormal; range=lognormal,16,5.0,3,1,2,291.3949348721413,291.3949348721413,10.792404995264492,3.597468331754832,0.017255840364334,3.597468331754832,0.017255840364334,-583.0436508800108,1.03,165.0,75.0,0.9560383136376636,0,6,0.3853984693262324,0.8899119832624657,6.061120608406133,1.026943128841004,6.0,6.0,6.0,0.2336759960898028,1.1356248401704148,5,True,"pareto_k_above_threshold_after_retries: k_max=1.13562, threshold=0.7",False,3,3,27,3,"[3, 27, 0]",103.33427832700544,"(27, 176)",,[],"{""feature_selection"": {""concat"": [""mean""], ""even"": [""mean"", ""range""]}, ""n_chunks"": 16, ""parameter_selection"": {""mean"": {""likelihood"": ""lognormal""}, ""range"": {""likelihood"": ""lognormal""}}, ""rem_profile_params"": {""rem_stage"": 2, ""step_size_hours"": 1, ""window_size_hours"": 3}, ""tau_threshold"": 5.0}",run_output_8day_rem_w3_s1_stage2,rem_w3_s1_stage2
93,8c26d7a9382b0199,ok,,concat: mean; even: range; odd: range,mean=student_t; range=beta,16,5.0,3,1,2,312.9742309722391,312.9742309722391,10.792214861111692,3.597404953703897,0.0092160205712784,3.597404953703897,0.0092160205712784,-626.2010994413203,1.02,221.0,183.0,0.9929330642373392,0,8,0.442943820472914,0.8316534245049647,7.154329644280337,1.6196130757704532,7.0,8.0,8.0,0.805042777276677,0.648015070183187,0,False,,False,3,3,29,1,[15],91.2441448989848,"(29, 176)",,[],"{""feature_selection"": {""concat"": [""mean""], ""even"": [""range""], ""odd"": [""range""]}, ""n_chunks"": 16, ""parameter_selection"": {""mean"": {""likelihood"": ""student_t""}, ""range"": {""likelihood"": ""beta""}}, ""rem_profile_params"": {""rem_stage"": 2, ""step_size_hours"": 1, ""window_size_hours"": 3}, ""tau_threshold"": 5.0}",run_output_8day_rem_w3_s1_stage2,rem_w3_s1_stage2
106,86c2af25ef4d8090,pareto_filtered,"pareto_k_above_threshold_after_retries: k_max=0.877009, threshold=0.7",concat: range; even: mean; odd: mean,mean=student_t; range=lognormal,16,5.0,3,1,2,291.2607033099908,291.2607033099908,10.787433455925584,3.5958111519751936,0.0143002111539656,3.5958111519751936,0.0143002111539656,-582.4190464120155,1.01,273.0,295.0,0.9709977418897,0,8,0.345977796994528,0.9157658148392278,6.969117180697991,1.3971179999259893,6.0,8.0,8.0,0.6376454966675434,0.8770093744768631,1,True,"pareto_k_above_threshold_after_retries: k_max=0.877009, threshold=0.7",False,3,3,27,3,"[3, 15, 1]",178.6216462170123,"(27, 176)",,[],"{""feature_selection"": {""concat"": [""range""], ""even"": [""mean""], ""odd"": [""mean""]}, ""n_chunks"": 16, ""parameter_selection"": {""mean"": {""likelihood"": ""student_t""}, ""range"": {""likelihood"": ""lognormal""}}, ""rem_profile_params"": {""rem_stage"": 2, ""step_size_hours"": 1, ""window_size_hours"": 3}, ""tau_threshold"": 5.0}",run_output_8day_rem_w3_s1_stage2,rem_w3_s1_stage2
107,ff38a60135154019,ok,,concat: range; even: mean; odd: range,mean=lognormal; range=beta,16,5.0,2,1,2,301.88381138512625,301.88381138512625,10.781564692325938,3.5938548974419797,0.0122509489776983,3.5938548974419797,0.0122509489776983,-603.7367062902777,1.01,681.0,682.0,0.9737833343693676,0,8,0.6712633281264988,0.9888021530933192,7.633269992326833,0.8217969013706832,8.0,8.0,8.0,0.8374412718320441,0.6133949910839005,0,False,,False,3,3,28,2,"[4, 27]",135.22469729799195,"(28, 184)",,[],"{""feature_selection"": {""concat"": [""range""], ""even"": [""mean""], ""odd"": [""range""]}, ""n_chunks"": 16, ""parameter_selection"": {""mean"": {""likelihood"": ""lognormal""}, ""range"": {""likelihood"": ""beta""}}, ""rem_profile_params"": {""rem_stage"": 2, ""step_size_hours"": 1, ""window_size_hours"": 2}, ""tau_threshold"": 5.0}",run_output_8day_rem_w2_s1_stage2,rem_w2_s1_stage2
131,e8805c25ab8464a1,ok,,"even: mean; odd: mean, range",mean=student_t; range=beta,16,5.0,3,1,2,290.90284465007664,290.90284465007664,10.77417943148432,3.591393143828106,0.0094095483320073,3.591393143828106,0.0094095483320073,-581.755204538894,1.01,580.0,332.0,1.0847150695629384,0,8,0.7952467702654868,0.9695262206671142,7.818742024174415,0.7662037177396002,8.0,8.0,8.0,0.9541032151138376,0.4865161833502543,0,False,,False,3,3,27,3,"[15, 3, 21]",250.7130524769891,"(27, 176)",,[],"{""feature_selection"": {""even"": [""mean""], ""odd"": [""mean"", ""range""]}, ""n_chunks"": 16, ""parameter_selection"": {""mean"": {""likelihood"": ""student_t""}, ""range"": {""likelihood"": ""beta""}}, ""rem_profile_params"": {""rem_stage"": 2, ""step_size_hours"": 1, ""window_size_hours"": 3}, ""tau_threshold"": 5.0}",run_output_8day_rem_w3_s1_stage2,rem_w3_s1_stage2
94,a41f454443960f31,pareto_filtered,"pareto_k_above_threshold_after_retries: k_max=0.983752, threshold=0.7",concat: mean; even: range; odd: range,mean=student_t; range=lognormal,16,5.0,2,1,2,290.8649542117057,290.8649542117057,10.772776081915026,3.590925360638342,0.0108940888985545,3.590925360638342,0.0108940888985545,-583.0133295745777,1.0,624.0,754.0,0.8800133243925022,0,7,0.4929769725018672,0.9583178856372512,6.989600881218396,0.8367095597939322,7.0,7.0,7.0,0.8947463889605927,0.9837520254748192,3,True,"pareto_k_above_threshold_after_retries: k_max=0.983752, threshold=0.7",False,3,3,27,3,"[25, 23, 3]",157.42036391800502,"(27, 184)",,[],"{""feature_selection"": {""concat"": [""mean""], ""even"": [""range""], ""odd"": [""range""]}, ""n_chunks"": 16, ""parameter_selection"": {""mean"": {""likelihood"": ""student_t""}, ""range"": {""likelihood"": ""lognormal""}}, ""rem_profile_params"": {""rem_stage"": 2, ""step_size_hours"": 1, ""window_size_hours"": 2}, ""tau_threshold"": 5.0}",run_output_8day_rem_w2_s1_stage2,rem_w2_s1_stage2
150,7a05b31b695d88e0,pareto_filtered,"pareto_k_above_threshold_after_retries: k_max=1.38582, threshold=0.7","concat: mean, range; even: range; odd: mean",mean=lognormal; range=lognormal,16,5.0,3,1,2,386.8368994672952,386.8368994672952,14.327292572862786,3.581823143215697,0.0141124032674218,3.581823143215697,0.0141124032674218,-774.3560806323364,1.01,645.0,631.0,0.958994718107654,0,6,0.6708677247550985,0.9502904874703146,6.010925195328282,0.5702843699688321,6.0,6.0,6.0,0.0955754353956434,1.3858202707711016,2,True,"pareto_k_above_threshold_after_retries: k_max=1.38582, threshold=0.7",False,4,4,27,3,"[3, 15, 0]",149.7305378599849,"(27, 176)",,[],"{""feature_selection"": {""concat"": [""mean"", ""range""], ""even"": [""range""], ""odd"": [""mean""]}, ""n_chunks"": 16, ""parameter_selection"": {""mean"": {""likelihood"": ""lognormal""}, ""range"": {""likelihood"": ""lognormal""}}, ""rem_profile_params"": {""rem_stage"": 2, ""step_size_hours"": 1, ""window_size_hours"": 3}, ""tau_threshold"": 5.0}",run_output_8day_rem_w3_s1_stage2,rem_w3_s1_stage2
70,3cb6c257c52f41c6,pareto_filtered,"pareto_k_above_threshold_after_retries: k_max=0.707286, threshold=0.7","concat: mean, range; odd: mean",mean=lognormal; range=lognormal,16,5.0,6,1,2,290.105780968153,290.105780968153,10.744658554376038,3.5815528514586785,0.0139911556781258,3.5815528514586785,0.0139911556781258,-578.8618210011927,1.01,187.0,409.0,0.963189872062032,0,4,0.1327940257707978,0.4364887851877894,5.635093775893036,1.8484277536403,4.0,5.0,8.0,0.3851007694863935,0.7072861588868132,1,True,"pareto_k_above_threshold_after_retries: k_max=0.707286, threshold=0.7",False,3,3,27,3,"[3, 0, 24]",44.02543941998738,"(27, 152)",,[],"{""feature_selection"": {""concat"": [""mean"", ""range""], ""odd"": [""mean""]}, ""n_chunks"": 16, ""parameter_selection"": {""mean"": {""likelihood"": ""lognormal""}, ""range"": {""likelihood"": ""lognormal""}}, ""rem_profile_params"": {""rem_stage"": 2, ""step_size_hours"": 1, ""window_size_hours"": 6}, ""tau_threshold"": 5.0}",run_output_8day_rem_w6_s1_stage2,rem_w6_s1_stage2
146,7ead3aca9e39fcb2,pareto_filtered,"pareto_k_above_threshold_after_retries: k_max=0.85253, threshold=0.7","concat: mean, range; even: mean; odd: range",mean=lognormal; range=lognormal,16,5.0,3,1,2,386.7003337225235,386.7003337225235,14.322234582315684,3.5805586455789222,0.013613511321728,3.5805586455789222,0.013613511321728,-775.027250902912,1.01,382.0,180.0,0.9534032319503356,0,8,0.8393190296148781,0.951866740627974,7.825147923910602,0.7422406464639818,8.0,8.0,8.0,0.947632774972034,0.8525299977218661,4,True,"pareto_k_above_threshold_after_retries: k_max=0.85253, threshold=0.7",False,4,4,27,3,"[24, 3, 27]",188.81773749899003,"(27, 176)",,[],"{""feature_selection"": {""concat"": [""mean"", ""range""], ""even"": [""mean""], ""odd"": [""range""]}, ""n_chunks"": 16, ""parameter_selection"": {""mean"": {""likelihood"": ""lognormal""}, ""range"": {""likelihood"": ""lognormal""}}, ""rem_profile_params"": {""rem_stage"": 2, ""step_size_hours"": 1, ""window_size_hours"": 3}, ""tau_threshold"": 5.0}",run_output_8day_rem_w3_s1_stage2,rem_w3_s1_stage2
177,c89117e2546812a0,pareto_filtered,"pareto_k_above_threshold_after_retries: k_max=1.0063, threshold=0.7","concat: range; even: mean, range; odd: mean",mean=lognormal; range=beta,16,5.0,2,1,2,386.5647909050308,386.5647909050308,14.317214477964104,3.579303619491025,0.0104524608763235,3.579303619491025,0.0104524608763235,-776.5721494368861,1.03,165.0,84.0,0.9670648183471012,1,8,0.5883126497625694,0.8413875813835073,7.219859990755102,1.686681116888741,8.0,8.0,8.0,0.8145951170168598,1.0062979694208227,5,True,"pareto_k_above_threshold_after_retries: k_max=1.0063, threshold=0.7",False,4,4,27,3,"[3, 21, 27]",302.7507195659855,"(27, 184)",,[],"{""feature_selection"": {""concat"": [""range""], ""even"": [""mean"", ""range""], ""odd"": [""mean""]}, ""n_chunks"": 16, ""parameter_selection"": {""mean"": {""likelihood"": ""lognormal""}, ""range"": {""likelihood"": ""beta""}}, ""rem_profile_params"": {""rem_stage"": 2, ""step_size_hours"": 1, ""window_size_hours"": 2}, ""tau_threshold"": 5.0}",run_output_8day_rem_w2_s1_stage2,rem_w2_s1_stage2
5,8ae9e931586d237d,pareto_filtered,"pareto_k_above_threshold_after_retries: k_max=0.997905, threshold=0.7","concat: mean, range; even: mean, range; odd: mean",mean=lognormal; range=lognormal,16,5.0,2,2,2,482.5517557000565,482.5517557000565,17.87228724815024,3.574457449630048,0.0139503580321472,3.574457449630048,0.0139503580321472,-969.4705828471932,1.03,86.0,43.0,0.9612859751221748,0,8,0.3639845581432536,0.898158520946093,7.063984596693227,1.5058951048780584,7.0,8.0,8.0,0.752354927884874,0.9979050058011398,3,True,"pareto_k_above_threshold_after_retries: k_max=0.997905, threshold=0.7",False,5,5,27,3,"[21, 3, 15]",133.60978434199933,"(27, 96)",,[],"{""feature_selection"": {""concat"": [""mean"", ""range""], ""even"": [""mean"", ""range""], ""odd"": [""mean""]}, ""n_chunks"": 16, ""parameter_selection"": {""mean"": {""likelihood"": ""lognormal""}, ""range"": {""likelihood"": ""lognormal""}}, ""rem_profile_params"": {""rem_stage"": 2, ""step_size_hours"": 2, ""window_size_hours"": 2}, ""tau_threshold"": 5.0}",run_output_8day_rem_w2_s2_stage2,rem_w2_s2_stage2
173,3a54608e0b1f86c6,pareto_filtered,"pareto_k_above_threshold_after_retries: k_max=1.20309, threshold=0.7","concat: mean; even: range; odd: mean, range",mean=lognormal; range=beta,16,5.0,3,1,2,385.6956043626339,385.6956043626339,14.285022383801255,3.5712555959503143,0.0143343670755567,3.5712555959503143,0.0143343670755567,-754.0532730461038,1.04,81.0,119.0,0.959536839878844,0,7,0.1007021401096011,0.6146412891151665,5.755983829426682,1.9548306192613225,4.0,7.0,7.0,0.5182161729187409,1.2030934573039824,3,True,"pareto_k_above_threshold_after_retries: k_max=1.20309, threshold=0.7",False,4,4,27,3,"[3, 0, 21]",292.62673693100805,"(27, 176)",,[],"{""feature_selection"": {""concat"": [""mean""], ""even"": [""range""], ""odd"": [""mean"", ""range""]}, ""n_chunks"": 16, ""parameter_selection"": {""mean"": {""likelihood"": ""lognormal""}, ""range"": {""likelihood"": ""beta""}}, ""rem_profile_params"": {""rem_stage"": 2, ""step_size_hours"": 1, ""window_size_hours"": 3}, ""tau_threshold"": 5.0}",run_output_8day_rem_w3_s1_stage2,rem_w3_s1_stage2
171,e3bf08fcac78d2aa,ok,,"concat: mean; even: mean; odd: mean, range",mean=student_t; range=beta,16,5.0,6,1,2,385.55109195479366,385.55109195479366,14.279670072399766,3.569917518099942,0.0105522475837151,3.569917518099942,0.0105522475837151,-771.0779623405036,1.01,505.0,323.0,0.9701441876261476,0,8,0.5911683882340606,0.9344872644968318,7.5635525428382016,1.1211343718078466,8.0,8.0,8.0,0.8874718695876628,0.6042377329508516,0,False,,False,4,4,27,3,"[15, 29, 3]",430.3677701309789,"(27, 152)",,[],"{""feature_selection"": {""concat"": [""mean""], ""even"": [""mean""], ""odd"": [""mean"", ""range""]}, ""n_chunks"": 16, ""parameter_selection"": {""mean"": {""likelihood"": ""student_t""}, ""range"": {""likelihood"": ""beta""}}, ""rem_profile_params"": {""rem_stage"": 2, ""step_size_hours"": 1, ""window_size_hours"": 6}, ""tau_threshold"": 5.0}",run_output_8day_rem_w6_s1_stage2,rem_w6_s1_stage2
176,a761ca091479feb0,ok,,"concat: mean; even: range; odd: mean, range",mean=student_t; range=lognormal,16,5.0,3,1,2,399.51032809358543,399.51032809358543,14.268226003342336,3.567056500835584,0.011688782404372,3.567056500835584,0.011688782404372,-800.1693587909472,1.0,826.0,482.0,1.041274177563131,0,8,0.9050895167686028,0.9926204924343208,7.934199578373559,0.4136260027618658,8.0,8.0,8.0,0.976228174720886,0.6775664892822579,0,False,,False,4,4,28,2,"[3, 27]",262.7026741009904,"(28, 176)",,[],"{""feature_selection"": {""concat"": [""mean""], ""even"": [""range""], ""odd"": [""mean"", ""range""]}, ""n_chunks"": 16, ""parameter_selection"": {""mean"": {""likelihood"": ""student_t""}, ""range"": {""likelihood"": ""lognormal""}}, ""rem_profile_params"": {""rem_stage"": 2, ""step_size_hours"": 1, ""window_size_hours"": 3}, ""tau_threshold"": 5.0}",run_output_8day_rem_w3_s1_stage2,rem_w3_s1_stage2
163,5f08b66c4269d639,pareto_filtered,"pareto_k_above_threshold_after_retries: k_max=1.07288, threshold=0.7","concat: mean; even: mean, range; odd: mean",mean=student_t; range=beta,16,5.0,6,1,2,385.1462020468988,385.1462020468988,14.26467414988514,3.566168537471285,0.0115894575991421,3.566168537471285,0.0115894575991421,-771.0072901775326,1.02,130.0,255.0,0.949611519390489,0,8,0.3517946613616517,0.7293179968487069,6.523037626868124,2.059640169616358,5.0,8.0,8.0,0.6408536199495827,1.0728843975885682,2,True,"pareto_k_above_threshold_after_retries: k_max=1.07288, threshold=0.7",False,4,4,27,3,"[28, 3, 26]",473.7521287489799,"(27, 152)",,[],"{""feature_selection"": {""concat"": [""mean""], ""even"": [""mean"", ""range""], ""odd"": [""mean""]}, ""n_chunks"": 16, ""parameter_selection"": {""mean"": {""likelihood"": ""student_t""}, ""range"": {""likelihood"": ""beta""}}, ""rem_profile_params"": {""rem_stage"": 2, ""step_size_hours"": 1, ""window_size_hours"": 6}, ""tau_threshold"": 5.0}",run_output_8day_rem_w6_s1_stage2,rem_w6_s1_stage2
31,691fadc8f5638611,pareto_filtered,"pareto_k_above_threshold_after_retries: k_max=0.870025, threshold=0.7","concat: mean, range; even: mean, range; odd: mean, range",mean=student_t; range=lognormal,16,5.0,2,2,2,577.6993232440661,577.6993232440661,21.396271231261707,3.5660452052102856,0.0103355592279482,3.5660452052102856,0.0103355592279482,-1156.3175844784942,1.02,442.0,222.0,1.0029815956878878,0,8,0.7983752977004008,0.9986064469196816,7.813567025721798,0.5762306783163136,8.0,8.0,8.0,0.9128349985994354,0.8700247648751118,3,True,"pareto_k_above_threshold_after_retries: k_max=0.870025, threshold=0.7",False,6,6,27,3,"[3, 15, 21]",386.7293128199817,"(27, 96)",,[],"{""feature_selection"": {""concat"": [""mean"", ""range""], ""even"": [""mean"", ""range""], ""odd"": [""mean"", ""range""]}, ""n_chunks"": 16, ""parameter_selection"": {""mean"": {""likelihood"": ""student_t""}, ""range"": {""likelihood"": ""lognormal""}}, ""rem_profile_params"": {""rem_stage"": 2, ""step_size_hours"": 2, ""window_size_hours"": 2}, ""tau_threshold"": 5.0}",run_output_8day_rem_w2_s2_stage2,rem_w2_s2_stage2
167,e407f13bec59c884,ok,,"concat: mean; even: mean, range; odd: range",mean=student_t; range=beta,16,5.0,3,1,2,413.61625232219967,413.61625232219967,14.262629390420678,3.56565734760517,0.0085066640161422,3.56565734760517,0.0085066640161422,-827.582471007302,1.02,230.0,108.0,0.975577411330511,0,8,0.7090639784343973,0.94358803676214,7.686528660606827,1.0411020998988287,8.0,8.0,8.0,0.9333410429070924,0.6426821257182804,0,False,,False,4,4,29,1,[15],195.82684408000205,"(29, 176)",,[],"{""feature_selection"": {""concat"": [""mean""], ""even"": [""mean"", ""range""], ""odd"": [""range""]}, ""n_chunks"": 16, ""parameter_selection"": {""mean"": {""likelihood"": ""student_t""}, ""range"": {""likelihood"": ""beta""}}, ""rem_profile_params"": {""rem_stage"": 2, ""step_size_hours"": 1, ""window_size_hours"": 3}, ""tau_threshold"": 5.0}",run_output_8day_rem_w3_s1_stage2,rem_w3_s1_stage2
198,421ba634a93afc42,pareto_filtered,"pareto_k_above_threshold_after_retries: k_max=1.59938, threshold=0.7","concat: mean, range; even: mean, range; odd: mean",mean=lognormal; range=lognormal,16,5.0,3,1,2,481.1803172128599,481.1803172128599,17.821493230105922,3.564298646021184,0.0136774035024478,3.564298646021184,0.0136774035024478,-961.3321247226062,1.01,1173.0,1166.0,1.0915336105828433,0,6,0.7754050907163942,0.9738620288137978,6.031532505884496,0.3816773594447961,6.0,6.0,6.0,0.0725299905740961,1.5993764251525364,3,True,"pareto_k_above_threshold_after_retries: k_max=1.59938, threshold=0.7",False,5,5,27,3,"[3, 27, 0]",227.89981921497383,"(27, 176)",,[],"{""feature_selection"": {""concat"": [""mean"", ""range""], ""even"": [""mean"", ""range""], ""odd"": [""mean""]}, ""n_chunks"": 16, ""parameter_selection"": {""mean"": {""likelihood"": ""lognormal""}, ""range"": {""likelihood"": ""lognormal""}}, ""rem_profile_params"": {""rem_stage"": 2, ""step_size_hours"": 1, ""window_size_hours"": 3}, ""tau_threshold"": 5.0}",run_output_8day_rem_w3_s1_stage2,rem_w3_s1_stage2
36,4ae3c0d4477d5261,pareto_filtered,"pareto_k_above_threshold_after_retries: k_max=0.750226, threshold=0.7",concat: range; odd: mean,mean=lognormal; range=lognormal,16,5.0,2,2,2,192.45243341554203,192.45243341554203,7.127867904279334,3.563933952139667,0.0196181350555322,3.563933952139667,0.0196181350555322,-385.5461043167648,1.03,253.0,307.0,0.9763987126284132,0,6,0.1422912091406191,0.7402464168379148,6.024569714921372,1.739661905030385,5.0,6.0,8.0,0.4173299935757413,0.7502255653914428,1,True,"pareto_k_above_threshold_after_retries: k_max=0.750226, threshold=0.7",False,2,2,27,3,"[3, 21, 15]",29.994535703997823,"(27, 96)",,[],"{""feature_selection"": {""concat"": [""range""], ""odd"": [""mean""]}, ""n_chunks"": 16, ""parameter_selection"": {""mean"": {""likelihood"": ""lognormal""}, ""range"": {""likelihood"": ""lognormal""}}, ""rem_profile_params"": {""rem_stage"": 2, ""step_size_hours"": 2, ""window_size_hours"": 2}, ""tau_threshold"": 5.0}",run_output_8day_rem_w2_s2_stage2,rem_w2_s2_stage2
173,a70564757f943388,pareto_filtered,"pareto_k_above_threshold_after_retries: k_max=1.18675, threshold=0.7","concat: mean; even: range; odd: mean, range",mean=lognormal; range=beta,16,5.0,2,2,2,384.6879332466821,384.6879332466821,14.247701231358596,3.5619253078396502,0.0138317471802217,3.5619253078396502,0.0138317471802217,-770.3168255973104,1.01,409.0,588.0,0.9898296271275088,0,8,0.5697134053955799,0.9999914988309976,7.629481186110442,0.6387042400689331,7.0,8.0,8.0,0.9126671854268336,1.1867544411341284,3,True,"pareto_k_above_threshold_after_retries: k_max=1.18675, threshold=0.7",False,4,4,27,3,"[21, 3, 15]",316.1075777919905,"(27, 96)",,[],"{""feature_selection"": {""concat"": [""mean""], ""even"": [""range""], ""odd"": [""mean"", ""range""]}, ""n_chunks"": 16, ""parameter_selection"": {""mean"": {""likelihood"": ""lognormal""}, ""range"": {""likelihood"": ""beta""}}, ""rem_profile_params"": {""rem_stage"": 2, ""step_size_hours"": 2, ""window_size_hours"": 2}, ""tau_threshold"": 5.0}",run_output_8day_rem_w2_s2_stage2,rem_w2_s2_stage2
61,7a651ef6a6f6375c,ok,,"concat: mean, range; even: mean",mean=lognormal; range=beta,16,5.0,6,1,2,287.68104499691225,287.68104499691225,10.654853518404158,3.5516178394680527,0.0138983478210756,3.5516178394680527,0.0138983478210756,-575.6486501525967,1.01,1537.0,1026.0,0.9432429478652384,0,5,0.927050095722702,0.0169081298275326,5.005138182194275,0.2060916675461107,5.0,5.0,5.0,0.0004475989598638,0.5400029608821676,0,False,,False,3,3,27,3,"[0, 24, 3]",91.8779467669956,"(27, 152)",,[],"{""feature_selection"": {""concat"": [""mean"", ""range""], ""even"": [""mean""]}, ""n_chunks"": 16, ""parameter_selection"": {""mean"": {""likelihood"": ""lognormal""}, ""range"": {""likelihood"": ""beta""}}, ""rem_profile_params"": {""rem_stage"": 2, ""step_size_hours"": 1, ""window_size_hours"": 6}, ""tau_threshold"": 5.0}",run_output_8day_rem_w6_s1_stage2,rem_w6_s1_stage2
18,692971122c52c626,ok,,"concat: mean; even: mean, range; odd: mean, range",mean=student_t; range=lognormal,16,5.0,3,1,2,497.0871862350243,497.0871862350243,17.75311379410801,3.5506227588216017,0.00964352607824,3.5506227588216017,0.00964352607824,-995.6170324472074,1.01,1508.0,874.0,1.0606704192799026,0,8,0.9578320054897942,0.9992656953212676,7.983072323437972,0.173830946480544,8.0,8.0,8.0,0.9966583302915724,0.6961980564955852,0,False,,False,5,5,28,2,"[3, 23]",192.1811373429955,"(28, 176)",,[],"{""feature_selection"": {""concat"": [""mean""], ""even"": [""mean"", ""range""], ""odd"": [""mean"", ""range""]}, ""n_chunks"": 16, ""parameter_selection"": {""mean"": {""likelihood"": ""student_t""}, ""range"": {""likelihood"": ""lognormal""}}, ""rem_profile_params"": {""rem_stage"": 2, ""step_size_hours"": 1, ""window_size_hours"": 3}, ""tau_threshold"": 5.0}",run_output_8day_rem_w3_s1_stage2,rem_w3_s1_stage2
85,b9606197ed48760e,ok,,concat: mean; even: mean; odd: range,mean=student_t; range=beta,16,5.0,6,1,2,287.5770767469876,287.5770767469876,10.651002842481022,3.550334280827008,0.0108128451561589,3.550334280827008,0.0108128451561589,-575.2466149832408,1.01,531.0,476.0,0.9849805042265934,0,8,0.4371892237335353,0.9193961852640534,7.379889835005045,1.1530053242611211,7.0,8.0,8.0,0.8829354435173047,0.5810672919498427,0,False,,False,3,3,27,3,"[29, 15, 26]",178.6556868860207,"(27, 152)",,[],"{""feature_selection"": {""concat"": [""mean""], ""even"": [""mean""], ""odd"": [""range""]}, ""n_chunks"": 16, ""parameter_selection"": {""mean"": {""likelihood"": ""student_t""}, ""range"": {""likelihood"": ""beta""}}, ""rem_profile_params"": {""rem_stage"": 2, ""step_size_hours"": 1, ""window_size_hours"": 6}, ""tau_threshold"": 5.0}",run_output_8day_rem_w6_s1_stage2,rem_w6_s1_stage2
58,8c9e436a1b62a546,pareto_filtered,"pareto_k_above_threshold_after_retries: k_max=1.32515, threshold=0.7","odd: mean, range",mean=lognormal; range=lognormal,16,5.0,2,1,2,191.60637449108032,191.60637449108032,7.09653238855853,3.5482661942792646,0.0131178894005866,3.5482661942792646,0.0131178894005866,-386.27356926080216,1.02,321.0,112.0,0.9268781936232756,0,4,0.6422957325079734,0.1225289871589132,4.446482867745495,1.2184412001388685,4.0,4.0,4.0,0.1120051856952042,1.3251515331236745,1,True,"pareto_k_above_threshold_after_retries: k_max=1.32515, threshold=0.7",False,2,2,27,3,"[3, 0, 21]",48.07823559499229,"(27, 184)",,[],"{""feature_selection"": {""odd"": [""mean"", ""range""]}, ""n_chunks"": 16, ""parameter_selection"": {""mean"": {""likelihood"": ""lognormal""}, ""range"": {""likelihood"": ""lognormal""}}, ""rem_profile_params"": {""rem_stage"": 2, ""step_size_hours"": 1, ""window_size_hours"": 2}, ""tau_threshold"": 5.0}",run_output_8day_rem_w2_s1_stage2,rem_w2_s1_stage2
68,f23bc02b957c9ade,ok,,"concat: mean, range; even: range",mean=student_t; range=lognormal,16,5.0,3,1,2,308.0788907605377,308.0788907605377,10.62341002622544,3.54113667540848,0.010367211785012,3.54113667540848,0.010367211785012,-615.8850522434003,1.01,398.0,507.0,0.9946568340961116,0,8,0.2051441560285279,0.8660330689525741,6.803753529956239,1.4339668340898566,6.0,7.0,8.0,0.658484696826475,0.5594313383758253,0,False,,False,3,3,29,1,[3],58.53581407200545,"(29, 176)",,[],"{""feature_selection"": {""concat"": [""mean"", ""range""], ""even"": [""range""]}, ""n_chunks"": 16, ""parameter_selection"": {""mean"": {""likelihood"": ""student_t""}, ""range"": {""likelihood"": ""lognormal""}}, ""rem_profile_params"": {""rem_stage"": 2, ""step_size_hours"": 1, ""window_size_hours"": 3}, ""tau_threshold"": 5.0}",run_output_8day_rem_w3_s1_stage2,rem_w3_s1_stage2
67,0d1e91c8d119f8e4,pareto_filtered,"pareto_k_above_threshold_after_retries: k_max=0.850479, threshold=0.7","concat: mean, range; even: range",mean=student_t; range=beta,16,5.0,6,1,2,286.37279432950623,286.37279432950623,10.606399789981712,3.535466596660571,0.0132217954069691,3.535466596660571,0.0132217954069691,-575.2338946542553,1.0,1663.0,824.0,0.9815881107656976,0,3,0.963218903668228,6.403288359287523e-05,3.012420074336233,0.1201248745575217,3.0,3.0,3.0,4.511251194760401e-06,0.8504793577472015,1,True,"pareto_k_above_threshold_after_retries: k_max=0.850479, threshold=0.7",False,3,3,27,3,"[27, 28, 29]",173.1732238419936,"(27, 152)",,[],"{""feature_selection"": {""concat"": [""mean"", ""range""], ""even"": [""range""]}, ""n_chunks"": 16, ""parameter_selection"": {""mean"": {""likelihood"": ""student_t""}, ""range"": {""likelihood"": ""beta""}}, ""rem_profile_params"": {""rem_stage"": 2, ""step_size_hours"": 1, ""window_size_hours"": 6}, ""tau_threshold"": 5.0}",run_output_8day_rem_w6_s1_stage2,rem_w6_s1_stage2
191,05d357282bfe2de9,pareto_filtered,"pareto_k_above_threshold_after_retries: k_max=0.91354, threshold=0.7","concat: range; even: range; odd: mean, range",mean=student_t; range=beta,16,5.0,2,1,2,381.07313554927066,381.07313554927066,14.113819835158171,3.5284549587895437,0.0095249186333407,3.5284549587895437,0.0095249186333407,-763.5212540737134,1.01,319.0,314.0,0.9113362717229576,0,6,0.2679424884762502,0.8574010440775733,6.2754254634695625,1.3159657800424271,6.0,6.0,8.0,0.3272010213653323,0.913540148251471,2,True,"pareto_k_above_threshold_after_retries: k_max=0.91354, threshold=0.7",False,4,4,27,3,"[3, 27, 21]",524.6412383579882,"(27, 184)",,[],"{""feature_selection"": {""concat"": [""range""], ""even"": [""range""], ""odd"": [""mean"", ""range""]}, ""n_chunks"": 16, ""parameter_selection"": {""mean"": {""likelihood"": ""student_t""}, ""range"": {""likelihood"": ""beta""}}, ""rem_profile_params"": {""rem_stage"": 2, ""step_size_hours"": 1, ""window_size_hours"": 2}, ""tau_threshold"": 5.0}",run_output_8day_rem_w2_s1_stage2,rem_w2_s1_stage2
8,5674298872067c95,pareto_filtered,"pareto_k_above_threshold_after_retries: k_max=0.846113, threshold=0.7","concat: mean, range; even: mean, range; odd: range",mean=lognormal; range=lognormal,16,5.0,2,1,2,476.1500433744129,476.1500433744129,17.635186791644923,3.5270373583289847,0.0125362733755995,3.5270373583289847,0.0125362733755995,-951.500728404884,1.03,152.0,261.0,0.861249269218147,0,5,0.2426788022486645,0.3892534489429661,5.685748117829017,1.4911514504277872,5.0,5.0,7.0,0.2677839401965508,0.8461130893190827,4,True,"pareto_k_above_threshold_after_retries: k_max=0.846113, threshold=0.7",False,5,5,27,3,"[24, 3, 27]",145.59875812698738,"(27, 184)",,[],"{""feature_selection"": {""concat"": [""mean"", ""range""], ""even"": [""mean"", ""range""], ""odd"": [""range""]}, ""n_chunks"": 16, ""parameter_selection"": {""mean"": {""likelihood"": ""lognormal""}, ""range"": {""likelihood"": ""lognormal""}}, ""rem_profile_params"": {""rem_stage"": 2, ""step_size_hours"": 1, ""window_size_hours"": 2}, ""tau_threshold"": 5.0}",run_output_8day_rem_w2_s1_stage2,rem_w2_s1_stage2
120,da073ec51a80df98,pareto_filtered,"pareto_k_above_threshold_after_retries: k_max=0.750392, threshold=0.7","concat: range; odd: mean, range",mean=student_t; range=lognormal,16,5.0,2,1,2,285.67961904752406,285.67961904752406,10.58072663138978,3.526908877129926,0.0133556860471202,3.526908877129926,0.0133556860471202,-571.3714213324557,1.04,100.0,74.0,1.0081577772823915,0,8,0.5428815704538705,0.8370967585331778,7.031011768629229,1.816718322862088,7.0,8.0,8.0,0.7533015079475986,0.7503915307611494,1,True,"pareto_k_above_threshold_after_retries: k_max=0.750392, threshold=0.7",False,3,3,27,3,"[15, 21, 3]",205.624131256016,"(27, 184)",,[],"{""feature_selection"": {""concat"": [""range""], ""odd"": [""mean"", ""range""]}, ""n_chunks"": 16, ""parameter_selection"": {""mean"": {""likelihood"": ""student_t""}, ""range"": {""likelihood"": ""lognormal""}}, ""rem_profile_params"": {""rem_stage"": 2, ""step_size_hours"": 1, ""window_size_hours"": 2}, ""tau_threshold"": 5.0}",run_output_8day_rem_w2_s1_stage2,rem_w2_s1_stage2
14,d2790a8f77c34623,ok,,"concat: mean, range; even: range; odd: mean, range",mean=student_t; range=lognormal,16,5.0,3,1,2,475.5380482593027,475.5380482593027,17.612520305900098,3.522504061180019,0.0116408573752672,3.522504061180019,0.0116408573752672,-952.4223694572778,1.02,397.0,210.0,1.076912111405498,0,8,0.8486970827926025,0.9952814141900904,7.904900814927114,0.4151070450038729,8.0,8.0,8.0,0.9666502195569548,0.6431002308274995,0,False,,False,5,5,27,3,"[3, 21, 4]",215.73196274900693,"(27, 176)",,[],"{""feature_selection"": {""concat"": [""mean"", ""range""], ""even"": [""range""], ""odd"": [""mean"", ""range""]}, ""n_chunks"": 16, ""parameter_selection"": {""mean"": {""likelihood"": ""student_t""}, ""range"": {""likelihood"": ""lognormal""}}, ""rem_profile_params"": {""rem_stage"": 2, ""step_size_hours"": 1, ""window_size_hours"": 3}, ""tau_threshold"": 5.0}",run_output_8day_rem_w3_s1_stage2,rem_w3_s1_stage2
118,2abfdcb56b15e02e,pareto_filtered,"pareto_k_above_threshold_after_retries: k_max=1.05565, threshold=0.7","concat: range; odd: mean, range",mean=lognormal; range=lognormal,16,5.0,2,1,2,284.6811392813427,284.6811392813427,10.54374589930899,3.51458196643633,0.0133439026019382,3.51458196643633,0.0133439026019382,-571.9895567996035,1.02,139.0,192.0,0.8606670427831841,0,4,0.3883764627173787,0.3180351581171208,5.148669836555881,1.7205094957690206,4.0,4.0,7.0,0.2941826311243531,1.0556509320761795,1,True,"pareto_k_above_threshold_after_retries: k_max=1.05565, threshold=0.7",False,3,3,27,3,"[3, 0, 21]",59.93899262198829,"(27, 184)",,[],"{""feature_selection"": {""concat"": [""range""], ""odd"": [""mean"", ""range""]}, ""n_chunks"": 16, ""parameter_selection"": {""mean"": {""likelihood"": ""lognormal""}, ""range"": {""likelihood"": ""lognormal""}}, ""rem_profile_params"": {""rem_stage"": 2, ""step_size_hours"": 1, ""window_size_hours"": 2}, ""tau_threshold"": 5.0}",run_output_8day_rem_w2_s1_stage2,rem_w2_s1_stage2
3,ee3aefded879788a,pareto_filtered,"pareto_k_above_threshold_after_retries: k_max=1.32414, threshold=0.7","concat: mean, range; even: mean, range; odd: range",mean=lognormal; range=beta,16,5.0,3,1,2,473.9502738263067,473.9502738263067,17.553713845418766,3.5107427690837536,0.0110343181249593,3.5107427690837536,0.0110343181249593,-949.4101065818578,1.02,303.0,136.0,0.864929274719181,0,8,0.8205839119599991,0.9735509920055812,7.844907586293155,0.7222260047469787,8.0,8.0,8.0,0.9734089582308332,1.3241425943917555,3,True,"pareto_k_above_threshold_after_retries: k_max=1.32414, threshold=0.7",False,5,5,27,3,"[15, 24, 3]",180.6109474390105,"(27, 176)",,[],"{""feature_selection"": {""concat"": [""mean"", ""range""], ""even"": [""mean"", ""range""], ""odd"": [""range""]}, ""n_chunks"": 16, ""parameter_selection"": {""mean"": {""likelihood"": ""lognormal""}, ""range"": {""likelihood"": ""beta""}}, ""rem_profile_params"": {""rem_stage"": 2, ""step_size_hours"": 1, ""window_size_hours"": 3}, ""tau_threshold"": 5.0}",run_output_8day_rem_w3_s1_stage2,rem_w3_s1_stage2
20,31c45adc3adff17c,ok,,concat: mean; even: range,mean=lognormal; range=lognormal,16,5.0,3,1,2,203.61366053725823,203.61366053725823,7.021160708181318,3.510580354090659,0.015880976596522,3.510580354090659,0.015880976596522,-406.6708132776906,1.01,412.0,491.0,1.0708614174595452,0,8,0.1230276606412216,0.7685122479290896,6.460975508717684,1.6673336826231293,6.0,7.0,8.0,0.555938998233389,0.6516812542040451,0,False,,False,2,2,29,1,[24],13.89114478600095,"(29, 176)",,[],"{""feature_selection"": {""concat"": [""mean""], ""even"": [""range""]}, ""n_chunks"": 16, ""parameter_selection"": {""mean"": {""likelihood"": ""lognormal""}, ""range"": {""likelihood"": ""lognormal""}}, ""rem_profile_params"": {""rem_stage"": 2, ""step_size_hours"": 1, ""window_size_hours"": 3}, ""tau_threshold"": 5.0}",run_output_8day_rem_w3_s1_stage2,rem_w3_s1_stage2
26,b4b0470ed1a3d9f9,pareto_filtered,"pareto_k_above_threshold_after_retries: k_max=0.752739, threshold=0.7","concat: mean, range; even: mean, range; odd: mean, range",mean=student_t; range=lognormal,16,5.0,3,1,2,568.6458838142846,568.6458838142846,21.06095865978832,3.510159776631387,0.0106410122061577,3.510159776631387,0.0106410122061577,-1137.61764355345,1.01,1976.0,1275.0,1.0523613743706814,0,8,0.9775203995311428,0.9999556203435448,7.990974999634975,0.1240152511639795,8.0,8.0,8.0,0.9968877945625124,0.7527391594570403,1,True,"pareto_k_above_threshold_after_retries: k_max=0.752739, threshold=0.7",False,6,6,27,3,"[3, 15, 21]",344.3719261350052,"(27, 176)",,[],"{""feature_selection"": {""concat"": [""mean"", ""range""], ""even"": [""mean"", ""range""], ""odd"": [""mean"", ""range""]}, ""n_chunks"": 16, ""parameter_selection"": {""mean"": {""likelihood"": ""student_t""}, ""range"": {""likelihood"": ""lognormal""}}, ""rem_profile_params"": {""rem_stage"": 2, ""step_size_hours"": 1, ""window_size_hours"": 3}, ""tau_threshold"": 5.0}",run_output_8day_rem_w3_s1_stage2,rem_w3_s1_stage2
80,c0cebbf43cd9af6f,ok,,"concat: mean; even: mean, range",mean=student_t; range=lognormal,16,5.0,6,1,2,315.63678126321616,315.63678126321616,10.521226042107203,3.507075347369069,0.0121234102961981,3.507075347369069,0.0121234102961981,-631.0158591980689,1.01,923.0,798.0,0.9342566107396872,0,8,0.6444809234625892,0.9723860577745294,7.699679219040764,0.8177429038862133,8.0,8.0,8.0,0.9621568490292322,0.554366787824815,0,False,,False,3,3,30,0,[],33.35602470100275,"(30, 152)",,[],"{""feature_selection"": {""concat"": [""mean""], ""even"": [""mean"", ""range""]}, ""n_chunks"": 16, ""parameter_selection"": {""mean"": {""likelihood"": ""student_t""}, ""range"": {""likelihood"": ""lognormal""}}, ""rem_profile_params"": {""rem_stage"": 2, ""step_size_hours"": 1, ""window_size_hours"": 6}, ""tau_threshold"": 5.0}",run_output_8day_rem_w6_s1_stage2,rem_w6_s1_stage2
174,b31a389f817847e7,pareto_filtered,"pareto_k_above_threshold_after_retries: k_max=0.771265, threshold=0.7","concat: mean; even: range; odd: mean, range",mean=lognormal; range=lognormal,16,5.0,2,1,2,378.74345144120446,378.74345144120446,14.027535238563129,3.5068838096407817,0.0149892793624472,3.5068838096407817,0.0149892793624472,-759.6647924904216,1.01,587.0,334.0,0.996341298321624,0,8,0.892750310917584,0.9782867886020205,7.878454741907234,0.7213981518106473,8.0,8.0,8.0,0.9751493504106858,0.7712653113134382,2,True,"pareto_k_above_threshold_after_retries: k_max=0.771265, threshold=0.7",False,4,4,27,3,"[3, 21, 15]",131.49529808099032,"(27, 184)",,[],"{""feature_selection"": {""concat"": [""mean""], ""even"": [""range""], ""odd"": [""mean"", ""range""]}, ""n_chunks"": 16, ""parameter_selection"": {""mean"": {""likelihood"": ""lognormal""}, ""range"": {""likelihood"": ""lognormal""}}, ""rem_profile_params"": {""rem_stage"": 2, ""step_size_hours"": 1, ""window_size_hours"": 2}, ""tau_threshold"": 5.0}",run_output_8day_rem_w2_s1_stage2,rem_w2_s1_stage2
66,56b5c3fced57b938,ok,,"concat: mean, range; even: range",mean=lognormal; range=lognormal,16,5.0,2,2,2,304.98103460910585,304.98103460910585,10.516587400313997,3.5055291334379985,0.0115965285786997,3.5055291334379985,0.0115965285786997,-608.5090164950624,1.01,379.0,296.0,0.9138967507823944,0,6,0.4318716529175862,0.9744662629278278,6.470985687085824,0.8428940942047273,6.0,6.0,7.0,0.3501434990141845,0.6734195453581492,0,False,,False,3,3,29,1,[3],21.403665491001448,"(29, 96)",,[],"{""feature_selection"": {""concat"": [""mean"", ""range""], ""even"": [""range""]}, ""n_chunks"": 16, ""parameter_selection"": {""mean"": {""likelihood"": ""lognormal""}, ""range"": {""likelihood"": ""lognormal""}}, ""rem_profile_params"": {""rem_stage"": 2, ""step_size_hours"": 2, ""window_size_hours"": 2}, ""tau_threshold"": 5.0}",run_output_8day_rem_w2_s2_stage2,rem_w2_s2_stage2
103,4142643e13cbd040,pareto_filtered,"pareto_k_above_threshold_after_retries: k_max=1.04963, threshold=0.7",concat: range; even: mean; odd: mean,mean=lognormal; range=beta,16,5.0,3,1,2,283.7353009279544,283.7353009279544,10.508714849183498,3.502904949727832,0.0161644922954456,3.502904949727832,0.0161644922954456,-570.0143812577647,1.01,573.0,339.0,1.0251631962291858,0,8,0.7137409130965768,0.9692830767925849,7.745708336742468,0.8520500572549088,8.0,8.0,8.0,0.9652084130478272,1.049625716734504,2,True,"pareto_k_above_threshold_after_retries: k_max=1.04963, threshold=0.7",False,3,3,27,3,"[3, 21, 27]",121.12200179402134,"(27, 176)",,[],"{""feature_selection"": {""concat"": [""range""], ""even"": [""mean""], ""odd"": [""mean""]}, ""n_chunks"": 16, ""parameter_selection"": {""mean"": {""likelihood"": ""lognormal""}, ""range"": {""likelihood"": ""beta""}}, ""rem_profile_params"": {""rem_stage"": 2, ""step_size_hours"": 1, ""window_size_hours"": 3}, ""tau_threshold"": 5.0}",run_output_8day_rem_w3_s1_stage2,rem_w3_s1_stage2
101,8ab6bb8ecf3d63bb,ok,,"concat: range; even: mean, range",mean=student_t; range=beta,16,5.0,2,1,2,294.0105005408233,294.0105005408233,10.500375019315117,3.5001250064383718,0.008956624070266,3.5001250064383718,0.008956624070266,-587.8264962722794,1.01,877.0,745.0,0.9305892267115716,0,8,0.7066928149300193,0.9922636599861544,7.734579300108787,0.6828545434697649,8.0,8.0,8.0,0.8896470168326663,0.5687626258681504,0,False,,False,3,3,28,2,"[4, 27]",152.5413714350143,"(28, 184)",,[],"{""feature_selection"": {""concat"": [""range""], ""even"": [""mean"", ""range""]}, ""n_chunks"": 16, ""parameter_selection"": {""mean"": {""likelihood"": ""student_t""}, ""range"": {""likelihood"": ""beta""}}, ""rem_profile_params"": {""rem_stage"": 2, ""step_size_hours"": 1, ""window_size_hours"": 2}, ""tau_threshold"": 5.0}",run_output_8day_rem_w2_s1_stage2,rem_w2_s1_stage2
8,a1238871d48eed58,pareto_filtered,"pareto_k_above_threshold_after_retries: k_max=0.903856, threshold=0.7","concat: mean, range; even: mean, range; odd: range",mean=lognormal; range=beta,16,5.0,2,2,2,472.5037703908971,472.5037703908971,17.5001396441073,3.50002792882146,0.01053713245712,3.50002792882146,0.01053713245712,-942.3308087554108,1.0,1252.0,1089.0,0.9862073873808884,0,7,0.9683450130421156,0.9999999999998402,7.010115393825073,0.1001752816229497,7.0,7.0,7.0,0.9999889927926202,0.9038562001814728,2,True,"pareto_k_above_threshold_after_retries: k_max=0.903856, threshold=0.7",False,5,5,27,3,"[24, 3, 4]",196.23211556402384,"(27, 96)",,[],"{""feature_selection"": {""concat"": [""mean"", ""range""], ""even"": [""mean"", ""range""], ""odd"": [""range""]}, ""n_chunks"": 16, ""parameter_selection"": {""mean"": {""likelihood"": ""lognormal""}, ""range"": {""likelihood"": ""beta""}}, ""rem_profile_params"": {""rem_stage"": 2, ""step_size_hours"": 2, ""window_size_hours"": 2}, ""tau_threshold"": 5.0}",run_output_8day_rem_w2_s2_stage2,rem_w2_s2_stage2
19,2dcd8e8145eda7a8,pareto_filtered,"pareto_k_above_threshold_after_retries: k_max=0.712365, threshold=0.7","concat: mean, range; even: range; odd: mean, range",mean=student_t; range=lognormal,16,5.0,2,2,2,472.4012769309941,472.4012769309941,17.49634359003682,3.499268718007364,0.0114967818897856,3.499268718007364,0.0114967818897856,-944.8610226822824,1.01,340.0,249.0,1.054846395803276,0,8,0.7052434353553606,0.9905253690928068,7.686848864931884,0.7790291060734948,8.0,8.0,8.0,0.8627385036677847,0.7123652863617085,1,True,"pareto_k_above_threshold_after_retries: k_max=0.712365, threshold=0.7",False,5,5,27,3,"[3, 21, 15]",228.5536891439988,"(27, 96)",,[],"{""feature_selection"": {""concat"": [""mean"", ""range""], ""even"": [""range""], ""odd"": [""mean"", ""range""]}, ""n_chunks"": 16, ""parameter_selection"": {""mean"": {""likelihood"": ""student_t""}, ""range"": {""likelihood"": ""lognormal""}}, ""rem_profile_params"": {""rem_stage"": 2, ""step_size_hours"": 2, ""window_size_hours"": 2}, ""tau_threshold"": 5.0}",run_output_8day_rem_w2_s2_stage2,rem_w2_s2_stage2
6,c3f43c6601fa138f,ok,,even: mean,mean=student_t,16,5.0,3,1,2,104.83170835365968,104.83170835365968,3.4943902784553225,3.494390278455322,0.0115833908041343,3.494390278455322,0.0115833908041343,-210.013883398082,1.0,687.0,942.0,0.9838787952784744,0,8,0.0642548672826489,0.6406494159376506,6.137265805686333,1.8351642972518452,4.0,7.0,8.0,0.5356160429146609,0.5276413102044508,0,False,,False,1,1,30,0,[],10.54059199700714,"(30, 176)",,[],"{""feature_selection"": {""even"": [""mean""]}, ""n_chunks"": 16, ""parameter_selection"": {""mean"": {""likelihood"": ""student_t""}}, ""rem_profile_params"": {""rem_stage"": 2, ""step_size_hours"": 1, ""window_size_hours"": 3}, ""tau_threshold"": 5.0}",run_output_8day_rem_w3_s1_stage2,rem_w3_s1_stage2
113,279ea1ab97a50b9e,ok,,concat: range; even: range; odd: mean,mean=student_t; range=beta,16,5.0,2,2,2,282.43493750522794,282.43493750522794,10.460553240934368,3.486851080311456,0.0091312825238733,3.486851080311456,0.0091312825238733,-565.1162562661643,1.01,1418.0,1119.0,0.9584322470222776,0,7,0.970165117347132,0.9999999970148812,7.009306607593125,0.0964612292092681,7.0,7.0,7.0,0.999957618925428,0.6352678639023751,0,False,,False,3,3,27,3,"[4, 3, 21]",219.38807923399145,"(27, 96)",,[],"{""feature_selection"": {""concat"": [""range""], ""even"": [""range""], ""odd"": [""mean""]}, ""n_chunks"": 16, ""parameter_selection"": {""mean"": {""likelihood"": ""student_t""}, ""range"": {""likelihood"": ""beta""}}, ""rem_profile_params"": {""rem_stage"": 2, ""step_size_hours"": 2, ""window_size_hours"": 2}, ""tau_threshold"": 5.0}",run_output_8day_rem_w2_s2_stage2,rem_w2_s2_stage2
168,a61ed08001dfc753,ok,,"concat: mean; even: mean, range; odd: range",mean=student_t; range=lognormal,16,5.0,2,2,2,390.2771812945222,390.2771812945222,13.938470760518651,3.4846176901296637,0.0110720667670678,3.4846176901296637,0.0110720667670678,-780.8601077950934,1.0,934.0,614.0,1.0313795565208783,0,8,0.8048416168153121,0.9688106852417508,7.807435636552169,0.8107282074598955,8.0,8.0,8.0,0.9456186387223552,0.6328754398470635,0,False,,False,4,4,28,2,"[3, 17]",261.28757411200786,"(28, 96)",,[],"{""feature_selection"": {""concat"": [""mean""], ""even"": [""mean"", ""range""], ""odd"": [""range""]}, ""n_chunks"": 16, ""parameter_selection"": {""mean"": {""likelihood"": ""student_t""}, ""range"": {""likelihood"": ""lognormal""}}, ""rem_profile_params"": {""rem_stage"": 2, ""step_size_hours"": 2, ""window_size_hours"": 2}, ""tau_threshold"": 5.0}",run_output_8day_rem_w2_s2_stage2,rem_w2_s2_stage2
166,6d66a610f3e1ae6f,pareto_filtered,"pareto_k_above_threshold_after_retries: k_max=0.805773, threshold=0.7","concat: mean; even: mean, range; odd: range",mean=lognormal; range=lognormal,16,5.0,2,1,2,376.1055049570473,376.1055049570473,13.929833516927678,3.4824583792319204,0.0135913239335696,3.4824583792319204,0.0135913239335696,-747.3508033684012,1.01,172.0,222.0,1.0263224820669958,0,8,0.4747467888714058,0.9227628867686496,7.412325662779702,1.1607621890066202,7.0,8.0,8.0,0.8898233110822512,0.8057727611760489,4,True,"pareto_k_above_threshold_after_retries: k_max=0.805773, threshold=0.7",False,4,4,27,3,"[3, 27, 23]",230.34272265300388,"(27, 184)",,[],"{""feature_selection"": {""concat"": [""mean""], ""even"": [""mean"", ""range""], ""odd"": [""range""]}, ""n_chunks"": 16, ""parameter_selection"": {""mean"": {""likelihood"": ""lognormal""}, ""range"": {""likelihood"": ""lognormal""}}, ""rem_profile_params"": {""rem_stage"": 2, ""step_size_hours"": 1, ""window_size_hours"": 2}, ""tau_threshold"": 5.0}",run_output_8day_rem_w2_s1_stage2,rem_w2_s1_stage2
130,15e40bfebe47c102,pareto_filtered,"pareto_k_above_threshold_after_retries: k_max=0.771309, threshold=0.7","even: mean; odd: mean, range",mean=lognormal; range=lognormal,16,5.0,2,1,2,282.0703498890459,282.0703498890459,10.447049995890588,3.482349998630196,0.0139983606440467,3.482349998630196,0.0139983606440467,-565.6914188610745,1.01,445.0,220.0,1.0401031456903076,0,8,0.7580398754332902,0.9239357165452918,7.644853670302831,1.182021816761318,8.0,8.0,8.0,0.9148198913887036,0.7713092245701128,2,True,"pareto_k_above_threshold_after_retries: k_max=0.771309, threshold=0.7",False,3,3,27,3,"[3, 21, 27]",121.74595909699563,"(27, 184)",,[],"{""feature_selection"": {""even"": [""mean""], ""odd"": [""mean"", ""range""]}, ""n_chunks"": 16, ""parameter_selection"": {""mean"": {""likelihood"": ""lognormal""}, ""range"": {""likelihood"": ""lognormal""}}, ""rem_profile_params"": {""rem_stage"": 2, ""step_size_hours"": 1, ""window_size_hours"": 2}, ""tau_threshold"": 5.0}",run_output_8day_rem_w2_s1_stage2,rem_w2_s1_stage2
111,d1c380b2b3030583,pareto_filtered,"pareto_k_above_threshold_after_retries: k_max=1.09335, threshold=0.7",concat: range; even: range; odd: mean,mean=lognormal; range=beta,16,5.0,2,1,2,281.66978287101506,281.66978287101506,10.432214180407966,3.477404726802655,0.0107759372449836,3.477404726802655,0.0107759372449836,-565.0521129424651,1.05,108.0,365.0,0.9235865498295492,0,8,0.238163061828368,0.6114337561789842,6.029292977225771,2.179514678398574,3.0,7.0,8.0,0.5313223948794532,1.0933512307677025,3,True,"pareto_k_above_threshold_after_retries: k_max=1.09335, threshold=0.7",False,3,3,27,3,"[3, 21, 27]",166.0408470609982,"(27, 184)",,[],"{""feature_selection"": {""concat"": [""range""], ""even"": [""range""], ""odd"": [""mean""]}, ""n_chunks"": 16, ""parameter_selection"": {""mean"": {""likelihood"": ""lognormal""}, ""range"": {""likelihood"": ""beta""}}, ""rem_profile_params"": {""rem_stage"": 2, ""step_size_hours"": 1, ""window_size_hours"": 2}, ""tau_threshold"": 5.0}",run_output_8day_rem_w2_s1_stage2,rem_w2_s1_stage2
141,d57e6c2249323f63,pareto_filtered,"pareto_k_above_threshold_after_retries: k_max=1.02336, threshold=0.7","concat: mean, range; even: mean; odd: mean",mean=lognormal; range=beta,16,5.0,6,1,2,375.3145699885782,375.3145699885782,13.900539629206602,3.4751349073016504,0.0128295603936416,3.4751349073016504,0.0128295603936416,-751.1381013709414,1.01,1083.0,943.0,0.9577455982351534,0,5,0.8425890920559832,0.0152722355570915,4.940076840360336,0.3899292337425673,5.0,5.0,5.0,0.0001652880915137,1.0233591985560004,1,True,"pareto_k_above_threshold_after_retries: k_max=1.02336, threshold=0.7",False,4,4,27,3,"[0, 3, 24]",193.03233483698568,"(27, 152)",,[],"{""feature_selection"": {""concat"": [""mean"", ""range""], ""even"": [""mean""], ""odd"": [""mean""]}, ""n_chunks"": 16, ""parameter_selection"": {""mean"": {""likelihood"": ""lognormal""}, ""range"": {""likelihood"": ""beta""}}, ""rem_profile_params"": {""rem_stage"": 2, ""step_size_hours"": 1, ""window_size_hours"": 6}, ""tau_threshold"": 5.0}",run_output_8day_rem_w6_s1_stage2,rem_w6_s1_stage2
91,2c8da60a174fb6e1,pareto_filtered,"pareto_k_above_threshold_after_retries: k_max=0.78585, threshold=0.7",concat: mean; even: range; odd: range,mean=lognormal; range=beta,16,5.0,2,2,2,281.30775141046246,281.30775141046246,10.418805607794908,3.472935202598302,0.0116162231653808,3.472935202598302,0.0116162231653808,-561.5421384155615,1.01,645.0,580.0,0.979996386679428,0,8,0.5672512181016316,0.982550569987534,7.592090314353147,0.8585808668676832,8.0,8.0,8.0,0.8686145010858506,0.7858499679724171,2,True,"pareto_k_above_threshold_after_retries: k_max=0.78585, threshold=0.7",False,3,3,27,3,"[3, 7, 15]",147.99319873400964,"(27, 96)",,[],"{""feature_selection"": {""concat"": [""mean""], ""even"": [""range""], ""odd"": [""range""]}, ""n_chunks"": 16, ""parameter_selection"": {""mean"": {""likelihood"": ""lognormal""}, ""range"": {""likelihood"": ""beta""}}, ""rem_profile_params"": {""rem_stage"": 2, ""step_size_hours"": 2, ""window_size_hours"": 2}, ""tau_threshold"": 5.0}",run_output_8day_rem_w2_s2_stage2,rem_w2_s2_stage2
175,1d839ba834476907,pareto_filtered,"pareto_k_above_threshold_after_retries: k_max=1.2314, threshold=0.7","concat: mean; even: range; odd: mean, range",mean=student_t; range=beta,16,5.0,6,1,2,374.6867131545061,374.6867131545061,13.877285672389114,3.4693214180972785,0.0114115850544697,3.4693214180972785,0.0114115850544697,-750.7626553243562,1.02,235.0,151.0,0.9904208486234064,0,8,0.4574219231554426,0.8862416130887278,7.268588758975465,1.4742078622576047,7.0,8.0,8.0,0.8262949498502143,1.2314040333515115,3,True,"pareto_k_above_threshold_after_retries: k_max=1.2314, threshold=0.7",False,4,4,27,3,"[29, 15, 3]",443.1635069379991,"(27, 152)",,[],"{""feature_selection"": {""concat"": [""mean""], ""even"": [""range""], ""odd"": [""mean"", ""range""]}, ""n_chunks"": 16, ""parameter_selection"": {""mean"": {""likelihood"": ""student_t""}, ""range"": {""likelihood"": ""beta""}}, ""rem_profile_params"": {""rem_stage"": 2, ""step_size_hours"": 1, ""window_size_hours"": 6}, ""tau_threshold"": 5.0}",run_output_8day_rem_w6_s1_stage2,rem_w6_s1_stage2
151,968091e1322eca57,ok,,"concat: mean, range; even: range; odd: mean",mean=student_t; range=beta,16,5.0,6,1,2,388.1997107541159,388.1997107541159,13.864275384075569,3.466068846018892,0.0098673077885613,3.466068846018892,0.0098673077885613,-776.8298891665028,1.01,491.0,301.0,0.921647345933154,0,5,0.4620538207110889,0.3233024952687734,5.127728783959078,0.8685947860138359,5.0,5.0,6.0,0.0065390474512483,0.5912283926528076,0,False,,False,4,4,28,2,"[3, 27]",297.5470007590193,"(28, 152)",,[],"{""feature_selection"": {""concat"": [""mean"", ""range""], ""even"": [""range""], ""odd"": [""mean""]}, ""n_chunks"": 16, ""parameter_selection"": {""mean"": {""likelihood"": ""student_t""}, ""range"": {""likelihood"": ""beta""}}, ""rem_profile_params"": {""rem_stage"": 2, ""step_size_hours"": 1, ""window_size_hours"": 6}, ""tau_threshold"": 5.0}",run_output_8day_rem_w6_s1_stage2,rem_w6_s1_stage2
63,e3c9d63718eea3cc,ok,,"concat: mean, range; even: mean",mean=student_t; range=beta,16,5.0,6,1,2,311.29694702603246,311.29694702603246,10.376564900867749,3.458854966955916,0.0098537855944729,3.458854966955916,0.0098537855944729,-622.7313633104417,1.0,1041.0,987.0,1.0695372565440855,0,5,0.4751449145486843,0.317244322905531,5.243637110888398,0.7594449869563593,5.0,5.0,6.0,0.0259327453149527,0.5638281936392638,0,False,,False,3,3,30,0,[],34.07085400502547,"(30, 152)",,[],"{""feature_selection"": {""concat"": [""mean"", ""range""], ""even"": [""mean""]}, ""n_chunks"": 16, ""parameter_selection"": {""mean"": {""likelihood"": ""student_t""}, ""range"": {""likelihood"": ""beta""}}, ""rem_profile_params"": {""rem_stage"": 2, ""step_size_hours"": 1, ""window_size_hours"": 6}, ""tau_threshold"": 5.0}",run_output_8day_rem_w6_s1_stage2,rem_w6_s1_stage2
32,9c61c615316f7bc8,ok,,concat: range; even: mean,mean=student_t; range=lognormal,16,5.0,2,2,2,200.57859818871387,200.57859818871387,6.91650338581772,3.458251692908859,0.0100277750476986,3.458251692908859,0.0100277750476986,-401.3544882201406,1.01,921.0,1042.0,1.0108730673558484,0,7,0.3502856205397088,0.9359934529343348,6.711723182757775,0.9065208552724549,6.0,7.0,7.0,0.6969907783013929,0.4528603424845007,0,False,,False,2,2,29,1,[15],37.807450511987554,"(29, 96)",,[],"{""feature_selection"": {""concat"": [""range""], ""even"": [""mean""]}, ""n_chunks"": 16, ""parameter_selection"": {""mean"": {""likelihood"": ""student_t""}, ""range"": {""likelihood"": ""lognormal""}}, ""rem_profile_params"": {""rem_stage"": 2, ""step_size_hours"": 2, ""window_size_hours"": 2}, ""tau_threshold"": 5.0}",run_output_8day_rem_w2_s2_stage2,rem_w2_s2_stage2
45,6e288e1b9a8da959,pareto_filtered,"pareto_k_above_threshold_after_retries: k_max=0.79677, threshold=0.7",even: mean; odd: mean,mean=lognormal,16,5.0,2,2,2,186.4601978139289,186.4601978139289,6.905933252367737,3.4529666261838687,0.01526732644746,3.4529666261838687,0.01526732644746,-373.37139664466025,1.02,250.0,365.0,0.9776885583829648,0,3,0.4033445243962729,0.3053797969457424,4.492623167333485,2.130276194552558,3.0,3.0,7.0,0.2729336784170732,0.7967698635521479,3,True,"pareto_k_above_threshold_after_retries: k_max=0.79677, threshold=0.7",False,2,2,27,3,"[3, 21, 25]",31.41949475900037,"(27, 96)",,[],"{""feature_selection"": {""even"": [""mean""], ""odd"": [""mean""]}, ""n_chunks"": 16, ""parameter_selection"": {""mean"": {""likelihood"": ""lognormal""}}, ""rem_profile_params"": {""rem_stage"": 2, ""step_size_hours"": 2, ""window_size_hours"": 2}, ""tau_threshold"": 5.0}",run_output_8day_rem_w2_s2_stage2,rem_w2_s2_stage2
15,adf33e29c7a5280b,pareto_filtered,"pareto_k_above_threshold_after_retries: k_max=1.94397, threshold=0.7","concat: mean; even: mean, range; odd: mean, range",mean=lognormal; range=beta,16,5.0,3,1,2,466.07443996550455,466.07443996550455,17.262016295018686,3.452403259003737,0.0133666450685724,3.452403259003737,0.0133666450685724,-935.4340136104892,1.02,149.0,172.0,0.943792883495155,0,6,0.461394331074348,0.9074739871358078,6.007725295742866,0.9980754401179498,6.0,6.0,6.0,0.2336686916540574,1.9439670325955876,7,True,"pareto_k_above_threshold_after_retries: k_max=1.94397, threshold=0.7",False,5,5,27,3,"[3, 27, 0]",207.2365638029878,"(27, 176)",,[],"{""feature_selection"": {""concat"": [""mean""], ""even"": [""mean"", ""range""], ""odd"": [""mean"", ""range""]}, ""n_chunks"": 16, ""parameter_selection"": {""mean"": {""likelihood"": ""lognormal""}, ""range"": {""likelihood"": ""beta""}}, ""rem_profile_params"": {""rem_stage"": 2, ""step_size_hours"": 1, ""window_size_hours"": 3}, ""tau_threshold"": 5.0}",run_output_8day_rem_w3_s1_stage2,rem_w3_s1_stage2
153,b524229001b642e8,ok,,"concat: mean, range; even: range; odd: range",mean=lognormal; range=beta,16,5.0,2,2,2,400.16239936057946,400.16239936057946,13.798703426226878,3.44967585655672,0.0088672824611426,3.44967585655672,0.0088672824611426,-799.9302831852286,1.01,1553.0,1125.0,0.885033872638457,0,7,0.999974160761316,1.0,7.000001079223575,0.0018008651674629,7.0,7.0,7.0,0.9999989180535293,0.672726017071013,0,False,,False,4,4,29,1,[4],161.81078108298243,"(29, 96)",,[],"{""feature_selection"": {""concat"": [""mean"", ""range""], ""even"": [""range""], ""odd"": [""range""]}, ""n_chunks"": 16, ""parameter_selection"": {""mean"": {""likelihood"": ""lognormal""}, ""range"": {""likelihood"": ""beta""}}, ""rem_profile_params"": {""rem_stage"": 2, ""step_size_hours"": 2, ""window_size_hours"": 2}, ""tau_threshold"": 5.0}",run_output_8day_rem_w2_s2_stage2,rem_w2_s2_stage2
86,01a38bb238018333,ok,,concat: mean; even: mean; odd: range,mean=student_t; range=lognormal,16,5.0,6,1,2,310.3218999812406,310.3218999812406,10.34406333270802,3.448021110902673,0.0084745251608984,3.448021110902673,0.0084745251608984,-620.7495837028819,1.0,711.0,849.0,1.017267335946363,0,8,0.5152673986837797,0.9815009030808188,7.567432354493431,0.7847660258885483,7.0,8.0,8.0,0.901236560801421,0.4366826340875503,0,False,,False,3,3,30,0,[],34.60095235798508,"(30, 152)",,[],"{""feature_selection"": {""concat"": [""mean""], ""even"": [""mean""], ""odd"": [""range""]}, ""n_chunks"": 16, ""parameter_selection"": {""mean"": {""likelihood"": ""student_t""}, ""range"": {""likelihood"": ""lognormal""}}, ""rem_profile_params"": {""rem_stage"": 2, ""step_size_hours"": 1, ""window_size_hours"": 6}, ""tau_threshold"": 5.0}",run_output_8day_rem_w6_s1_stage2,rem_w6_s1_stage2
23,c6ae89d4024949a7,pareto_filtered,"pareto_k_above_threshold_after_retries: k_max=0.801686, threshold=0.7","concat: range; even: mean, range; odd: mean, range",mean=lognormal; range=beta,16,5.0,2,1,2,465.0644287643902,465.0644287643902,17.224608472755193,3.444921694551039,0.0102285513661771,3.444921694551039,0.0102285513661771,-931.9718541485058,1.02,278.0,152.0,0.9867733738514346,0,8,0.6791297120986891,0.9311054240733568,7.588394800903327,1.1695861248854431,8.0,8.0,8.0,0.8778607287722893,0.8016857273827969,2,True,"pareto_k_above_threshold_after_retries: k_max=0.801686, threshold=0.7",False,5,5,27,3,"[3, 21, 27]",274.95964055499644,"(27, 184)",,[],"{""feature_selection"": {""concat"": [""range""], ""even"": [""mean"", ""range""], ""odd"": [""mean"", ""range""]}, ""n_chunks"": 16, ""parameter_selection"": {""mean"": {""likelihood"": ""lognormal""}, ""range"": {""likelihood"": ""beta""}}, ""rem_profile_params"": {""rem_stage"": 2, ""step_size_hours"": 1, ""window_size_hours"": 2}, ""tau_threshold"": 5.0}",run_output_8day_rem_w2_s1_stage2,rem_w2_s1_stage2
186,e1d5098fcc22f6fe,pareto_filtered,"pareto_k_above_threshold_after_retries: k_max=0.831123, threshold=0.7","concat: range; even: mean; odd: mean, range",mean=lognormal; range=lognormal,16,5.0,2,1,2,372.01602158795606,372.01602158795606,13.7783711699243,3.444592792481074,0.0131099316671685,3.444592792481074,0.0131099316671685,-740.3634885457893,1.01,100.0,126.0,1.0654076753519657,0,8,0.580332472422264,0.7504400418622518,6.776020228126894,2.0886598852198195,6.0,8.0,8.0,0.7385827358213266,0.8311225537178756,4,True,"pareto_k_above_threshold_after_retries: k_max=0.831123, threshold=0.7",False,4,4,27,3,"[3, 21, 27]",89.78820509300567,"(27, 184)",,[],"{""feature_selection"": {""concat"": [""range""], ""even"": [""mean""], ""odd"": [""mean"", ""range""]}, ""n_chunks"": 16, ""parameter_selection"": {""mean"": {""likelihood"": ""lognormal""}, ""range"": {""likelihood"": ""lognormal""}}, ""rem_profile_params"": {""rem_stage"": 2, ""step_size_hours"": 1, ""window_size_hours"": 2}, ""tau_threshold"": 5.0}",run_output_8day_rem_w2_s1_stage2,rem_w2_s1_stage2
93,631e3ff63ab913cf,ok,,concat: mean; even: range; odd: range,mean=student_t; range=beta,16,5.0,6,1,2,289.0890656863077,289.0890656863077,10.324609488796703,3.441536496265567,0.0125486799640685,3.441536496265567,0.0125486799640685,-578.5619127595814,1.01,548.0,409.0,0.9201283980859843,0,8,0.3363488978492464,0.8939827576650916,7.1283474851342925,1.3716262210360846,7.0,8.0,8.0,0.8391813348283215,0.6179558888429608,0,False,,False,3,3,28,2,"[15, 29]",131.4885186929896,"(28, 152)",,[],"{""feature_selection"": {""concat"": [""mean""], ""even"": [""range""], ""odd"": [""range""]}, ""n_chunks"": 16, ""parameter_selection"": {""mean"": {""likelihood"": ""student_t""}, ""range"": {""likelihood"": ""beta""}}, ""rem_profile_params"": {""rem_stage"": 2, ""step_size_hours"": 1, ""window_size_hours"": 6}, ""tau_threshold"": 5.0}",run_output_8day_rem_w6_s1_stage2,rem_w6_s1_stage2
23,bdbd83ff18733382,pareto_filtered,"pareto_k_above_threshold_after_retries: k_max=1.26636, threshold=0.7","concat: mean, range; even: mean, range; odd: mean, range",mean=lognormal; range=beta,16,5.0,3,1,2,556.3217747057425,556.3217747057425,20.60451017428676,3.434085029047793,0.0129001866232264,3.434085029047793,0.0129001866232264,-1124.765096670032,1.01,955.0,591.0,0.9454338419560976,0,8,0.9559134105481912,0.9999999586772798,7.984778093340098,0.1232365548332249,8.0,8.0,8.0,0.9999015587196306,1.266361224923973,4,True,"pareto_k_above_threshold_after_retries: k_max=1.26636, threshold=0.7",False,6,6,27,3,"[3, 15, 27]",299.4415004069742,"(27, 176)",,[],"{""feature_selection"": {""concat"": [""mean"", ""range""], ""even"": [""mean"", ""range""], ""odd"": [""mean"", ""range""]}, ""n_chunks"": 16, ""parameter_selection"": {""mean"": {""likelihood"": ""lognormal""}, ""range"": {""likelihood"": ""beta""}}, ""rem_profile_params"": {""rem_stage"": 2, ""step_size_hours"": 1, ""window_size_hours"": 3}, ""tau_threshold"": 5.0}",run_output_8day_rem_w3_s1_stage2,rem_w3_s1_stage2
143,e3e005101d638da3,ok,,"concat: mean, range; even: mean; odd: mean",mean=student_t; range=beta,16,5.0,6,1,2,398.1740495517929,398.1740495517929,13.730139639716995,3.432534909929248,0.0124776397368168,3.432534909929248,0.0124776397368168,-796.4815123438427,1.01,513.0,449.0,0.8896022752917606,0,5,0.4245586162341185,0.4015161027080214,5.400115585489958,0.8352210591404464,5.0,5.0,6.0,0.0538729670552249,0.6091195887584288,0,False,,False,4,4,29,1,[21],203.10164060399984,"(29, 152)",,[],"{""feature_selection"": {""concat"": [""mean"", ""range""], ""even"": [""mean""], ""odd"": [""mean""]}, ""n_chunks"": 16, ""parameter_selection"": {""mean"": {""likelihood"": ""student_t""}, ""range"": {""likelihood"": ""beta""}}, ""rem_profile_params"": {""rem_stage"": 2, ""step_size_hours"": 1, ""window_size_hours"": 6}, ""tau_threshold"": 5.0}",run_output_8day_rem_w6_s1_stage2,rem_w6_s1_stage2
30,afb3a892fc9d94bb,ok,,concat: range; even: mean,mean=lognormal; range=lognormal,16,5.0,2,1,2,198.8011891588889,198.8011891588889,6.8552134192720295,3.4276067096360148,0.0115970096900198,3.4276067096360148,0.0115970096900198,-397.88702278180585,1.01,333.0,725.0,1.0394627110494423,0,3,0.2804171618845569,0.4323207275485902,4.845799790753544,1.9995603561138924,3.0,3.0,7.0,0.3672509249702872,0.6821928417202038,0,False,,False,2,2,29,1,[25],26.491390759998467,"(29, 184)",,[],"{""feature_selection"": {""concat"": [""range""], ""even"": [""mean""]}, ""n_chunks"": 16, ""parameter_selection"": {""mean"": {""likelihood"": ""lognormal""}, ""range"": {""likelihood"": ""lognormal""}}, ""rem_profile_params"": {""rem_stage"": 2, ""step_size_hours"": 1, ""window_size_hours"": 2}, ""tau_threshold"": 5.0}",run_output_8day_rem_w2_s1_stage2,rem_w2_s1_stage2
117,a466bb72fee65fac,pareto_filtered,"pareto_k_above_threshold_after_retries: k_max=0.960283, threshold=0.7","concat: range; odd: mean, range",mean=lognormal; range=beta,16,5.0,3,1,2,277.35427639762133,277.35427639762133,10.272380607319308,3.4241268691064364,0.01556414709256,3.4241268691064364,0.01556414709256,-555.5687069169483,1.01,837.0,543.0,0.8779137858088641,0,8,0.886667442220551,0.9896394051119324,7.921005772496608,0.5040138427945401,8.0,8.0,8.0,0.9892233039719665,0.9602829073822152,2,True,"pareto_k_above_threshold_after_retries: k_max=0.960283, threshold=0.7",False,3,3,27,3,"[15, 3, 21]",171.91856969799846,"(27, 176)",,[],"{""feature_selection"": {""concat"": [""range""], ""odd"": [""mean"", ""range""]}, ""n_chunks"": 16, ""parameter_selection"": {""mean"": {""likelihood"": ""lognormal""}, ""range"": {""likelihood"": ""beta""}}, ""rem_profile_params"": {""rem_stage"": 2, ""step_size_hours"": 1, ""window_size_hours"": 3}, ""tau_threshold"": 5.0}",run_output_8day_rem_w3_s1_stage2,rem_w3_s1_stage2
174,79c6748f940b6ef3,pareto_filtered,"pareto_k_above_threshold_after_retries: k_max=1.15379, threshold=0.7","concat: mean; even: range; odd: mean, range",mean=lognormal; range=lognormal,16,5.0,3,1,2,369.2745054154428,369.2745054154428,13.67683353390529,3.4192083834763225,0.0141368960775108,3.4192083834763225,0.0141368960775108,-732.1061747772252,1.1,30.0,97.0,0.9263504947576828,0,8,0.3712163958378396,0.7182882401467439,6.717479993183509,1.7515071240345572,4.0,8.0,8.0,0.6928398795126236,1.1537900427318513,2,True,"pareto_k_above_threshold_after_retries: k_max=1.15379, threshold=0.7",False,4,4,27,3,"[3, 0, 21]",78.95486058600363,"(27, 176)",,[],"{""feature_selection"": {""concat"": [""mean""], ""even"": [""range""], ""odd"": [""mean"", ""range""]}, ""n_chunks"": 16, ""parameter_selection"": {""mean"": {""likelihood"": ""lognormal""}, ""range"": {""likelihood"": ""lognormal""}}, ""rem_profile_params"": {""rem_stage"": 2, ""step_size_hours"": 1, ""window_size_hours"": 3}, ""tau_threshold"": 5.0}",run_output_8day_rem_w3_s1_stage2,rem_w3_s1_stage2
188,f1d755e6b77bf079,ok,,"concat: range; even: mean; odd: mean, range",mean=student_t; range=lognormal,16,5.0,2,1,2,409.8036749984327,409.8036749984327,13.660122499947756,3.415030624986939,0.0108275466070537,3.415030624986939,0.0108275466070537,-817.6712622357014,1.01,244.0,374.0,0.9738531952872228,0,8,0.2795374169219542,0.904912959870802,7.045960437306415,1.2954419715681595,7.0,7.0,8.0,0.786742869107182,0.6918202109951337,0,False,,False,4,4,30,0,[],89.20401139301248,"(30, 184)",,[],"{""feature_selection"": {""concat"": [""range""], ""even"": [""mean""], ""odd"": [""mean"", ""range""]}, ""n_chunks"": 16, ""parameter_selection"": {""mean"": {""likelihood"": ""student_t""}, ""range"": {""likelihood"": ""lognormal""}}, ""rem_profile_params"": {""rem_stage"": 2, ""step_size_hours"": 1, ""window_size_hours"": 2}, ""tau_threshold"": 5.0}",run_output_8day_rem_w2_s1_stage2,rem_w2_s1_stage2
179,8b05d3bb56a2de30,pareto_filtered,"pareto_k_above_threshold_after_retries: k_max=0.794075, threshold=0.7","concat: range; even: mean, range; odd: mean",mean=student_t; range=beta,16,5.0,3,1,2,368.2472284643089,368.2472284643089,13.638786239418849,3.4096965598547126,0.0097855899881022,3.4096965598547126,0.0097855899881022,-736.8199865662541,1.01,586.0,512.0,0.8940047255973568,0,6,0.7138909418019141,0.959187104154363,6.035489461384144,0.635983714254502,6.0,6.0,6.0,0.0726184826605225,0.7940754640888783,1,True,"pareto_k_above_threshold_after_retries: k_max=0.794075, threshold=0.7",False,4,4,27,3,"[15, 3, 10]",491.80314481200185,"(27, 176)",,[],"{""feature_selection"": {""concat"": [""range""], ""even"": [""mean"", ""range""], ""odd"": [""mean""]}, ""n_chunks"": 16, ""parameter_selection"": {""mean"": {""likelihood"": ""student_t""}, ""range"": {""likelihood"": ""beta""}}, ""rem_profile_params"": {""rem_stage"": 2, ""step_size_hours"": 1, ""window_size_hours"": 3}, ""tau_threshold"": 5.0}",run_output_8day_rem_w3_s1_stage2,rem_w3_s1_stage2
66,470e0301e6427d5d,ok,,"concat: mean, range; even: range",mean=lognormal; range=lognormal,16,5.0,3,1,2,286.3788818040944,286.3788818040944,10.227817207289084,3.4092724024296954,0.012315039663342,3.4092724024296954,0.012315039663342,-572.7982530522037,1.03,182.0,416.0,0.9628997668322956,0,8,0.1518224720638989,0.6002671702052325,5.927241007324157,2.0910907325205788,3.0,6.0,8.0,0.4849780437831804,0.6905592248962822,0,False,,False,3,3,28,2,"[24, 3]",66.0680367090099,"(28, 176)",,[],"{""feature_selection"": {""concat"": [""mean"", ""range""], ""even"": [""range""]}, ""n_chunks"": 16, ""parameter_selection"": {""mean"": {""likelihood"": ""lognormal""}, ""range"": {""likelihood"": ""lognormal""}}, ""rem_profile_params"": {""rem_stage"": 2, ""step_size_hours"": 1, ""window_size_hours"": 3}, ""tau_threshold"": 5.0}",run_output_8day_rem_w3_s1_stage2,rem_w3_s1_stage2
176,cd2045742f2ec79a,ok,,"concat: mean; even: range; odd: mean, range",mean=student_t; range=lognormal,16,5.0,6,1,2,395.42831096779616,395.42831096779616,13.635458998889522,3.408864749722381,0.0106607768760254,3.408864749722381,0.0106607768760254,-790.7802735718888,1.01,674.0,490.0,1.119081728383325,0,8,0.6770651680710877,0.982213664220934,7.726616556092599,0.7646807769886896,8.0,8.0,8.0,0.9114790047499745,0.5606728794698088,0,False,,False,4,4,29,1,[3],161.5953498229792,"(29, 152)",,[],"{""feature_selection"": {""concat"": [""mean""], ""even"": [""range""], ""odd"": [""mean"", ""range""]}, ""n_chunks"": 16, ""parameter_selection"": {""mean"": {""likelihood"": ""student_t""}, ""range"": {""likelihood"": ""lognormal""}}, ""rem_profile_params"": {""rem_stage"": 2, ""step_size_hours"": 1, ""window_size_hours"": 6}, ""tau_threshold"": 5.0}",run_output_8day_rem_w6_s1_stage2,rem_w6_s1_stage2
165,b2005dd17bfa616b,pareto_filtered,"pareto_k_above_threshold_after_retries: k_max=1.04953, threshold=0.7","concat: mean; even: mean, range; odd: range",mean=lognormal; range=beta,16,5.0,2,2,2,367.6944174941033,367.6944174941033,13.618311759040864,3.4045779397602165,0.0120261113563624,3.4045779397602165,0.0120261113563624,-735.4346006651969,1.01,929.0,581.0,1.00005875989573,0,8,0.7182885708318938,0.9939865948423068,7.798935362642692,0.5845950440529097,8.0,8.0,8.0,0.9425546996538592,1.0495271114841267,1,True,"pareto_k_above_threshold_after_retries: k_max=1.04953, threshold=0.7",False,4,4,27,3,"[3, 7, 15]",279.5927602049778,"(27, 96)",,[],"{""feature_selection"": {""concat"": [""mean""], ""even"": [""mean"", ""range""], ""odd"": [""range""]}, ""n_chunks"": 16, ""parameter_selection"": {""mean"": {""likelihood"": ""lognormal""}, ""range"": {""likelihood"": ""beta""}}, ""rem_profile_params"": {""rem_stage"": 2, ""step_size_hours"": 2, ""window_size_hours"": 2}, ""tau_threshold"": 5.0}",run_output_8day_rem_w2_s2_stage2,rem_w2_s2_stage2
75,81c6cf5d4499d910,pareto_filtered,"pareto_k_above_threshold_after_retries: k_max=1.3386, threshold=0.7","concat: mean, range; odd: range",mean=student_t; range=beta,16,5.0,6,1,2,275.4676169788252,275.4676169788252,10.202504332549085,3.4008347775163608,0.01124150576789,3.4008347775163608,0.01124150576789,-552.0085671785317,1.02,173.0,87.0,0.9493297809911386,2,3,0.5484327701649162,0.1047804328513586,3.569672444545395,1.3316545544691911,3.0,3.0,3.0,0.0884545462436099,1.3385973507276785,1,True,"pareto_k_above_threshold_after_retries: k_max=1.3386, threshold=0.7",False,3,3,27,3,"[15, 29, 9]",148.78994832999888,"(27, 152)",,[],"{""feature_selection"": {""concat"": [""mean"", ""range""], ""odd"": [""range""]}, ""n_chunks"": 16, ""parameter_selection"": {""mean"": {""likelihood"": ""student_t""}, ""range"": {""likelihood"": ""beta""}}, ""rem_profile_params"": {""rem_stage"": 2, ""step_size_hours"": 1, ""window_size_hours"": 6}, ""tau_threshold"": 5.0}",run_output_8day_rem_w6_s1_stage2,rem_w6_s1_stage2
60,452d56b78ce20bf3,ok,,"odd: mean, range",mean=student_t; range=lognormal,16,5.0,3,1,2,183.4828214219038,183.4828214219038,6.795660052663103,3.397830026331552,0.0132961598519898,3.397830026331552,0.0132961598519898,-366.452167606712,1.04,106.0,261.0,1.005020313884346,0,8,0.4316995465685433,0.6812145199456,6.716663043463936,1.830355590796276,4.0,8.0,8.0,0.665042897719139,0.5517597336823704,0,False,,False,2,2,27,3,"[3, 21, 0]",90.2454267879948,"(27, 176)",,[],"{""feature_selection"": {""odd"": [""mean"", ""range""]}, ""n_chunks"": 16, ""parameter_selection"": {""mean"": {""likelihood"": ""student_t""}, ""range"": {""likelihood"": ""lognormal""}}, ""rem_profile_params"": {""rem_stage"": 2, ""step_size_hours"": 1, ""window_size_hours"": 3}, ""tau_threshold"": 5.0}",run_output_8day_rem_w3_s1_stage2,rem_w3_s1_stage2
94,7fcb6b9d3973638c,ok,,concat: mean; even: range; odd: range,mean=student_t; range=lognormal,16,5.0,6,1,2,305.2000088965715,305.2000088965715,10.173333629885716,3.3911112099619047,0.0124175976645514,3.3911112099619047,0.0124175976645514,-610.5425396436201,1.01,676.0,806.0,1.0391049037956204,0,8,0.4569734064517159,0.97671027139039,7.459249419965828,0.8463762113347201,7.0,8.0,8.0,0.896950764823323,0.6444816998342705,0,False,,False,3,3,30,0,[],29.717820478981597,"(30, 152)",,[],"{""feature_selection"": {""concat"": [""mean""], ""even"": [""range""], ""odd"": [""range""]}, ""n_chunks"": 16, ""parameter_selection"": {""mean"": {""likelihood"": ""student_t""}, ""range"": {""likelihood"": ""lognormal""}}, ""rem_profile_params"": {""rem_stage"": 2, ""step_size_hours"": 1, ""window_size_hours"": 6}, ""tau_threshold"": 5.0}",run_output_8day_rem_w6_s1_stage2,rem_w6_s1_stage2
113,02018670d6d8a751,pareto_filtered,"pareto_k_above_threshold_after_retries: k_max=0.734304, threshold=0.7",concat: range; even: range; odd: mean,mean=student_t; range=beta,16,5.0,3,1,2,274.14129784417673,274.14129784417673,10.153381401636176,3.384460467212059,0.0115918362138805,3.384460467212059,0.0115918362138805,-548.3218706060253,1.0,1204.0,1137.0,0.9305770840573304,0,6,0.9265377976013875,0.9906855806968348,5.997266230226647,0.2588801033514171,6.0,6.0,6.0,0.0117432693859387,0.7343043434714501,1,True,"pareto_k_above_threshold_after_retries: k_max=0.734304, threshold=0.7",False,3,3,27,3,"[3, 21, 10]",212.20954003199583,"(27, 176)",,[],"{""feature_selection"": {""concat"": [""range""], ""even"": [""range""], ""odd"": [""mean""]}, ""n_chunks"": 16, ""parameter_selection"": {""mean"": {""likelihood"": ""student_t""}, ""range"": {""likelihood"": ""beta""}}, ""rem_profile_params"": {""rem_stage"": 2, ""step_size_hours"": 1, ""window_size_hours"": 3}, ""tau_threshold"": 5.0}",run_output_8day_rem_w3_s1_stage2,rem_w3_s1_stage2
160,89c23c2cb12abfaf,ok,,"concat: mean, range; odd: mean, range",mean=student_t; range=lognormal,16,5.0,6,1,2,364.6887367898004,364.6887367898004,13.50699025147409,3.3767475628685224,0.0110092291489686,3.3767475628685224,0.0110092291489686,-729.481406192613,1.02,271.0,144.0,1.020023720447158,0,8,0.7754750716082153,0.9465691892632736,7.690042042343927,1.1265073756299122,8.0,8.0,8.0,0.9369158064759752,0.5270301279977704,0,False,,False,4,4,27,3,"[3, 15, 2]",273.92078564700205,"(27, 152)",,[],"{""feature_selection"": {""concat"": [""mean"", ""range""], ""odd"": [""mean"", ""range""]}, ""n_chunks"": 16, ""parameter_selection"": {""mean"": {""likelihood"": ""student_t""}, ""range"": {""likelihood"": ""lognormal""}}, ""rem_profile_params"": {""rem_stage"": 2, ""step_size_hours"": 1, ""window_size_hours"": 6}, ""tau_threshold"": 5.0}",run_output_8day_rem_w6_s1_stage2,rem_w6_s1_stage2
154,3e8cfc3d0a2bf3cf,pareto_filtered,"pareto_k_above_threshold_after_retries: k_max=0.92278, threshold=0.7","concat: mean, range; even: range; odd: range",mean=lognormal; range=lognormal,16,5.0,2,1,2,362.9616834468165,362.9616834468165,13.443025312845055,3.360756328211263,0.0120686101612903,3.360756328211263,0.0120686101612903,-725.6879546989167,1.02,198.0,107.0,0.907830389593562,0,6,0.2339524771913625,0.7851075490016247,5.971745641849391,1.2130831135222402,6.0,6.0,7.0,0.2825042523909407,0.9227797612128414,4,True,"pareto_k_above_threshold_after_retries: k_max=0.92278, threshold=0.7",False,4,4,27,3,"[3, 15, 0]",215.41774573299332,"(27, 184)",,[],"{""feature_selection"": {""concat"": [""mean"", ""range""], ""even"": [""range""], ""odd"": [""range""]}, ""n_chunks"": 16, ""parameter_selection"": {""mean"": {""likelihood"": ""lognormal""}, ""range"": {""likelihood"": ""lognormal""}}, ""rem_profile_params"": {""rem_stage"": 2, ""step_size_hours"": 1, ""window_size_hours"": 2}, ""tau_threshold"": 5.0}",run_output_8day_rem_w2_s1_stage2,rem_w2_s1_stage2
138,e0f934f1df01498d,pareto_filtered,"pareto_k_above_threshold_after_retries: k_max=0.922054, threshold=0.7","concat: mean, range; even: mean, range",mean=lognormal; range=lognormal,16,5.0,2,2,2,362.94279304732817,362.94279304732817,13.442325668419562,3.360581417104891,0.0135015489169788,3.360581417104891,0.0135015489169788,-717.8789288583406,1.05,66.0,38.0,0.9628628483488684,0,7,0.3281241485250014,0.8571173367941896,6.721652756635905,1.570320870243354,7.0,7.0,8.0,0.8009240052967114,0.9220541130576372,6,True,"pareto_k_above_threshold_after_retries: k_max=0.922054, threshold=0.7",False,4,4,27,3,"[3, 25, 21]",135.5006826070021,"(27, 96)",,[],"{""feature_selection"": {""concat"": [""mean"", ""range""], ""even"": [""mean"", ""range""]}, ""n_chunks"": 16, ""parameter_selection"": {""mean"": {""likelihood"": ""lognormal""}, ""range"": {""likelihood"": ""lognormal""}}, ""rem_profile_params"": {""rem_stage"": 2, ""step_size_hours"": 2, ""window_size_hours"": 2}, ""tau_threshold"": 5.0}",run_output_8day_rem_w2_s2_stage2,rem_w2_s2_stage2
104,a8ea53043a98d614,pareto_filtered,"pareto_k_above_threshold_after_retries: k_max=0.892066, threshold=0.7",concat: range; even: mean; odd: mean,mean=lognormal; range=lognormal,16,5.0,2,2,2,271.9958196537416,271.9958196537416,10.073919246434874,3.357973082144958,0.0138452105783901,3.357973082144958,0.0138452105783901,-545.5614561836735,1.03,181.0,381.0,0.9112008262156928,0,8,0.163815871235862,0.7169616788109213,6.133034825516606,1.9270802702485668,5.0,7.0,8.0,0.5168442708489629,0.8920663236676624,2,True,"pareto_k_above_threshold_after_retries: k_max=0.892066, threshold=0.7",False,3,3,27,3,"[3, 21, 15]",50.54508403397631,"(27, 96)",,[],"{""feature_selection"": {""concat"": [""range""], ""even"": [""mean""], ""odd"": [""mean""]}, ""n_chunks"": 16, ""parameter_selection"": {""mean"": {""likelihood"": ""lognormal""}, ""range"": {""likelihood"": ""lognormal""}}, ""rem_profile_params"": {""rem_stage"": 2, ""step_size_hours"": 2, ""window_size_hours"": 2}, ""tau_threshold"": 5.0}",run_output_8day_rem_w2_s2_stage2,rem_w2_s2_stage2
165,6891101be8940583,pareto_filtered,"pareto_k_above_threshold_after_retries: k_max=0.747926, threshold=0.7","concat: mean; even: mean, range; odd: range",mean=lognormal; range=beta,16,5.0,3,1,2,362.6282285600849,362.6282285600849,13.430675131854995,3.3576687829637497,0.0124586859547385,3.3576687829637497,0.0124586859547385,-729.6858756464278,1.01,1019.0,568.0,0.9084319044638294,0,8,0.9405749189759072,0.9979916837238744,7.973151429436857,0.223174134394421,8.0,8.0,8.0,0.9934200132387788,0.747925699330544,1,True,"pareto_k_above_threshold_after_retries: k_max=0.747926, threshold=0.7",False,4,4,27,3,"[3, 15, 27]",262.9009781659988,"(27, 176)",,[],"{""feature_selection"": {""concat"": [""mean""], ""even"": [""mean"", ""range""], ""odd"": [""range""]}, ""n_chunks"": 16, ""parameter_selection"": {""mean"": {""likelihood"": ""lognormal""}, ""range"": {""likelihood"": ""beta""}}, ""rem_profile_params"": {""rem_stage"": 2, ""step_size_hours"": 1, ""window_size_hours"": 3}, ""tau_threshold"": 5.0}",run_output_8day_rem_w3_s1_stage2,rem_w3_s1_stage2
92,dc62dcbb41b7b957,ok,,concat: mean; even: range; odd: range,mean=lognormal; range=lognormal,16,5.0,6,1,2,271.81743376364807,271.81743376364807,10.067312361616596,3.355770787205531,0.0149330588156321,3.355770787205531,0.0149330588156321,-543.4812003843344,1.01,1116.0,741.0,0.9739846515642224,0,8,0.6934341140162157,0.9649681770565206,7.740111637050333,0.8043626431701422,8.0,8.0,8.0,0.925393218515375,0.5814913380720006,0,False,,False,3,3,27,3,"[3, 0, 24]",88.15149297198514,"(27, 152)",,[],"{""feature_selection"": {""concat"": [""mean""], ""even"": [""range""], ""odd"": [""range""]}, ""n_chunks"": 16, ""parameter_selection"": {""mean"": {""likelihood"": ""lognormal""}, ""range"": {""likelihood"": ""lognormal""}}, ""rem_profile_params"": {""rem_stage"": 2, ""step_size_hours"": 1, ""window_size_hours"": 6}, ""tau_threshold"": 5.0}",run_output_8day_rem_w6_s1_stage2,rem_w6_s1_stage2
50,71d8587054af86fe,ok,,even: mean; odd: range,mean=student_t; range=lognormal,16,5.0,2,1,2,181.074518038696,181.074518038696,6.706463631062814,3.3532318155314065,0.0132304849039831,3.3532318155314065,0.0132304849039831,-361.8051450687578,1.0,893.0,441.0,1.006155668418447,0,8,0.7479496139797758,0.9432074538836374,7.71912885132027,0.9730240208583536,8.0,8.0,8.0,0.9308295150269764,0.4630056215642463,0,False,,False,2,2,27,3,"[0, 15, 21]",92.3533287490136,"(27, 184)",,[],"{""feature_selection"": {""even"": [""mean""], ""odd"": [""range""]}, ""n_chunks"": 16, ""parameter_selection"": {""mean"": {""likelihood"": ""student_t""}, ""range"": {""likelihood"": ""lognormal""}}, ""rem_profile_params"": {""rem_stage"": 2, ""step_size_hours"": 1, ""window_size_hours"": 2}, ""tau_threshold"": 5.0}",run_output_8day_rem_w2_s1_stage2,rem_w2_s1_stage2
188,22fa0ebb5b0f135c,pareto_filtered,"pareto_k_above_threshold_after_retries: k_max=0.948155, threshold=0.7","concat: range; even: mean; odd: mean, range",mean=student_t; range=lognormal,16,5.0,3,1,2,361.8991858966226,361.8991858966226,13.403673551726763,3.3509183879316917,0.0103900715806516,3.3509183879316917,0.0103900715806516,-725.6913254155724,1.01,540.0,274.0,1.0918238758503012,0,8,0.8798238282346077,0.98473470150501,7.911013393909134,0.4585629943265904,8.0,8.0,8.0,0.9674908990136348,0.9481546499446843,3,True,"pareto_k_above_threshold_after_retries: k_max=0.948155, threshold=0.7",False,4,4,27,3,"[21, 3, 4]",373.9847389719798,"(27, 176)",,[],"{""feature_selection"": {""concat"": [""range""], ""even"": [""mean""], ""odd"": [""mean"", ""range""]}, ""n_chunks"": 16, ""parameter_selection"": {""mean"": {""likelihood"": ""student_t""}, ""range"": {""likelihood"": ""lognormal""}}, ""rem_profile_params"": {""rem_stage"": 2, ""step_size_hours"": 1, ""window_size_hours"": 3}, ""tau_threshold"": 5.0}",run_output_8day_rem_w3_s1_stage2,rem_w3_s1_stage2
149,347e482a7f7d1ac3,ok,,"concat: mean, range; even: range; odd: mean",mean=lognormal; range=beta,16,5.0,6,1,2,361.539577270122,361.539577270122,13.390354713708222,3.3475886784270554,0.0107895324116835,3.3475886784270554,0.0107895324116835,-724.527883955418,1.01,481.0,814.0,0.8490040505168271,0,5,0.4217477622609621,0.1007431841853496,4.5553186918900685,1.034549494998605,3.0,5.0,5.0,0.0100219430819454,0.6891848653655596,0,False,,False,4,4,27,3,"[3, 0, 24]",263.8122096110019,"(27, 152)",,[],"{""feature_selection"": {""concat"": [""mean"", ""range""], ""even"": [""range""], ""odd"": [""mean""]}, ""n_chunks"": 16, ""parameter_selection"": {""mean"": {""likelihood"": ""lognormal""}, ""range"": {""likelihood"": ""beta""}}, ""rem_profile_params"": {""rem_stage"": 2, ""step_size_hours"": 1, ""window_size_hours"": 6}, ""tau_threshold"": 5.0}",run_output_8day_rem_w6_s1_stage2,rem_w6_s1_stage2
117,feff868b13fdc0b0,pareto_filtered,"pareto_k_above_threshold_after_retries: k_max=1.05688, threshold=0.7","concat: range; odd: mean, range",mean=lognormal; range=beta,16,5.0,2,2,2,270.91026437097617,270.91026437097617,10.03371349522134,3.344571165073779,0.0120321988233683,3.344571165073779,0.0120321988233683,-543.3060072297783,1.0,1811.0,1141.0,0.9285921134578752,0,7,0.9699014259645566,0.9999999999999892,7.009538879824371,0.0972326753535093,7.0,7.0,7.0,0.9999968482198518,1.0568790814168183,5,True,"pareto_k_above_threshold_after_retries: k_max=1.05688, threshold=0.7",False,3,3,27,3,"[4, 3, 21]",191.91924572500284,"(27, 96)",,[],"{""feature_selection"": {""concat"": [""range""], ""odd"": [""mean"", ""range""]}, ""n_chunks"": 16, ""parameter_selection"": {""mean"": {""likelihood"": ""lognormal""}, ""range"": {""likelihood"": ""beta""}}, ""rem_profile_params"": {""rem_stage"": 2, ""step_size_hours"": 2, ""window_size_hours"": 2}, ""tau_threshold"": 5.0}",run_output_8day_rem_w2_s2_stage2,rem_w2_s2_stage2
45,a8d49bb1328015da,pareto_filtered,"pareto_k_above_threshold_after_retries: k_max=0.874556, threshold=0.7",even: mean; odd: mean,mean=lognormal,16,5.0,3,1,2,180.52648410264217,180.52648410264217,6.686166077875636,3.343083038937818,0.0191422381346929,3.343083038937818,0.0191422381346929,-362.2417260850333,1.01,347.0,240.0,1.0799895922947598,0,8,0.5265171994585252,0.7966622112622191,7.056704288575931,1.7932120734257642,8.0,8.0,8.0,0.7740525007668775,0.8745558378578799,2,True,"pareto_k_above_threshold_after_retries: k_max=0.874556, threshold=0.7",False,2,2,27,3,"[3, 21, 27]",31.85563513301895,"(27, 176)",,[],"{""feature_selection"": {""even"": [""mean""], ""odd"": [""mean""]}, ""n_chunks"": 16, ""parameter_selection"": {""mean"": {""likelihood"": ""lognormal""}}, ""rem_profile_params"": {""rem_stage"": 2, ""step_size_hours"": 1, ""window_size_hours"": 3}, ""tau_threshold"": 5.0}",run_output_8day_rem_w3_s1_stage2,rem_w3_s1_stage2
121,1dfe39bf273d61dc,pareto_filtered,"pareto_k_above_threshold_after_retries: k_max=0.958137, threshold=0.7","even: mean, range; odd: mean",mean=lognormal; range=beta,16,5.0,2,1,2,270.5054403656832,270.5054403656832,10.018720013543824,3.339573337847942,0.0126174704654213,3.339573337847942,0.0126174704654213,-542.0704677487414,1.02,338.0,162.0,1.0422494848800004,0,8,0.6546392658771449,0.8790038214956596,7.470889689024805,1.3681812111433391,8.0,8.0,8.0,0.8652301158574914,0.9581366282571848,2,True,"pareto_k_above_threshold_after_retries: k_max=0.958137, threshold=0.7",False,3,3,27,3,"[3, 27, 21]",173.35643799498212,"(27, 184)",,[],"{""feature_selection"": {""even"": [""mean"", ""range""], ""odd"": [""mean""]}, ""n_chunks"": 16, ""parameter_selection"": {""mean"": {""likelihood"": ""lognormal""}, ""range"": {""likelihood"": ""beta""}}, ""rem_profile_params"": {""rem_stage"": 2, ""step_size_hours"": 1, ""window_size_hours"": 2}, ""tau_threshold"": 5.0}",run_output_8day_rem_w2_s1_stage2,rem_w2_s1_stage2
29,08d468f15bab15cc,ok,,concat: range; even: mean,mean=lognormal; range=beta,16,5.0,2,2,2,193.5704439662757,193.5704439662757,6.674842895388818,3.337421447694408,0.0117682274079609,3.337421447694408,0.0117682274079609,-387.0758424521701,1.01,1188.0,855.0,0.9151148132614068,0,7,0.9763515857915496,0.9999999214123132,7.00712314155688,0.0841338772085675,7.0,7.0,7.0,0.9999971040999184,0.4030359906797787,0,False,,False,2,2,29,1,[4],30.50346575101139,"(29, 96)",,[],"{""feature_selection"": {""concat"": [""range""], ""even"": [""mean""]}, ""n_chunks"": 16, ""parameter_selection"": {""mean"": {""likelihood"": ""lognormal""}, ""range"": {""likelihood"": ""beta""}}, ""rem_profile_params"": {""rem_stage"": 2, ""step_size_hours"": 2, ""window_size_hours"": 2}, ""tau_threshold"": 5.0}",run_output_8day_rem_w2_s2_stage2,rem_w2_s2_stage2
92,d1a08bd956bb2eb9,ok,,concat: mean; even: range; odd: range,mean=lognormal; range=lognormal,16,5.0,2,1,2,280.2737640389344,280.2737640389344,10.0097772871048,3.336592429034934,0.0116970470970152,3.336592429034934,0.0116970470970152,-558.6837458593734,1.01,464.0,755.0,1.018204823765417,0,4,0.2822267482120625,0.5041803254826986,5.2976856081225785,1.3050223738618785,4.0,6.0,6.0,0.2441949882951073,0.6698270611044117,0,False,,False,3,3,28,2,"[3, 0]",62.43555684998864,"(28, 184)",,[],"{""feature_selection"": {""concat"": [""mean""], ""even"": [""range""], ""odd"": [""range""]}, ""n_chunks"": 16, ""parameter_selection"": {""mean"": {""likelihood"": ""lognormal""}, ""range"": {""likelihood"": ""lognormal""}}, ""rem_profile_params"": {""rem_stage"": 2, ""step_size_hours"": 1, ""window_size_hours"": 2}, ""tau_threshold"": 5.0}",run_output_8day_rem_w2_s1_stage2,rem_w2_s1_stage2
11,a9a3b00ef8fe986f,pareto_filtered,"pareto_k_above_threshold_after_retries: k_max=0.715704, threshold=0.7","concat: mean, range; even: mean, range; odd: range",mean=student_t; range=lognormal,16,5.0,2,2,2,450.3796980892191,450.3796980892191,16.680729558859966,3.336145911771993,0.0102654018553282,3.336145911771993,0.0102654018553282,-899.368669020402,1.01,614.0,980.0,0.957310226037473,0,7,0.5205046870793646,0.9964701179970732,7.346095789333374,0.584422429938592,7.0,7.0,8.0,0.9495612137359852,0.7157044863834446,1,True,"pareto_k_above_threshold_after_retries: k_max=0.715704, threshold=0.7",False,5,5,27,3,"[15, 25, 23]",194.28547334499308,"(27, 96)",,[],"{""feature_selection"": {""concat"": [""mean"", ""range""], ""even"": [""mean"", ""range""], ""odd"": [""range""]}, ""n_chunks"": 16, ""parameter_selection"": {""mean"": {""likelihood"": ""student_t""}, ""range"": {""likelihood"": ""lognormal""}}, ""rem_profile_params"": {""rem_stage"": 2, ""step_size_hours"": 2, ""window_size_hours"": 2}, ""tau_threshold"": 5.0}",run_output_8day_rem_w2_s2_stage2,rem_w2_s2_stage2
162,c92da14803bb9fb3,pareto_filtered,"pareto_k_above_threshold_after_retries: k_max=0.861191, threshold=0.7","concat: mean; even: mean, range; odd: mean",mean=lognormal; range=lognormal,16,5.0,6,1,2,360.22911971906933,360.22911971906933,13.34181924885442,3.3354548122136043,0.0143340451624988,3.3354548122136043,0.0143340451624988,-718.4067897402446,1.05,80.0,145.0,1.062623234220377,0,8,0.4697007732769027,0.7088580359515609,6.733853030644207,1.9727687757593344,4.0,8.0,8.0,0.7030390560951717,0.8611912309987471,2,True,"pareto_k_above_threshold_after_retries: k_max=0.861191, threshold=0.7",False,4,4,27,3,"[3, 0, 24]",119.75805823100382,"(27, 152)",,[],"{""feature_selection"": {""concat"": [""mean""], ""even"": [""mean"", ""range""], ""odd"": [""mean""]}, ""n_chunks"": 16, ""parameter_selection"": {""mean"": {""likelihood"": ""lognormal""}, ""range"": {""likelihood"": ""lognormal""}}, ""rem_profile_params"": {""rem_stage"": 2, ""step_size_hours"": 1, ""window_size_hours"": 6}, ""tau_threshold"": 5.0}",run_output_8day_rem_w6_s1_stage2,rem_w6_s1_stage2
124,9e64c6e3710b2644,ok,,"even: mean, range; odd: mean",mean=student_t; range=lognormal,16,5.0,2,1,2,280.1143953645077,280.1143953645077,10.004085548732418,3.334695182910805,0.0104656971327192,3.334695182910805,0.0104656971327192,-561.0036281587376,1.01,311.0,612.0,1.033817074531979,0,8,0.2429686105924043,0.7829855651816207,6.824589875338633,1.678255679861352,6.0,8.0,8.0,0.7083799521861975,0.6482689176504307,0,False,,False,3,3,28,2,"[21, 3]",190.34361892400196,"(28, 184)",,[],"{""feature_selection"": {""even"": [""mean"", ""range""], ""odd"": [""mean""]}, ""n_chunks"": 16, ""parameter_selection"": {""mean"": {""likelihood"": ""student_t""}, ""range"": {""likelihood"": ""lognormal""}}, ""rem_profile_params"": {""rem_stage"": 2, ""step_size_hours"": 1, ""window_size_hours"": 2}, ""tau_threshold"": 5.0}",run_output_8day_rem_w2_s1_stage2,rem_w2_s1_stage2
132,33f6d87e43bcaf3b,ok,,"even: mean; odd: mean, range",mean=student_t; range=lognormal,16,5.0,3,1,2,279.8397380733564,279.8397380733564,9.994276359762727,3.331425453254243,0.0105611119316093,3.331425453254243,0.0105611119316093,-558.4943508996254,1.12,22.0,174.0,1.0138057562998155,0,8,0.3921180089353706,0.5407747093785963,6.165095464538627,1.9553300808651024,4.0,8.0,8.0,0.5255051304647169,0.6932716950293978,0,False,,False,3,3,28,2,"[3, 0]",182.95300219298224,"(28, 176)",,[],"{""feature_selection"": {""even"": [""mean""], ""odd"": [""mean"", ""range""]}, ""n_chunks"": 16, ""parameter_selection"": {""mean"": {""likelihood"": ""student_t""}, ""range"": {""likelihood"": ""lognormal""}}, ""rem_profile_params"": {""rem_stage"": 2, ""step_size_hours"": 1, ""window_size_hours"": 3}, ""tau_threshold"": 5.0}",run_output_8day_rem_w3_s1_stage2,rem_w3_s1_stage2
53,be45c5cd27d445c1,ok,,even: range; odd: mean,mean=student_t; range=beta,16,5.0,3,1,2,179.8765659757911,179.8765659757911,6.6620950361404105,3.331047518070205,0.0109070017896369,3.331047518070205,0.0109070017896369,-360.0729272649939,1.0,564.0,641.0,0.9531721280953483,0,6,0.0232865013934201,0.5792493081786282,5.72242025323608,1.6771408863764086,5.0,6.0,7.0,0.3426393784346921,0.428680106602742,0,False,,False,2,2,27,3,"[3, 21, 27]",119.11706155000138,"(27, 176)",,[],"{""feature_selection"": {""even"": [""range""], ""odd"": [""mean""]}, ""n_chunks"": 16, ""parameter_selection"": {""mean"": {""likelihood"": ""student_t""}, ""range"": {""likelihood"": ""beta""}}, ""rem_profile_params"": {""rem_stage"": 2, ""step_size_hours"": 1, ""window_size_hours"": 3}, ""tau_threshold"": 5.0}",run_output_8day_rem_w3_s1_stage2,rem_w3_s1_stage2
187,067a85470dd5c216,pareto_filtered,"pareto_k_above_threshold_after_retries: k_max=0.797579, threshold=0.7","concat: range; even: mean; odd: mean, range",mean=student_t; range=beta,16,5.0,2,2,2,359.599373342352,359.599373342352,13.318495308976,3.3296238272439997,0.0117133365591362,3.3296238272439997,0.0117133365591362,-719.4931625118447,1.01,1244.0,990.0,0.8931346064733355,0,7,0.8545704006714026,0.9999999326130092,7.0726997574866814,0.259645127895995,7.0,7.0,7.0,0.9999995899377576,0.7975793055186651,3,True,"pareto_k_above_threshold_after_retries: k_max=0.797579, threshold=0.7",False,4,4,27,3,"[4, 15, 7]",416.54209410300246,"(27, 96)",,[],"{""feature_selection"": {""concat"": [""range""], ""even"": [""mean""], ""odd"": [""mean"", ""range""]}, ""n_chunks"": 16, ""parameter_selection"": {""mean"": {""likelihood"": ""student_t""}, ""range"": {""likelihood"": ""beta""}}, ""rem_profile_params"": {""rem_stage"": 2, ""step_size_hours"": 2, ""window_size_hours"": 2}, ""tau_threshold"": 5.0}",run_output_8day_rem_w2_s2_stage2,rem_w2_s2_stage2
189,0751fa859a2fb16f,pareto_filtered,"pareto_k_above_threshold_after_retries: k_max=0.870828, threshold=0.7","concat: range; even: range; odd: mean, range",mean=lognormal; range=beta,16,5.0,2,1,2,358.91577468165195,358.91577468165195,13.293176840061184,3.323294210015296,0.0102463525645908,3.323294210015296,0.0102463525645908,-719.7533894045612,1.01,193.0,198.0,0.926343689881022,0,8,0.2744552540278562,0.8109224545804811,6.660791922967359,1.728847045523921,6.0,8.0,8.0,0.5817462780830087,0.8708279460860022,3,True,"pareto_k_above_threshold_after_retries: k_max=0.870828, threshold=0.7",False,4,4,27,3,"[3, 21, 27]",413.8523810159823,"(27, 184)",,[],"{""feature_selection"": {""concat"": [""range""], ""even"": [""range""], ""odd"": [""mean"", ""range""]}, ""n_chunks"": 16, ""parameter_selection"": {""mean"": {""likelihood"": ""lognormal""}, ""range"": {""likelihood"": ""beta""}}, ""rem_profile_params"": {""rem_stage"": 2, ""step_size_hours"": 1, ""window_size_hours"": 2}, ""tau_threshold"": 5.0}",run_output_8day_rem_w2_s1_stage2,rem_w2_s1_stage2
172,63c3b15117c81b6e,ok,,"concat: mean; even: mean; odd: mean, range",mean=student_t; range=lognormal,16,5.0,6,1,2,398.50453886033415,398.50453886033415,13.283484628677805,3.320871157169452,0.0100248253250173,3.320871157169452,0.0100248253250173,-795.9885944697076,1.01,531.0,509.0,1.014834885393233,0,8,0.534791063957549,0.990381736559336,7.579172605572818,0.7495118321816255,7.0,8.0,8.0,0.8784471314993675,0.588041643488709,0,False,,False,4,4,30,0,[],93.446753420023,"(30, 152)",,[],"{""feature_selection"": {""concat"": [""mean""], ""even"": [""mean""], ""odd"": [""mean"", ""range""]}, ""n_chunks"": 16, ""parameter_selection"": {""mean"": {""likelihood"": ""student_t""}, ""range"": {""likelihood"": ""lognormal""}}, ""rem_profile_params"": {""rem_stage"": 2, ""step_size_hours"": 1, ""window_size_hours"": 6}, ""tau_threshold"": 5.0}",run_output_8day_rem_w6_s1_stage2,rem_w6_s1_stage2
12,ea0bc29f95ae9964,pareto_filtered,"pareto_k_above_threshold_after_retries: k_max=1.03262, threshold=0.7","concat: mean, range; even: range; odd: mean, range",mean=lognormal; range=lognormal,16,5.0,3,1,2,447.9969541717062,447.9969541717062,16.592479784137268,3.318495956827453,0.0128613407013486,3.318495956827453,0.0128613407013486,-879.5938274592053,1.2,15.0,76.0,0.9378877500002492,0,8,0.220254397940366,0.7130530365600418,6.556503320309694,1.6280662424841463,5.0,7.0,8.0,0.6580031251017847,1.0326219756917785,4,True,"pareto_k_above_threshold_after_retries: k_max=1.03262, threshold=0.7",False,5,5,27,3,"[3, 0, 21]",167.66027336299885,"(27, 176)",,[],"{""feature_selection"": {""concat"": [""mean"", ""range""], ""even"": [""range""], ""odd"": [""mean"", ""range""]}, ""n_chunks"": 16, ""parameter_selection"": {""mean"": {""likelihood"": ""lognormal""}, ""range"": {""likelihood"": ""lognormal""}}, ""rem_profile_params"": {""rem_stage"": 2, ""step_size_hours"": 1, ""window_size_hours"": 3}, ""tau_threshold"": 5.0}",run_output_8day_rem_w3_s1_stage2,rem_w3_s1_stage2
109,2a3ea6e48888f6d8,ok,,concat: range; even: mean; odd: range,mean=student_t; range=beta,16,5.0,2,2,2,268.7801691984388,268.7801691984388,9.954821081423658,3.3182736938078863,0.0084749781471414,3.3182736938078863,0.0084749781471414,-538.1760635483012,1.0,1299.0,894.0,0.939014924543954,0,7,0.8354960045586002,0.9999997563620812,7.086660393069028,0.2813401622579501,7.0,7.0,7.0,0.9999995316367092,0.6950298372518512,0,False,,False,3,3,27,3,"[4, 15, 7]",195.0399658149981,"(27, 96)",,[],"{""feature_selection"": {""concat"": [""range""], ""even"": [""mean""], ""odd"": [""range""]}, ""n_chunks"": 16, ""parameter_selection"": {""mean"": {""likelihood"": ""student_t""}, ""range"": {""likelihood"": ""beta""}}, ""rem_profile_params"": {""rem_stage"": 2, ""step_size_hours"": 2, ""window_size_hours"": 2}, ""tau_threshold"": 5.0}",run_output_8day_rem_w2_s2_stage2,rem_w2_s2_stage2
9,db8f66e345e46b91,ok,,odd: mean,mean=lognormal,16,5.0,6,1,2,89.55565483136918,89.55565483136918,3.3168761048655253,3.3168761048655253,0.0228618065826335,3.3168761048655253,0.0228618065826335,-179.09137951768855,1.01,688.0,546.0,0.9542662786223466,0,4,0.3031763843203212,0.1596615066012426,4.317990076695828,1.4401303285970222,3.0,4.0,4.0,0.1213149782179446,0.6178675945213026,0,False,,False,1,1,27,3,"[3, 0, 24]",27.370268258993747,"(27, 152)",,[],"{""feature_selection"": {""odd"": [""mean""]}, ""n_chunks"": 16, ""parameter_selection"": {""mean"": {""likelihood"": ""lognormal""}}, ""rem_profile_params"": {""rem_stage"": 2, ""step_size_hours"": 1, ""window_size_hours"": 6}, ""tau_threshold"": 5.0}",run_output_8day_rem_w6_s1_stage2,rem_w6_s1_stage2
138,86c6449d1a9b1066,pareto_filtered,"pareto_k_above_threshold_after_retries: k_max=0.728945, threshold=0.7","concat: mean, range; even: mean, range",mean=lognormal; range=lognormal,16,5.0,3,1,2,358.017346481543,358.017346481543,13.259901721538627,3.314975430384657,0.0137996133484726,3.314975430384657,0.0137996133484726,-709.6857713015143,1.09,63.0,205.0,0.9255485708583616,0,3,0.301442442085079,0.4305398156552376,5.10991471913131,2.270540226519113,3.0,4.0,8.0,0.3642963636261205,0.7289447838780732,3,True,"pareto_k_above_threshold_after_retries: k_max=0.728945, threshold=0.7",False,4,4,27,3,"[24, 3, 15]",108.86170381700504,"(27, 176)",,[],"{""feature_selection"": {""concat"": [""mean"", ""range""], ""even"": [""mean"", ""range""]}, ""n_chunks"": 16, ""parameter_selection"": {""mean"": {""likelihood"": ""lognormal""}, ""range"": {""likelihood"": ""lognormal""}}, ""rem_profile_params"": {""rem_stage"": 2, ""step_size_hours"": 1, ""window_size_hours"": 3}, ""tau_threshold"": 5.0}",run_output_8day_rem_w3_s1_stage2,rem_w3_s1_stage2
36,572d055b55bc009a,ok,,"concat: mean; even: mean, range; odd: mean, range",mean=student_t; range=lognormal,16,5.0,6,1,2,463.7210822107827,463.7210822107827,16.56146722181367,3.3122934443627337,0.0094608012771871,3.3122934443627337,0.0094608012771871,-927.2518100318288,1.01,859.0,483.0,1.1093211474916211,0,8,0.8248181442284057,0.9939956483520797,7.876824788182229,0.5221600222306021,8.0,8.0,8.0,0.9584144844929976,0.6719148907098074,0,False,,False,5,5,28,2,"[27, 3]",237.9174226849864,"(28, 152)",,[],"{""feature_selection"": {""concat"": [""mean""], ""even"": [""mean"", ""range""], ""odd"": [""mean"", ""range""]}, ""n_chunks"": 16, ""parameter_selection"": {""mean"": {""likelihood"": ""student_t""}, ""range"": {""likelihood"": ""lognormal""}}, ""rem_profile_params"": {""rem_stage"": 2, ""step_size_hours"": 1, ""window_size_hours"": 6}, ""tau_threshold"": 5.0}",run_output_8day_rem_w6_s1_stage2,rem_w6_s1_stage2
174,f6bb64e3c07124e4,ok,,"concat: mean; even: range; odd: mean, range",mean=lognormal; range=lognormal,16,5.0,6,1,2,357.49976079131505,357.49976079131505,13.240731881159816,3.3101829702899543,0.012459105385926,3.3101829702899543,0.012459105385926,-715.5148477301498,1.01,514.0,186.0,1.0487266806292066,0,8,0.7789781865818279,0.9524470096127056,7.755326444095491,0.9347788526546674,8.0,8.0,8.0,0.9390006021800752,0.698335845544587,0,False,,False,4,4,27,3,"[3, 0, 24]",81.69151538901497,"(27, 152)",,[],"{""feature_selection"": {""concat"": [""mean""], ""even"": [""range""], ""odd"": [""mean"", ""range""]}, ""n_chunks"": 16, ""parameter_selection"": {""mean"": {""likelihood"": ""lognormal""}, ""range"": {""likelihood"": ""lognormal""}}, ""rem_profile_params"": {""rem_stage"": 2, ""step_size_hours"": 1, ""window_size_hours"": 6}, ""tau_threshold"": 5.0}",run_output_8day_rem_w6_s1_stage2,rem_w6_s1_stage2
144,930c02c16f98f6e7,ok,,"concat: mean, range; even: mean; odd: mean",mean=student_t; range=lognormal,16,5.0,6,1,2,383.87733566517903,383.87733566517903,13.237149505695829,3.309287376423957,0.009482086054213,3.309287376423957,0.009482086054213,-766.6559228834581,1.01,377.0,559.0,0.9831180354066996,0,8,0.3993648196975626,0.9315345097857104,7.335942493918095,1.0814112861820562,7.0,8.0,8.0,0.7909256996963693,0.6370142020870297,0,False,,False,4,4,29,1,[3],164.54652602400165,"(29, 152)",,[],"{""feature_selection"": {""concat"": [""mean"", ""range""], ""even"": [""mean""], ""odd"": [""mean""]}, ""n_chunks"": 16, ""parameter_selection"": {""mean"": {""likelihood"": ""student_t""}, ""range"": {""likelihood"": ""lognormal""}}, ""rem_profile_params"": {""rem_stage"": 2, ""step_size_hours"": 1, ""window_size_hours"": 6}, ""tau_threshold"": 5.0}",run_output_8day_rem_w6_s1_stage2,rem_w6_s1_stage2
185,2c90c708aae6c6f9,ok,,"concat: range; even: mean; odd: mean, range",mean=lognormal; range=beta,16,5.0,3,1,2,357.1827480724437,357.1827480724437,13.228990669349766,3.307247667337442,0.0130731643760525,3.307247667337442,0.0130731643760525,-715.41391388136,1.0,963.0,758.0,0.9478768327160632,0,8,0.9039644926146388,0.9987770106476894,7.956941068405454,0.2458913751527805,8.0,8.0,8.0,0.9984485098431074,0.6951905010713549,0,False,,False,4,4,27,3,"[3, 21, 15]",312.3251838530123,"(27, 176)",,[],"{""feature_selection"": {""concat"": [""range""], ""even"": [""mean""], ""odd"": [""mean"", ""range""]}, ""n_chunks"": 16, ""parameter_selection"": {""mean"": {""likelihood"": ""lognormal""}, ""range"": {""likelihood"": ""beta""}}, ""rem_profile_params"": {""rem_stage"": 2, ""step_size_hours"": 1, ""window_size_hours"": 3}, ""tau_threshold"": 5.0}",run_output_8day_rem_w3_s1_stage2,rem_w3_s1_stage2
119,0ab44bac53ecc838,pareto_filtered,"pareto_k_above_threshold_after_retries: k_max=0.879525, threshold=0.7","concat: range; odd: mean, range",mean=student_t; range=beta,16,5.0,2,2,2,267.5591374362446,267.5591374362446,9.909597682823874,3.303199227607959,0.0147538746893659,3.303199227607959,0.0147538746893659,-535.2165673311137,1.01,1393.0,954.0,0.9592545298073528,0,7,0.9618299007482132,0.9999999984970372,7.01271582536632,0.1121830244550283,7.0,7.0,7.0,0.9999845540946504,0.8795252711841169,2,True,"pareto_k_above_threshold_after_retries: k_max=0.879525, threshold=0.7",False,3,3,27,3,"[21, 15, 4]",245.7556639329996,"(27, 96)",,[],"{""feature_selection"": {""concat"": [""range""], ""odd"": [""mean"", ""range""]}, ""n_chunks"": 16, ""parameter_selection"": {""mean"": {""likelihood"": ""student_t""}, ""range"": {""likelihood"": ""beta""}}, ""rem_profile_params"": {""rem_stage"": 2, ""step_size_hours"": 2, ""window_size_hours"": 2}, ""tau_threshold"": 5.0}",run_output_8day_rem_w2_s2_stage2,rem_w2_s2_stage2
64,c8d6518eee6efe21,ok,,"concat: mean, range; even: mean",mean=student_t; range=lognormal,16,5.0,6,1,2,277.35511254751816,277.35511254751816,9.905539733839934,3.301846577946644,0.0100520606874691,3.301846577946644,0.0100520606874691,-554.2670663990239,1.01,285.0,170.0,1.0685277117058196,0,8,0.5344860609386031,0.8730010215893886,7.287435008246093,1.5675117142360615,8.0,8.0,8.0,0.8425718897868332,0.6117996408791128,0,False,,False,3,3,28,2,"[15, 3]",89.94279816100607,"(28, 152)",,[],"{""feature_selection"": {""concat"": [""mean"", ""range""], ""even"": [""mean""]}, ""n_chunks"": 16, ""parameter_selection"": {""mean"": {""likelihood"": ""student_t""}, ""range"": {""likelihood"": ""lognormal""}}, ""rem_profile_params"": {""rem_stage"": 2, ""step_size_hours"": 1, ""window_size_hours"": 6}, ""tau_threshold"": 5.0}",run_output_8day_rem_w6_s1_stage2,rem_w6_s1_stage2
111,3d7093e85ef25d5d,pareto_filtered,"pareto_k_above_threshold_after_retries: k_max=0.703135, threshold=0.7",concat: range; even: range; odd: mean,mean=lognormal; range=beta,16,5.0,2,2,2,267.0543869413811,267.0543869413811,9.890903220051152,3.296967740017052,0.0104427469170079,3.296967740017052,0.0104427469170079,-534.3838224434528,1.01,1409.0,976.0,0.9652257208447932,0,7,0.9268137960445704,0.999999981749139,7.028763759636052,0.1674382738788478,7.0,7.0,7.0,0.999950451659201,0.7031351571484902,1,True,"pareto_k_above_threshold_after_retries: k_max=0.703135, threshold=0.7",False,3,3,27,3,"[3, 21, 4]",163.52686672098935,"(27, 96)",,[],"{""feature_selection"": {""concat"": [""range""], ""even"": [""range""], ""odd"": [""mean""]}, ""n_chunks"": 16, ""parameter_selection"": {""mean"": {""likelihood"": ""lognormal""}, ""range"": {""likelihood"": ""beta""}}, ""rem_profile_params"": {""rem_stage"": 2, ""step_size_hours"": 2, ""window_size_hours"": 2}, ""tau_threshold"": 5.0}",run_output_8day_rem_w2_s2_stage2,rem_w2_s2_stage2
29,9b54c74ea1274a3e,ok,,concat: range; even: mean,mean=lognormal; range=beta,16,5.0,3,1,2,184.3190884351138,184.3190884351138,6.58282458696835,3.291412293484174,0.0135493261074628,3.291412293484174,0.0135493261074628,-368.52560162763626,1.01,916.0,744.0,0.942077925290802,0,7,0.6739674262576972,0.9850554964359952,7.10800348909223,0.564851198848874,7.0,7.0,7.0,0.9765312111520158,0.6102025842196821,0,False,,False,2,2,28,2,"[27, 23]",60.40782063198276,"(28, 176)",,[],"{""feature_selection"": {""concat"": [""range""], ""even"": [""mean""]}, ""n_chunks"": 16, ""parameter_selection"": {""mean"": {""likelihood"": ""lognormal""}, ""range"": {""likelihood"": ""beta""}}, ""rem_profile_params"": {""rem_stage"": 2, ""step_size_hours"": 1, ""window_size_hours"": 3}, ""tau_threshold"": 5.0}",run_output_8day_rem_w3_s1_stage2,rem_w3_s1_stage2
92,af58b9dce7ed28f6,pareto_filtered,"pareto_k_above_threshold_after_retries: k_max=0.773598, threshold=0.7",concat: mean; even: range; odd: range,mean=lognormal; range=lognormal,16,5.0,2,2,2,266.4766478450548,266.4766478450548,9.86950547574277,3.289835158580923,0.0124568117573432,3.289835158580923,0.0124568117573432,-526.956650463498,1.01,418.0,677.0,0.952272529731661,0,8,0.4819332183378241,0.9814283239874896,7.505063485742081,0.7939897368087566,7.0,8.0,8.0,0.9097069208514814,0.7735975284831129,1,True,"pareto_k_above_threshold_after_retries: k_max=0.773598, threshold=0.7",False,3,3,27,3,"[3, 0, 21]",47.68201612899429,"(27, 96)",,[],"{""feature_selection"": {""concat"": [""mean""], ""even"": [""range""], ""odd"": [""range""]}, ""n_chunks"": 16, ""parameter_selection"": {""mean"": {""likelihood"": ""lognormal""}, ""range"": {""likelihood"": ""lognormal""}}, ""rem_profile_params"": {""rem_stage"": 2, ""step_size_hours"": 2, ""window_size_hours"": 2}, ""tau_threshold"": 5.0}",run_output_8day_rem_w2_s2_stage2,rem_w2_s2_stage2
109,d615e1db7b25ed18,ok,,concat: range; even: mean; odd: range,mean=student_t; range=beta,16,5.0,3,1,2,285.9507235777416,285.9507235777416,9.860369778542816,3.286789926180938,0.0089019577044213,3.286789926180938,0.0089019577044213,-571.5412766025573,1.0,1021.0,956.0,0.9536959541573706,0,8,0.6942660711790254,0.9976896709395936,7.773261592273712,0.4534747961633758,8.0,8.0,8.0,0.9965613132977572,0.5853382826759136,0,False,,False,3,3,29,1,[15],99.35814913801732,"(29, 176)",,[],"{""feature_selection"": {""concat"": [""range""], ""even"": [""mean""], ""odd"": [""range""]}, ""n_chunks"": 16, ""parameter_selection"": {""mean"": {""likelihood"": ""student_t""}, ""range"": {""likelihood"": ""beta""}}, ""rem_profile_params"": {""rem_stage"": 2, ""step_size_hours"": 1, ""window_size_hours"": 3}, ""tau_threshold"": 5.0}",run_output_8day_rem_w3_s1_stage2,rem_w3_s1_stage2
65,8b74f12bd2355514,pareto_filtered,"pareto_k_above_threshold_after_retries: k_max=0.861051, threshold=0.7","concat: mean, range; even: range",mean=lognormal; range=beta,16,5.0,6,1,2,266.1830242711555,266.1830242711555,9.858630528561314,3.286210176187105,0.0124996658191332,3.286210176187105,0.0124996658191332,-533.0837792489808,1.01,702.0,431.0,0.9589833265849728,0,5,0.5568925286563549,0.1374433306359574,4.928392899436192,0.7948877099892815,5.0,5.0,5.0,0.0125984694591415,0.8610507687510683,1,True,"pareto_k_above_threshold_after_retries: k_max=0.861051, threshold=0.7",False,3,3,27,3,"[0, 28, 24]",132.65552956302415,"(27, 152)",,[],"{""feature_selection"": {""concat"": [""mean"", ""range""], ""even"": [""range""]}, ""n_chunks"": 16, ""parameter_selection"": {""mean"": {""likelihood"": ""lognormal""}, ""range"": {""likelihood"": ""beta""}}, ""rem_profile_params"": {""rem_stage"": 2, ""step_size_hours"": 1, ""window_size_hours"": 6}, ""tau_threshold"": 5.0}",run_output_8day_rem_w6_s1_stage2,rem_w6_s1_stage2
180,3bd28a2d0979b909,pareto_filtered,"pareto_k_above_threshold_after_retries: k_max=0.757391, threshold=0.7","concat: range; even: mean, range; odd: mean",mean=student_t; range=lognormal,16,5.0,2,1,2,354.88476929008004,354.88476929008004,13.143880344077038,3.285970086019259,0.01143085800059,3.285970086019259,0.01143085800059,-712.7331467305385,1.05,112.0,361.0,1.0108502402045807,0,8,0.3155216433121438,0.6401469727805515,6.129600245333087,2.236442591152448,3.0,8.0,8.0,0.589540007317145,0.7573912235587243,2,True,"pareto_k_above_threshold_after_retries: k_max=0.757391, threshold=0.7",False,4,4,27,3,"[3, 27, 25]",389.4090183629887,"(27, 184)",,[],"{""feature_selection"": {""concat"": [""range""], ""even"": [""mean"", ""range""], ""odd"": [""mean""]}, ""n_chunks"": 16, ""parameter_selection"": {""mean"": {""likelihood"": ""student_t""}, ""range"": {""likelihood"": ""lognormal""}}, ""rem_profile_params"": {""rem_stage"": 2, ""step_size_hours"": 1, ""window_size_hours"": 2}, ""tau_threshold"": 5.0}",run_output_8day_rem_w2_s1_stage2,rem_w2_s1_stage2
131,28a6e0788c2db184,ok,,"even: mean; odd: mean, range",mean=student_t; range=beta,16,5.0,2,2,2,265.57193337688915,265.57193337688915,9.835997532477377,3.278665844159125,0.0114922773846467,3.278665844159125,0.0114922773846467,-530.9194872071838,1.0,680.0,734.0,1.025153879166282,0,8,0.5608191563205207,0.9528986725477342,7.596932070661322,0.9582888574216984,8.0,8.0,8.0,0.9041078865370622,0.6011566657477212,0,False,,False,3,3,27,3,"[15, 7, 3]",231.81468928500544,"(27, 96)",,[],"{""feature_selection"": {""even"": [""mean""], ""odd"": [""mean"", ""range""]}, ""n_chunks"": 16, ""parameter_selection"": {""mean"": {""likelihood"": ""student_t""}, ""range"": {""likelihood"": ""beta""}}, ""rem_profile_params"": {""rem_stage"": 2, ""step_size_hours"": 2, ""window_size_hours"": 2}, ""tau_threshold"": 5.0}",run_output_8day_rem_w2_s2_stage2,rem_w2_s2_stage2
59,5efcc2c369ba25cb,ok,,"odd: mean, range",mean=student_t; range=beta,16,5.0,3,1,2,183.41379136185236,183.41379136185236,6.550492548637584,3.275246274318792,0.014980786889479,3.275246274318792,0.014980786889479,-367.65514546924703,1.01,539.0,394.0,1.0369210170395269,0,8,0.6224641912624203,0.9364672343241672,7.613244985826017,1.0613172824393975,8.0,8.0,8.0,0.9016642955812676,0.484573336608595,0,False,,False,2,2,28,2,"[15, 3]",81.42871133401059,"(28, 176)",,[],"{""feature_selection"": {""odd"": [""mean"", ""range""]}, ""n_chunks"": 16, ""parameter_selection"": {""mean"": {""likelihood"": ""student_t""}, ""range"": {""likelihood"": ""beta""}}, ""rem_profile_params"": {""rem_stage"": 2, ""step_size_hours"": 1, ""window_size_hours"": 3}, ""tau_threshold"": 5.0}",run_output_8day_rem_w3_s1_stage2,rem_w3_s1_stage2
73,abebaa0809312bae,pareto_filtered,"pareto_k_above_threshold_after_retries: k_max=0.797936, threshold=0.7","concat: mean, range; odd: range",mean=lognormal; range=beta,16,5.0,6,1,2,265.27218084078385,265.27218084078385,9.824895586695698,3.274965195565233,0.0122763193275792,3.274965195565233,0.0122763193275792,-521.0899572803004,1.02,247.0,235.0,0.9483693810663956,0,7,0.4097544480635032,0.7904644925997618,6.073939027995444,1.4759434593632357,6.0,7.0,7.0,0.6329444478989519,0.7979360616876513,2,True,"pareto_k_above_threshold_after_retries: k_max=0.797936, threshold=0.7",False,3,3,27,3,"[15, 29, 0]",113.17811904998962,"(27, 152)",,[],"{""feature_selection"": {""concat"": [""mean"", ""range""], ""odd"": [""range""]}, ""n_chunks"": 16, ""parameter_selection"": {""mean"": {""likelihood"": ""lognormal""}, ""range"": {""likelihood"": ""beta""}}, ""rem_profile_params"": {""rem_stage"": 2, ""step_size_hours"": 1, ""window_size_hours"": 6}, ""tau_threshold"": 5.0}",run_output_8day_rem_w6_s1_stage2,rem_w6_s1_stage2
92,2e12398c4c7fe952,pareto_filtered,"pareto_k_above_threshold_after_retries: k_max=0.792034, threshold=0.7",concat: mean; even: range; odd: range,mean=lognormal; range=lognormal,16,5.0,3,1,2,265.2074020095748,265.2074020095748,9.822496370724991,3.2741654569083303,0.01305988546316,3.2741654569083303,0.01305988546316,-521.9151223928494,1.17,16.0,59.0,0.8840608177754211,0,6,0.334544728216739,0.9051667027620384,6.654532182812302,1.260274921366819,6.0,6.0,8.0,0.4429492924677288,0.7920343851876219,1,True,"pareto_k_above_threshold_after_retries: k_max=0.792034, threshold=0.7",False,3,3,27,3,"[3, 0, 27]",71.13688585101045,"(27, 176)",,[],"{""feature_selection"": {""concat"": [""mean""], ""even"": [""range""], ""odd"": [""range""]}, ""n_chunks"": 16, ""parameter_selection"": {""mean"": {""likelihood"": ""lognormal""}, ""range"": {""likelihood"": ""lognormal""}}, ""rem_profile_params"": {""rem_stage"": 2, ""step_size_hours"": 1, ""window_size_hours"": 3}, ""tau_threshold"": 5.0}",run_output_8day_rem_w3_s1_stage2,rem_w3_s1_stage2
159,a683db068ce8563a,pareto_filtered,"pareto_k_above_threshold_after_retries: k_max=1.01221, threshold=0.7","concat: mean, range; odd: mean, range",mean=student_t; range=beta,16,5.0,6,1,2,353.47617304446334,353.47617304446334,13.091710112757902,3.2729275281894754,0.0126909217124158,3.2729275281894754,0.0126909217124158,-707.1896935497282,1.04,124.0,81.0,1.0042438726574126,0,3,0.4256585818791611,0.1972014214643601,3.878210831617994,1.5789426615714734,3.0,3.0,4.0,0.132129912805652,1.0122098698633066,2,True,"pareto_k_above_threshold_after_retries: k_max=1.01221, threshold=0.7",False,4,4,27,3,"[29, 15, 9]",380.7774531170144,"(27, 152)",,[],"{""feature_selection"": {""concat"": [""mean"", ""range""], ""odd"": [""mean"", ""range""]}, ""n_chunks"": 16, ""parameter_selection"": {""mean"": {""likelihood"": ""student_t""}, ""range"": {""likelihood"": ""beta""}}, ""rem_profile_params"": {""rem_stage"": 2, ""step_size_hours"": 1, ""window_size_hours"": 6}, ""tau_threshold"": 5.0}",run_output_8day_rem_w6_s1_stage2,rem_w6_s1_stage2
183,f5839c1e08b4e965,ok,,"concat: range; even: mean, range; odd: range",mean=student_t; range=beta,16,5.0,2,1,2,379.0413639551609,379.0413639551609,13.070391860522792,3.2675979651306983,0.0080790984220501,3.2675979651306983,0.0080790984220501,-758.7067371606302,1.01,526.0,745.0,0.8964545236485276,0,8,0.3159293493513168,0.936338166556141,7.057061719414899,1.1252366485543708,6.0,8.0,8.0,0.6571549960967951,0.5857221838496207,0,False,,False,4,4,29,1,[27],210.6745374480088,"(29, 184)",,[],"{""feature_selection"": {""concat"": [""range""], ""even"": [""mean"", ""range""], ""odd"": [""range""]}, ""n_chunks"": 16, ""parameter_selection"": {""mean"": {""likelihood"": ""student_t""}, ""range"": {""likelihood"": ""beta""}}, ""rem_profile_params"": {""rem_stage"": 2, ""step_size_hours"": 1, ""window_size_hours"": 2}, ""tau_threshold"": 5.0}",run_output_8day_rem_w2_s1_stage2,rem_w2_s1_stage2
179,3b23cadeed7e5316,ok,,"concat: range; even: mean, range; odd: mean",mean=student_t; range=beta,16,5.0,2,2,2,378.7582327353916,378.7582327353916,13.060628715013502,3.265157178753376,0.0093583433963405,3.265157178753376,0.0093583433963405,-756.7781046910258,1.01,1585.0,1101.0,1.01910869030338,0,7,0.9749340619273004,0.9999999997804117,7.007625845569592,0.087077099710074,7.0,7.0,7.0,0.9999926358167144,0.6870776132481787,0,False,,False,4,4,29,1,[4],192.8824532800063,"(29, 96)",,[],"{""feature_selection"": {""concat"": [""range""], ""even"": [""mean"", ""range""], ""odd"": [""mean""]}, ""n_chunks"": 16, ""parameter_selection"": {""mean"": {""likelihood"": ""student_t""}, ""range"": {""likelihood"": ""beta""}}, ""rem_profile_params"": {""rem_stage"": 2, ""step_size_hours"": 2, ""window_size_hours"": 2}, ""tau_threshold"": 5.0}",run_output_8day_rem_w2_s2_stage2,rem_w2_s2_stage2
21,c7cae144042124a8,pareto_filtered,"pareto_k_above_threshold_after_retries: k_max=0.708248, threshold=0.7","concat: mean; even: mean, range; odd: mean, range",mean=lognormal; range=lognormal,16,5.0,2,2,2,440.6693758574966,440.6693758574966,16.321087994722095,3.2642175989444198,0.0141638031198635,3.2642175989444198,0.0141638031198635,-877.9678225843543,1.01,2480.0,1374.0,1.0246444521307414,0,8,0.9844844849342096,0.9984787548088416,7.992113955021821,0.1422968598124178,8.0,8.0,8.0,0.9973404300942008,0.7082476637068118,1,True,"pareto_k_above_threshold_after_retries: k_max=0.708248, threshold=0.7",False,5,5,27,3,"[3, 21, 12]",189.1268818389799,"(27, 96)",,[],"{""feature_selection"": {""concat"": [""mean""], ""even"": [""mean"", ""range""], ""odd"": [""mean"", ""range""]}, ""n_chunks"": 16, ""parameter_selection"": {""mean"": {""likelihood"": ""lognormal""}, ""range"": {""likelihood"": ""lognormal""}}, ""rem_profile_params"": {""rem_stage"": 2, ""step_size_hours"": 2, ""window_size_hours"": 2}, ""tau_threshold"": 5.0}",run_output_8day_rem_w2_s2_stage2,rem_w2_s2_stage2
168,818c0a4368046e9f,ok,,"concat: mean; even: mean, range; odd: range",mean=student_t; range=lognormal,16,5.0,3,1,2,391.0266758927437,391.0266758927437,13.034222529758122,3.25855563243953,0.0091614270529336,3.25855563243953,0.0091614270529336,-781.223118420987,1.01,1898.0,1017.0,1.103982630670014,0,8,0.921281250788212,0.9971636737701964,7.962216148648788,0.2826776459138186,8.0,8.0,8.0,0.993796729298492,0.680185869472426,0,False,,False,4,4,30,0,[],75.62040423799772,"(30, 176)",,[],"{""feature_selection"": {""concat"": [""mean""], ""even"": [""mean"", ""range""], ""odd"": [""range""]}, ""n_chunks"": 16, ""parameter_selection"": {""mean"": {""likelihood"": ""student_t""}, ""range"": {""likelihood"": ""lognormal""}}, ""rem_profile_params"": {""rem_stage"": 2, ""step_size_hours"": 1, ""window_size_hours"": 3}, ""tau_threshold"": 5.0}",run_output_8day_rem_w3_s1_stage2,rem_w3_s1_stage2
68,aa6c73ae4eba1fb7,ok,,"concat: mean, range; even: range",mean=student_t; range=lognormal,16,5.0,6,1,2,263.63774416914475,263.63774416914475,9.764360895153509,3.2547869650511703,0.0127024108066619,3.2547869650511703,0.0127024108066619,-525.9247954774955,1.01,198.0,99.0,1.0326164659877952,0,8,0.4469176421967012,0.8707632372879739,7.161720603046855,1.6098351662041734,7.0,8.0,8.0,0.8202637721407962,0.6552181099625668,0,False,,False,3,3,27,3,"[3, 27, 2]",110.1741689890041,"(27, 152)",,[],"{""feature_selection"": {""concat"": [""mean"", ""range""], ""even"": [""range""]}, ""n_chunks"": 16, ""parameter_selection"": {""mean"": {""likelihood"": ""student_t""}, ""range"": {""likelihood"": ""lognormal""}}, ""rem_profile_params"": {""rem_stage"": 2, ""step_size_hours"": 1, ""window_size_hours"": 6}, ""tau_threshold"": 5.0}",run_output_8day_rem_w6_s1_stage2,rem_w6_s1_stage2
17,81f47003c1b03ce4,pareto_filtered,"pareto_k_above_threshold_after_retries: k_max=0.711885, threshold=0.7","concat: mean, range; even: range; odd: mean, range",mean=lognormal; range=lognormal,16,5.0,2,2,2,439.1182780087137,439.1182780087137,16.263639926248654,3.2527279852497304,0.013609923714941,3.2527279852497304,0.013609923714941,-881.5351332878286,1.01,328.0,207.0,1.046407083216344,0,8,0.8309439475414997,0.9795975850653416,7.833295417736764,0.7601682540051249,8.0,8.0,8.0,0.9527375112900688,0.7118851221162361,1,True,"pareto_k_above_threshold_after_retries: k_max=0.711885, threshold=0.7",False,5,5,27,3,"[3, 21, 15]",167.54546348800068,"(27, 96)",,[],"{""feature_selection"": {""concat"": [""mean"", ""range""], ""even"": [""range""], ""odd"": [""mean"", ""range""]}, ""n_chunks"": 16, ""parameter_selection"": {""mean"": {""likelihood"": ""lognormal""}, ""range"": {""likelihood"": ""lognormal""}}, ""rem_profile_params"": {""rem_stage"": 2, ""step_size_hours"": 2, ""window_size_hours"": 2}, ""tau_threshold"": 5.0}",run_output_8day_rem_w2_s2_stage2,rem_w2_s2_stage2
35,ca7ca4a0aae0ff18,pareto_filtered,"pareto_k_above_threshold_after_retries: k_max=0.760675, threshold=0.7","concat: mean; even: mean, range; odd: mean, range",mean=student_t; range=beta,16,5.0,6,1,2,438.8920443616763,438.8920443616763,16.25526090228431,3.251052180456861,0.0100618698336776,3.251052180456861,0.0100618698336776,-878.7713385821022,1.01,612.0,462.0,1.008768892518755,0,8,0.8391154042698846,0.9849923156126994,7.880377139805513,0.607202011555806,8.0,8.0,8.0,0.975431796432406,0.7606751498255745,1,True,"pareto_k_above_threshold_after_retries: k_max=0.760675, threshold=0.7",False,5,5,27,3,"[29, 15, 3]",401.2592435989936,"(27, 152)",,[],"{""feature_selection"": {""concat"": [""mean""], ""even"": [""mean"", ""range""], ""odd"": [""mean"", ""range""]}, ""n_chunks"": 16, ""parameter_selection"": {""mean"": {""likelihood"": ""student_t""}, ""range"": {""likelihood"": ""beta""}}, ""rem_profile_params"": {""rem_stage"": 2, ""step_size_hours"": 1, ""window_size_hours"": 6}, ""tau_threshold"": 5.0}",run_output_8day_rem_w6_s1_stage2,rem_w6_s1_stage2
188,f1184039cf825d3e,pareto_filtered,"pareto_k_above_threshold_after_retries: k_max=0.805103, threshold=0.7","concat: range; even: mean; odd: mean, range",mean=student_t; range=lognormal,16,5.0,2,2,2,350.46330922102595,350.46330922102595,12.980122563741702,3.245030640935425,0.0103772328338851,3.245030640935425,0.0103772328338851,-701.789785365464,1.01,299.0,278.0,1.082302698026869,0,8,0.6056100434175176,0.9669432975082566,7.560054183925865,1.017890435551908,8.0,8.0,8.0,0.8408934684200352,0.8051025768479755,2,True,"pareto_k_above_threshold_after_retries: k_max=0.805103, threshold=0.7",False,4,4,27,3,"[3, 21, 15]",333.0257435879903,"(27, 96)",,[],"{""feature_selection"": {""concat"": [""range""], ""even"": [""mean""], ""odd"": [""mean"", ""range""]}, ""n_chunks"": 16, ""parameter_selection"": {""mean"": {""likelihood"": ""student_t""}, ""range"": {""likelihood"": ""lognormal""}}, ""rem_profile_params"": {""rem_stage"": 2, ""step_size_hours"": 2, ""window_size_hours"": 2}, ""tau_threshold"": 5.0}",run_output_8day_rem_w2_s2_stage2,rem_w2_s2_stage2
60,be10750f51ecee1b,ok,,"odd: mean, range",mean=student_t; range=lognormal,16,5.0,2,2,2,175.13790423288555,175.13790423288555,6.486589045662428,3.243294522831214,0.011948321392707,3.243294522831214,0.011948321392707,-350.27741652788217,1.01,515.0,555.0,1.0693384889876003,0,8,0.3979205873816251,0.8593974948294925,7.106224062808182,1.5593812125437183,6.0,8.0,8.0,0.7416340588307714,0.4923420729979338,0,False,,False,2,2,27,3,"[3, 21, 13]",79.29402056400431,"(27, 96)",,[],"{""feature_selection"": {""odd"": [""mean"", ""range""]}, ""n_chunks"": 16, ""parameter_selection"": {""mean"": {""likelihood"": ""student_t""}, ""range"": {""likelihood"": ""lognormal""}}, ""rem_profile_params"": {""rem_stage"": 2, ""step_size_hours"": 2, ""window_size_hours"": 2}, ""tau_threshold"": 5.0}",run_output_8day_rem_w2_s2_stage2,rem_w2_s2_stage2
156,085d63e08f4b29e1,ok,,"concat: mean, range; even: range; odd: range",mean=student_t; range=lognormal,16,5.0,2,1,2,388.6897193385334,388.6897193385334,12.956323977951111,3.2390809944877788,0.0094503217843961,3.2390809944877788,0.0094503217843961,-776.4913382785501,1.02,283.0,351.0,0.8814654644381184,0,7,0.3322171011107141,0.907033963786489,6.836663187472272,1.2027032896451266,7.0,7.0,7.0,0.8146717618234633,0.6785888801576097,0,False,,False,4,4,30,0,[],62.26854398899013,"(30, 184)",,[],"{""feature_selection"": {""concat"": [""mean"", ""range""], ""even"": [""range""], ""odd"": [""range""]}, ""n_chunks"": 16, ""parameter_selection"": {""mean"": {""likelihood"": ""student_t""}, ""range"": {""likelihood"": ""lognormal""}}, ""rem_profile_params"": {""rem_stage"": 2, ""step_size_hours"": 1, ""window_size_hours"": 2}, ""tau_threshold"": 5.0}",run_output_8day_rem_w2_s1_stage2,rem_w2_s1_stage2
39,b80e41b2bc209c31,ok,,concat: range; odd: range,range=beta,16,5.0,3,1,2,187.80960955004397,187.80960955004397,6.476193432760136,3.238096716380068,0.0110203745392527,3.238096716380068,0.0110203745392527,-375.1427713774764,1.01,628.0,452.0,0.967888268665046,0,8,0.54798815901559,0.9767758060265376,7.54054593052658,0.7363052292876742,7.0,8.0,8.0,0.9706782031336808,0.52772226479667,0,False,,False,2,2,29,1,[15],39.89104988201871,"(29, 176)",,[],"{""feature_selection"": {""concat"": [""range""], ""odd"": [""range""]}, ""n_chunks"": 16, ""parameter_selection"": {""range"": {""likelihood"": ""beta""}}, ""rem_profile_params"": {""rem_stage"": 2, ""step_size_hours"": 1, ""window_size_hours"": 3}, ""tau_threshold"": 5.0}",run_output_8day_rem_w3_s1_stage2,rem_w3_s1_stage2
168,fe0da6f212e13b44,ok,,"concat: mean; even: mean, range; odd: range",mean=student_t; range=lognormal,16,5.0,6,1,2,375.5296690290229,375.5296690290229,12.949298932035273,3.237324733008818,0.0102693827797127,3.237324733008818,0.0102693827797127,-750.6940191571507,1.01,1267.0,621.0,1.0360295615681778,0,8,0.7632013987044544,0.9991642672410048,7.859530370577657,0.4040012734552647,8.0,8.0,8.0,0.9812812866508918,0.6310590463268443,0,False,,False,4,4,29,1,[27],149.58793763598078,"(29, 152)",,[],"{""feature_selection"": {""concat"": [""mean""], ""even"": [""mean"", ""range""], ""odd"": [""range""]}, ""n_chunks"": 16, ""parameter_selection"": {""mean"": {""likelihood"": ""student_t""}, ""range"": {""likelihood"": ""lognormal""}}, ""rem_profile_params"": {""rem_stage"": 2, ""step_size_hours"": 1, ""window_size_hours"": 6}, ""tau_threshold"": 5.0}",run_output_8day_rem_w6_s1_stage2,rem_w6_s1_stage2
1,764e48ff65610172,ok,,"even: mean, range; odd: mean, range",mean=student_t; range=beta,16,5.0,2,1,2,374.8390285575578,374.8390285575578,12.925483743364062,3.231370935841015,0.0105679136453944,3.231370935841015,0.0105679136453944,-749.6160343819976,1.01,570.0,691.0,0.9775142715175108,0,8,0.3415232096703483,0.9076538264057348,7.175207413349227,1.2623542288245633,6.0,8.0,8.0,0.7369795044631627,0.6412724777444762,0,False,,False,4,4,29,1,[27],89.47968006401788,"(29, 184)",,[],"{""feature_selection"": {""even"": [""mean"", ""range""], ""odd"": [""mean"", ""range""]}, ""n_chunks"": 16, ""parameter_selection"": {""mean"": {""likelihood"": ""student_t""}, ""range"": {""likelihood"": ""beta""}}, ""rem_profile_params"": {""rem_stage"": 2, ""step_size_hours"": 1, ""window_size_hours"": 2}, ""tau_threshold"": 5.0}",run_output_8day_rem_w2_s1_stage2,rem_w2_s1_stage2
142,6ea519143a647072,pareto_filtered,"pareto_k_above_threshold_after_retries: k_max=1.00419, threshold=0.7","concat: mean, range; even: mean; odd: mean",mean=lognormal; range=lognormal,16,5.0,6,1,2,347.841384666635,347.841384666635,12.883014246912408,3.2207535617281025,0.0120028048140047,3.2207535617281025,0.0120028048140047,-695.9858791513542,1.02,141.0,152.0,0.9228430683121344,0,5,0.2513314517441074,0.2204812652953824,5.167466464945483,1.4918189219222668,4.0,5.0,5.0,0.2003493474426637,1.0041935850621784,2,True,"pareto_k_above_threshold_after_retries: k_max=1.00419, threshold=0.7",False,4,4,27,3,"[3, 0, 24]",72.97824480300187,"(27, 152)",,[],"{""feature_selection"": {""concat"": [""mean"", ""range""], ""even"": [""mean""], ""odd"": [""mean""]}, ""n_chunks"": 16, ""parameter_selection"": {""mean"": {""likelihood"": ""lognormal""}, ""range"": {""likelihood"": ""lognormal""}}, ""rem_profile_params"": {""rem_stage"": 2, ""step_size_hours"": 1, ""window_size_hours"": 6}, ""tau_threshold"": 5.0}",run_output_8day_rem_w6_s1_stage2,rem_w6_s1_stage2
166,2288a5cd8c34f111,pareto_filtered,"pareto_k_above_threshold_after_retries: k_max=1.05588, threshold=0.7","concat: mean; even: mean, range; odd: range",mean=lognormal; range=lognormal,16,5.0,2,2,2,347.5252749174192,347.5252749174192,12.871306478422934,3.217826619605733,0.0126601351088317,3.217826619605733,0.0126601351088317,-692.5324803757442,1.01,506.0,297.0,0.8791536686284915,0,7,0.6676666418195137,0.9995577634078944,7.092403616342396,0.4292350666361538,7.0,7.0,7.0,0.9519281578573195,1.055879858977788,3,True,"pareto_k_above_threshold_after_retries: k_max=1.05588, threshold=0.7",False,4,4,27,3,"[3, 25, 23]",212.6888617610093,"(27, 96)",,[],"{""feature_selection"": {""concat"": [""mean""], ""even"": [""mean"", ""range""], ""odd"": [""range""]}, ""n_chunks"": 16, ""parameter_selection"": {""mean"": {""likelihood"": ""lognormal""}, ""range"": {""likelihood"": ""lognormal""}}, ""rem_profile_params"": {""rem_stage"": 2, ""step_size_hours"": 2, ""window_size_hours"": 2}, ""tau_threshold"": 5.0}",run_output_8day_rem_w2_s2_stage2,rem_w2_s2_stage2
16,88e483697d47c491,pareto_filtered,"pareto_k_above_threshold_after_retries: k_max=1.09797, threshold=0.7","concat: mean; even: mean, range; odd: mean, range",mean=lognormal; range=lognormal,16,5.0,3,1,2,433.9025722168228,433.9025722168228,16.070465637660103,3.21409312753202,0.0154515995316704,3.21409312753202,0.0154515995316704,-870.6191161589547,1.01,2083.0,1073.0,1.0057040355100408,0,8,0.9999968017335128,0.9999997042176588,7.999998487007123,0.0026998141220559,8.0,8.0,8.0,0.9999997019538056,1.0979669340843152,4,True,"pareto_k_above_threshold_after_retries: k_max=1.09797, threshold=0.7",False,5,5,27,3,"[3, 27, 21]",175.4232611680054,"(27, 176)",,[],"{""feature_selection"": {""concat"": [""mean""], ""even"": [""mean"", ""range""], ""odd"": [""mean"", ""range""]}, ""n_chunks"": 16, ""parameter_selection"": {""mean"": {""likelihood"": ""lognormal""}, ""range"": {""likelihood"": ""lognormal""}}, ""rem_profile_params"": {""rem_stage"": 2, ""step_size_hours"": 1, ""window_size_hours"": 3}, ""tau_threshold"": 5.0}",run_output_8day_rem_w3_s1_stage2,rem_w3_s1_stage2
135,c1b33b4588ed2f6c,ok,,"even: range; odd: mean, range",mean=student_t; range=beta,16,5.0,2,1,2,260.2412021793927,260.2412021793927,9.638563043681213,3.2128543478937366,0.0096215591759319,3.2128543478937366,0.0096215591759319,-521.5894790299918,1.01,485.0,595.0,0.8564161024748682,0,6,0.2019675784080495,0.839051342065912,6.4032130158893885,1.3057381031503787,6.0,6.0,8.0,0.4037025648588975,0.6392637009940937,0,False,,False,3,3,27,3,"[3, 27, 21]",308.25996366899926,"(27, 184)",,[],"{""feature_selection"": {""even"": [""range""], ""odd"": [""mean"", ""range""]}, ""n_chunks"": 16, ""parameter_selection"": {""mean"": {""likelihood"": ""student_t""}, ""range"": {""likelihood"": ""beta""}}, ""rem_profile_params"": {""rem_stage"": 2, ""step_size_hours"": 1, ""window_size_hours"": 2}, ""tau_threshold"": 5.0}",run_output_8day_rem_w2_s1_stage2,rem_w2_s1_stage2
78,0bb479fb51e50a67,ok,,"concat: mean; even: mean, range",mean=lognormal; range=lognormal,16,5.0,6,1,2,269.4715683843329,269.4715683843329,9.623984585154748,3.20799486171825,0.0175676148394085,3.20799486171825,0.0175676148394085,-535.3035151638603,1.01,572.0,399.0,0.975091313347262,0,8,0.433546442079472,0.8732236610890857,7.302002712864529,1.3618361948650133,7.0,8.0,8.0,0.8460833420711104,0.5996135276673239,0,False,,False,3,3,28,2,"[0, 24]",68.81880075499066,"(28, 152)",,[],"{""feature_selection"": {""concat"": [""mean""], ""even"": [""mean"", ""range""]}, ""n_chunks"": 16, ""parameter_selection"": {""mean"": {""likelihood"": ""lognormal""}, ""range"": {""likelihood"": ""lognormal""}}, ""rem_profile_params"": {""rem_stage"": 2, ""step_size_hours"": 1, ""window_size_hours"": 6}, ""tau_threshold"": 5.0}",run_output_8day_rem_w6_s1_stage2,rem_w6_s1_stage2
29,d6098219858e47d7,pareto_filtered,"pareto_k_above_threshold_after_retries: k_max=0.878938, threshold=0.7","concat: mean, range; even: mean, range; odd: mean, range",mean=lognormal; range=lognormal,16,5.0,2,2,2,519.6727820342091,519.6727820342091,19.24714007534108,3.207856679223514,0.0127877894390236,3.207856679223514,0.0127877894390236,-1043.1802926985242,1.01,1075.0,813.0,0.9663988920668424,0,8,0.9173311855865608,0.9993105454276352,7.959419300081093,0.260449577850713,8.0,8.0,8.0,0.9879444263626548,0.8789377902692603,4,True,"pareto_k_above_threshold_after_retries: k_max=0.878938, threshold=0.7",False,6,6,27,3,"[3, 21, 15]",256.47948972400627,"(27, 96)",,[],"{""feature_selection"": {""concat"": [""mean"", ""range""], ""even"": [""mean"", ""range""], ""odd"": [""mean"", ""range""]}, ""n_chunks"": 16, ""parameter_selection"": {""mean"": {""likelihood"": ""lognormal""}, ""range"": {""likelihood"": ""lognormal""}}, ""rem_profile_params"": {""rem_stage"": 2, ""step_size_hours"": 2, ""window_size_hours"": 2}, ""tau_threshold"": 5.0}",run_output_8day_rem_w2_s2_stage2,rem_w2_s2_stage2
84,a61ffd8bfc125376,pareto_filtered,"pareto_k_above_threshold_after_retries: k_max=0.739813, threshold=0.7",concat: mean; even: mean; odd: range,mean=lognormal; range=lognormal,16,5.0,6,1,2,259.79507059849175,259.79507059849175,9.62203965179599,3.207346550598664,0.0137638905131907,3.207346550598664,0.0137638905131907,-517.7927143353804,1.01,119.0,194.0,0.9828958868115986,0,8,0.5472176395845414,0.9801643943556207,7.602795952147087,0.7931443949264532,7.0,8.0,8.0,0.8897091097997489,0.7398126370723028,1,True,"pareto_k_above_threshold_after_retries: k_max=0.739813, threshold=0.7",False,3,3,27,3,"[3, 0, 27]",101.52489310700912,"(27, 152)",,[],"{""feature_selection"": {""concat"": [""mean""], ""even"": [""mean""], ""odd"": [""range""]}, ""n_chunks"": 16, ""parameter_selection"": {""mean"": {""likelihood"": ""lognormal""}, ""range"": {""likelihood"": ""lognormal""}}, ""rem_profile_params"": {""rem_stage"": 2, ""step_size_hours"": 1, ""window_size_hours"": 6}, ""tau_threshold"": 5.0}",run_output_8day_rem_w6_s1_stage2,rem_w6_s1_stage2
152,ad8dec50c26731ac,ok,,"concat: mean, range; even: range; odd: mean",mean=student_t; range=lognormal,16,5.0,6,1,2,371.6309637345643,371.6309637345643,12.814860818433251,3.2037152046083137,0.0103263352400063,3.2037152046083137,0.0103263352400063,-741.4065998895093,1.01,559.0,620.0,1.0169747542010383,0,8,0.4828137732867575,0.9587908845896908,7.50688370603029,0.9191237977413884,7.0,8.0,8.0,0.8681801256067071,0.6838088833873909,0,False,,False,4,4,29,1,[3],133.8590081000002,"(29, 152)",,[],"{""feature_selection"": {""concat"": [""mean"", ""range""], ""even"": [""range""], ""odd"": [""mean""]}, ""n_chunks"": 16, ""parameter_selection"": {""mean"": {""likelihood"": ""student_t""}, ""range"": {""likelihood"": ""lognormal""}}, ""rem_profile_params"": {""rem_stage"": 2, ""step_size_hours"": 1, ""window_size_hours"": 6}, ""tau_threshold"": 5.0}",run_output_8day_rem_w6_s1_stage2,rem_w6_s1_stage2
76,c78c95868bf5b336,ok,,"concat: mean, range; odd: range",mean=student_t; range=lognormal,16,5.0,6,1,2,267.8507065350457,267.8507065350457,9.566096661965917,3.188698887321973,0.0103198295977604,3.188698887321973,0.0103198295977604,-534.9790662316988,1.01,452.0,290.0,1.0164466155036411,0,8,0.6447557868988832,0.9421839880160156,7.600615460996919,1.1491844826633268,8.0,8.0,8.0,0.912930958261595,0.6757387339499538,0,False,,False,3,3,28,2,"[15, 3]",77.07128270398243,"(28, 152)",,[],"{""feature_selection"": {""concat"": [""mean"", ""range""], ""odd"": [""range""]}, ""n_chunks"": 16, ""parameter_selection"": {""mean"": {""likelihood"": ""student_t""}, ""range"": {""likelihood"": ""lognormal""}}, ""rem_profile_params"": {""rem_stage"": 2, ""step_size_hours"": 1, ""window_size_hours"": 6}, ""tau_threshold"": 5.0}",run_output_8day_rem_w6_s1_stage2,rem_w6_s1_stage2
94,b611bb2355753107,ok,,concat: mean; even: range; odd: range,mean=student_t; range=lognormal,16,5.0,2,2,2,277.2118016750104,277.2118016750104,9.559027643965877,3.1863425479886263,0.0120744701090763,3.1863425479886263,0.0120744701090763,-554.4375022553837,1.01,958.0,864.0,1.0172457207717196,0,8,0.7377165932811143,0.9736750931985824,7.790430844974621,0.7550618978032333,8.0,8.0,8.0,0.9521017955568072,0.5179778127882124,0,False,,False,3,3,29,1,[23],64.58533105198876,"(29, 96)",,[],"{""feature_selection"": {""concat"": [""mean""], ""even"": [""range""], ""odd"": [""range""]}, ""n_chunks"": 16, ""parameter_selection"": {""mean"": {""likelihood"": ""student_t""}, ""range"": {""likelihood"": ""lognormal""}}, ""rem_profile_params"": {""rem_stage"": 2, ""step_size_hours"": 2, ""window_size_hours"": 2}, ""tau_threshold"": 5.0}",run_output_8day_rem_w2_s2_stage2,rem_w2_s2_stage2
110,602b8cc9391dfb18,ok,,concat: range; even: mean; odd: range,mean=student_t; range=lognormal,16,5.0,2,1,2,286.7584054549583,286.7584054549583,9.558613515165275,3.1862045050550925,0.0085337068058003,3.1862045050550925,0.0085337068058003,-572.9390455646031,1.01,428.0,437.0,0.9576578189177116,0,7,0.2162634989789928,0.8443578098226237,6.7562957320590495,1.4787362651818037,7.0,7.0,8.0,0.7522636026161735,0.6675587152259399,0,False,,False,3,3,30,0,[],36.70172486899537,"(30, 184)",,[],"{""feature_selection"": {""concat"": [""range""], ""even"": [""mean""], ""odd"": [""range""]}, ""n_chunks"": 16, ""parameter_selection"": {""mean"": {""likelihood"": ""student_t""}, ""range"": {""likelihood"": ""lognormal""}}, ""rem_profile_params"": {""rem_stage"": 2, ""step_size_hours"": 1, ""window_size_hours"": 2}, ""tau_threshold"": 5.0}",run_output_8day_rem_w2_s1_stage2,rem_w2_s1_stage2
193,b7d7d1986f282a16,ok,,"even: mean, range; odd: mean, range",mean=lognormal; range=beta,16,5.0,2,1,2,344.1061635848488,344.1061635848488,12.74467272536477,3.1861681813411926,0.0110293255293506,3.1861681813411926,0.0110293255293506,-689.4575058602171,1.02,299.0,162.0,0.9320846063010504,0,8,0.6677347863791148,0.9136851703250316,7.592020041926686,1.1130502051720832,8.0,8.0,8.0,0.875676945595892,0.6990868550005873,0,False,,False,4,4,27,3,"[3, 27, 21]",352.77946512101335,"(27, 184)",,[],"{""feature_selection"": {""even"": [""mean"", ""range""], ""odd"": [""mean"", ""range""]}, ""n_chunks"": 16, ""parameter_selection"": {""mean"": {""likelihood"": ""lognormal""}, ""range"": {""likelihood"": ""beta""}}, ""rem_profile_params"": {""rem_stage"": 2, ""step_size_hours"": 1, ""window_size_hours"": 2}, ""tau_threshold"": 5.0}",run_output_8day_rem_w2_s1_stage2,rem_w2_s1_stage2
118,ffc36cb9f7c31fd5,pareto_filtered,"pareto_k_above_threshold_after_retries: k_max=1.09996, threshold=0.7","concat: range; odd: mean, range",mean=lognormal; range=lognormal,16,5.0,3,1,2,257.7367015212398,257.7367015212398,9.54580376004592,3.1819345866819733,0.0152402922041342,3.1819345866819733,0.0152402922041342,-516.7304346456718,1.09,40.0,19.0,1.0246291502952534,0,4,0.5509672840571703,0.1480463309269881,4.644753017627812,1.375979361381633,4.0,4.0,4.0,0.139898579932561,1.099959229540428,1,True,"pareto_k_above_threshold_after_retries: k_max=1.09996, threshold=0.7",False,3,3,27,3,"[3, 0, 21]",104.38307919600628,"(27, 176)",,[],"{""feature_selection"": {""concat"": [""range""], ""odd"": [""mean"", ""range""]}, ""n_chunks"": 16, ""parameter_selection"": {""mean"": {""likelihood"": ""lognormal""}, ""range"": {""likelihood"": ""lognormal""}}, ""rem_profile_params"": {""rem_stage"": 2, ""step_size_hours"": 1, ""window_size_hours"": 3}, ""tau_threshold"": 5.0}",run_output_8day_rem_w3_s1_stage2,rem_w3_s1_stage2
99,4888733067e6d3ea,ok,,"concat: range; even: mean, range",mean=lognormal; range=beta,16,5.0,2,1,2,267.21954928152644,267.21954928152644,9.543555331483088,3.1811851104943627,0.0101755815086842,3.1811851104943627,0.0101755815086842,-534.6624672584998,1.01,1132.0,781.0,0.981986251350296,0,8,0.8242040183956609,0.991704796570178,7.860145691007704,0.5399173893813372,8.0,8.0,8.0,0.9415922438699288,0.6299412683428497,0,False,,False,3,3,28,2,"[27, 4]",119.92359059597948,"(28, 184)",,[],"{""feature_selection"": {""concat"": [""range""], ""even"": [""mean"", ""range""]}, ""n_chunks"": 16, ""parameter_selection"": {""mean"": {""likelihood"": ""lognormal""}, ""range"": {""likelihood"": ""beta""}}, ""rem_profile_params"": {""rem_stage"": 2, ""step_size_hours"": 1, ""window_size_hours"": 2}, ""tau_threshold"": 5.0}",run_output_8day_rem_w2_s1_stage2,rem_w2_s1_stage2
77,722fb3113843b462,pareto_filtered,"pareto_k_above_threshold_after_retries: k_max=0.767163, threshold=0.7","concat: mean; even: mean, range",mean=lognormal; range=beta,16,5.0,6,1,2,257.41220493278337,257.41220493278337,9.533785367880864,3.1779284559602883,0.0167125742744645,3.1779284559602883,0.0167125742744645,-517.0642309163295,1.01,191.0,160.0,0.9856105100368416,0,8,0.6345268094253367,0.9572127574271784,7.674595667681921,0.9213868701974104,8.0,8.0,8.0,0.9323838017654646,0.7671629907738731,1,True,"pareto_k_above_threshold_after_retries: k_max=0.767163, threshold=0.7",False,3,3,27,3,"[27, 0, 3]",124.27594323799713,"(27, 152)",,[],"{""feature_selection"": {""concat"": [""mean""], ""even"": [""mean"", ""range""]}, ""n_chunks"": 16, ""parameter_selection"": {""mean"": {""likelihood"": ""lognormal""}, ""range"": {""likelihood"": ""beta""}}, ""rem_profile_params"": {""rem_stage"": 2, ""step_size_hours"": 1, ""window_size_hours"": 6}, ""tau_threshold"": 5.0}",run_output_8day_rem_w6_s1_stage2,rem_w6_s1_stage2
157,340952005ff27b55,pareto_filtered,"pareto_k_above_threshold_after_retries: k_max=1.28021, threshold=0.7","concat: mean, range; odd: mean, range",mean=lognormal; range=beta,16,5.0,6,1,2,342.53029235574445,342.53029235574445,12.68630712428683,3.171576781071708,0.0144517840160658,3.171576781071708,0.0144517840160658,-682.5475220302243,1.01,1257.0,981.0,0.9575892811435396,0,4,0.7923221599329364,2.704306204763891e-06,3.877463122965751,0.3279531598844072,4.0,4.0,4.0,3.275334439485084e-08,1.2802069905973683,2,True,"pareto_k_above_threshold_after_retries: k_max=1.28021, threshold=0.7",False,4,4,27,3,"[3, 0, 29]",262.3581663039804,"(27, 152)",,[],"{""feature_selection"": {""concat"": [""mean"", ""range""], ""odd"": [""mean"", ""range""]}, ""n_chunks"": 16, ""parameter_selection"": {""mean"": {""likelihood"": ""lognormal""}, ""range"": {""likelihood"": ""beta""}}, ""rem_profile_params"": {""rem_stage"": 2, ""step_size_hours"": 1, ""window_size_hours"": 6}, ""tau_threshold"": 5.0}",run_output_8day_rem_w6_s1_stage2,rem_w6_s1_stage2
177,48aa1819dc46322e,pareto_filtered,"pareto_k_above_threshold_after_retries: k_max=0.760284, threshold=0.7","concat: range; even: mean, range; odd: mean",mean=lognormal; range=beta,16,5.0,2,2,2,341.39649413679047,341.39649413679047,12.644314597658909,3.161078649414726,0.009699061572322,3.161078649414726,0.009699061572322,-683.2066469327282,1.01,1321.0,867.0,0.9015458273574468,0,7,0.8975007470853362,0.9999999989364882,7.045017996343725,0.2073667321629765,7.0,7.0,7.0,0.999995209497665,0.7602837521839174,1,True,"pareto_k_above_threshold_after_retries: k_max=0.760284, threshold=0.7",False,4,4,27,3,"[4, 3, 21]",302.6031735019933,"(27, 96)",,[],"{""feature_selection"": {""concat"": [""range""], ""even"": [""mean"", ""range""], ""odd"": [""mean""]}, ""n_chunks"": 16, ""parameter_selection"": {""mean"": {""likelihood"": ""lognormal""}, ""range"": {""likelihood"": ""beta""}}, ""rem_profile_params"": {""rem_stage"": 2, ""step_size_hours"": 2, ""window_size_hours"": 2}, ""tau_threshold"": 5.0}",run_output_8day_rem_w2_s2_stage2,rem_w2_s2_stage2
139,62041b2cc168c97c,ok,,"concat: mean, range; even: mean, range",mean=student_t; range=beta,16,5.0,6,1,2,353.9590058763256,353.9590058763256,12.641393067011627,3.1603482667529077,0.0094890523226863,3.1603482667529077,0.0094890523226863,-707.7229741124228,1.01,269.0,419.0,0.9378332685825488,0,5,0.4674081249779579,0.1001762442983574,4.596785299804534,1.0626267026207477,3.0,5.0,5.0,0.0242464388675751,0.6605142348417127,0,False,,False,4,4,28,2,"[27, 28]",253.8432743609883,"(28, 152)",,[],"{""feature_selection"": {""concat"": [""mean"", ""range""], ""even"": [""mean"", ""range""]}, ""n_chunks"": 16, ""parameter_selection"": {""mean"": {""likelihood"": ""student_t""}, ""range"": {""likelihood"": ""beta""}}, ""rem_profile_params"": {""rem_stage"": 2, ""step_size_hours"": 1, ""window_size_hours"": 6}, ""tau_threshold"": 5.0}",run_output_8day_rem_w6_s1_stage2,rem_w6_s1_stage2
120,ecf63f011c8f66b1,pareto_filtered,"pareto_k_above_threshold_after_retries: k_max=0.899299, threshold=0.7","concat: range; odd: mean, range",mean=student_t; range=lognormal,16,5.0,3,1,2,255.87609399007587,255.87609399007587,9.47689237000281,3.15896412333427,0.0161948237519416,3.15896412333427,0.0161948237519416,-512.0086029914728,1.05,74.0,57.0,1.1252888257045814,0,8,0.5924835561491513,0.8303122750150743,7.30667150302287,1.4591742666290202,8.0,8.0,8.0,0.8117426186059488,0.8992994354477754,1,True,"pareto_k_above_threshold_after_retries: k_max=0.899299, threshold=0.7",False,3,3,27,3,"[3, 0, 15]",172.5049405680038,"(27, 176)",,[],"{""feature_selection"": {""concat"": [""range""], ""odd"": [""mean"", ""range""]}, ""n_chunks"": 16, ""parameter_selection"": {""mean"": {""likelihood"": ""student_t""}, ""range"": {""likelihood"": ""lognormal""}}, ""rem_profile_params"": {""rem_stage"": 2, ""step_size_hours"": 1, ""window_size_hours"": 3}, ""tau_threshold"": 5.0}",run_output_8day_rem_w3_s1_stage2,rem_w3_s1_stage2
94,d31f4b3d9a5a4ce5,ok,,concat: mean; even: range; odd: range,mean=student_t; range=lognormal,16,5.0,3,1,2,284.0944752622588,284.0944752622588,9.469815842075294,3.1566052806917644,0.0105041087611656,3.1566052806917644,0.0105041087611656,-567.0150737148308,1.01,1529.0,819.0,1.016554286514565,0,8,0.8666998198849963,0.9898778787396678,7.918049863141754,0.4521757430048628,8.0,8.0,8.0,0.9824841502429124,0.6071176380328299,0,False,,False,3,3,30,0,[],30.33450968397665,"(30, 176)",,[],"{""feature_selection"": {""concat"": [""mean""], ""even"": [""range""], ""odd"": [""range""]}, ""n_chunks"": 16, ""parameter_selection"": {""mean"": {""likelihood"": ""student_t""}, ""range"": {""likelihood"": ""lognormal""}}, ""rem_profile_params"": {""rem_stage"": 2, ""step_size_hours"": 1, ""window_size_hours"": 3}, ""tau_threshold"": 5.0}",run_output_8day_rem_w3_s1_stage2,rem_w3_s1_stage2
4,0591b5360ae075a7,ok,,concat: range,range=lognormal,16,5.0,2,1,2,94.60568780188318,94.60568780188318,3.153522926729439,3.15352292672944,0.0129128727253567,3.15352292672944,0.0129128727253567,-189.3078588245654,1.01,616.0,728.0,0.99285271164625,0,7,0.1069258745102812,0.691491038666929,5.895783284398984,1.611842600071321,5.0,6.0,7.0,0.4844710879250224,0.3807185061100541,0,False,,False,1,1,30,0,[],4.512301356007811,"(30, 184)",,[],"{""feature_selection"": {""concat"": [""range""]}, ""n_chunks"": 16, ""parameter_selection"": {""range"": {""likelihood"": ""lognormal""}}, ""rem_profile_params"": {""rem_stage"": 2, ""step_size_hours"": 1, ""window_size_hours"": 2}, ""tau_threshold"": 5.0}",run_output_8day_rem_w2_s1_stage2,rem_w2_s1_stage2
167,7c186aa005141bc0,ok,,"concat: mean; even: mean, range; odd: range",mean=student_t; range=beta,16,5.0,6,1,2,340.52249960307086,340.52249960307086,12.611944429743366,3.1529861074358414,0.0118860495854071,3.1529861074358414,0.0118860495854071,-680.854252100137,1.01,435.0,239.0,0.9976810557906768,0,8,0.6607843724663756,0.948653804752279,7.664906793176898,0.9810331574471406,8.0,8.0,8.0,0.9428208201488334,0.6923711900257181,0,False,,False,4,4,27,3,"[29, 15, 5]",421.01143501201295,"(27, 152)",,[],"{""feature_selection"": {""concat"": [""mean""], ""even"": [""mean"", ""range""], ""odd"": [""range""]}, ""n_chunks"": 16, ""parameter_selection"": {""mean"": {""likelihood"": ""student_t""}, ""range"": {""likelihood"": ""beta""}}, ""rem_profile_params"": {""rem_stage"": 2, ""step_size_hours"": 1, ""window_size_hours"": 6}, ""tau_threshold"": 5.0}",run_output_8day_rem_w6_s1_stage2,rem_w6_s1_stage2
58,7b29060f1ee1e130,pareto_filtered,"pareto_k_above_threshold_after_retries: k_max=0.747262, threshold=0.7","odd: mean, range",mean=lognormal; range=lognormal,16,5.0,3,1,2,170.2542414030371,170.2542414030371,6.305712644556929,3.1528563222784647,0.0147079203190355,3.1528563222784647,0.0147079203190355,-339.8086838897058,1.29,11.0,51.0,0.9374408296156796,0,4,0.521708295735102,0.4417574219245869,5.766808285419087,1.984211951157252,4.0,4.0,8.0,0.4393729400895284,0.747262422819529,1,True,"pareto_k_above_threshold_after_retries: k_max=0.747262, threshold=0.7",False,2,2,27,3,"[3, 0, 21]",60.05681345498306,"(27, 176)",,[],"{""feature_selection"": {""odd"": [""mean"", ""range""]}, ""n_chunks"": 16, ""parameter_selection"": {""mean"": {""likelihood"": ""lognormal""}, ""range"": {""likelihood"": ""lognormal""}}, ""rem_profile_params"": {""rem_stage"": 2, ""step_size_hours"": 1, ""window_size_hours"": 3}, ""tau_threshold"": 5.0}",run_output_8day_rem_w3_s1_stage2,rem_w3_s1_stage2
158,cc46e0b0affe38da,pareto_filtered,"pareto_k_above_threshold_after_retries: k_max=0.957092, threshold=0.7","concat: mean, range; odd: mean, range",mean=lognormal; range=lognormal,16,5.0,6,1,2,339.6644241616714,339.6644241616714,12.58016385783968,3.1450409644599207,0.0117105892071539,3.1450409644599207,0.0117105892071539,-676.9469307783961,1.03,237.0,576.0,0.9465432729827824,0,8,0.1712282697423826,0.6490111732659087,6.432935671547088,1.6868131459828186,5.0,7.0,8.0,0.553446140588365,0.957091679548815,3,True,"pareto_k_above_threshold_after_retries: k_max=0.957092, threshold=0.7",False,4,4,27,3,"[3, 0, 24]",73.79595451400382,"(27, 152)",,[],"{""feature_selection"": {""concat"": [""mean"", ""range""], ""odd"": [""mean"", ""range""]}, ""n_chunks"": 16, ""parameter_selection"": {""mean"": {""likelihood"": ""lognormal""}, ""range"": {""likelihood"": ""lognormal""}}, ""rem_profile_params"": {""rem_stage"": 2, ""step_size_hours"": 1, ""window_size_hours"": 6}, ""tau_threshold"": 5.0}",run_output_8day_rem_w6_s1_stage2,rem_w6_s1_stage2
53,50fe9466311b6d55,ok,,even: range; odd: mean,mean=student_t; range=beta,16,5.0,2,1,2,176.03147125708796,176.03147125708796,6.286838259181713,3.143419129590856,0.0138927583120897,3.143419129590856,0.0138927583120897,-353.38940575970025,1.01,424.0,755.0,0.9639560054149946,0,8,0.0373974930575297,0.631717306654149,5.965203860892952,1.773593813385836,4.0,6.0,8.0,0.4320073882611432,0.6657005993718798,0,False,,False,2,2,28,2,"[27, 3]",74.79035906898207,"(28, 184)",,[],"{""feature_selection"": {""even"": [""range""], ""odd"": [""mean""]}, ""n_chunks"": 16, ""parameter_selection"": {""mean"": {""likelihood"": ""student_t""}, ""range"": {""likelihood"": ""beta""}}, ""rem_profile_params"": {""rem_stage"": 2, ""step_size_hours"": 1, ""window_size_hours"": 2}, ""tau_threshold"": 5.0}",run_output_8day_rem_w2_s1_stage2,rem_w2_s1_stage2
28,38c622b609b0d87d,pareto_filtered,"pareto_k_above_threshold_after_retries: k_max=0.713616, threshold=0.7","concat: mean, range; even: mean; odd: mean, range",mean=student_t; range=lognormal,16,5.0,6,1,2,424.3222437189782,424.3222437189782,15.715638656258452,3.14312773125169,0.0093340226754992,3.14312773125169,0.0093340226754992,-844.9151880482261,1.01,794.0,491.0,1.059805088439132,0,8,0.7499868555258018,0.9899552522153916,7.824406731515086,0.5615790458216172,8.0,8.0,8.0,0.9449545475592056,0.7136158978689996,2,True,"pareto_k_above_threshold_after_retries: k_max=0.713616, threshold=0.7",False,5,5,27,3,"[3, 21, 7]",310.8044326629897,"(27, 152)",,[],"{""feature_selection"": {""concat"": [""mean"", ""range""], ""even"": [""mean""], ""odd"": [""mean"", ""range""]}, ""n_chunks"": 16, ""parameter_selection"": {""mean"": {""likelihood"": ""student_t""}, ""range"": {""likelihood"": ""lognormal""}}, ""rem_profile_params"": {""rem_stage"": 2, ""step_size_hours"": 1, ""window_size_hours"": 6}, ""tau_threshold"": 5.0}",run_output_8day_rem_w6_s1_stage2,rem_w6_s1_stage2
6,d7dcd4ff26923e39,ok,,"concat: mean, range; even: mean, range; odd: range",mean=student_t; range=lognormal,16,5.0,3,1,2,455.539700435079,455.539700435079,15.708265532244104,3.1416531064488207,0.0087205128142428,3.1416531064488207,0.0087205128142428,-910.0844020094012,1.01,616.0,299.0,1.0449086955506135,0,8,0.8431945242957455,0.9975141527516498,7.920403991187263,0.3193581082433073,8.0,8.0,8.0,0.9926284714722646,0.5987441054164127,0,False,,False,5,5,29,1,[27],91.9897773360135,"(29, 176)",,[],"{""feature_selection"": {""concat"": [""mean"", ""range""], ""even"": [""mean"", ""range""], ""odd"": [""range""]}, ""n_chunks"": 16, ""parameter_selection"": {""mean"": {""likelihood"": ""student_t""}, ""range"": {""likelihood"": ""lognormal""}}, ""rem_profile_params"": {""rem_stage"": 2, ""step_size_hours"": 1, ""window_size_hours"": 3}, ""tau_threshold"": 5.0}",run_output_8day_rem_w3_s1_stage2,rem_w3_s1_stage2
150,b4024adaea2f7076,pareto_filtered,"pareto_k_above_threshold_after_retries: k_max=0.744629, threshold=0.7","concat: mean, range; even: range; odd: mean",mean=lognormal; range=lognormal,16,5.0,6,1,2,338.9714562292123,338.9714562292123,12.554498378859716,3.1386245947149285,0.0117988595082069,3.1386245947149285,0.0117988595082069,-675.3657244702063,1.03,155.0,92.0,1.050626330644028,0,8,0.6659178459060586,0.8988739280245966,7.552285557758931,1.2357072814480257,8.0,8.0,8.0,0.8898640187686886,0.7446286640011018,2,True,"pareto_k_above_threshold_after_retries: k_max=0.744629, threshold=0.7",False,4,4,27,3,"[3, 0, 24]",72.83453581199865,"(27, 152)",,[],"{""feature_selection"": {""concat"": [""mean"", ""range""], ""even"": [""range""], ""odd"": [""mean""]}, ""n_chunks"": 16, ""parameter_selection"": {""mean"": {""likelihood"": ""lognormal""}, ""range"": {""likelihood"": ""lognormal""}}, ""rem_profile_params"": {""rem_stage"": 2, ""step_size_hours"": 1, ""window_size_hours"": 6}, ""tau_threshold"": 5.0}",run_output_8day_rem_w6_s1_stage2,rem_w6_s1_stage2
47,529ca771f810f680,pareto_filtered,"pareto_k_above_threshold_after_retries: k_max=1.43239, threshold=0.7",even: mean; odd: range,mean=lognormal; range=beta,16,5.0,2,1,2,169.1370557280798,169.1370557280798,6.264335397336288,3.132167698668144,0.0143167227011214,3.132167698668144,0.0143167227011214,-339.399438010075,1.03,122.0,72.0,0.925280040151394,0,8,0.6894330955816916,0.8905979873463854,7.436017692868255,1.5001539988073878,8.0,8.0,8.0,0.8736876218749365,1.4323896689924895,2,True,"pareto_k_above_threshold_after_retries: k_max=1.43239, threshold=0.7",False,2,2,27,3,"[25, 27, 29]",87.56894818900037,"(27, 184)",,[],"{""feature_selection"": {""even"": [""mean""], ""odd"": [""range""]}, ""n_chunks"": 16, ""parameter_selection"": {""mean"": {""likelihood"": ""lognormal""}, ""range"": {""likelihood"": ""beta""}}, ""rem_profile_params"": {""rem_stage"": 2, ""step_size_hours"": 1, ""window_size_hours"": 2}, ""tau_threshold"": 5.0}",run_output_8day_rem_w2_s1_stage2,rem_w2_s1_stage2
19,a4098d4a89460b5e,pareto_filtered,"pareto_k_above_threshold_after_retries: k_max=0.764213, threshold=0.7","concat: mean, range; even: mean, range; odd: mean",mean=student_t; range=beta,16,5.0,6,1,2,422.7251593316394,422.7251593316394,15.656487382653312,3.131297476530663,0.0087838381239021,3.131297476530663,0.0087838381239021,-845.4670344797219,1.01,1439.0,1021.0,0.916575175992466,0,3,0.82345778530797,0.0085928710961432,3.099017574286011,0.3936250095239351,3.0,3.0,3.0,0.0006678142040547,0.7642134420607501,1,True,"pareto_k_above_threshold_after_retries: k_max=0.764213, threshold=0.7",False,5,5,27,3,"[8, 3, 29]",302.7209139660117,"(27, 152)",,[],"{""feature_selection"": {""concat"": [""mean"", ""range""], ""even"": [""mean"", ""range""], ""odd"": [""mean""]}, ""n_chunks"": 16, ""parameter_selection"": {""mean"": {""likelihood"": ""student_t""}, ""range"": {""likelihood"": ""beta""}}, ""rem_profile_params"": {""rem_stage"": 2, ""step_size_hours"": 1, ""window_size_hours"": 6}, ""tau_threshold"": 5.0}",run_output_8day_rem_w6_s1_stage2,rem_w6_s1_stage2
101,69bcc8390cbc012f,ok,,"concat: range; even: mean, range",mean=student_t; range=beta,16,5.0,2,2,2,272.40103741818285,272.40103741818285,9.39313922131665,3.1310464071055497,0.0064368883922786,3.1310464071055497,0.0064368883922786,-544.8607307921351,1.01,1384.0,1069.0,0.9468930145960112,0,7,0.9668266370483471,0.9999999996384636,7.010751950856855,0.1031373704825408,7.0,7.0,7.0,0.9999995153344944,0.4367383495272369,0,False,,False,3,3,29,1,[4],89.24991941300686,"(29, 96)",,[],"{""feature_selection"": {""concat"": [""range""], ""even"": [""mean"", ""range""]}, ""n_chunks"": 16, ""parameter_selection"": {""mean"": {""likelihood"": ""student_t""}, ""range"": {""likelihood"": ""beta""}}, ""rem_profile_params"": {""rem_stage"": 2, ""step_size_hours"": 2, ""window_size_hours"": 2}, ""tau_threshold"": 5.0}",run_output_8day_rem_w2_s2_stage2,rem_w2_s2_stage2
66,370605723d1ca644,pareto_filtered,"pareto_k_above_threshold_after_retries: k_max=0.808257, threshold=0.7","concat: mean, range; even: range",mean=lognormal; range=lognormal,16,5.0,6,1,2,253.19325236376915,253.19325236376915,9.377527865324785,3.125842621774928,0.0132456361092767,3.125842621774928,0.0132456361092767,-505.2161791373228,1.01,602.0,452.0,0.9687950793756508,0,8,0.5795972447285391,0.9031506388950524,7.538694124000782,1.1166708014926596,8.0,8.0,8.0,0.8829335338019123,0.8082574758614803,3,True,"pareto_k_above_threshold_after_retries: k_max=0.808257, threshold=0.7",False,3,3,27,3,"[24, 0, 3]",72.11766383200302,"(27, 152)",,[],"{""feature_selection"": {""concat"": [""mean"", ""range""], ""even"": [""range""]}, ""n_chunks"": 16, ""parameter_selection"": {""mean"": {""likelihood"": ""lognormal""}, ""range"": {""likelihood"": ""lognormal""}}, ""rem_profile_params"": {""rem_stage"": 2, ""step_size_hours"": 1, ""window_size_hours"": 6}, ""tau_threshold"": 5.0}",run_output_8day_rem_w6_s1_stage2,rem_w6_s1_stage2
43,07555bcbc3b08424,ok,,"even: mean, range",mean=student_t; range=beta,16,5.0,2,1,2,181.0921788775639,181.0921788775639,6.244557892329789,3.1222789461648954,0.0104927434288673,3.1222789461648954,0.0104927434288673,-362.3968685167548,1.01,609.0,694.0,0.9235661304146972,0,8,0.2079333453917711,0.7327167725453299,6.650371842786029,1.77696624573422,5.0,8.0,8.0,0.6683506906755159,0.6151915131094213,0,False,,False,2,2,29,1,[27],47.90641829397646,"(29, 184)",,[],"{""feature_selection"": {""even"": [""mean"", ""range""]}, ""n_chunks"": 16, ""parameter_selection"": {""mean"": {""likelihood"": ""student_t""}, ""range"": {""likelihood"": ""beta""}}, ""rem_profile_params"": {""rem_stage"": 2, ""step_size_hours"": 1, ""window_size_hours"": 2}, ""tau_threshold"": 5.0}",run_output_8day_rem_w2_s1_stage2,rem_w2_s1_stage2
17,542e671bf524e7f6,pareto_filtered,"pareto_k_above_threshold_after_retries: k_max=0.72863, threshold=0.7","concat: mean, range; even: mean, range; odd: mean",mean=lognormal; range=beta,16,5.0,6,1,2,421.4360501099071,421.4360501099071,15.608742596663223,3.121748519332645,0.0107596093358158,3.121748519332645,0.0107596093358158,-843.3545732647109,1.01,641.0,417.0,0.9270251318116088,0,5,0.6987334180379503,0.017440406891851,4.779190415031128,0.6699960409626028,5.0,5.0,5.0,0.0021263283196676,0.7286297131665849,2,True,"pareto_k_above_threshold_after_retries: k_max=0.72863, threshold=0.7",False,5,5,27,3,"[0, 3, 24]",200.08956657900129,"(27, 152)",,[],"{""feature_selection"": {""concat"": [""mean"", ""range""], ""even"": [""mean"", ""range""], ""odd"": [""mean""]}, ""n_chunks"": 16, ""parameter_selection"": {""mean"": {""likelihood"": ""lognormal""}, ""range"": {""likelihood"": ""beta""}}, ""rem_profile_params"": {""rem_stage"": 2, ""step_size_hours"": 1, ""window_size_hours"": 6}, ""tau_threshold"": 5.0}",run_output_8day_rem_w6_s1_stage2,rem_w6_s1_stage2
170,b36d3751d94aba18,pareto_filtered,"pareto_k_above_threshold_after_retries: k_max=1.5331, threshold=0.7","concat: mean; even: mean; odd: mean, range",mean=lognormal; range=lognormal,16,5.0,6,1,2,336.6099304248398,336.6099304248398,12.467034460179253,3.1167586150448128,0.0136420717229009,3.1167586150448128,0.0136420717229009,-652.1228553089977,1.31,10.0,18.0,0.9510337767821851,0,7,0.3004263880678831,0.9407622039651944,6.8748726529740924,1.0147186019522385,6.0,7.0,8.0,0.7150398523779066,1.5331037859701269,2,True,"pareto_k_above_threshold_after_retries: k_max=1.5331, threshold=0.7",False,4,4,27,3,"[3, 0, 27]",127.02221510201343,"(27, 152)",,[],"{""feature_selection"": {""concat"": [""mean""], ""even"": [""mean""], ""odd"": [""mean"", ""range""]}, ""n_chunks"": 16, ""parameter_selection"": {""mean"": {""likelihood"": ""lognormal""}, ""range"": {""likelihood"": ""lognormal""}}, ""rem_profile_params"": {""rem_stage"": 2, ""step_size_hours"": 1, ""window_size_hours"": 6}, ""tau_threshold"": 5.0}",run_output_8day_rem_w6_s1_stage2,rem_w6_s1_stage2
130,68899533f4b6f558,pareto_filtered,"pareto_k_above_threshold_after_retries: k_max=1.12777, threshold=0.7","even: mean; odd: mean, range",mean=lognormal; range=lognormal,16,5.0,3,1,2,252.2769982956409,252.2769982956409,9.343592529468182,3.1145308431560608,0.0123006266261428,3.1145308431560608,0.0123006266261428,-505.0561488245041,1.31,10.0,34.0,0.9963872360517174,0,4,0.4552739999796678,0.4026717938123849,5.585413517142797,1.975588934881937,4.0,4.0,8.0,0.3992365457960251,1.1277743157578557,1,True,"pareto_k_above_threshold_after_retries: k_max=1.12777, threshold=0.7",False,3,3,27,3,"[3, 0, 21]",111.61438546699355,"(27, 176)",,[],"{""feature_selection"": {""even"": [""mean""], ""odd"": [""mean"", ""range""]}, ""n_chunks"": 16, ""parameter_selection"": {""mean"": {""likelihood"": ""lognormal""}, ""range"": {""likelihood"": ""lognormal""}}, ""rem_profile_params"": {""rem_stage"": 2, ""step_size_hours"": 1, ""window_size_hours"": 3}, ""tau_threshold"": 5.0}",run_output_8day_rem_w3_s1_stage2,rem_w3_s1_stage2
31,670a0004cb2eaae3,pareto_filtered,"pareto_k_above_threshold_after_retries: k_max=1.07653, threshold=0.7","concat: mean, range; even: range; odd: mean, range",mean=student_t; range=beta,16,5.0,6,1,2,420.28107915274165,420.28107915274165,15.565965894545988,3.113193178909197,0.0118292515131725,3.113193178909197,0.0118292515131725,-841.3052692447529,1.01,412.0,252.0,0.9205004298800314,0,3,0.8587589413686335,0.0213359538551717,3.109191700406264,0.577711449047469,3.0,3.0,3.0,0.0139094652272638,1.0765286720947151,4,True,"pareto_k_above_threshold_after_retries: k_max=1.07653, threshold=0.7",False,5,5,27,3,"[15, 29, 27]",362.2674483610026,"(27, 152)",,[],"{""feature_selection"": {""concat"": [""mean"", ""range""], ""even"": [""range""], ""odd"": [""mean"", ""range""]}, ""n_chunks"": 16, ""parameter_selection"": {""mean"": {""likelihood"": ""student_t""}, ""range"": {""likelihood"": ""beta""}}, ""rem_profile_params"": {""rem_stage"": 2, ""step_size_hours"": 1, ""window_size_hours"": 6}, ""tau_threshold"": 5.0}",run_output_8day_rem_w6_s1_stage2,rem_w6_s1_stage2
166,2725b87bcd2319ac,pareto_filtered,"pareto_k_above_threshold_after_retries: k_max=0.866211, threshold=0.7","concat: mean; even: mean, range; odd: range",mean=lognormal; range=lognormal,16,5.0,3,1,2,336.1501125004881,336.1501125004881,12.450004166684746,3.112501041671186,0.0141788279727731,3.112501041671186,0.0141788279727731,-673.588734820629,1.04,88.0,41.0,1.0512822631233514,0,8,0.7594297653252977,0.8984538046125907,7.664648182058485,0.9601864720361863,8.0,8.0,8.0,0.890427089505075,0.8662106386012137,3,True,"pareto_k_above_threshold_after_retries: k_max=0.866211, threshold=0.7",False,4,4,27,3,"[27, 3, 24]",123.58855553701868,"(27, 176)",,[],"{""feature_selection"": {""concat"": [""mean""], ""even"": [""mean"", ""range""], ""odd"": [""range""]}, ""n_chunks"": 16, ""parameter_selection"": {""mean"": {""likelihood"": ""lognormal""}, ""range"": {""likelihood"": ""lognormal""}}, ""rem_profile_params"": {""rem_stage"": 2, ""step_size_hours"": 1, ""window_size_hours"": 3}, ""tau_threshold"": 5.0}",run_output_8day_rem_w3_s1_stage2,rem_w3_s1_stage2
53,0b66f21e4cab62c0,ok,,even: range; odd: mean,mean=student_t; range=beta,16,5.0,2,2,2,174.2398246450284,174.2398246450284,6.222850880179585,3.111425440089793,0.0126488356515052,3.111425440089793,0.0126488356515052,-349.1580488677427,1.01,758.0,689.0,0.8682339530788615,0,6,0.4262173414279311,0.932969817047063,6.258172881264784,0.9846392372974428,6.0,6.0,7.0,0.2516128240181344,0.5718862963031285,0,False,,False,2,2,28,2,"[3, 21]",67.15827848800109,"(28, 96)",,[],"{""feature_selection"": {""even"": [""range""], ""odd"": [""mean""]}, ""n_chunks"": 16, ""parameter_selection"": {""mean"": {""likelihood"": ""student_t""}, ""range"": {""likelihood"": ""beta""}}, ""rem_profile_params"": {""rem_stage"": 2, ""step_size_hours"": 2, ""window_size_hours"": 2}, ""tau_threshold"": 5.0}",run_output_8day_rem_w2_s2_stage2,rem_w2_s2_stage2
32,71a0c0844608636d,ok,,concat: range; even: mean,mean=student_t; range=lognormal,16,5.0,3,1,2,180.38508240701915,180.38508240701915,6.220175255414453,3.110087627707227,0.0117440538327825,3.110087627707227,0.0117440538327825,-360.9186596095767,1.01,505.0,446.0,1.0352719989000625,0,7,0.1920599988694682,0.8322614847756187,6.682195995816617,1.4344739906365247,6.0,7.0,8.0,0.7168911762617145,0.5916162055544614,0,False,,False,2,2,29,1,[15],32.10180849098833,"(29, 176)",,[],"{""feature_selection"": {""concat"": [""range""], ""even"": [""mean""]}, ""n_chunks"": 16, ""parameter_selection"": {""mean"": {""likelihood"": ""student_t""}, ""range"": {""likelihood"": ""lognormal""}}, ""rem_profile_params"": {""rem_stage"": 2, ""step_size_hours"": 1, ""window_size_hours"": 3}, ""tau_threshold"": 5.0}",run_output_8day_rem_w3_s1_stage2,rem_w3_s1_stage2
20,80b7b087743f84b3,ok,,"concat: mean, range; even: mean, range; odd: mean",mean=student_t; range=lognormal,16,5.0,6,1,2,434.8775857521715,434.8775857521715,15.53134234829184,3.106268469658368,0.0098803646627892,3.106268469658368,0.0098803646627892,-868.5810766938075,1.01,634.0,467.0,0.994218778559198,0,8,0.8708529287434131,0.9807494252671528,7.87747645693512,0.6898836313202669,8.0,8.0,8.0,0.9752283258542376,0.6919677417907512,0,False,,False,5,5,28,2,"[3, 15]",184.6219895500108,"(28, 152)",,[],"{""feature_selection"": {""concat"": [""mean"", ""range""], ""even"": [""mean"", ""range""], ""odd"": [""mean""]}, ""n_chunks"": 16, ""parameter_selection"": {""mean"": {""likelihood"": ""student_t""}, ""range"": {""likelihood"": ""lognormal""}}, ""rem_profile_params"": {""rem_stage"": 2, ""step_size_hours"": 1, ""window_size_hours"": 6}, ""tau_threshold"": 5.0}",run_output_8day_rem_w6_s1_stage2,rem_w6_s1_stage2
181,89c5c6172b96df89,pareto_filtered,"pareto_k_above_threshold_after_retries: k_max=0.879083, threshold=0.7","concat: range; even: mean, range; odd: range",mean=lognormal; range=beta,16,5.0,2,1,2,335.42945720590484,335.42945720590484,12.423313229848327,3.1058283074620823,0.0103805131079474,3.1058283074620823,0.0103805131079474,-671.1222468376802,1.01,1076.0,814.0,0.9655701396541032,0,8,0.8281320795729411,0.997376347505228,7.863785388912908,0.5049004307162466,8.0,8.0,8.0,0.9404000986293588,0.8790826561718607,2,True,"pareto_k_above_threshold_after_retries: k_max=0.879083, threshold=0.7",False,4,4,27,3,"[27, 4, 25]",376.2119975529786,"(27, 184)",,[],"{""feature_selection"": {""concat"": [""range""], ""even"": [""mean"", ""range""], ""odd"": [""range""]}, ""n_chunks"": 16, ""parameter_selection"": {""mean"": {""likelihood"": ""lognormal""}, ""range"": {""likelihood"": ""beta""}}, ""rem_profile_params"": {""rem_stage"": 2, ""step_size_hours"": 1, ""window_size_hours"": 2}, ""tau_threshold"": 5.0}",run_output_8day_rem_w2_s1_stage2,rem_w2_s1_stage2
74,9bc56f3727f76a13,pareto_filtered,"pareto_k_above_threshold_after_retries: k_max=2.0303, threshold=0.7","concat: mean, range; odd: range",mean=lognormal; range=lognormal,16,5.0,6,1,2,251.3180468862314,251.3180468862314,9.308075810601164,3.102691936867054,0.012996654686046,3.102691936867054,0.012996654686046,-505.41603189945033,1.0,1132.0,921.0,1.030443073279346,0,7,0.7047045260611137,0.995945619696182,7.124166364263521,0.4114776490621505,7.0,7.0,7.0,0.9796754039950556,2.030297068547945,1,True,"pareto_k_above_threshold_after_retries: k_max=2.0303, threshold=0.7",False,3,3,27,3,"[0, 15, 24]",94.2755486460228,"(27, 152)",,[],"{""feature_selection"": {""concat"": [""mean"", ""range""], ""odd"": [""range""]}, ""n_chunks"": 16, ""parameter_selection"": {""mean"": {""likelihood"": ""lognormal""}, ""range"": {""likelihood"": ""lognormal""}}, ""rem_profile_params"": {""rem_stage"": 2, ""step_size_hours"": 1, ""window_size_hours"": 6}, ""tau_threshold"": 5.0}",run_output_8day_rem_w6_s1_stage2,rem_w6_s1_stage2
147,b5afda9d8241d35a,pareto_filtered,"pareto_k_above_threshold_after_retries: k_max=0.995298, threshold=0.7","concat: mean, range; even: mean; odd: range",mean=student_t; range=beta,16,5.0,6,1,2,334.99641185739966,334.99641185739966,12.407274513237024,3.1018186283092564,0.009855697185938,3.1018186283092564,0.009855697185938,-665.8225450438877,1.05,72.0,116.0,0.9841790059363784,0,3,0.293383706068287,0.3768706540669017,4.862397769501269,2.1973449160248584,3.0,3.0,7.0,0.3618882382821891,0.9952983472510984,2,True,"pareto_k_above_threshold_after_retries: k_max=0.995298, threshold=0.7",False,4,4,27,3,"[15, 29, 9]",365.0394384489919,"(27, 152)",,[],"{""feature_selection"": {""concat"": [""mean"", ""range""], ""even"": [""mean""], ""odd"": [""range""]}, ""n_chunks"": 16, ""parameter_selection"": {""mean"": {""likelihood"": ""student_t""}, ""range"": {""likelihood"": ""beta""}}, ""rem_profile_params"": {""rem_stage"": 2, ""step_size_hours"": 1, ""window_size_hours"": 6}, ""tau_threshold"": 5.0}",run_output_8day_rem_w6_s1_stage2,rem_w6_s1_stage2
4,a70d0964b4005958,pareto_filtered,"pareto_k_above_threshold_after_retries: k_max=1.24959, threshold=0.7","concat: mean, range; even: mean, range; odd: range",mean=lognormal; range=lognormal,16,5.0,3,1,2,418.44619638438223,418.44619638438223,15.498007273495638,3.099601454699128,0.0129934076142324,3.099601454699128,0.0129934076142324,-832.8067637220663,1.04,99.0,112.0,0.8535940657693575,0,5,0.2684885062414458,0.509738613148895,5.981825425313163,1.2274457268230246,5.0,6.0,7.0,0.2852645881358486,1.24959010206313,4,True,"pareto_k_above_threshold_after_retries: k_max=1.24959, threshold=0.7",False,5,5,27,3,"[24, 27, 0]",136.4621307149937,"(27, 176)",,[],"{""feature_selection"": {""concat"": [""mean"", ""range""], ""even"": [""mean"", ""range""], ""odd"": [""range""]}, ""n_chunks"": 16, ""parameter_selection"": {""mean"": {""likelihood"": ""lognormal""}, ""range"": {""likelihood"": ""lognormal""}}, ""rem_profile_params"": {""rem_stage"": 2, ""step_size_hours"": 1, ""window_size_hours"": 3}, ""tau_threshold"": 5.0}",run_output_8day_rem_w3_s1_stage2,rem_w3_s1_stage2
24,d03c76a5fa5410ff,pareto_filtered,"pareto_k_above_threshold_after_retries: k_max=1.44443, threshold=0.7","concat: mean, range; even: mean, range; odd: mean, range",mean=lognormal; range=lognormal,16,5.0,3,1,2,502.0048875840462,502.0048875840462,18.592773614223933,3.098795602370656,0.0126872091298314,3.098795602370656,0.0126872091298314,-999.9077680329513,1.01,1936.0,1324.0,0.9667772526924912,0,8,0.9955407512806378,0.9997585372840612,7.998350324908666,0.0607359389747758,8.0,8.0,8.0,0.9994675784105448,1.4444298519283083,3,True,"pareto_k_above_threshold_after_retries: k_max=1.44443, threshold=0.7",False,6,6,27,3,"[3, 24, 17]",231.7533699760097,"(27, 176)",,[],"{""feature_selection"": {""concat"": [""mean"", ""range""], ""even"": [""mean"", ""range""], ""odd"": [""mean"", ""range""]}, ""n_chunks"": 16, ""parameter_selection"": {""mean"": {""likelihood"": ""lognormal""}, ""range"": {""likelihood"": ""lognormal""}}, ""rem_profile_params"": {""rem_stage"": 2, ""step_size_hours"": 1, ""window_size_hours"": 3}, ""tau_threshold"": 5.0}",run_output_8day_rem_w3_s1_stage2,rem_w3_s1_stage2
124,88ddda558417c417,ok,,"even: mean, range; odd: mean",mean=student_t; range=lognormal,16,5.0,3,1,2,249.6193514117421,249.6193514117421,9.245161163397857,3.081720387799285,0.0100706186990675,3.081720387799285,0.0100706186990675,-499.75317880456026,1.01,325.0,211.0,0.9434006871598858,0,8,0.3488205529505234,0.873113825311335,7.128204436493918,1.4476296175408052,7.0,8.0,8.0,0.8382415017204619,0.6500223559519339,0,False,,False,3,3,27,3,"[3, 21, 23]",225.61511324800085,"(27, 176)",,[],"{""feature_selection"": {""even"": [""mean"", ""range""], ""odd"": [""mean""]}, ""n_chunks"": 16, ""parameter_selection"": {""mean"": {""likelihood"": ""student_t""}, ""range"": {""likelihood"": ""lognormal""}}, ""rem_profile_params"": {""rem_stage"": 2, ""step_size_hours"": 1, ""window_size_hours"": 3}, ""tau_threshold"": 5.0}",run_output_8day_rem_w3_s1_stage2,rem_w3_s1_stage2
161,61f6a715bc1109a5,pareto_filtered,"pareto_k_above_threshold_after_retries: k_max=0.902331, threshold=0.7","concat: mean; even: mean, range; odd: mean",mean=lognormal; range=beta,16,5.0,6,1,2,331.7933134384533,331.7933134384533,12.288641238461231,3.0721603096153087,0.0149752963881684,3.0721603096153087,0.0149752963881684,-646.3172650096844,1.26,11.0,70.0,1.0298665216709095,0,8,0.2188063875235496,0.7571801095485122,6.560073983911185,1.786027446710871,6.0,7.0,8.0,0.7017832246887861,0.9023312277105272,3,True,"pareto_k_above_threshold_after_retries: k_max=0.902331, threshold=0.7",False,4,4,27,3,"[3, 27, 0]",253.70442228598404,"(27, 152)",,[],"{""feature_selection"": {""concat"": [""mean""], ""even"": [""mean"", ""range""], ""odd"": [""mean""]}, ""n_chunks"": 16, ""parameter_selection"": {""mean"": {""likelihood"": ""lognormal""}, ""range"": {""likelihood"": ""beta""}}, ""rem_profile_params"": {""rem_stage"": 2, ""step_size_hours"": 1, ""window_size_hours"": 6}, ""tau_threshold"": 5.0}",run_output_8day_rem_w6_s1_stage2,rem_w6_s1_stage2
58,8b01dc09284ccdb3,ok,,"odd: mean, range",mean=lognormal; range=lognormal,16,5.0,2,2,2,165.82455683390276,165.82455683390276,6.141650253107509,3.070825126553755,0.0124810342255917,3.070825126553755,0.0124810342255917,-331.59644001491927,1.02,297.0,138.0,1.001532763042623,0,8,0.6688012651356161,0.8899281542394755,7.497514358198598,1.3124396350562475,8.0,8.0,8.0,0.8724956083401039,0.6503869988005566,0,False,,False,2,2,27,3,"[3, 21, 0]",33.282039837009506,"(27, 96)",,[],"{""feature_selection"": {""odd"": [""mean"", ""range""]}, ""n_chunks"": 16, ""parameter_selection"": {""mean"": {""likelihood"": ""lognormal""}, ""range"": {""likelihood"": ""lognormal""}}, ""rem_profile_params"": {""rem_stage"": 2, ""step_size_hours"": 2, ""window_size_hours"": 2}, ""tau_threshold"": 5.0}",run_output_8day_rem_w2_s2_stage2,rem_w2_s2_stage2
2,73d2d37fbbbb59a0,pareto_filtered,"pareto_k_above_threshold_after_retries: k_max=0.814987, threshold=0.7","even: mean, range; odd: mean, range",mean=student_t; range=lognormal,16,5.0,2,1,2,330.7766851496951,330.7766851496951,12.250988338877596,3.0627470847193985,0.0094171973069326,3.0627470847193985,0.0094171973069326,-660.7687007323783,1.01,331.0,199.0,0.9923872000378916,0,8,0.4261141010594268,0.8911021077055455,7.288040200240925,1.3442687977033585,7.0,8.0,8.0,0.8685573196253241,0.8149874651474114,4,True,"pareto_k_above_threshold_after_retries: k_max=0.814987, threshold=0.7",False,4,4,27,3,"[23, 21, 3]",135.08656061900547,"(27, 184)",,[],"{""feature_selection"": {""even"": [""mean"", ""range""], ""odd"": [""mean"", ""range""]}, ""n_chunks"": 16, ""parameter_selection"": {""mean"": {""likelihood"": ""student_t""}, ""range"": {""likelihood"": ""lognormal""}}, ""rem_profile_params"": {""rem_stage"": 2, ""step_size_hours"": 1, ""window_size_hours"": 2}, ""tau_threshold"": 5.0}",run_output_8day_rem_w2_s1_stage2,rem_w2_s1_stage2
107,fc5af7a13e03e135,ok,,concat: range; even: mean; odd: range,mean=lognormal; range=beta,16,5.0,3,1,2,248.0314942318112,248.0314942318112,9.18635163821523,3.0621172127384098,0.0114245983247993,3.0621172127384098,0.0114245983247993,-496.1869164594904,1.01,613.0,496.0,0.9677177748440176,0,8,0.6305531869459704,0.985433429982768,7.681012892475897,0.7643821722055093,8.0,8.0,8.0,0.8945632525023112,0.5843929718983353,0,False,,False,3,3,27,3,"[15, 27, 10]",166.13603800200508,"(27, 176)",,[],"{""feature_selection"": {""concat"": [""range""], ""even"": [""mean""], ""odd"": [""range""]}, ""n_chunks"": 16, ""parameter_selection"": {""mean"": {""likelihood"": ""lognormal""}, ""range"": {""likelihood"": ""beta""}}, ""rem_profile_params"": {""rem_stage"": 2, ""step_size_hours"": 1, ""window_size_hours"": 3}, ""tau_threshold"": 5.0}",run_output_8day_rem_w3_s1_stage2,rem_w3_s1_stage2
26,379aad156c88c672,pareto_filtered,"pareto_k_above_threshold_after_retries: k_max=0.818806, threshold=0.7","concat: range; even: mean, range; odd: mean, range",mean=student_t; range=lognormal,16,5.0,2,1,2,413.3359703449268,413.3359703449268,15.308739642404696,3.0617479284809392,0.0099440864144195,3.0617479284809392,0.0099440864144195,-824.9310253255811,1.04,91.0,311.0,0.9379244254525284,0,8,0.3440721119435576,0.5548809890106814,5.662413883293421,2.353012440237517,3.0,7.0,8.0,0.5092750591545285,0.8188056549051114,4,True,"pareto_k_above_threshold_after_retries: k_max=0.818806, threshold=0.7",False,5,5,27,3,"[3, 25, 21]",288.0905672579829,"(27, 184)",,[],"{""feature_selection"": {""concat"": [""range""], ""even"": [""mean"", ""range""], ""odd"": [""mean"", ""range""]}, ""n_chunks"": 16, ""parameter_selection"": {""mean"": {""likelihood"": ""student_t""}, ""range"": {""likelihood"": ""lognormal""}}, ""rem_profile_params"": {""rem_stage"": 2, ""step_size_hours"": 1, ""window_size_hours"": 2}, ""tau_threshold"": 5.0}",run_output_8day_rem_w2_s1_stage2,rem_w2_s1_stage2
186,e0fe99d5ff2dd9be,pareto_filtered,"pareto_k_above_threshold_after_retries: k_max=0.744807, threshold=0.7","concat: range; even: mean; odd: mean, range",mean=lognormal; range=lognormal,16,5.0,3,1,2,330.0467759105228,330.0467759105228,12.223954663352696,3.0559886658381736,0.0126474368963643,3.0559886658381736,0.0126474368963643,-657.1526884445417,1.29,10.0,51.0,1.0088890607300824,0,8,0.4347642840231694,0.4918548742113182,5.999234653154378,1.9642292839311652,4.0,5.0,8.0,0.4888817069375626,0.7448065651508516,2,True,"pareto_k_above_threshold_after_retries: k_max=0.744807, threshold=0.7",False,4,4,27,3,"[3, 0, 21]",82.90119065900217,"(27, 176)",,[],"{""feature_selection"": {""concat"": [""range""], ""even"": [""mean""], ""odd"": [""mean"", ""range""]}, ""n_chunks"": 16, ""parameter_selection"": {""mean"": {""likelihood"": ""lognormal""}, ""range"": {""likelihood"": ""lognormal""}}, ""rem_profile_params"": {""rem_stage"": 2, ""step_size_hours"": 1, ""window_size_hours"": 3}, ""tau_threshold"": 5.0}",run_output_8day_rem_w3_s1_stage2,rem_w3_s1_stage2
57,95f4e274e3ecfe82,ok,,"odd: mean, range",mean=lognormal; range=beta,16,5.0,3,1,2,164.71536159754436,164.71536159754436,6.100568948057198,3.0502844740285995,0.0171711830787975,3.0502844740285995,0.0171711830787975,-329.503437571883,1.01,1045.0,781.0,1.0075406439239012,0,8,0.9194692742356848,0.9899847625098168,7.935176770046389,0.4910015655096951,8.0,8.0,8.0,0.9845188702393564,0.4800379508339182,0,False,,False,2,2,27,3,"[3, 21, 15]",73.2306254330033,"(27, 176)",,[],"{""feature_selection"": {""odd"": [""mean"", ""range""]}, ""n_chunks"": 16, ""parameter_selection"": {""mean"": {""likelihood"": ""lognormal""}, ""range"": {""likelihood"": ""beta""}}, ""rem_profile_params"": {""rem_stage"": 2, ""step_size_hours"": 1, ""window_size_hours"": 3}, ""tau_threshold"": 5.0}",run_output_8day_rem_w3_s1_stage2,rem_w3_s1_stage2
32,432ef0c7bc44a949,ok,,"concat: mean, range; even: range; odd: mean, range",mean=student_t; range=lognormal,16,5.0,6,1,2,411.5092294434603,411.5092294434603,15.24108257198001,3.0482165143960027,0.0113576542505605,3.0482165143960027,0.0113576542505605,-822.8817344310266,1.02,163.0,67.0,0.9854811775727824,0,8,0.7605677064593463,0.9372315351301318,7.641339667991874,1.2145341932501166,8.0,8.0,8.0,0.9253863489788726,0.6744017593263424,0,False,,False,5,5,27,3,"[3, 15, 21]",273.82379801399657,"(27, 152)",,[],"{""feature_selection"": {""concat"": [""mean"", ""range""], ""even"": [""range""], ""odd"": [""mean"", ""range""]}, ""n_chunks"": 16, ""parameter_selection"": {""mean"": {""likelihood"": ""student_t""}, ""range"": {""likelihood"": ""lognormal""}}, ""rem_profile_params"": {""rem_stage"": 2, ""step_size_hours"": 1, ""window_size_hours"": 6}, ""tau_threshold"": 5.0}",run_output_8day_rem_w6_s1_stage2,rem_w6_s1_stage2
39,4d5a7123784bb599,ok,,concat: range; odd: range,range=beta,16,5.0,2,2,2,164.593853937059,164.593853937059,6.096068664335519,3.048034332167759,0.0095730414534095,3.048034332167759,0.0095730414534095,-329.2656346123028,1.0,1233.0,928.0,0.9355794389887018,0,7,0.8943084938856958,0.9999999299333542,7.046928427990856,0.211487102376431,7.0,7.0,7.0,0.9999998185164812,0.4909625181658905,0,False,,False,2,2,27,3,"[4, 15, 7]",77.87973566600704,"(27, 96)",,[],"{""feature_selection"": {""concat"": [""range""], ""odd"": [""range""]}, ""n_chunks"": 16, ""parameter_selection"": {""range"": {""likelihood"": ""beta""}}, ""rem_profile_params"": {""rem_stage"": 2, ""step_size_hours"": 2, ""window_size_hours"": 2}, ""tau_threshold"": 5.0}",run_output_8day_rem_w2_s2_stage2,rem_w2_s2_stage2
185,d1cb96b8b5cd5785,pareto_filtered,"pareto_k_above_threshold_after_retries: k_max=1.40398, threshold=0.7","concat: range; even: mean; odd: mean, range",mean=lognormal; range=beta,16,5.0,2,2,2,329.08951982863,329.08951982863,12.188500734393704,3.0471251835984265,0.0110547420174447,3.0471251835984265,0.0110547420174447,-659.5690668063615,1.01,593.0,978.0,0.9353045501197372,0,7,0.5790896014077738,0.999399037584462,7.407478195684586,0.5239831668186145,7.0,7.0,8.0,0.9848349517000532,1.403978676819152,2,True,"pareto_k_above_threshold_after_retries: k_max=1.40398, threshold=0.7",False,4,4,27,3,"[3, 21, 15]",312.7007452550169,"(27, 96)",,[],"{""feature_selection"": {""concat"": [""range""], ""even"": [""mean""], ""odd"": [""mean"", ""range""]}, ""n_chunks"": 16, ""parameter_selection"": {""mean"": {""likelihood"": ""lognormal""}, ""range"": {""likelihood"": ""beta""}}, ""rem_profile_params"": {""rem_stage"": 2, ""step_size_hours"": 2, ""window_size_hours"": 2}, ""tau_threshold"": 5.0}",run_output_8day_rem_w2_s2_stage2,rem_w2_s2_stage2
51,9932c0e45e41fff1,pareto_filtered,"pareto_k_above_threshold_after_retries: k_max=0.821292, threshold=0.7",even: range; odd: mean,mean=lognormal; range=beta,16,5.0,2,1,2,164.38291498816085,164.38291498816085,6.088256110672624,3.0441280553363117,0.0138556887630971,3.0441280553363117,0.0138556887630971,-329.04211516003187,1.04,104.0,353.0,0.8691415354045143,0,8,0.1954137236262924,0.5671158020912244,5.905922914483961,2.160503349481852,3.0,7.0,8.0,0.5023299521153688,0.8212921568359617,1,True,"pareto_k_above_threshold_after_retries: k_max=0.821292, threshold=0.7",False,2,2,27,3,"[3, 21, 27]",73.71151304099476,"(27, 184)",,[],"{""feature_selection"": {""even"": [""range""], ""odd"": [""mean""]}, ""n_chunks"": 16, ""parameter_selection"": {""mean"": {""likelihood"": ""lognormal""}, ""range"": {""likelihood"": ""beta""}}, ""rem_profile_params"": {""rem_stage"": 2, ""step_size_hours"": 1, ""window_size_hours"": 2}, ""tau_threshold"": 5.0}",run_output_8day_rem_w2_s1_stage2,rem_w2_s1_stage2
27,b27a457e60137a29,pareto_filtered,"pareto_k_above_threshold_after_retries: k_max=1.01848, threshold=0.7","concat: mean, range; even: mean; odd: mean, range",mean=student_t; range=beta,16,5.0,6,1,2,410.9518006174949,410.9518006174949,15.22043705990722,3.044087411981444,0.0112835782512909,3.044087411981444,0.0112835782512909,-816.3132750901261,1.17,18.0,50.0,0.92197595811408,8,8,0.3009134664540577,0.6028464779526259,5.874292131679006,2.2757532625961145,3.0,7.0,8.0,0.5820383702476986,1.018478917841943,4,True,"pareto_k_above_threshold_after_retries: k_max=1.01848, threshold=0.7",False,5,5,27,3,"[15, 29, 9]",364.7980101900175,"(27, 152)",,[],"{""feature_selection"": {""concat"": [""mean"", ""range""], ""even"": [""mean""], ""odd"": [""mean"", ""range""]}, ""n_chunks"": 16, ""parameter_selection"": {""mean"": {""likelihood"": ""student_t""}, ""range"": {""likelihood"": ""beta""}}, ""rem_profile_params"": {""rem_stage"": 2, ""step_size_hours"": 1, ""window_size_hours"": 6}, ""tau_threshold"": 5.0}",run_output_8day_rem_w6_s1_stage2,rem_w6_s1_stage2
169,7a7a98edf410e0d1,pareto_filtered,"pareto_k_above_threshold_after_retries: k_max=1.61199, threshold=0.7","concat: mean; even: mean; odd: mean, range",mean=lognormal; range=beta,16,5.0,6,1,2,328.7451400783131,328.7451400783131,12.175745928826412,3.043936482206602,0.0149880895619324,3.043936482206602,0.0149880895619324,-645.3560626534902,1.04,77.0,44.0,0.9717909636594454,0,7,0.302402601753205,0.7876187264661673,6.252921076295076,1.056074022264677,6.0,7.0,7.0,0.5438146277035778,1.6119895450669517,3,True,"pareto_k_above_threshold_after_retries: k_max=1.61199, threshold=0.7",False,4,4,27,3,"[15, 3, 0]",259.0713576489943,"(27, 152)",,[],"{""feature_selection"": {""concat"": [""mean""], ""even"": [""mean""], ""odd"": [""mean"", ""range""]}, ""n_chunks"": 16, ""parameter_selection"": {""mean"": {""likelihood"": ""lognormal""}, ""range"": {""likelihood"": ""beta""}}, ""rem_profile_params"": {""rem_stage"": 2, ""step_size_hours"": 1, ""window_size_hours"": 6}, ""tau_threshold"": 5.0}",run_output_8day_rem_w6_s1_stage2,rem_w6_s1_stage2
154,ea16380ea7cabf4f,pareto_filtered,"pareto_k_above_threshold_after_retries: k_max=0.796154, threshold=0.7","concat: mean, range; even: range; odd: range",mean=lognormal; range=lognormal,16,5.0,2,2,2,328.4477841198552,328.4477841198552,12.164732745179824,3.041183186294955,0.0125051257991011,3.041183186294955,0.0125051257991011,-659.7295803690483,1.02,203.0,89.0,0.9735637772426255,0,8,0.6609237661380492,0.9450331653323618,7.586240118593125,1.1732675498863927,8.0,8.0,8.0,0.8906072821986046,0.7961535791643696,2,True,"pareto_k_above_threshold_after_retries: k_max=0.796154, threshold=0.7",False,4,4,27,3,"[21, 3, 15]",71.30219003299135,"(27, 96)",,[],"{""feature_selection"": {""concat"": [""mean"", ""range""], ""even"": [""range""], ""odd"": [""range""]}, ""n_chunks"": 16, ""parameter_selection"": {""mean"": {""likelihood"": ""lognormal""}, ""range"": {""likelihood"": ""lognormal""}}, ""rem_profile_params"": {""rem_stage"": 2, ""step_size_hours"": 2, ""window_size_hours"": 2}, ""tau_threshold"": 5.0}",run_output_8day_rem_w2_s2_stage2,rem_w2_s2_stage2
91,5f8e11f9e22fa53b,pareto_filtered,"pareto_k_above_threshold_after_retries: k_max=1.44517, threshold=0.7",concat: mean; even: range; odd: range,mean=lognormal; range=beta,16,5.0,6,1,2,246.2672931549435,246.2672931549435,9.1210108575905,3.040336952530166,0.0157012711387173,3.040336952530166,0.0157012711387173,-496.0314849375056,1.01,218.0,128.0,0.9435811648573926,0,8,0.5703130048323988,0.8449820936242253,7.176202781742992,1.7464865549856572,8.0,8.0,8.0,0.8365966891334325,1.445166915654585,3,True,"pareto_k_above_threshold_after_retries: k_max=1.44517, threshold=0.7",False,3,3,27,3,"[15, 29, 3]",166.3190177460201,"(27, 152)",,[],"{""feature_selection"": {""concat"": [""mean""], ""even"": [""range""], ""odd"": [""range""]}, ""n_chunks"": 16, ""parameter_selection"": {""mean"": {""likelihood"": ""lognormal""}, ""range"": {""likelihood"": ""beta""}}, ""rem_profile_params"": {""rem_stage"": 2, ""step_size_hours"": 1, ""window_size_hours"": 6}, ""tau_threshold"": 5.0}",run_output_8day_rem_w6_s1_stage2,rem_w6_s1_stage2
9,110c9ff319b621b5,pareto_filtered,"pareto_k_above_threshold_after_retries: k_max=0.917021, threshold=0.7","concat: mean, range; even: mean, range; odd: range",mean=lognormal; range=lognormal,16,5.0,2,2,2,410.11875685212783,410.11875685212783,15.189583587115846,3.037916717423169,0.0121265827743654,3.037916717423169,0.0121265827743654,-821.7999021426314,1.04,141.0,90.0,0.9429567179388336,0,8,0.530057527191953,0.8857441947106354,7.3069188386304464,1.4311458285154008,8.0,8.0,8.0,0.7889972418694251,0.9170213653490696,3,True,"pareto_k_above_threshold_after_retries: k_max=0.917021, threshold=0.7",False,5,5,27,3,"[24, 3, 15]",142.04172854399076,"(27, 96)",,[],"{""feature_selection"": {""concat"": [""mean"", ""range""], ""even"": [""mean"", ""range""], ""odd"": [""range""]}, ""n_chunks"": 16, ""parameter_selection"": {""mean"": {""likelihood"": ""lognormal""}, ""range"": {""likelihood"": ""lognormal""}}, ""rem_profile_params"": {""rem_stage"": 2, ""step_size_hours"": 2, ""window_size_hours"": 2}, ""tau_threshold"": 5.0}",run_output_8day_rem_w2_s2_stage2,rem_w2_s2_stage2
34,0b1784b091e1db5f,pareto_filtered,"pareto_k_above_threshold_after_retries: k_max=1.0031, threshold=0.7","concat: mean; even: mean, range; odd: mean, range",mean=lognormal; range=lognormal,16,5.0,6,1,2,410.0480009641514,410.0480009641514,15.186962998672277,3.037392599734454,0.0124747926476564,3.037392599734454,0.0124747926476564,-819.6077607996913,1.02,251.0,130.0,0.9707086552512894,0,8,0.6603446879687144,0.8741274816193763,7.479969401678735,1.324285931493001,8.0,8.0,8.0,0.8637226564375948,1.0031045382768864,3,True,"pareto_k_above_threshold_after_retries: k_max=1.0031, threshold=0.7",False,5,5,27,3,"[0, 24, 3]",203.8985802099924,"(27, 152)",,[],"{""feature_selection"": {""concat"": [""mean""], ""even"": [""mean"", ""range""], ""odd"": [""mean"", ""range""]}, ""n_chunks"": 16, ""parameter_selection"": {""mean"": {""likelihood"": ""lognormal""}, ""range"": {""likelihood"": ""lognormal""}}, ""rem_profile_params"": {""rem_stage"": 2, ""step_size_hours"": 1, ""window_size_hours"": 6}, ""tau_threshold"": 5.0}",run_output_8day_rem_w6_s1_stage2,rem_w6_s1_stage2
59,d36a9d423f594f69,ok,,"odd: mean, range",mean=student_t; range=beta,16,5.0,6,1,2,163.95840033179988,163.95840033179988,6.072533345622218,3.0362666728111094,0.0109613470869099,3.0362666728111094,0.0109613470869099,-328.2843293886047,1.02,602.0,648.0,1.013782834100663,0,8,0.0871538844353988,0.7635617330381795,6.343732550463555,1.5415353750315794,6.0,7.0,8.0,0.5249524042360041,0.547570074937251,0,False,,False,2,2,27,3,"[29, 15, 3]",109.50530352900388,"(27, 152)",,[],"{""feature_selection"": {""odd"": [""mean"", ""range""]}, ""n_chunks"": 16, ""parameter_selection"": {""mean"": {""likelihood"": ""student_t""}, ""range"": {""likelihood"": ""beta""}}, ""rem_profile_params"": {""rem_stage"": 2, ""step_size_hours"": 1, ""window_size_hours"": 6}, ""tau_threshold"": 5.0}",run_output_8day_rem_w6_s1_stage2,rem_w6_s1_stage2
127,1f486cea565204e4,pareto_filtered,"pareto_k_above_threshold_after_retries: k_max=0.741719, threshold=0.7","even: mean, range; odd: range",mean=student_t; range=beta,16,5.0,2,1,2,245.8439249504981,245.8439249504981,9.105330553722151,3.035110184574051,0.0094756322557277,3.035110184574051,0.0094756322557277,-492.5226034669497,1.01,539.0,803.0,0.891137650578487,0,6,0.2000465775367378,0.8626051144282203,6.586141502257233,1.2116013869241988,6.0,6.0,8.0,0.4909820205508319,0.7417192555274832,1,True,"pareto_k_above_threshold_after_retries: k_max=0.741719, threshold=0.7",False,3,3,27,3,"[27, 21, 26]",272.3678953810013,"(27, 184)",,[],"{""feature_selection"": {""even"": [""mean"", ""range""], ""odd"": [""range""]}, ""n_chunks"": 16, ""parameter_selection"": {""mean"": {""likelihood"": ""student_t""}, ""range"": {""likelihood"": ""beta""}}, ""rem_profile_params"": {""rem_stage"": 2, ""step_size_hours"": 1, ""window_size_hours"": 2}, ""tau_threshold"": 5.0}",run_output_8day_rem_w2_s1_stage2,rem_w2_s1_stage2
156,fb1cc4ee6d66b0ac,ok,,"concat: mean, range; even: range; odd: range",mean=student_t; range=lognormal,16,5.0,2,2,2,351.8511591634354,351.8511591634354,12.1327985918426,3.03319964796065,0.0103357669149451,3.03319964796065,0.0103357669149451,-702.3728201109193,1.01,522.0,603.0,1.0100945761389586,0,8,0.5270994823989301,0.9782011644553332,7.54134146185187,0.8582782062529046,7.0,8.0,8.0,0.8462845483142765,0.6611400237683674,0,False,,False,4,4,29,1,[15],112.91975368000568,"(29, 96)",,[],"{""feature_selection"": {""concat"": [""mean"", ""range""], ""even"": [""range""], ""odd"": [""range""]}, ""n_chunks"": 16, ""parameter_selection"": {""mean"": {""likelihood"": ""student_t""}, ""range"": {""likelihood"": ""lognormal""}}, ""rem_profile_params"": {""rem_stage"": 2, ""step_size_hours"": 2, ""window_size_hours"": 2}, ""tau_threshold"": 5.0}",run_output_8day_rem_w2_s2_stage2,rem_w2_s2_stage2
140,8a3eb3722c158f38,pareto_filtered,"pareto_k_above_threshold_after_retries: k_max=0.772296, threshold=0.7","concat: mean, range; even: mean, range",mean=student_t; range=lognormal,16,5.0,6,1,2,327.15816929523646,327.15816929523646,12.116969233156906,3.029242308289226,0.0113561521395002,3.029242308289226,0.0113561521395002,-652.7938331295676,1.09,40.0,34.0,1.0833393916672716,0,8,0.663225970257733,0.8154544786691522,7.06312085113104,1.923591243598768,8.0,8.0,8.0,0.8121558886988477,0.7722964878606556,2,True,"pareto_k_above_threshold_after_retries: k_max=0.772296, threshold=0.7",False,4,4,27,3,"[15, 3, 2]",254.9636011620169,"(27, 152)",,[],"{""feature_selection"": {""concat"": [""mean"", ""range""], ""even"": [""mean"", ""range""]}, ""n_chunks"": 16, ""parameter_selection"": {""mean"": {""likelihood"": ""student_t""}, ""range"": {""likelihood"": ""lognormal""}}, ""rem_profile_params"": {""rem_stage"": 2, ""step_size_hours"": 1, ""window_size_hours"": 6}, ""tau_threshold"": 5.0}",run_output_8day_rem_w6_s1_stage2,rem_w6_s1_stage2
120,9afc2a3b0f67d10e,pareto_filtered,"pareto_k_above_threshold_after_retries: k_max=0.700699, threshold=0.7","concat: range; odd: mean, range",mean=student_t; range=lognormal,16,5.0,2,2,2,245.2688763818466,245.2688763818466,9.084032458586911,3.02801081952897,0.0134388343796217,3.02801081952897,0.0134388343796217,-491.1505055035238,1.01,339.0,545.0,0.933717566146975,0,8,0.4267386735254533,0.9485203843181332,7.17846082821937,1.2070507779265087,6.0,8.0,8.0,0.6817410023024648,0.7006990358287943,1,True,"pareto_k_above_threshold_after_retries: k_max=0.700699, threshold=0.7",False,3,3,27,3,"[3, 15, 21]",159.95180425501894,"(27, 96)",,[],"{""feature_selection"": {""concat"": [""range""], ""odd"": [""mean"", ""range""]}, ""n_chunks"": 16, ""parameter_selection"": {""mean"": {""likelihood"": ""student_t""}, ""range"": {""likelihood"": ""lognormal""}}, ""rem_profile_params"": {""rem_stage"": 2, ""step_size_hours"": 2, ""window_size_hours"": 2}, ""tau_threshold"": 5.0}",run_output_8day_rem_w2_s2_stage2,rem_w2_s2_stage2
83,247155a7dbf87212,pareto_filtered,"pareto_k_above_threshold_after_retries: k_max=1.20069, threshold=0.7",concat: mean; even: mean; odd: range,mean=lognormal; range=beta,16,5.0,6,1,2,245.0824174598725,245.0824174598725,9.07712657258787,3.0257088575292896,0.0161077779044907,3.0257088575292896,0.0161077779044907,-491.59692504834544,1.01,177.0,210.0,0.938159315119501,0,8,0.4073897473708205,0.7218410348632968,6.67132033811428,2.041354886224488,5.0,8.0,8.0,0.7069178971331727,1.2006932662206395,2,True,"pareto_k_above_threshold_after_retries: k_max=1.20069, threshold=0.7",False,3,3,27,3,"[15, 29, 3]",111.22426058200654,"(27, 152)",,[],"{""feature_selection"": {""concat"": [""mean""], ""even"": [""mean""], ""odd"": [""range""]}, ""n_chunks"": 16, ""parameter_selection"": {""mean"": {""likelihood"": ""lognormal""}, ""range"": {""likelihood"": ""beta""}}, ""rem_profile_params"": {""rem_stage"": 2, ""step_size_hours"": 1, ""window_size_hours"": 6}, ""tau_threshold"": 5.0}",run_output_8day_rem_w6_s1_stage2,rem_w6_s1_stage2
155,dbbcdcfa14e6e56c,pareto_filtered,"pareto_k_above_threshold_after_retries: k_max=1.09967, threshold=0.7","concat: mean, range; even: range; odd: range",mean=student_t; range=beta,16,5.0,6,1,2,326.6451439037881,326.6451439037881,12.097968292732892,3.0244920731832226,0.011150748001352,3.0244920731832226,0.011150748001352,-654.4815448913046,1.04,68.0,43.0,0.8479836989246378,0,3,0.5026152514811119,0.2048219371725254,3.964062625197803,1.7978773873946208,3.0,3.0,4.0,0.1929999880570554,1.099667283931604,3,True,"pareto_k_above_threshold_after_retries: k_max=1.09967, threshold=0.7",False,4,4,27,3,"[15, 29, 9]",366.3269146530074,"(27, 152)",,[],"{""feature_selection"": {""concat"": [""mean"", ""range""], ""even"": [""range""], ""odd"": [""range""]}, ""n_chunks"": 16, ""parameter_selection"": {""mean"": {""likelihood"": ""student_t""}, ""range"": {""likelihood"": ""beta""}}, ""rem_profile_params"": {""rem_stage"": 2, ""step_size_hours"": 1, ""window_size_hours"": 6}, ""tau_threshold"": 5.0}",run_output_8day_rem_w6_s1_stage2,rem_w6_s1_stage2
123,f198e6c1c8b28b4b,ok,,"even: mean, range; odd: mean",mean=student_t; range=beta,16,5.0,2,2,2,272.15484200289893,272.15484200289893,9.071828066763295,3.023942688921099,0.011351485469881,3.023942688921099,0.011351485469881,-545.2428778111392,1.01,552.0,929.0,0.96774871122695,0,8,0.3441900896729842,0.959398219097644,6.905111239960052,1.1121385455719477,6.0,7.0,8.0,0.5644609091812627,0.5758016326337742,0,False,,False,3,3,30,0,[],54.83941486600088,"(30, 96)",,[],"{""feature_selection"": {""even"": [""mean"", ""range""], ""odd"": [""mean""]}, ""n_chunks"": 16, ""parameter_selection"": {""mean"": {""likelihood"": ""student_t""}, ""range"": {""likelihood"": ""beta""}}, ""rem_profile_params"": {""rem_stage"": 2, ""step_size_hours"": 2, ""window_size_hours"": 2}, ""tau_threshold"": 5.0}",run_output_8day_rem_w2_s2_stage2,rem_w2_s2_stage2
156,6cf87ca3bc5c0946,ok,,"concat: mean, range; even: range; odd: range",mean=student_t; range=lognormal,16,5.0,3,1,2,362.3522556289708,362.3522556289708,12.078408520965692,3.0196021302414224,0.0092365526136665,3.0196021302414224,0.0092365526136665,-720.5646668402366,1.01,332.0,362.0,1.0397489376852758,0,8,0.6271515713899558,0.9884888175984656,7.717745619610329,0.5873556177732492,8.0,8.0,8.0,0.9675613396313292,0.692685189787903,0,False,,False,4,4,30,0,[],57.03414951398736,"(30, 176)",,[],"{""feature_selection"": {""concat"": [""mean"", ""range""], ""even"": [""range""], ""odd"": [""range""]}, ""n_chunks"": 16, ""parameter_selection"": {""mean"": {""likelihood"": ""student_t""}, ""range"": {""likelihood"": ""lognormal""}}, ""rem_profile_params"": {""rem_stage"": 2, ""step_size_hours"": 1, ""window_size_hours"": 3}, ""tau_threshold"": 5.0}",run_output_8day_rem_w3_s1_stage2,rem_w3_s1_stage2
129,7faed4561fbab74e,pareto_filtered,"pareto_k_above_threshold_after_retries: k_max=0.839707, threshold=0.7","even: mean; odd: mean, range",mean=lognormal; range=beta,16,5.0,3,1,2,244.3973906345716,244.3973906345716,9.051755208687837,3.0172517362292783,0.013861261434579,3.0172517362292783,0.013861261434579,-491.11606119521554,1.01,1085.0,677.0,1.017052838474631,0,8,0.9065140879909754,0.9840052715605798,7.911571644886146,0.5981098509171578,8.0,8.0,8.0,0.981567021176325,0.8397072642193564,2,True,"pareto_k_above_threshold_after_retries: k_max=0.839707, threshold=0.7",False,3,3,27,3,"[3, 21, 15]",160.36987553100334,"(27, 176)",,[],"{""feature_selection"": {""even"": [""mean""], ""odd"": [""mean"", ""range""]}, ""n_chunks"": 16, ""parameter_selection"": {""mean"": {""likelihood"": ""lognormal""}, ""range"": {""likelihood"": ""beta""}}, ""rem_profile_params"": {""rem_stage"": 2, ""step_size_hours"": 1, ""window_size_hours"": 3}, ""tau_threshold"": 5.0}",run_output_8day_rem_w3_s1_stage2,rem_w3_s1_stage2
107,2a6b4ae904bd2270,ok,,concat: range; even: mean; odd: range,mean=lognormal; range=beta,16,5.0,2,2,2,244.33219355652187,244.33219355652187,9.049340502093402,3.016446834031134,0.0105127680699181,3.016446834031134,0.0105127680699181,-488.71586830735686,1.01,1064.0,919.0,0.9922488974923588,0,7,0.8838751543030927,0.999999999454916,7.0532819087933065,0.2245951321662051,7.0,7.0,7.0,0.9999999878881928,0.5974031058869824,0,False,,False,3,3,27,3,"[4, 7, 15]",169.29326749200118,"(27, 96)",,[],"{""feature_selection"": {""concat"": [""range""], ""even"": [""mean""], ""odd"": [""range""]}, ""n_chunks"": 16, ""parameter_selection"": {""mean"": {""likelihood"": ""lognormal""}, ""range"": {""likelihood"": ""beta""}}, ""rem_profile_params"": {""rem_stage"": 2, ""step_size_hours"": 2, ""window_size_hours"": 2}, ""tau_threshold"": 5.0}",run_output_8day_rem_w2_s2_stage2,rem_w2_s2_stage2
166,3675b66c2b17d8ad,pareto_filtered,"pareto_k_above_threshold_after_retries: k_max=0.866613, threshold=0.7","concat: mean; even: mean, range; odd: range",mean=lognormal; range=lognormal,16,5.0,6,1,2,325.13949847837915,325.13949847837915,12.042203647347376,3.0105509118368428,0.0150353877656321,3.0105509118368428,0.0150353877656321,-653.1764524245293,1.03,299.0,144.0,1.0798697757457671,0,8,0.7911441729058503,0.9951174860318666,7.877194917008426,0.44243975543068,8.0,8.0,8.0,0.9768445853209328,0.8666133692222059,2,True,"pareto_k_above_threshold_after_retries: k_max=0.866613, threshold=0.7",False,4,4,27,3,"[3, 0, 27]",172.17849852901418,"(27, 152)",,[],"{""feature_selection"": {""concat"": [""mean""], ""even"": [""mean"", ""range""], ""odd"": [""range""]}, ""n_chunks"": 16, ""parameter_selection"": {""mean"": {""likelihood"": ""lognormal""}, ""range"": {""likelihood"": ""lognormal""}}, ""rem_profile_params"": {""rem_stage"": 2, ""step_size_hours"": 1, ""window_size_hours"": 6}, ""tau_threshold"": 5.0}",run_output_8day_rem_w6_s1_stage2,rem_w6_s1_stage2
29,41a4de1896d44a80,pareto_filtered,"pareto_k_above_threshold_after_retries: k_max=0.983494, threshold=0.7","concat: mean, range; even: range; odd: mean, range",mean=lognormal; range=beta,16,5.0,6,1,2,405.5678994184843,405.5678994184843,15.021033311795714,3.004206662359143,0.0099044176019382,3.004206662359143,0.0099044176019382,-809.9529817653915,1.01,1709.0,1121.0,1.0436167225756312,0,5,0.9958570713186674,0.0009291451950956,5.000929821402147,0.0305099332520885,5.0,5.0,5.0,7.872296707658996e-07,0.983493644026612,3,True,"pareto_k_above_threshold_after_retries: k_max=0.983494, threshold=0.7",False,5,5,27,3,"[3, 0, 24]",284.0542268160207,"(27, 152)",,[],"{""feature_selection"": {""concat"": [""mean"", ""range""], ""even"": [""range""], ""odd"": [""mean"", ""range""]}, ""n_chunks"": 16, ""parameter_selection"": {""mean"": {""likelihood"": ""lognormal""}, ""range"": {""likelihood"": ""beta""}}, ""rem_profile_params"": {""rem_stage"": 2, ""step_size_hours"": 1, ""window_size_hours"": 6}, ""tau_threshold"": 5.0}",run_output_8day_rem_w6_s1_stage2,rem_w6_s1_stage2
30,dbf254a041a6639c,ok,,concat: range; even: mean,mean=lognormal; range=lognormal,16,5.0,2,2,2,173.94315451550924,173.94315451550924,5.998039810879629,2.9990199054398152,0.0117417467674149,2.9990199054398152,0.0117417467674149,-348.0025295557802,1.01,1036.0,1035.0,1.0062500937825176,0,7,0.3687629136963278,0.9126150765996648,6.6389188215075565,0.9505580190396448,6.0,7.0,7.0,0.7059747724859691,0.5539962503962383,0,False,,False,2,2,29,1,[15],25.284589576011054,"(29, 96)",,[],"{""feature_selection"": {""concat"": [""range""], ""even"": [""mean""]}, ""n_chunks"": 16, ""parameter_selection"": {""mean"": {""likelihood"": ""lognormal""}, ""range"": {""likelihood"": ""lognormal""}}, ""rem_profile_params"": {""rem_stage"": 2, ""step_size_hours"": 2, ""window_size_hours"": 2}, ""tau_threshold"": 5.0}",run_output_8day_rem_w2_s2_stage2,rem_w2_s2_stage2
26,5d22ba528f14f914,pareto_filtered,"pareto_k_above_threshold_after_retries: k_max=0.777656, threshold=0.7","concat: mean, range; even: mean; odd: mean, range",mean=lognormal; range=lognormal,16,5.0,6,1,2,403.8960608482304,403.8960608482304,14.959113364749276,2.991822672949855,0.0105445648557947,2.991822672949855,0.0105445648557947,-807.0884878635732,1.06,48.0,48.0,0.9213643663425798,0,5,0.2948813138211059,0.2375712690232489,5.358543386696193,1.3446057870557693,5.0,5.0,5.0,0.193703342459225,0.7776556221099464,2,True,"pareto_k_above_threshold_after_retries: k_max=0.777656, threshold=0.7",False,5,5,27,3,"[3, 0, 24]",192.8829368230072,"(27, 152)",,[],"{""feature_selection"": {""concat"": [""mean"", ""range""], ""even"": [""mean""], ""odd"": [""mean"", ""range""]}, ""n_chunks"": 16, ""parameter_selection"": {""mean"": {""likelihood"": ""lognormal""}, ""range"": {""likelihood"": ""lognormal""}}, ""rem_profile_params"": {""rem_stage"": 2, ""step_size_hours"": 1, ""window_size_hours"": 6}, ""tau_threshold"": 5.0}",run_output_8day_rem_w6_s1_stage2,rem_w6_s1_stage2
44,4fe695adf6c80fd7,pareto_filtered,"pareto_k_above_threshold_after_retries: k_max=0.984728, threshold=0.7","concat: mean, range; even: mean, range; odd: mean, range",mean=student_t; range=lognormal,16,5.0,6,1,2,484.003743910965,484.003743910965,17.926064589295,2.9876774315491668,0.0099791262056391,2.9876774315491668,0.0099791262056391,-969.08598760118,1.01,1647.0,1191.0,0.992535197617766,0,8,0.9812528742732216,0.9998784896828344,7.994197165531245,0.0916336140317168,8.0,8.0,8.0,0.9995098046490456,0.984728144881616,3,True,"pareto_k_above_threshold_after_retries: k_max=0.984728, threshold=0.7",False,6,6,27,3,"[15, 3, 2]",442.53971825598273,"(27, 152)",,[],"{""feature_selection"": {""concat"": [""mean"", ""range""], ""even"": [""mean"", ""range""], ""odd"": [""mean"", ""range""]}, ""n_chunks"": 16, ""parameter_selection"": {""mean"": {""likelihood"": ""student_t""}, ""range"": {""likelihood"": ""lognormal""}}, ""rem_profile_params"": {""rem_stage"": 2, ""step_size_hours"": 1, ""window_size_hours"": 6}, ""tau_threshold"": 5.0}",run_output_8day_rem_w6_s1_stage2,rem_w6_s1_stage2
173,2b534b436109853b,pareto_filtered,"pareto_k_above_threshold_after_retries: k_max=1.41376, threshold=0.7","concat: mean; even: range; odd: mean, range",mean=lognormal; range=beta,16,5.0,6,1,2,322.50968138228285,322.50968138228285,11.944803014158625,2.986200753539656,0.0143328455944812,2.986200753539656,0.0143328455944812,-640.9011515344966,1.02,198.0,166.0,1.0353519723249192,0,7,0.4894375614700553,0.9126508677330708,6.513542834451538,0.8545216475852457,6.0,7.0,7.0,0.6630465081886122,1.413757097665086,3,True,"pareto_k_above_threshold_after_retries: k_max=1.41376, threshold=0.7",False,4,4,27,3,"[0, 3, 15]",282.0954964940029,"(27, 152)",,[],"{""feature_selection"": {""concat"": [""mean""], ""even"": [""range""], ""odd"": [""mean"", ""range""]}, ""n_chunks"": 16, ""parameter_selection"": {""mean"": {""likelihood"": ""lognormal""}, ""range"": {""likelihood"": ""beta""}}, ""rem_profile_params"": {""rem_stage"": 2, ""step_size_hours"": 1, ""window_size_hours"": 6}, ""tau_threshold"": 5.0}",run_output_8day_rem_w6_s1_stage2,rem_w6_s1_stage2
51,0d68517ebe946c55,ok,,even: range; odd: mean,mean=lognormal; range=beta,16,5.0,2,2,2,161.2491574240861,161.2491574240861,5.972191015706892,2.986095507853446,0.0138561532354253,2.986095507853446,0.0138561532354253,-322.6805286353162,1.01,320.0,464.0,0.954755442000634,0,8,0.2144160946612135,0.7743830763479539,6.573231794956057,1.6829474941111022,6.0,7.0,8.0,0.5621996209106632,0.5241946680967622,0,False,,False,2,2,27,3,"[3, 21, 0]",75.21622260200093,"(27, 96)",,[],"{""feature_selection"": {""even"": [""range""], ""odd"": [""mean""]}, ""n_chunks"": 16, ""parameter_selection"": {""mean"": {""likelihood"": ""lognormal""}, ""range"": {""likelihood"": ""beta""}}, ""rem_profile_params"": {""rem_stage"": 2, ""step_size_hours"": 2, ""window_size_hours"": 2}, ""tau_threshold"": 5.0}",run_output_8day_rem_w2_s2_stage2,rem_w2_s2_stage2
177,4196947a036f562e,pareto_filtered,"pareto_k_above_threshold_after_retries: k_max=0.808275, threshold=0.7","concat: range; even: mean, range; odd: mean",mean=lognormal; range=beta,16,5.0,3,1,2,322.3257503864654,322.3257503864654,11.937990755054274,2.984497688763569,0.0114994208751493,2.984497688763569,0.0114994208751493,-642.818791121135,1.01,301.0,296.0,0.8661783304285581,0,8,0.5397205720039323,0.973371309983166,7.403832349676337,0.8465511641965014,7.0,8.0,8.0,0.9714626046716016,0.8082745403661061,2,True,"pareto_k_above_threshold_after_retries: k_max=0.808275, threshold=0.7",False,4,4,27,3,"[3, 21, 23]",315.44920130597893,"(27, 176)",,[],"{""feature_selection"": {""concat"": [""range""], ""even"": [""mean"", ""range""], ""odd"": [""mean""]}, ""n_chunks"": 16, ""parameter_selection"": {""mean"": {""likelihood"": ""lognormal""}, ""range"": {""likelihood"": ""beta""}}, ""rem_profile_params"": {""rem_stage"": 2, ""step_size_hours"": 1, ""window_size_hours"": 3}, ""tau_threshold"": 5.0}",run_output_8day_rem_w3_s1_stage2,rem_w3_s1_stage2
178,bb10bddfe7a2ad6e,pareto_filtered,"pareto_k_above_threshold_after_retries: k_max=1.08823, threshold=0.7","concat: range; even: mean, range; odd: mean",mean=lognormal; range=lognormal,16,5.0,2,1,2,322.2674388434486,322.2674388434486,11.935831068275874,2.9839577670689685,0.0123327485963775,2.9839577670689685,0.0123327485963775,-649.7781285186925,1.01,235.0,112.0,0.9898642531141708,0,3,0.8245091745637013,0.0641950502137634,3.314224344185285,1.178977289048276,3.0,3.0,3.0,0.0615400416465726,1.0882336425274173,4,True,"pareto_k_above_threshold_after_retries: k_max=1.08823, threshold=0.7",False,4,4,27,3,"[3, 21, 25]",88.23801698200987,"(27, 184)",,[],"{""feature_selection"": {""concat"": [""range""], ""even"": [""mean"", ""range""], ""odd"": [""mean""]}, ""n_chunks"": 16, ""parameter_selection"": {""mean"": {""likelihood"": ""lognormal""}, ""range"": {""likelihood"": ""lognormal""}}, ""rem_profile_params"": {""rem_stage"": 2, ""step_size_hours"": 1, ""window_size_hours"": 2}, ""tau_threshold"": 5.0}",run_output_8day_rem_w2_s1_stage2,rem_w2_s1_stage2
154,a5118c172a7209eb,ok,,"concat: mean, range; even: range; odd: range",mean=lognormal; range=lognormal,16,5.0,3,1,2,333.6996263291449,333.6996263291449,11.91784379746946,2.9794609493673643,0.0117964236446486,2.9794609493673643,0.0117964236446486,-668.2515542468947,1.01,1099.0,560.0,0.981394226142287,0,8,0.928738975735858,0.9989914269414736,7.96385770801736,0.2553920574286741,8.0,8.0,8.0,0.987742244009964,0.6860111970506845,0,False,,False,4,4,28,2,"[3, 15]",99.836190394999,"(28, 176)",,[],"{""feature_selection"": {""concat"": [""mean"", ""range""], ""even"": [""range""], ""odd"": [""range""]}, ""n_chunks"": 16, ""parameter_selection"": {""mean"": {""likelihood"": ""lognormal""}, ""range"": {""likelihood"": ""lognormal""}}, ""rem_profile_params"": {""rem_stage"": 2, ""step_size_hours"": 1, ""window_size_hours"": 3}, ""tau_threshold"": 5.0}",run_output_8day_rem_w3_s1_stage2,rem_w3_s1_stage2
26,237230e6a2488951,pareto_filtered,"pareto_k_above_threshold_after_retries: k_max=0.854539, threshold=0.7","concat: range; even: mean, range; odd: mean, range",mean=student_t; range=beta,16,5.0,2,2,2,401.6029514936652,401.6029514936652,14.874183388654265,2.9748366777308526,0.0096070854867918,2.9748366777308526,0.0096070854867918,-804.2894244919397,1.01,910.0,737.0,0.9557874193521332,0,7,0.8111612199929139,0.9999999999954576,7.106132793755881,0.3080076427641523,7.0,7.0,7.0,0.9999999579312486,0.8545389505970522,1,True,"pareto_k_above_threshold_after_retries: k_max=0.854539, threshold=0.7",False,5,5,27,3,"[4, 15, 7]",363.9153543880093,"(27, 96)",,[],"{""feature_selection"": {""concat"": [""range""], ""even"": [""mean"", ""range""], ""odd"": [""mean"", ""range""]}, ""n_chunks"": 16, ""parameter_selection"": {""mean"": {""likelihood"": ""student_t""}, ""range"": {""likelihood"": ""beta""}}, ""rem_profile_params"": {""rem_stage"": 2, ""step_size_hours"": 2, ""window_size_hours"": 2}, ""tau_threshold"": 5.0}",run_output_8day_rem_w2_s2_stage2,rem_w2_s2_stage2
102,bb9e2d48acdcc98c,pareto_filtered,"pareto_k_above_threshold_after_retries: k_max=0.933936, threshold=0.7","concat: range; even: mean, range",mean=student_t; range=lognormal,16,5.0,2,1,2,240.95987126336144,240.95987126336144,8.924439676420794,2.974813225473598,0.0094106968046476,2.974813225473598,0.0094106968046476,-482.7336863310059,1.01,387.0,423.0,0.9313368041504478,0,7,0.4823167985345011,0.9057054923225468,6.761493409079481,1.1304208893803829,7.0,7.0,7.0,0.8642257503417878,0.9339361313744868,2,True,"pareto_k_above_threshold_after_retries: k_max=0.933936, threshold=0.7",False,3,3,27,3,"[27, 25, 23]",168.9380600109871,"(27, 184)",,[],"{""feature_selection"": {""concat"": [""range""], ""even"": [""mean"", ""range""]}, ""n_chunks"": 16, ""parameter_selection"": {""mean"": {""likelihood"": ""student_t""}, ""range"": {""likelihood"": ""lognormal""}}, ""rem_profile_params"": {""rem_stage"": 2, ""step_size_hours"": 1, ""window_size_hours"": 2}, ""tau_threshold"": 5.0}",run_output_8day_rem_w2_s1_stage2,rem_w2_s1_stage2
104,80b30ccf66de7a59,pareto_filtered,"pareto_k_above_threshold_after_retries: k_max=1.13888, threshold=0.7",concat: range; even: mean; odd: mean,mean=lognormal; range=lognormal,16,5.0,3,1,2,240.6990453822863,240.6990453822863,8.914779458603196,2.9715931528677317,0.0141784318936813,2.9715931528677317,0.0141784318936813,-480.2676033819509,1.06,106.0,272.0,0.9976269450307216,0,3,0.3935004834849042,0.4084343726887091,4.948560153125216,2.308582448525916,3.0,3.0,8.0,0.3685503921840871,1.1388804768242018,3,True,"pareto_k_above_threshold_after_retries: k_max=1.13888, threshold=0.7",False,3,3,27,3,"[3, 21, 25]",72.87814778200118,"(27, 176)",,[],"{""feature_selection"": {""concat"": [""range""], ""even"": [""mean""], ""odd"": [""mean""]}, ""n_chunks"": 16, ""parameter_selection"": {""mean"": {""likelihood"": ""lognormal""}, ""range"": {""likelihood"": ""lognormal""}}, ""rem_profile_params"": {""rem_stage"": 2, ""step_size_hours"": 1, ""window_size_hours"": 3}, ""tau_threshold"": 5.0}",run_output_8day_rem_w3_s1_stage2,rem_w3_s1_stage2
5,d9c81b660a9533bc,ok,,even: mean,mean=lognormal,16,5.0,3,1,2,83.19782534825768,83.19782534825768,2.971350905294917,2.9713509052949174,0.0177289550418399,2.9713509052949174,0.0177289550418399,-166.48512723026624,1.0,1082.0,1140.0,0.976391244005892,0,7,0.4243993531729387,0.8950240704189614,6.566851658326234,1.112601364862232,7.0,7.0,7.0,0.7530122508907146,0.4890523049299861,0,False,,False,1,1,28,2,"[25, 23]",29.361131734011,"(28, 176)",,[],"{""feature_selection"": {""even"": [""mean""]}, ""n_chunks"": 16, ""parameter_selection"": {""mean"": {""likelihood"": ""lognormal""}}, ""rem_profile_params"": {""rem_stage"": 2, ""step_size_hours"": 1, ""window_size_hours"": 3}, ""tau_threshold"": 5.0}",run_output_8day_rem_w3_s1_stage2,rem_w3_s1_stage2
21,9460ef6e88fc2053,ok,,"concat: range; even: mean, range; odd: mean, range",mean=student_t; range=beta,16,5.0,3,1,2,430.8278729280156,430.8278729280156,14.856133549241918,2.971226709848384,0.009428065453533,2.971226709848384,0.009428065453533,-861.0003669844049,1.01,970.0,794.0,0.979817780051794,0,8,0.8297754972133526,0.999987936022902,7.909415294729555,0.2879237469347223,8.0,8.0,8.0,0.9997646175456046,0.6799147157461374,0,False,,False,5,5,29,1,[15],188.14093759201933,"(29, 176)",,[],"{""feature_selection"": {""concat"": [""range""], ""even"": [""mean"", ""range""], ""odd"": [""mean"", ""range""]}, ""n_chunks"": 16, ""parameter_selection"": {""mean"": {""likelihood"": ""student_t""}, ""range"": {""likelihood"": ""beta""}}, ""rem_profile_params"": {""rem_stage"": 2, ""step_size_hours"": 1, ""window_size_hours"": 3}, ""tau_threshold"": 5.0}",run_output_8day_rem_w3_s1_stage2,rem_w3_s1_stage2
129,26ee280a99da3492,pareto_filtered,"pareto_k_above_threshold_after_retries: k_max=1.0843, threshold=0.7","even: mean; odd: mean, range",mean=lognormal; range=beta,16,5.0,2,2,2,240.59433465381255,240.59433465381255,8.91090128347454,2.9703004278248466,0.0112407745695619,2.9703004278248466,0.0112407745695619,-481.3265832819935,1.01,503.0,775.0,1.0550100408285277,0,8,0.4302768959442932,0.992927963253522,7.36161620668793,0.8227988929827883,7.0,8.0,8.0,0.8208850547029807,1.0843045441918338,2,True,"pareto_k_above_threshold_after_retries: k_max=1.0843, threshold=0.7",False,3,3,27,3,"[3, 21, 0]",166.29540202699718,"(27, 96)",,[],"{""feature_selection"": {""even"": [""mean""], ""odd"": [""mean"", ""range""]}, ""n_chunks"": 16, ""parameter_selection"": {""mean"": {""likelihood"": ""lognormal""}, ""range"": {""likelihood"": ""beta""}}, ""rem_profile_params"": {""rem_stage"": 2, ""step_size_hours"": 2, ""window_size_hours"": 2}, ""tau_threshold"": 5.0}",run_output_8day_rem_w2_s2_stage2,rem_w2_s2_stage2
25,a874eba7b51644eb,pareto_filtered,"pareto_k_above_threshold_after_retries: k_max=1.19239, threshold=0.7","concat: mean, range; even: mean; odd: mean, range",mean=lognormal; range=beta,16,5.0,6,1,2,399.6898555495866,399.6898555495866,14.803327983318024,2.960665596663605,0.0131556271139077,2.960665596663605,0.0131556271139077,-792.9540197604956,1.01,950.0,1024.0,1.027585356398381,0,5,0.6114765289431838,0.3566491501192337,5.366383864725212,0.5016184646542802,5.0,5.0,6.0,0.0097357726424146,1.192393261930488,2,True,"pareto_k_above_threshold_after_retries: k_max=1.19239, threshold=0.7",False,5,5,27,3,"[3, 0, 15]",235.79138372800665,"(27, 152)",,[],"{""feature_selection"": {""concat"": [""mean"", ""range""], ""even"": [""mean""], ""odd"": [""mean"", ""range""]}, ""n_chunks"": 16, ""parameter_selection"": {""mean"": {""likelihood"": ""lognormal""}, ""range"": {""likelihood"": ""beta""}}, ""rem_profile_params"": {""rem_stage"": 2, ""step_size_hours"": 1, ""window_size_hours"": 6}, ""tau_threshold"": 5.0}",run_output_8day_rem_w6_s1_stage2,rem_w6_s1_stage2
43,feb2b900656af5d2,pareto_filtered,"pareto_k_above_threshold_after_retries: k_max=1.01598, threshold=0.7","concat: mean, range; even: mean, range; odd: mean, range",mean=student_t; range=beta,16,5.0,6,1,2,479.3866437235993,479.3866437235993,17.755060878651825,2.9591768131086376,0.0106133921866623,2.9591768131086376,0.0106133921866623,-959.544562814924,1.01,1279.0,837.0,0.9406100896093073,0,3,0.905961021470998,0.0015197730419445,3.040833730032293,0.2277167479308755,3.0,3.0,3.0,6.542065234187871e-05,1.0159801359264349,5,True,"pareto_k_above_threshold_after_retries: k_max=1.01598, threshold=0.7",False,6,6,27,3,"[15, 29, 28]",548.5619286319998,"(27, 152)",,[],"{""feature_selection"": {""concat"": [""mean"", ""range""], ""even"": [""mean"", ""range""], ""odd"": [""mean"", ""range""]}, ""n_chunks"": 16, ""parameter_selection"": {""mean"": {""likelihood"": ""student_t""}, ""range"": {""likelihood"": ""beta""}}, ""rem_profile_params"": {""rem_stage"": 2, ""step_size_hours"": 1, ""window_size_hours"": 6}, ""tau_threshold"": 5.0}",run_output_8day_rem_w6_s1_stage2,rem_w6_s1_stage2
111,6331ae4613b746e6,ok,,concat: range; even: range; odd: mean,mean=lognormal; range=beta,16,5.0,3,1,2,248.4743363719768,248.4743363719768,8.874083441856316,2.958027813952105,0.0125088768554743,2.958027813952105,0.0125088768554743,-496.9411176879818,1.01,464.0,373.0,0.9178903619545687,0,8,0.5624897639718853,0.9575948632025352,7.564587946262184,0.9722813910255368,7.0,8.0,8.0,0.9478001987139836,0.5971385435754051,0,False,,False,3,3,28,2,"[3, 21]",118.7888667639927,"(28, 176)",,[],"{""feature_selection"": {""concat"": [""range""], ""even"": [""range""], ""odd"": [""mean""]}, ""n_chunks"": 16, ""parameter_selection"": {""mean"": {""likelihood"": ""lognormal""}, ""range"": {""likelihood"": ""beta""}}, ""rem_profile_params"": {""rem_stage"": 2, ""step_size_hours"": 1, ""window_size_hours"": 3}, ""tau_threshold"": 5.0}",run_output_8day_rem_w3_s1_stage2,rem_w3_s1_stage2
115,ffebd23b69ed1544,ok,,concat: range; even: range; odd: range,range=beta,16,5.0,2,1,2,239.55655683379976,239.55655683379976,8.87246506791851,2.957488355972836,0.00953350396152,2.957488355972836,0.00953350396152,-479.28315480649366,1.01,602.0,598.0,0.9534503459663212,0,8,0.4579599729397724,0.9726801478925264,7.134896437495851,1.06093830305624,6.0,8.0,8.0,0.6176098323765749,0.5030182035089922,0,False,,False,3,3,27,3,"[4, 15, 27]",247.7931572489906,"(27, 184)",,[],"{""feature_selection"": {""concat"": [""range""], ""even"": [""range""], ""odd"": [""range""]}, ""n_chunks"": 16, ""parameter_selection"": {""range"": {""likelihood"": ""beta""}}, ""rem_profile_params"": {""rem_stage"": 2, ""step_size_hours"": 1, ""window_size_hours"": 2}, ""tau_threshold"": 5.0}",run_output_8day_rem_w2_s1_stage2,rem_w2_s1_stage2
10,3963f3855dad69b7,ok,,odd: mean,mean=student_t,16,5.0,6,1,2,88.61725560768188,88.61725560768188,2.953908520256063,2.9539085202560624,0.0215783764525649,2.9539085202560624,0.0215783764525649,-177.22666344366095,1.0,789.0,892.0,1.0266160243012696,0,6,0.0196490060708585,0.5871196424821016,5.67880766369267,1.6377171083262898,4.0,6.0,7.0,0.3253274168323384,0.6387693455243525,0,False,,False,1,1,30,0,[],10.194891960010864,"(30, 152)",,[],"{""feature_selection"": {""odd"": [""mean""]}, ""n_chunks"": 16, ""parameter_selection"": {""mean"": {""likelihood"": ""student_t""}}, ""rem_profile_params"": {""rem_stage"": 2, ""step_size_hours"": 1, ""window_size_hours"": 6}, ""tau_threshold"": 5.0}",run_output_8day_rem_w6_s1_stage2,rem_w6_s1_stage2
156,f252426697078c9c,pareto_filtered,"pareto_k_above_threshold_after_retries: k_max=1.01092, threshold=0.7","concat: mean, range; even: range; odd: range",mean=student_t; range=lognormal,16,5.0,6,1,2,318.5747745536511,318.5747745536511,11.7990657242093,2.9497664310523253,0.0125192625597982,2.9497664310523253,0.0125192625597982,-638.414211495927,1.02,468.0,331.0,1.0535789317088209,0,8,0.8878433372781923,0.9766353632104466,7.8665900916667875,0.7608100501615004,8.0,8.0,8.0,0.9758875932753228,1.0109200830224836,3,True,"pareto_k_above_threshold_after_retries: k_max=1.01092, threshold=0.7",False,4,4,27,3,"[3, 15, 2]",239.85183024100843,"(27, 152)",,[],"{""feature_selection"": {""concat"": [""mean"", ""range""], ""even"": [""range""], ""odd"": [""range""]}, ""n_chunks"": 16, ""parameter_selection"": {""mean"": {""likelihood"": ""student_t""}, ""range"": {""likelihood"": ""lognormal""}}, ""rem_profile_params"": {""rem_stage"": 2, ""step_size_hours"": 1, ""window_size_hours"": 6}, ""tau_threshold"": 5.0}",run_output_8day_rem_w6_s1_stage2,rem_w6_s1_stage2
49,c1a29304b2f26ebb,ok,,even: mean; odd: range,mean=student_t; range=beta,16,5.0,3,1,2,170.83491232030457,170.83491232030457,5.890859045527744,2.945429522763872,0.0086619784762692,2.945429522763872,0.0086619784762692,-341.51827797106256,1.0,734.0,398.0,1.009032593338668,0,8,0.7516121573057539,0.9654965231721112,7.785420363702194,0.8071075244517978,8.0,8.0,8.0,0.9570617806352838,0.3738644263011729,0,False,,False,2,2,29,1,[15],46.37389909900958,"(29, 176)",,[],"{""feature_selection"": {""even"": [""mean""], ""odd"": [""range""]}, ""n_chunks"": 16, ""parameter_selection"": {""mean"": {""likelihood"": ""student_t""}, ""range"": {""likelihood"": ""beta""}}, ""rem_profile_params"": {""rem_stage"": 2, ""step_size_hours"": 1, ""window_size_hours"": 3}, ""tau_threshold"": 5.0}",run_output_8day_rem_w3_s1_stage2,rem_w3_s1_stage2
146,5d139e4aeb4b3b84,pareto_filtered,"pareto_k_above_threshold_after_retries: k_max=1.05135, threshold=0.7","concat: mean, range; even: mean; odd: range",mean=lognormal; range=lognormal,16,5.0,6,1,2,317.5340407150859,317.5340407150859,11.760520026484665,2.9401300066211657,0.0109463982639427,2.9401300066211657,0.0109463982639427,-636.8156321255536,1.0,336.0,244.0,0.9014611246093408,0,5,0.4997350193331379,0.2366879143511172,5.51008349583285,1.0697688299822397,5.0,5.0,5.0,0.1751824866810022,1.051347952830187,3,True,"pareto_k_above_threshold_after_retries: k_max=1.05135, threshold=0.7",False,4,4,27,3,"[3, 0, 24]",150.87921254700632,"(27, 152)",,[],"{""feature_selection"": {""concat"": [""mean"", ""range""], ""even"": [""mean""], ""odd"": [""range""]}, ""n_chunks"": 16, ""parameter_selection"": {""mean"": {""likelihood"": ""lognormal""}, ""range"": {""likelihood"": ""lognormal""}}, ""rem_profile_params"": {""rem_stage"": 2, ""step_size_hours"": 1, ""window_size_hours"": 6}, ""tau_threshold"": 5.0}",run_output_8day_rem_w6_s1_stage2,rem_w6_s1_stage2
19,c89b33e7caafdfa6,pareto_filtered,"pareto_k_above_threshold_after_retries: k_max=1.13246, threshold=0.7","concat: range; even: mean, range; odd: mean, range",mean=lognormal; range=beta,16,5.0,3,1,2,396.8086153357967,396.8086153357967,14.696615382807284,2.939323076561458,0.0107060494160742,2.939323076561458,0.0107060494160742,-795.169388009098,1.0,1159.0,872.0,0.910479314153786,0,8,0.9390369261653126,0.9994258835070632,7.976602980971515,0.1657180416396723,8.0,8.0,8.0,0.9993576780792032,1.1324646270731535,1,True,"pareto_k_above_threshold_after_retries: k_max=1.13246, threshold=0.7",False,5,5,27,3,"[3, 21, 15]",241.87041503397631,"(27, 176)",,[],"{""feature_selection"": {""concat"": [""range""], ""even"": [""mean"", ""range""], ""odd"": [""mean"", ""range""]}, ""n_chunks"": 16, ""parameter_selection"": {""mean"": {""likelihood"": ""lognormal""}, ""range"": {""likelihood"": ""beta""}}, ""rem_profile_params"": {""rem_stage"": 2, ""step_size_hours"": 1, ""window_size_hours"": 3}, ""tau_threshold"": 5.0}",run_output_8day_rem_w3_s1_stage2,rem_w3_s1_stage2
153,ca669a89c4e9a408,pareto_filtered,"pareto_k_above_threshold_after_retries: k_max=0.880269, threshold=0.7","concat: mean, range; even: range; odd: range",mean=lognormal; range=beta,16,5.0,6,1,2,317.158292367652,317.158292367652,11.746603421024147,2.9366508552560373,0.0108232754685467,2.9366508552560373,0.0108232754685467,-626.866867850855,1.02,159.0,151.0,0.935722626530872,0,7,0.5448495543422929,0.8004387666356325,6.151720372177468,1.5471862212484222,6.0,7.0,7.0,0.7279343554439391,0.8802687064430682,3,True,"pareto_k_above_threshold_after_retries: k_max=0.880269, threshold=0.7",False,4,4,27,3,"[29, 0, 15]",333.1720640040003,"(27, 152)",,[],"{""feature_selection"": {""concat"": [""mean"", ""range""], ""even"": [""range""], ""odd"": [""range""]}, ""n_chunks"": 16, ""parameter_selection"": {""mean"": {""likelihood"": ""lognormal""}, ""range"": {""likelihood"": ""beta""}}, ""rem_profile_params"": {""rem_stage"": 2, ""step_size_hours"": 1, ""window_size_hours"": 6}, ""tau_threshold"": 5.0}",run_output_8day_rem_w6_s1_stage2,rem_w6_s1_stage2
189,a4385cbcab8cdd4f,pareto_filtered,"pareto_k_above_threshold_after_retries: k_max=0.889871, threshold=0.7","concat: range; even: range; odd: mean, range",mean=lognormal; range=beta,16,5.0,3,1,2,316.9416385349658,316.9416385349658,11.738579204998734,2.9346448012496835,0.0116033596489717,2.9346448012496835,0.0116033596489717,-634.4082184978072,1.01,973.0,937.0,0.9927170591796434,0,8,0.9603017067187872,0.9999969118536792,7.986627092684489,0.1156732019134667,8.0,8.0,8.0,0.9999136442636538,0.8898705917526957,1,True,"pareto_k_above_threshold_after_retries: k_max=0.889871, threshold=0.7",False,4,4,27,3,"[15, 3, 21]",390.338728399016,"(27, 176)",,[],"{""feature_selection"": {""concat"": [""range""], ""even"": [""range""], ""odd"": [""mean"", ""range""]}, ""n_chunks"": 16, ""parameter_selection"": {""mean"": {""likelihood"": ""lognormal""}, ""range"": {""likelihood"": ""beta""}}, ""rem_profile_params"": {""rem_stage"": 2, ""step_size_hours"": 1, ""window_size_hours"": 3}, ""tau_threshold"": 5.0}",run_output_8day_rem_w3_s1_stage2,rem_w3_s1_stage2
62,f632d315b79dc6ae,pareto_filtered,"pareto_k_above_threshold_after_retries: k_max=0.997975, threshold=0.7","concat: mean, range; even: mean",mean=lognormal; range=lognormal,16,5.0,6,1,2,237.3170080285827,237.3170080285827,8.789518815873434,2.929839605291145,0.0134564284407727,2.929839605291145,0.0134564284407727,-466.71592134013474,1.06,106.0,285.0,1.0428020918750682,0,8,0.3694190708270027,0.8737744847675097,7.243866862191963,1.0637970364710496,7.0,8.0,8.0,0.8269474335716058,0.9979754314102336,2,True,"pareto_k_above_threshold_after_retries: k_max=0.997975, threshold=0.7",False,3,3,27,3,"[3, 0, 27]",57.164430636999896,"(27, 152)",,[],"{""feature_selection"": {""concat"": [""mean"", ""range""], ""even"": [""mean""]}, ""n_chunks"": 16, ""parameter_selection"": {""mean"": {""likelihood"": ""lognormal""}, ""range"": {""likelihood"": ""lognormal""}}, ""rem_profile_params"": {""rem_stage"": 2, ""step_size_hours"": 1, ""window_size_hours"": 6}, ""tau_threshold"": 5.0}",run_output_8day_rem_w6_s1_stage2,rem_w6_s1_stage2
101,1cfe7081dc475cbb,ok,,"concat: range; even: mean, range",mean=student_t; range=beta,16,5.0,3,1,2,263.5066285916012,263.5066285916012,8.783554286386707,2.927851428795569,0.007219265625101,2.927851428795569,0.007219265625101,-527.412629293752,1.01,726.0,604.0,0.7905754597592605,0,7,0.5989418028845741,0.9854993926255136,7.25813749890027,0.6203690110241443,7.0,7.0,8.0,0.9824331124078958,0.6209700025746302,0,False,,False,3,3,30,0,[],45.20861370000057,"(30, 176)",,[],"{""feature_selection"": {""concat"": [""range""], ""even"": [""mean"", ""range""]}, ""n_chunks"": 16, ""parameter_selection"": {""mean"": {""likelihood"": ""student_t""}, ""range"": {""likelihood"": ""beta""}}, ""rem_profile_params"": {""rem_stage"": 2, ""step_size_hours"": 1, ""window_size_hours"": 3}, ""tau_threshold"": 5.0}",run_output_8day_rem_w3_s1_stage2,rem_w3_s1_stage2
133,e75ecf348677b7cd,pareto_filtered,"pareto_k_above_threshold_after_retries: k_max=1.51842, threshold=0.7","even: range; odd: mean, range",mean=lognormal; range=beta,16,5.0,2,1,2,236.93904036183184,236.93904036183184,8.775520013401179,2.925173337800394,0.012758049871306,2.925173337800394,0.012758049871306,-475.16955755720585,1.02,203.0,122.0,0.873405595304238,0,4,0.4090131318210168,0.097543162298105,4.565738786552059,1.0669220491666038,4.0,4.0,5.0,0.0688264928014912,1.5184193701233295,1,True,"pareto_k_above_threshold_after_retries: k_max=1.51842, threshold=0.7",False,3,3,27,3,"[3, 21, 0]",201.59186583699196,"(27, 184)",,[],"{""feature_selection"": {""even"": [""range""], ""odd"": [""mean"", ""range""]}, ""n_chunks"": 16, ""parameter_selection"": {""mean"": {""likelihood"": ""lognormal""}, ""range"": {""likelihood"": ""beta""}}, ""rem_profile_params"": {""rem_stage"": 2, ""step_size_hours"": 1, ""window_size_hours"": 2}, ""tau_threshold"": 5.0}",run_output_8day_rem_w2_s1_stage2,rem_w2_s1_stage2
132,b43fc4f1e1af0d06,ok,,"even: mean; odd: mean, range",mean=student_t; range=lognormal,16,5.0,2,2,2,262.9445772903904,262.9445772903904,8.764819243013013,2.9216064143376714,0.012817568400375,2.9216064143376714,0.012817568400375,-525.38202545892,1.01,712.0,676.0,1.1035668546724664,0,8,0.5901169583565504,0.9408061561314728,7.567792374748628,0.9963184533091024,8.0,8.0,8.0,0.8483969217634972,0.6415894045650405,0,False,,False,3,3,30,0,[],51.1392188470054,"(30, 96)",,[],"{""feature_selection"": {""even"": [""mean""], ""odd"": [""mean"", ""range""]}, ""n_chunks"": 16, ""parameter_selection"": {""mean"": {""likelihood"": ""student_t""}, ""range"": {""likelihood"": ""lognormal""}}, ""rem_profile_params"": {""rem_stage"": 2, ""step_size_hours"": 2, ""window_size_hours"": 2}, ""tau_threshold"": 5.0}",run_output_8day_rem_w2_s2_stage2,rem_w2_s2_stage2
18,a6ecb065f0e3a47d,pareto_filtered,"pareto_k_above_threshold_after_retries: k_max=0.744786, threshold=0.7","concat: mean, range; even: mean, range; odd: mean",mean=lognormal; range=lognormal,16,5.0,6,1,2,394.3864552976469,394.3864552976469,14.6069057517647,2.92138115035294,0.0115316449394914,2.92138115035294,0.0115316449394914,-785.2265255319761,1.08,45.0,129.0,0.983115026684287,0,8,0.4184928392139917,0.6740577431713959,6.7974323495487,1.7316945105981651,5.0,8.0,8.0,0.6672496291087622,0.7447864211771981,2,True,"pareto_k_above_threshold_after_retries: k_max=0.744786, threshold=0.7",False,5,5,27,3,"[3, 0, 24]",162.26042297200183,"(27, 152)",,[],"{""feature_selection"": {""concat"": [""mean"", ""range""], ""even"": [""mean"", ""range""], ""odd"": [""mean""]}, ""n_chunks"": 16, ""parameter_selection"": {""mean"": {""likelihood"": ""lognormal""}, ""range"": {""likelihood"": ""lognormal""}}, ""rem_profile_params"": {""rem_stage"": 2, ""step_size_hours"": 1, ""window_size_hours"": 6}, ""tau_threshold"": 5.0}",run_output_8day_rem_w6_s1_stage2,rem_w6_s1_stage2
30,84df3792752f099d,pareto_filtered,"pareto_k_above_threshold_after_retries: k_max=0.785414, threshold=0.7",concat: range; even: mean,mean=lognormal; range=lognormal,16,5.0,3,1,2,157.47199426603154,157.47199426603154,5.832296083927094,2.916148041963547,0.0142642445298975,2.916148041963547,0.0142642445298975,-314.8935866242856,1.02,209.0,574.0,1.056940072379009,0,8,0.2562113274089667,0.5819454618251267,5.808861868133179,2.2382000814900573,3.0,6.0,8.0,0.4977227160497964,0.7854139524152199,2,True,"pareto_k_above_threshold_after_retries: k_max=0.785414, threshold=0.7",False,2,2,27,3,"[3, 15, 27]",65.39174895599717,"(27, 176)",,[],"{""feature_selection"": {""concat"": [""range""], ""even"": [""mean""]}, ""n_chunks"": 16, ""parameter_selection"": {""mean"": {""likelihood"": ""lognormal""}, ""range"": {""likelihood"": ""lognormal""}}, ""rem_profile_params"": {""rem_stage"": 2, ""step_size_hours"": 1, ""window_size_hours"": 3}, ""tau_threshold"": 5.0}",run_output_8day_rem_w3_s1_stage2,rem_w3_s1_stage2
165,4a852a3ccd9a3d6d,pareto_filtered,"pareto_k_above_threshold_after_retries: k_max=1.48952, threshold=0.7","concat: mean; even: mean, range; odd: range",mean=lognormal; range=beta,16,5.0,6,1,2,314.747362560371,314.747362560371,11.657309724458186,2.914327431114547,0.0132461859230604,2.914327431114547,0.0132461859230604,-632.8164295561572,1.01,1245.0,869.0,0.9837339777536688,0,7,0.9451374388418864,0.9956684730936376,6.977191949260007,0.2514750630161525,7.0,7.0,7.0,0.985810762251038,1.4895241960456658,3,True,"pareto_k_above_threshold_after_retries: k_max=1.48952, threshold=0.7",False,4,4,27,3,"[15, 29, 0]",274.0146887809969,"(27, 152)",,[],"{""feature_selection"": {""concat"": [""mean""], ""even"": [""mean"", ""range""], ""odd"": [""range""]}, ""n_chunks"": 16, ""parameter_selection"": {""mean"": {""likelihood"": ""lognormal""}, ""range"": {""likelihood"": ""beta""}}, ""rem_profile_params"": {""rem_stage"": 2, ""step_size_hours"": 1, ""window_size_hours"": 6}, ""tau_threshold"": 5.0}",run_output_8day_rem_w6_s1_stage2,rem_w6_s1_stage2
124,5651d19e8a680449,ok,,"even: mean, range; odd: mean",mean=student_t; range=lognormal,16,5.0,2,2,2,253.24688283963695,253.24688283963695,8.732651132401275,2.9108837108004253,0.0118516536301975,2.9108837108004253,0.0118516536301975,-507.1050161907536,1.01,490.0,791.0,1.0237821462278904,0,8,0.2514143191838649,0.8583546426330317,6.841336313263888,1.427184276162095,6.0,8.0,8.0,0.602843742509666,0.6730818759961622,0,False,,False,3,3,29,1,[3],97.71743630600396,"(29, 96)",,[],"{""feature_selection"": {""even"": [""mean"", ""range""], ""odd"": [""mean""]}, ""n_chunks"": 16, ""parameter_selection"": {""mean"": {""likelihood"": ""student_t""}, ""range"": {""likelihood"": ""lognormal""}}, ""rem_profile_params"": {""rem_stage"": 2, ""step_size_hours"": 2, ""window_size_hours"": 2}, ""tau_threshold"": 5.0}",run_output_8day_rem_w2_s2_stage2,rem_w2_s2_stage2
5,880e0afccfcc8cd0,ok,,even: mean,mean=lognormal,16,5.0,2,2,2,84.3217702589982,84.3217702589982,2.9076472503102826,2.907647250310283,0.0189729282958251,2.907647250310283,0.0189729282958251,-168.9373199687516,1.0,659.0,644.0,1.0347035836398906,0,3,0.2674975077231838,0.3029382904392095,4.42486928748315,1.916222732767929,3.0,3.0,6.0,0.241866718599432,0.5660560068731401,0,False,,False,1,1,29,1,[25],9.217046423000284,"(29, 96)",,[],"{""feature_selection"": {""even"": [""mean""]}, ""n_chunks"": 16, ""parameter_selection"": {""mean"": {""likelihood"": ""lognormal""}}, ""rem_profile_params"": {""rem_stage"": 2, ""step_size_hours"": 2, ""window_size_hours"": 2}, ""tau_threshold"": 5.0}",run_output_8day_rem_w2_s2_stage2,rem_w2_s2_stage2
49,ee58320f36789228,ok,,even: mean; odd: range,mean=student_t; range=beta,16,5.0,2,2,2,162.6676796975363,162.6676796975363,5.809559989197725,2.9047799945988624,0.0096551238465958,2.9047799945988624,0.0096551238465958,-325.2997529786432,1.01,1173.0,692.0,0.9638863970928464,0,8,0.6386616096873147,0.9527037986480336,7.683834221890893,0.8890409151375405,8.0,8.0,8.0,0.9357928722495004,0.4444582802148987,0,False,,False,2,2,28,2,"[15, 7]",65.60381321099703,"(28, 96)",,[],"{""feature_selection"": {""even"": [""mean""], ""odd"": [""range""]}, ""n_chunks"": 16, ""parameter_selection"": {""mean"": {""likelihood"": ""student_t""}, ""range"": {""likelihood"": ""beta""}}, ""rem_profile_params"": {""rem_stage"": 2, ""step_size_hours"": 2, ""window_size_hours"": 2}, ""tau_threshold"": 5.0}",run_output_8day_rem_w2_s2_stage2,rem_w2_s2_stage2
108,a1871d9021fbe322,pareto_filtered,"pareto_k_above_threshold_after_retries: k_max=0.923693, threshold=0.7",concat: range; even: mean; odd: range,mean=lognormal; range=lognormal,16,5.0,2,1,2,235.06501174093268,235.06501174093268,8.70611154596047,2.902037181986823,0.0124713837270867,2.902037181986823,0.0124713837270867,-470.2663628278767,1.03,141.0,162.0,0.9183052083333432,0,3,0.6283571875534446,0.1921858751260106,3.9804642059447497,1.929852091366296,3.0,3.0,3.0,0.1838560135325099,0.9236927474666188,2,True,"pareto_k_above_threshold_after_retries: k_max=0.923693, threshold=0.7",False,3,3,27,3,"[15, 27, 25]",131.1312563609972,"(27, 184)",,[],"{""feature_selection"": {""concat"": [""range""], ""even"": [""mean""], ""odd"": [""range""]}, ""n_chunks"": 16, ""parameter_selection"": {""mean"": {""likelihood"": ""lognormal""}, ""range"": {""likelihood"": ""lognormal""}}, ""rem_profile_params"": {""rem_stage"": 2, ""step_size_hours"": 1, ""window_size_hours"": 2}, ""tau_threshold"": 5.0}",run_output_8day_rem_w2_s1_stage2,rem_w2_s1_stage2
51,3f05e21c4dbe91e1,pareto_filtered,"pareto_k_above_threshold_after_retries: k_max=0.736068, threshold=0.7",even: range; odd: mean,mean=lognormal; range=beta,16,5.0,3,1,2,156.49465623252283,156.49465623252283,5.796098378982327,2.898049189491164,0.0151096641104722,2.898049189491164,0.0151096641104722,-313.5025215059955,1.02,152.0,71.0,0.8711690942929818,0,4,0.274143794270552,0.1738302682873839,4.629733732390214,1.5066901611447554,4.0,4.0,5.0,0.1523320664831132,0.7360675457906606,1,True,"pareto_k_above_threshold_after_retries: k_max=0.736068, threshold=0.7",False,2,2,27,3,"[3, 0, 21]",70.06392207200406,"(27, 176)",,[],"{""feature_selection"": {""even"": [""range""], ""odd"": [""mean""]}, ""n_chunks"": 16, ""parameter_selection"": {""mean"": {""likelihood"": ""lognormal""}, ""range"": {""likelihood"": ""beta""}}, ""rem_profile_params"": {""rem_stage"": 2, ""step_size_hours"": 1, ""window_size_hours"": 3}, ""tau_threshold"": 5.0}",run_output_8day_rem_w3_s1_stage2,rem_w3_s1_stage2
148,e2b2c1c8a085f300,ok,,"concat: mean, range; even: mean; odd: range",mean=student_t; range=lognormal,16,5.0,6,1,2,335.8845798010251,335.8845798010251,11.58222688969052,2.8955567224226297,0.0084658253530544,2.8955567224226297,0.0084658253530544,-670.2890962172829,1.0,784.0,1176.0,0.98272241938497,0,8,0.6136061875175979,0.999704157759562,7.602989483546042,0.4982804900459428,7.0,8.0,8.0,0.9962598219087172,0.6078656880971522,0,False,,False,4,4,29,1,[15],128.32443919300567,"(29, 152)",,[],"{""feature_selection"": {""concat"": [""mean"", ""range""], ""even"": [""mean""], ""odd"": [""range""]}, ""n_chunks"": 16, ""parameter_selection"": {""mean"": {""likelihood"": ""student_t""}, ""range"": {""likelihood"": ""lognormal""}}, ""rem_profile_params"": {""rem_stage"": 2, ""step_size_hours"": 1, ""window_size_hours"": 6}, ""tau_threshold"": 5.0}",run_output_8day_rem_w6_s1_stage2,rem_w6_s1_stage2
30,fe4bc5f275006f31,pareto_filtered,"pareto_k_above_threshold_after_retries: k_max=0.790073, threshold=0.7","concat: mean, range; even: range; odd: mean, range",mean=lognormal; range=lognormal,16,5.0,6,1,2,390.46192784339775,390.46192784339775,14.461552883088803,2.8923105766177613,0.0109909016489568,2.8923105766177613,0.0109909016489568,-779.252673460646,1.02,391.0,249.0,0.9943172690527714,0,8,0.7642724683858145,0.9519020520338424,7.767746529390677,0.8503870623054116,8.0,8.0,8.0,0.9390266580121162,0.7900728898252433,3,True,"pareto_k_above_threshold_after_retries: k_max=0.790073, threshold=0.7",False,5,5,27,3,"[3, 0, 24]",194.51766211999347,"(27, 152)",,[],"{""feature_selection"": {""concat"": [""mean"", ""range""], ""even"": [""range""], ""odd"": [""mean"", ""range""]}, ""n_chunks"": 16, ""parameter_selection"": {""mean"": {""likelihood"": ""lognormal""}, ""range"": {""likelihood"": ""lognormal""}}, ""rem_profile_params"": {""rem_stage"": 2, ""step_size_hours"": 1, ""window_size_hours"": 6}, ""tau_threshold"": 5.0}",run_output_8day_rem_w6_s1_stage2,rem_w6_s1_stage2
145,025ebdbc10986585,pareto_filtered,"pareto_k_above_threshold_after_retries: k_max=0.805597, threshold=0.7","concat: mean, range; even: mean; odd: range",mean=lognormal; range=beta,16,5.0,6,1,2,312.14594814603583,312.14594814603583,11.560961042445772,2.890240260611443,0.012847821542159,2.890240260611443,0.012847821542159,-605.4839497862803,1.04,134.0,288.0,0.9441789323478192,0,7,0.3548576590276743,0.684346308472361,5.712039299510467,1.6962417907674368,4.0,7.0,7.0,0.5648646654497728,0.8055965126649703,1,True,"pareto_k_above_threshold_after_retries: k_max=0.805597, threshold=0.7",False,4,4,27,3,"[15, 29, 0]",227.7706489779812,"(27, 152)",,[],"{""feature_selection"": {""concat"": [""mean"", ""range""], ""even"": [""mean""], ""odd"": [""range""]}, ""n_chunks"": 16, ""parameter_selection"": {""mean"": {""likelihood"": ""lognormal""}, ""range"": {""likelihood"": ""beta""}}, ""rem_profile_params"": {""rem_stage"": 2, ""step_size_hours"": 1, ""window_size_hours"": 6}, ""tau_threshold"": 5.0}",run_output_8day_rem_w6_s1_stage2,rem_w6_s1_stage2
33,8fd256f0959c78ee,pareto_filtered,"pareto_k_above_threshold_after_retries: k_max=1.19565, threshold=0.7","concat: mean; even: mean, range; odd: mean, range",mean=lognormal; range=beta,16,5.0,6,1,2,389.2201958661154,389.2201958661154,14.415562809856128,2.883112561971225,0.0121765685430196,2.883112561971225,0.0121765685430196,-776.3819501065719,1.01,1692.0,1133.0,0.9974374457167882,0,4,0.9271851885283572,0.0001298432250275,3.972577374506537,0.1672497804809556,4.0,4.0,4.0,2.527253041482599e-05,1.195651131712718,5,True,"pareto_k_above_threshold_after_retries: k_max=1.19565, threshold=0.7",False,5,5,27,3,"[0, 3, 29]",261.8981390800036,"(27, 152)",,[],"{""feature_selection"": {""concat"": [""mean""], ""even"": [""mean"", ""range""], ""odd"": [""mean"", ""range""]}, ""n_chunks"": 16, ""parameter_selection"": {""mean"": {""likelihood"": ""lognormal""}, ""range"": {""likelihood"": ""beta""}}, ""rem_profile_params"": {""rem_stage"": 2, ""step_size_hours"": 1, ""window_size_hours"": 6}, ""tau_threshold"": 5.0}",run_output_8day_rem_w6_s1_stage2,rem_w6_s1_stage2
189,fd48b7f175071929,pareto_filtered,"pareto_k_above_threshold_after_retries: k_max=0.794456, threshold=0.7","concat: range; even: range; odd: mean, range",mean=lognormal; range=beta,16,5.0,2,2,2,311.3429285974031,311.3429285974031,11.531219577681595,2.8828048944203992,0.0091898816708544,2.8828048944203992,0.0091898816708544,-622.3769019736155,1.01,1321.0,1067.0,0.9576271313562936,0,7,0.96860270904628,0.9999999999995812,7.010021084567134,0.0996948160870574,7.0,7.0,7.0,0.9999908030391372,0.794456278603707,2,True,"pareto_k_above_threshold_after_retries: k_max=0.794456, threshold=0.7",False,4,4,27,3,"[3, 21, 4]",363.857343295007,"(27, 96)",,[],"{""feature_selection"": {""concat"": [""range""], ""even"": [""range""], ""odd"": [""mean"", ""range""]}, ""n_chunks"": 16, ""parameter_selection"": {""mean"": {""likelihood"": ""lognormal""}, ""range"": {""likelihood"": ""beta""}}, ""rem_profile_params"": {""rem_stage"": 2, ""step_size_hours"": 2, ""window_size_hours"": 2}, ""tau_threshold"": 5.0}",run_output_8day_rem_w2_s2_stage2,rem_w2_s2_stage2
180,f79362afb59ec68c,pareto_filtered,"pareto_k_above_threshold_after_retries: k_max=0.845431, threshold=0.7","concat: range; even: mean, range; odd: mean",mean=student_t; range=lognormal,16,5.0,3,1,2,310.67460990140245,310.67460990140245,11.506467033385276,2.8766167583463185,0.0108816367780547,2.8766167583463185,0.0108816367780547,-617.4103023096011,1.11,28.0,90.0,0.9620834699611384,0,8,0.4304173450979034,0.6708713551927531,6.224326244544355,2.282008950015088,3.0,8.0,8.0,0.6254636486453962,0.8454313780686464,2,True,"pareto_k_above_threshold_after_retries: k_max=0.845431, threshold=0.7",False,4,4,27,3,"[3, 15, 2]",411.0243135270139,"(27, 176)",,[],"{""feature_selection"": {""concat"": [""range""], ""even"": [""mean"", ""range""], ""odd"": [""mean""]}, ""n_chunks"": 16, ""parameter_selection"": {""mean"": {""likelihood"": ""student_t""}, ""range"": {""likelihood"": ""lognormal""}}, ""rem_profile_params"": {""rem_stage"": 2, ""step_size_hours"": 1, ""window_size_hours"": 3}, ""tau_threshold"": 5.0}",run_output_8day_rem_w3_s1_stage2,rem_w3_s1_stage2
186,a2c10d5f921e252a,pareto_filtered,"pareto_k_above_threshold_after_retries: k_max=0.730997, threshold=0.7","concat: range; even: mean; odd: mean, range",mean=lognormal; range=lognormal,16,5.0,2,2,2,310.4375073424164,310.4375073424164,11.497685457126533,2.874421364281633,0.0122593048922864,2.874421364281633,0.0122593048922864,-624.7458981734377,1.01,823.0,410.0,0.9995293194286966,0,8,0.8256662344252168,0.981717239956064,7.850971839494901,0.6867892501087055,8.0,8.0,8.0,0.9582240433700048,0.730996925716984,1,True,"pareto_k_above_threshold_after_retries: k_max=0.730997, threshold=0.7",False,4,4,27,3,"[3, 21, 15]",78.35909080598503,"(27, 96)",,[],"{""feature_selection"": {""concat"": [""range""], ""even"": [""mean""], ""odd"": [""mean"", ""range""]}, ""n_chunks"": 16, ""parameter_selection"": {""mean"": {""likelihood"": ""lognormal""}, ""range"": {""likelihood"": ""lognormal""}}, ""rem_profile_params"": {""rem_stage"": 2, ""step_size_hours"": 2, ""window_size_hours"": 2}, ""tau_threshold"": 5.0}",run_output_8day_rem_w2_s2_stage2,rem_w2_s2_stage2
123,d67f8b7d8b389af6,ok,,"even: mean, range; odd: mean",mean=student_t; range=beta,16,5.0,3,1,2,258.6083120792719,258.6083120792719,8.620277069309063,2.8734256897696886,0.0116068293240557,2.8734256897696886,0.0116068293240557,-517.9969374684931,1.02,334.0,534.0,0.9574632834120336,0,8,0.1845147269238003,0.6491692290528182,6.434563266262845,1.8376662530868049,5.0,7.0,8.0,0.5873861264657411,0.6243148713927867,0,False,,False,3,3,30,0,[],56.02893815297284,"(30, 176)",,[],"{""feature_selection"": {""even"": [""mean"", ""range""], ""odd"": [""mean""]}, ""n_chunks"": 16, ""parameter_selection"": {""mean"": {""likelihood"": ""student_t""}, ""range"": {""likelihood"": ""beta""}}, ""rem_profile_params"": {""rem_stage"": 2, ""step_size_hours"": 1, ""window_size_hours"": 3}, ""tau_threshold"": 5.0}",run_output_8day_rem_w3_s1_stage2,rem_w3_s1_stage2
33,a1db144ee26f12c2,ok,,concat: range; even: range,range=beta,16,5.0,2,1,2,166.5568947801317,166.5568947801317,5.743341199314886,2.8716705996574428,0.0082834273192709,2.8716705996574428,0.0082834273192709,-333.76520295373786,1.01,677.0,819.0,0.896967715569733,0,6,0.1122421521103682,0.7796975928338914,6.343790143985748,1.412587516969828,6.0,6.0,8.0,0.4524677755357115,0.644103605937073,0,False,,False,2,2,29,1,[27],37.27232428998104,"(29, 184)",,[],"{""feature_selection"": {""concat"": [""range""], ""even"": [""range""]}, ""n_chunks"": 16, ""parameter_selection"": {""range"": {""likelihood"": ""beta""}}, ""rem_profile_params"": {""rem_stage"": 2, ""step_size_hours"": 1, ""window_size_hours"": 2}, ""tau_threshold"": 5.0}",run_output_8day_rem_w2_s1_stage2,rem_w2_s1_stage2
183,3b81f628fc5015e6,ok,,"concat: range; even: mean, range; odd: range",mean=student_t; range=beta,16,5.0,2,2,2,310.0836867545152,310.0836867545152,11.484580990907968,2.8711452477269925,0.0072706264289318,2.8711452477269925,0.0072706264289318,-620.7303612529948,1.01,1060.0,842.0,0.8788794221187736,0,7,0.7716498234511647,0.999998492795273,7.142299365908265,0.349370873408636,7.0,7.0,7.0,0.9999981490292926,0.6093243649251807,0,False,,False,4,4,27,3,"[4, 15, 7]",408.24684568098746,"(27, 96)",,[],"{""feature_selection"": {""concat"": [""range""], ""even"": [""mean"", ""range""], ""odd"": [""range""]}, ""n_chunks"": 16, ""parameter_selection"": {""mean"": {""likelihood"": ""student_t""}, ""range"": {""likelihood"": ""beta""}}, ""rem_profile_params"": {""rem_stage"": 2, ""step_size_hours"": 2, ""window_size_hours"": 2}, ""tau_threshold"": 5.0}",run_output_8day_rem_w2_s2_stage2,rem_w2_s2_stage2
191,f4751fd678654cfb,ok,,"concat: range; even: range; odd: mean, range",mean=student_t; range=beta,16,5.0,3,1,2,332.83173276450214,332.83173276450214,11.476956302224211,2.869239075556053,0.0102386655285162,2.869239075556053,0.0102386655285162,-664.3224567405387,1.0,791.0,792.0,0.9633215675976404,0,8,0.700871419168452,0.9923671142212146,7.786495202143906,0.5076666751041862,8.0,8.0,8.0,0.9908472069400586,0.6270986111720833,0,False,,False,4,4,29,1,[15],209.5214793539781,"(29, 176)",,[],"{""feature_selection"": {""concat"": [""range""], ""even"": [""range""], ""odd"": [""mean"", ""range""]}, ""n_chunks"": 16, ""parameter_selection"": {""mean"": {""likelihood"": ""student_t""}, ""range"": {""likelihood"": ""beta""}}, ""rem_profile_params"": {""rem_stage"": 2, ""step_size_hours"": 1, ""window_size_hours"": 3}, ""tau_threshold"": 5.0}",run_output_8day_rem_w3_s1_stage2,rem_w3_s1_stage2
183,2fa8f2bb9cbaa66a,ok,,"concat: range; even: mean, range; odd: range",mean=student_t; range=beta,16,5.0,3,1,2,331.7980800433276,331.7980800433276,11.44131310494233,2.860328276235583,0.0068354826409727,2.860328276235583,0.0068354826409727,-663.11767312611,1.01,581.0,468.0,0.9954898818350983,0,8,0.7561098846540288,0.9819719635734572,7.827356769907404,0.6074445680764368,8.0,8.0,8.0,0.981616029585036,0.5274018018707213,0,False,,False,4,4,29,1,[15],205.58156556700123,"(29, 176)",,[],"{""feature_selection"": {""concat"": [""range""], ""even"": [""mean"", ""range""], ""odd"": [""range""]}, ""n_chunks"": 16, ""parameter_selection"": {""mean"": {""likelihood"": ""student_t""}, ""range"": {""likelihood"": ""beta""}}, ""rem_profile_params"": {""rem_stage"": 2, ""step_size_hours"": 1, ""window_size_hours"": 3}, ""tau_threshold"": 5.0}",run_output_8day_rem_w3_s1_stage2,rem_w3_s1_stage2
24,e2566af607b31e31,pareto_filtered,"pareto_k_above_threshold_after_retries: k_max=0.981994, threshold=0.7","concat: range; even: mean, range; odd: mean, range",mean=lognormal; range=beta,16,5.0,2,2,2,385.6504438047516,385.6504438047516,14.283349770546351,2.8566699541092704,0.0089670132251747,2.8566699541092704,0.0089670132251747,-771.4247565024615,1.01,1380.0,1047.0,0.9751451252608324,0,7,0.960989292316638,0.9999999999999748,7.012724077554243,0.1131469927749195,7.0,7.0,7.0,0.9998799667153648,0.9819940912923136,3,True,"pareto_k_above_threshold_after_retries: k_max=0.981994, threshold=0.7",False,5,5,27,3,"[3, 21, 4]",275.5955958899867,"(27, 96)",,[],"{""feature_selection"": {""concat"": [""range""], ""even"": [""mean"", ""range""], ""odd"": [""mean"", ""range""]}, ""n_chunks"": 16, ""parameter_selection"": {""mean"": {""likelihood"": ""lognormal""}, ""range"": {""likelihood"": ""beta""}}, ""rem_profile_params"": {""rem_stage"": 2, ""step_size_hours"": 2, ""window_size_hours"": 2}, ""tau_threshold"": 5.0}",run_output_8day_rem_w2_s2_stage2,rem_w2_s2_stage2
24,df20ffc4ea088412,pareto_filtered,"pareto_k_above_threshold_after_retries: k_max=0.98964, threshold=0.7","concat: mean, range; even: mean, range; odd: range",mean=student_t; range=lognormal,16,5.0,6,1,2,385.4108647232911,385.4108647232911,14.274476471233005,2.8548952942466013,0.0110025822153227,2.8548952942466013,0.0110025822153227,-769.7985579252156,1.08,45.0,22.0,1.034897579360131,0,8,0.4416672829398271,0.851357177762504,7.0194590690609004,1.7513561283193588,7.0,8.0,8.0,0.7749434245949797,0.989640441236956,2,True,"pareto_k_above_threshold_after_retries: k_max=0.98964, threshold=0.7",False,5,5,27,3,"[3, 15, 1]",240.51755492697703,"(27, 152)",,[],"{""feature_selection"": {""concat"": [""mean"", ""range""], ""even"": [""mean"", ""range""], ""odd"": [""range""]}, ""n_chunks"": 16, ""parameter_selection"": {""mean"": {""likelihood"": ""student_t""}, ""range"": {""likelihood"": ""lognormal""}}, ""rem_profile_params"": {""rem_stage"": 2, ""step_size_hours"": 1, ""window_size_hours"": 6}, ""tau_threshold"": 5.0}",run_output_8day_rem_w6_s1_stage2,rem_w6_s1_stage2
99,0ff623ee17f44896,pareto_filtered,"pareto_k_above_threshold_after_retries: k_max=0.740077, threshold=0.7","concat: range; even: mean, range",mean=lognormal; range=beta,16,5.0,3,1,2,231.0529727121585,231.0529727121585,8.557517507857723,2.852505835952574,0.0105661179146536,2.852505835952574,0.0105661179146536,-462.8015226518348,1.01,884.0,665.0,0.9864039063271836,0,8,0.7012781798634063,0.9834465855624313,7.786902132176309,0.5970904556267641,8.0,8.0,8.0,0.978892221238167,0.7400772253776375,2,True,"pareto_k_above_threshold_after_retries: k_max=0.740077, threshold=0.7",False,3,3,27,3,"[27, 29, 15]",177.61692430099356,"(27, 176)",,[],"{""feature_selection"": {""concat"": [""range""], ""even"": [""mean"", ""range""]}, ""n_chunks"": 16, ""parameter_selection"": {""mean"": {""likelihood"": ""lognormal""}, ""range"": {""likelihood"": ""beta""}}, ""rem_profile_params"": {""rem_stage"": 2, ""step_size_hours"": 1, ""window_size_hours"": 3}, ""tau_threshold"": 5.0}",run_output_8day_rem_w3_s1_stage2,rem_w3_s1_stage2
23,757b7f1ecb7d55ad,pareto_filtered,"pareto_k_above_threshold_after_retries: k_max=1.13244, threshold=0.7","concat: mean, range; even: mean, range; odd: range",mean=student_t; range=beta,16,5.0,6,1,2,384.9866838174791,384.9866838174791,14.25876606731404,2.8517532134628087,0.009417375997337,2.8517532134628087,0.009417375997337,-767.1695665312911,1.1,28.0,76.0,0.8502864513288033,0,8,0.3473997093818596,0.636754801235172,6.063251777568031,2.275799035465569,3.0,7.0,8.0,0.6226029317404675,1.1324406641271711,5,True,"pareto_k_above_threshold_after_retries: k_max=1.13244, threshold=0.7",False,5,5,27,3,"[29, 15, 8]",335.901718196983,"(27, 152)",,[],"{""feature_selection"": {""concat"": [""mean"", ""range""], ""even"": [""mean"", ""range""], ""odd"": [""range""]}, ""n_chunks"": 16, ""parameter_selection"": {""mean"": {""likelihood"": ""student_t""}, ""range"": {""likelihood"": ""beta""}}, ""rem_profile_params"": {""rem_stage"": 2, ""step_size_hours"": 1, ""window_size_hours"": 6}, ""tau_threshold"": 5.0}",run_output_8day_rem_w6_s1_stage2,rem_w6_s1_stage2
130,0b7cc60e5f1b0b38,ok,,"even: mean; odd: mean, range",mean=lognormal; range=lognormal,16,5.0,2,2,2,239.51447475998916,239.51447475998916,8.554088384285325,2.851362794761776,0.012191054533219,2.851362794761776,0.012191054533219,-480.9793221221091,1.01,956.0,469.0,1.1053677329268812,0,8,0.8100219825836703,0.9642278169444206,7.805586863805121,0.8380358497906966,8.0,8.0,8.0,0.9511960571645292,0.6924798520550249,0,False,,False,3,3,28,2,"[3, 21]",43.31276184000308,"(28, 96)",,[],"{""feature_selection"": {""even"": [""mean""], ""odd"": [""mean"", ""range""]}, ""n_chunks"": 16, ""parameter_selection"": {""mean"": {""likelihood"": ""lognormal""}, ""range"": {""likelihood"": ""lognormal""}}, ""rem_profile_params"": {""rem_stage"": 2, ""step_size_hours"": 2, ""window_size_hours"": 2}, ""tau_threshold"": 5.0}",run_output_8day_rem_w2_s2_stage2,rem_w2_s2_stage2
122,8a5079a7bbc5c6b4,pareto_filtered,"pareto_k_above_threshold_after_retries: k_max=0.939728, threshold=0.7","even: mean, range; odd: mean",mean=lognormal; range=lognormal,16,5.0,2,1,2,230.7334746680376,230.7334746680376,8.545684246964354,2.848561415654784,0.0147997853528997,2.848561415654784,0.0147997853528997,-464.1865190547241,1.04,119.0,180.0,0.9011024781790752,0,3,0.5046238297763485,0.2907120003847321,4.423414985943941,2.177184448919007,3.0,3.0,7.0,0.2825723152620693,0.9397283759557324,2,True,"pareto_k_above_threshold_after_retries: k_max=0.939728, threshold=0.7",False,3,3,27,3,"[3, 21, 25]",58.1408600040013,"(27, 184)",,[],"{""feature_selection"": {""even"": [""mean"", ""range""], ""odd"": [""mean""]}, ""n_chunks"": 16, ""parameter_selection"": {""mean"": {""likelihood"": ""lognormal""}, ""range"": {""likelihood"": ""lognormal""}}, ""rem_profile_params"": {""rem_stage"": 2, ""step_size_hours"": 1, ""window_size_hours"": 2}, ""tau_threshold"": 5.0}",run_output_8day_rem_w2_s1_stage2,rem_w2_s1_stage2
137,e3b3362ee7549fae,pareto_filtered,"pareto_k_above_threshold_after_retries: k_max=0.83608, threshold=0.7","concat: mean, range; even: mean, range",mean=lognormal; range=beta,16,5.0,6,1,2,306.4530000915009,306.4530000915009,11.350111114500033,2.837527778625008,0.0118948708250826,2.837527778625008,0.0118948708250826,-610.4864307592059,1.01,556.0,436.0,0.9125454988585676,0,6,0.3528293625655735,0.7086031027743661,5.832659033046027,0.8602916819342957,5.0,6.0,6.0,0.1629516001573149,0.8360800654419422,3,True,"pareto_k_above_threshold_after_retries: k_max=0.83608, threshold=0.7",False,4,4,27,3,"[0, 3, 8]",248.7344764489972,"(27, 152)",,[],"{""feature_selection"": {""concat"": [""mean"", ""range""], ""even"": [""mean"", ""range""]}, ""n_chunks"": 16, ""parameter_selection"": {""mean"": {""likelihood"": ""lognormal""}, ""range"": {""likelihood"": ""beta""}}, ""rem_profile_params"": {""rem_stage"": 2, ""step_size_hours"": 1, ""window_size_hours"": 6}, ""tau_threshold"": 5.0}",run_output_8day_rem_w6_s1_stage2,rem_w6_s1_stage2
4,c7e0c6e3e8457e4c,ok,,concat: range,range=lognormal,16,5.0,3,1,2,82.04869042675541,82.04869042675541,2.829265187129497,2.829265187129497,0.0185522555251414,2.829265187129497,0.0185522555251414,-164.67956234401478,1.0,598.0,670.0,1.0131337928343545,0,6,0.0483906992658557,0.648792817985244,5.84672768791534,1.5461530532534546,5.0,6.0,7.0,0.3634581783466964,0.6483226690013719,0,False,,False,1,1,29,1,[3],17.235712157998933,"(29, 176)",,[],"{""feature_selection"": {""concat"": [""range""]}, ""n_chunks"": 16, ""parameter_selection"": {""range"": {""likelihood"": ""lognormal""}}, ""rem_profile_params"": {""rem_stage"": 2, ""step_size_hours"": 1, ""window_size_hours"": 3}, ""tau_threshold"": 5.0}",run_output_8day_rem_w3_s1_stage2,rem_w3_s1_stage2
118,51ea4f1d1c217078,pareto_filtered,"pareto_k_above_threshold_after_retries: k_max=0.977424, threshold=0.7","concat: range; odd: mean, range",mean=lognormal; range=lognormal,16,5.0,2,2,2,229.03350410414876,229.03350410414876,8.48272237422773,2.8275741247425774,0.0151023263453921,2.8275741247425774,0.0151023263453921,-461.7077372214483,1.02,371.0,179.0,1.1335366164675698,0,8,0.6721922495694881,0.9540166181075236,7.630094998001657,1.0557121004412668,8.0,8.0,8.0,0.8849368752140315,0.9774238544436384,1,True,"pareto_k_above_threshold_after_retries: k_max=0.977424, threshold=0.7",False,3,3,27,3,"[3, 21, 15]",54.50173790700501,"(27, 96)",,[],"{""feature_selection"": {""concat"": [""range""], ""odd"": [""mean"", ""range""]}, ""n_chunks"": 16, ""parameter_selection"": {""mean"": {""likelihood"": ""lognormal""}, ""range"": {""likelihood"": ""lognormal""}}, ""rem_profile_params"": {""rem_stage"": 2, ""step_size_hours"": 2, ""window_size_hours"": 2}, ""tau_threshold"": 5.0}",run_output_8day_rem_w2_s2_stage2,rem_w2_s2_stage2
154,7642201b4f30786b,pareto_filtered,"pareto_k_above_threshold_after_retries: k_max=1.14627, threshold=0.7","concat: mean, range; even: range; odd: range",mean=lognormal; range=lognormal,16,5.0,6,1,2,304.3288677820701,304.3288677820701,11.27143954748408,2.81785988687102,0.0124465464679698,2.81785988687102,0.0124465464679698,-606.9102431798884,1.01,716.0,407.0,0.9742847104128812,0,8,0.6637902041564543,0.9469517341940012,7.707910424841501,0.7815237916403647,8.0,8.0,8.0,0.9190428218789288,1.1462690661826034,2,True,"pareto_k_above_threshold_after_retries: k_max=1.14627, threshold=0.7",False,4,4,27,3,"[3, 0, 24]",73.21871472100611,"(27, 152)",,[],"{""feature_selection"": {""concat"": [""mean"", ""range""], ""even"": [""range""], ""odd"": [""range""]}, ""n_chunks"": 16, ""parameter_selection"": {""mean"": {""likelihood"": ""lognormal""}, ""range"": {""likelihood"": ""lognormal""}}, ""rem_profile_params"": {""rem_stage"": 2, ""step_size_hours"": 1, ""window_size_hours"": 6}, ""tau_threshold"": 5.0}",run_output_8day_rem_w6_s1_stage2,rem_w6_s1_stage2
100,213bfda300a9e691,pareto_filtered,"pareto_k_above_threshold_after_retries: k_max=0.961882, threshold=0.7","concat: range; even: mean, range",mean=lognormal; range=lognormal,16,5.0,2,1,2,227.0073496236251,227.0073496236251,8.407679615689817,2.8025598718966056,0.0093781614316389,2.8025598718966056,0.0093781614316389,-455.3009879914104,1.01,1245.0,1250.0,1.0347783000174553,0,7,0.8955707927483852,0.9986530938589132,7.0204004435845375,0.230644879796121,7.0,7.0,7.0,0.9924805554201565,0.9618816959691712,1,True,"pareto_k_above_threshold_after_retries: k_max=0.961882, threshold=0.7",False,3,3,27,3,"[25, 23, 12]",124.07961108200834,"(27, 184)",,[],"{""feature_selection"": {""concat"": [""range""], ""even"": [""mean"", ""range""]}, ""n_chunks"": 16, ""parameter_selection"": {""mean"": {""likelihood"": ""lognormal""}, ""range"": {""likelihood"": ""lognormal""}}, ""rem_profile_params"": {""rem_stage"": 2, ""step_size_hours"": 1, ""window_size_hours"": 2}, ""tau_threshold"": 5.0}",run_output_8day_rem_w2_s1_stage2,rem_w2_s1_stage2
138,f741f0668a0f3b1a,pareto_filtered,"pareto_k_above_threshold_after_retries: k_max=0.876254, threshold=0.7","concat: mean, range; even: mean, range",mean=lognormal; range=lognormal,16,5.0,6,1,2,302.534670622561,302.534670622561,11.204987800835593,2.801246950208899,0.0137800243707414,2.801246950208899,0.0137800243707414,-598.5275859324626,1.05,87.0,159.0,1.0181435313966367,0,8,0.5317204087583274,0.9346378160149676,7.560232684186914,0.8807060710525298,7.0,8.0,8.0,0.9135842678633584,0.8762542094783751,3,True,"pareto_k_above_threshold_after_retries: k_max=0.876254, threshold=0.7",False,4,4,27,3,"[3, 0, 27]",66.36229202101822,"(27, 152)",,[],"{""feature_selection"": {""concat"": [""mean"", ""range""], ""even"": [""mean"", ""range""]}, ""n_chunks"": 16, ""parameter_selection"": {""mean"": {""likelihood"": ""lognormal""}, ""range"": {""likelihood"": ""lognormal""}}, ""rem_profile_params"": {""rem_stage"": 2, ""step_size_hours"": 1, ""window_size_hours"": 6}, ""tau_threshold"": 5.0}",run_output_8day_rem_w6_s1_stage2,rem_w6_s1_stage2
48,26d1ed49e789fbc9,ok,,even: mean; odd: range,mean=lognormal; range=lognormal,16,5.0,2,1,2,156.53634764732965,156.53634764732965,5.590583844547488,2.795291922273744,0.0145650223773377,2.795291922273744,0.0145650223773377,-313.2846323453172,1.01,715.0,466.0,1.0120737601787488,0,8,0.6820540287622079,0.8987502186823467,7.54852368437161,1.2717192010002845,8.0,8.0,8.0,0.8865215603237272,0.6063592587062114,0,False,,False,2,2,28,2,"[27, 15]",48.67687223799294,"(28, 184)",,[],"{""feature_selection"": {""even"": [""mean""], ""odd"": [""range""]}, ""n_chunks"": 16, ""parameter_selection"": {""mean"": {""likelihood"": ""lognormal""}, ""range"": {""likelihood"": ""lognormal""}}, ""rem_profile_params"": {""rem_stage"": 2, ""step_size_hours"": 1, ""window_size_hours"": 2}, ""tau_threshold"": 5.0}",run_output_8day_rem_w2_s1_stage2,rem_w2_s1_stage2
114,9a516c8ec1966b6b,ok,,concat: range; even: range; odd: mean,mean=student_t; range=lognormal,16,5.0,2,2,2,226.1783087635229,226.1783087635229,8.376974398648997,2.792324799549666,0.0127641764382983,2.792324799549666,0.0127641764382983,-453.02549283647073,1.01,393.0,403.0,0.9018947404985972,0,6,0.4015218454498512,0.9238140563272867,6.257934974915386,1.014262640388389,6.0,6.0,7.0,0.2642169398041586,0.6096220844222784,0,False,,False,3,3,27,3,"[15, 3, 21]",170.25110387802124,"(27, 96)",,[],"{""feature_selection"": {""concat"": [""range""], ""even"": [""range""], ""odd"": [""mean""]}, ""n_chunks"": 16, ""parameter_selection"": {""mean"": {""likelihood"": ""student_t""}, ""range"": {""likelihood"": ""lognormal""}}, ""rem_profile_params"": {""rem_stage"": 2, ""step_size_hours"": 2, ""window_size_hours"": 2}, ""tau_threshold"": 5.0}",run_output_8day_rem_w2_s2_stage2,rem_w2_s2_stage2
4,b653904f5e5c039c,ok,,concat: range,range=lognormal,16,5.0,2,2,2,83.61152098445122,83.61152098445122,2.7870506994817075,2.787050699481707,0.0151549834468932,2.787050699481707,0.0151549834468932,-167.4055691713341,1.0,1295.0,1172.0,1.0929839570940978,0,7,0.5178032459184989,0.9457428225016976,6.677373436182158,0.6391894960061959,6.0,7.0,7.0,0.714737530900184,0.6639623274675752,0,False,,False,1,1,30,0,[],4.479277453006944,"(30, 96)",,[],"{""feature_selection"": {""concat"": [""range""]}, ""n_chunks"": 16, ""parameter_selection"": {""range"": {""likelihood"": ""lognormal""}}, ""rem_profile_params"": {""rem_stage"": 2, ""step_size_hours"": 2, ""window_size_hours"": 2}, ""tau_threshold"": 5.0}",run_output_8day_rem_w2_s2_stage2,rem_w2_s2_stage2
121,5072423f33215910,pareto_filtered,"pareto_k_above_threshold_after_retries: k_max=0.755938, threshold=0.7","even: mean, range; odd: mean",mean=lognormal; range=beta,16,5.0,3,1,2,225.6438353857762,225.6438353857762,8.357179088362082,2.7857263627873605,0.0136761793035557,2.7857263627873605,0.0136761793035557,-451.4974860876325,1.04,110.0,130.0,1.0075142451334236,0,8,0.4855652311902353,0.682786144462572,6.515138455945877,2.170103768212695,4.0,8.0,8.0,0.6709429167381306,0.7559376231937697,1,True,"pareto_k_above_threshold_after_retries: k_max=0.755938, threshold=0.7",False,3,3,27,3,"[3, 27, 21]",156.9269706030027,"(27, 176)",,[],"{""feature_selection"": {""even"": [""mean"", ""range""], ""odd"": [""mean""]}, ""n_chunks"": 16, ""parameter_selection"": {""mean"": {""likelihood"": ""lognormal""}, ""range"": {""likelihood"": ""beta""}}, ""rem_profile_params"": {""rem_stage"": 2, ""step_size_hours"": 1, ""window_size_hours"": 3}, ""tau_threshold"": 5.0}",run_output_8day_rem_w3_s1_stage2,rem_w3_s1_stage2
121,646e37837cfccf22,pareto_filtered,"pareto_k_above_threshold_after_retries: k_max=0.748616, threshold=0.7","even: mean, range; odd: mean",mean=lognormal; range=beta,16,5.0,2,2,2,225.53779745548783,225.53779745548783,8.353251757610662,2.784417252536888,0.0123032686684608,2.784417252536888,0.0123032686684608,-450.9068280994978,1.04,134.0,482.0,0.9530391573721958,0,8,0.3089855859510414,0.5891457158491487,5.729138617261448,2.284935909895046,3.0,6.0,8.0,0.4928389487865736,0.7486157029468868,3,True,"pareto_k_above_threshold_after_retries: k_max=0.748616, threshold=0.7",False,3,3,27,3,"[3, 21, 25]",141.30786533799255,"(27, 96)",,[],"{""feature_selection"": {""even"": [""mean"", ""range""], ""odd"": [""mean""]}, ""n_chunks"": 16, ""parameter_selection"": {""mean"": {""likelihood"": ""lognormal""}, ""range"": {""likelihood"": ""beta""}}, ""rem_profile_params"": {""rem_stage"": 2, ""step_size_hours"": 2, ""window_size_hours"": 2}, ""tau_threshold"": 5.0}",run_output_8day_rem_w2_s2_stage2,rem_w2_s2_stage2
123,a7f80a0a999aa5fe,ok,,"even: mean, range; odd: mean",mean=student_t; range=beta,16,5.0,6,1,2,225.4435123101917,225.4435123101917,8.349759715192285,2.783253238397428,0.0121761180887797,2.783253238397428,0.0121761180887797,-449.7187012480764,1.06,56.0,242.0,0.9718646298054998,0,3,0.3193641526680765,0.4875782228665816,5.348033836415072,2.3339813410975605,3.0,5.0,8.0,0.4404327201296358,0.6868020710262629,0,False,,False,3,3,27,3,"[3, 27, 28]",249.74859358699177,"(27, 152)",,[],"{""feature_selection"": {""even"": [""mean"", ""range""], ""odd"": [""mean""]}, ""n_chunks"": 16, ""parameter_selection"": {""mean"": {""likelihood"": ""student_t""}, ""range"": {""likelihood"": ""beta""}}, ""rem_profile_params"": {""rem_stage"": 2, ""step_size_hours"": 1, ""window_size_hours"": 6}, ""tau_threshold"": 5.0}",run_output_8day_rem_w6_s1_stage2,rem_w6_s1_stage2
24,e500a097ebc730ee,pareto_filtered,"pareto_k_above_threshold_after_retries: k_max=1.21942, threshold=0.7","concat: range; even: mean, range; odd: mean, range",mean=lognormal; range=lognormal,16,5.0,2,1,2,374.5788357719013,374.5788357719013,13.873290213774125,2.7746580427548246,0.0123568794676554,2.7746580427548246,0.0123568794676554,-744.246562930034,1.19,14.0,23.0,1.1063795041946711,0,8,0.5904634637870124,0.7211450315713674,6.631808839456839,2.1871944474940306,3.0,8.0,8.0,0.7142437891436587,1.219422932370881,5,True,"pareto_k_above_threshold_after_retries: k_max=1.21942, threshold=0.7",False,5,5,27,3,"[3, 21, 27]",202.4611946179939,"(27, 184)",,[],"{""feature_selection"": {""concat"": [""range""], ""even"": [""mean"", ""range""], ""odd"": [""mean"", ""range""]}, ""n_chunks"": 16, ""parameter_selection"": {""mean"": {""likelihood"": ""lognormal""}, ""range"": {""likelihood"": ""lognormal""}}, ""rem_profile_params"": {""rem_stage"": 2, ""step_size_hours"": 1, ""window_size_hours"": 2}, ""tau_threshold"": 5.0}",run_output_8day_rem_w2_s1_stage2,rem_w2_s1_stage2
60,3256c1c3ecebe098,ok,,"odd: mean, range",mean=student_t; range=lognormal,16,5.0,6,1,2,160.34268542031694,160.34268542031694,5.529058117941964,2.764529058970982,0.0099493162177412,2.764529058970982,0.0099493162177412,-320.6532727152846,1.01,653.0,1102.0,0.933177108679508,0,6,0.2131326220251442,0.8816961154187757,6.682208138424967,1.232329034961904,6.0,7.0,8.0,0.526042687486311,0.569005559244866,0,False,,False,2,2,29,1,[3],35.53909329598537,"(29, 152)",,[],"{""feature_selection"": {""odd"": [""mean"", ""range""]}, ""n_chunks"": 16, ""parameter_selection"": {""mean"": {""likelihood"": ""student_t""}, ""range"": {""likelihood"": ""lognormal""}}, ""rem_profile_params"": {""rem_stage"": 2, ""step_size_hours"": 1, ""window_size_hours"": 6}, ""tau_threshold"": 5.0}",run_output_8day_rem_w6_s1_stage2,rem_w6_s1_stage2
180,da1cc187f82d9bde,ok,,"concat: range; even: mean, range; odd: mean",mean=student_t; range=lognormal,16,5.0,2,2,2,320.19892412409416,320.19892412409416,11.04134221117566,2.7603355527939155,0.0106902880978965,2.7603355527939155,0.0106902880978965,-641.005218109106,1.01,587.0,574.0,0.9393973526284498,0,6,0.3712606929026504,0.9791559363952308,6.669668064173504,0.8174686301734462,6.0,7.0,7.0,0.5127238118849933,0.6221125364910332,0,False,,False,4,4,29,1,[15],188.62461158499357,"(29, 96)",,[],"{""feature_selection"": {""concat"": [""range""], ""even"": [""mean"", ""range""], ""odd"": [""mean""]}, ""n_chunks"": 16, ""parameter_selection"": {""mean"": {""likelihood"": ""student_t""}, ""range"": {""likelihood"": ""lognormal""}}, ""rem_profile_params"": {""rem_stage"": 2, ""step_size_hours"": 2, ""window_size_hours"": 2}, ""tau_threshold"": 5.0}",run_output_8day_rem_w2_s2_stage2,rem_w2_s2_stage2
57,e5534b3f8f75ae61,ok,,"odd: mean, range",mean=lognormal; range=beta,16,5.0,2,2,2,154.55568495214408,154.55568495214408,5.519845891148003,2.7599229455740013,0.0137204642484421,2.7599229455740013,0.0137204642484421,-308.6072653479185,1.01,582.0,715.0,1.007923002008149,0,6,0.3819287156536294,0.9986859780931144,6.971375923941604,0.8335608431098175,6.0,7.0,8.0,0.6479694703941699,0.6752612616126077,0,False,,False,2,2,28,2,"[3, 21]",54.03330480499426,"(28, 96)",,[],"{""feature_selection"": {""odd"": [""mean"", ""range""]}, ""n_chunks"": 16, ""parameter_selection"": {""mean"": {""likelihood"": ""lognormal""}, ""range"": {""likelihood"": ""beta""}}, ""rem_profile_params"": {""rem_stage"": 2, ""step_size_hours"": 2, ""window_size_hours"": 2}, ""tau_threshold"": 5.0}",run_output_8day_rem_w2_s2_stage2,rem_w2_s2_stage2
191,252d8740d0145e64,pareto_filtered,"pareto_k_above_threshold_after_retries: k_max=0.981, threshold=0.7","concat: range; even: range; odd: mean, range",mean=student_t; range=beta,16,5.0,2,2,2,297.96844838556336,297.96844838556336,11.035868458724568,2.7589671146811425,0.0108583544869154,2.7589671146811425,0.0108583544869154,-596.2211085295011,1.0,1351.0,1031.0,0.9905308627477644,0,7,0.8890391892447562,0.9999999997271752,7.0501011049740265,0.2181541000504906,7.0,7.0,7.0,0.9999998869884268,0.9809995634475216,3,True,"pareto_k_above_threshold_after_retries: k_max=0.981, threshold=0.7",False,4,4,27,3,"[4, 15, 7]",500.5344553409959,"(27, 96)",,[],"{""feature_selection"": {""concat"": [""range""], ""even"": [""range""], ""odd"": [""mean"", ""range""]}, ""n_chunks"": 16, ""parameter_selection"": {""mean"": {""likelihood"": ""student_t""}, ""range"": {""likelihood"": ""beta""}}, ""rem_profile_params"": {""rem_stage"": 2, ""step_size_hours"": 2, ""window_size_hours"": 2}, ""tau_threshold"": 5.0}",run_output_8day_rem_w2_s2_stage2,rem_w2_s2_stage2
7,a3c5b9164e51aca8,ok,,even: range,range=beta,16,5.0,6,1,2,77.22695898782513,77.22695898782513,2.758105678136612,2.758105678136612,0.0293421838657614,2.758105678136612,0.0293421838657614,-154.13392735096343,1.0,525.0,541.0,0.9553712060280498,0,3,0.5671961273499535,0.1314380254037979,3.6456034977700327,1.483997589695248,3.0,3.0,3.0,0.1064361614117739,0.6298448696784359,0,False,,False,1,1,28,2,"[28, 27]",39.106834940990666,"(28, 152)",,[],"{""feature_selection"": {""even"": [""range""]}, ""n_chunks"": 16, ""parameter_selection"": {""range"": {""likelihood"": ""beta""}}, ""rem_profile_params"": {""rem_stage"": 2, ""step_size_hours"": 1, ""window_size_hours"": 6}, ""tau_threshold"": 5.0}",run_output_8day_rem_w6_s1_stage2,rem_w6_s1_stage2
99,9640f3ddd24fdb07,ok,,"concat: range; even: mean, range",mean=lognormal; range=beta,16,5.0,2,2,2,239.8037763362183,239.8037763362183,8.269095735731666,2.756365245243889,0.0084028686023497,2.756365245243889,0.0084028686023497,-479.4481146203104,1.01,1516.0,1014.0,0.9729316063653208,0,7,0.9729463329893888,0.9999999999982412,7.008389891345975,0.0912162951027245,7.0,7.0,7.0,0.999999544291982,0.6446332164207486,0,False,,False,3,3,29,1,[4],67.29964842699701,"(29, 96)",,[],"{""feature_selection"": {""concat"": [""range""], ""even"": [""mean"", ""range""]}, ""n_chunks"": 16, ""parameter_selection"": {""mean"": {""likelihood"": ""lognormal""}, ""range"": {""likelihood"": ""beta""}}, ""rem_profile_params"": {""rem_stage"": 2, ""step_size_hours"": 2, ""window_size_hours"": 2}, ""tau_threshold"": 5.0}",run_output_8day_rem_w2_s2_stage2,rem_w2_s2_stage2
41,46adf7ab0f8d5f46,pareto_filtered,"pareto_k_above_threshold_after_retries: k_max=1.55036, threshold=0.7","concat: mean, range; even: mean, range; odd: mean, range",mean=lognormal; range=beta,16,5.0,6,1,2,444.59939596805975,444.59939596805975,16.466644295113323,2.7444407158522206,0.0116490612463815,2.7444407158522206,0.0116490612463815,-887.574930240718,1.0,700.0,940.0,0.9829793723582898,0,5,0.6197959058142472,0.3274860307725111,5.33869175278311,0.496383475033226,5.0,5.0,6.0,0.0112053387765721,1.550360454809133,5,True,"pareto_k_above_threshold_after_retries: k_max=1.55036, threshold=0.7",False,6,6,27,3,"[3, 0, 15]",383.2025169970002,"(27, 152)",,[],"{""feature_selection"": {""concat"": [""mean"", ""range""], ""even"": [""mean"", ""range""], ""odd"": [""mean"", ""range""]}, ""n_chunks"": 16, ""parameter_selection"": {""mean"": {""likelihood"": ""lognormal""}, ""range"": {""likelihood"": ""beta""}}, ""rem_profile_params"": {""rem_stage"": 2, ""step_size_hours"": 1, ""window_size_hours"": 6}, ""tau_threshold"": 5.0}",run_output_8day_rem_w6_s1_stage2,rem_w6_s1_stage2
114,efe3570810efd3e9,pareto_filtered,"pareto_k_above_threshold_after_retries: k_max=0.85603, threshold=0.7",concat: range; even: range; odd: mean,mean=student_t; range=lognormal,16,5.0,2,1,2,222.2298805307612,222.2298805307612,8.230736315954116,2.743578771984706,0.01393842598107,2.743578771984706,0.01393842598107,-445.0548072919968,1.02,215.0,428.0,0.9883624891136268,0,3,0.2108005481219934,0.4148832225020549,4.949023014815609,2.117465966310762,3.0,4.0,7.0,0.3072625559880798,0.8560299401707903,2,True,"pareto_k_above_threshold_after_retries: k_max=0.85603, threshold=0.7",False,3,3,27,3,"[27, 25, 3]",179.32724799599964,"(27, 184)",,[],"{""feature_selection"": {""concat"": [""range""], ""even"": [""range""], ""odd"": [""mean""]}, ""n_chunks"": 16, ""parameter_selection"": {""mean"": {""likelihood"": ""student_t""}, ""range"": {""likelihood"": ""lognormal""}}, ""rem_profile_params"": {""rem_stage"": 2, ""step_size_hours"": 1, ""window_size_hours"": 2}, ""tau_threshold"": 5.0}",run_output_8day_rem_w2_s1_stage2,rem_w2_s1_stage2
33,81c57ac1207eff53,ok,,concat: range; even: range,range=beta,16,5.0,2,2,2,158.76515421569957,158.76515421569957,5.474660490196537,2.737330245098268,0.0060948700455689,2.737330245098268,0.0060948700455689,-317.6827671711307,1.0,1088.0,808.0,0.9560971076167728,0,7,0.9744223938351528,0.9999999043653436,7.007818341252578,0.0881481038064905,7.0,7.0,7.0,0.9999937552440012,0.4130741826602784,0,False,,False,2,2,29,1,[4],35.10134655502043,"(29, 96)",,[],"{""feature_selection"": {""concat"": [""range""], ""even"": [""range""]}, ""n_chunks"": 16, ""parameter_selection"": {""range"": {""likelihood"": ""beta""}}, ""rem_profile_params"": {""rem_stage"": 2, ""step_size_hours"": 2, ""window_size_hours"": 2}, ""tau_threshold"": 5.0}",run_output_8day_rem_w2_s2_stage2,rem_w2_s2_stage2
45,d479c7a5e6b77a56,pareto_filtered,"pareto_k_above_threshold_after_retries: k_max=0.733525, threshold=0.7",even: mean; odd: mean,mean=lognormal,16,5.0,6,1,2,147.64122695153773,147.64122695153773,5.468193590797694,2.7340967953988478,0.0146349148547657,2.7340967953988478,0.0146349148547657,-295.6810906204082,1.01,206.0,241.0,0.9361763830789656,0,4,0.2744372421797889,0.2665542166726282,4.890597609789431,1.8077833824876957,4.0,4.0,7.0,0.2501297153198694,0.7335247468800418,1,True,"pareto_k_above_threshold_after_retries: k_max=0.733525, threshold=0.7",False,2,2,27,3,"[3, 0, 21]",42.98080541798845,"(27, 152)",,[],"{""feature_selection"": {""even"": [""mean""], ""odd"": [""mean""]}, ""n_chunks"": 16, ""parameter_selection"": {""mean"": {""likelihood"": ""lognormal""}}, ""rem_profile_params"": {""rem_stage"": 2, ""step_size_hours"": 1, ""window_size_hours"": 6}, ""tau_threshold"": 5.0}",run_output_8day_rem_w6_s1_stage2,rem_w6_s1_stage2
22,1770586932182a50,pareto_filtered,"pareto_k_above_threshold_after_retries: k_max=0.900965, threshold=0.7","concat: range; even: mean, range; odd: mean, range",mean=student_t; range=lognormal,16,5.0,3,1,2,368.7843863748021,368.7843863748021,13.658680976844524,2.7317361953689043,0.0098783806245635,2.7317361953689043,0.0098783806245635,-742.3010994162776,1.01,1445.0,1036.0,0.9551716990289906,0,8,0.9650760434121156,0.9975953868305526,7.980536669791744,0.2108739565547874,8.0,8.0,8.0,0.9923745198135202,0.9009651011855092,2,True,"pareto_k_above_threshold_after_retries: k_max=0.900965, threshold=0.7",False,5,5,27,3,"[4, 3, 15]",254.5559540829854,"(27, 176)",,[],"{""feature_selection"": {""concat"": [""range""], ""even"": [""mean"", ""range""], ""odd"": [""mean"", ""range""]}, ""n_chunks"": 16, ""parameter_selection"": {""mean"": {""likelihood"": ""student_t""}, ""range"": {""likelihood"": ""lognormal""}}, ""rem_profile_params"": {""rem_stage"": 2, ""step_size_hours"": 1, ""window_size_hours"": 3}, ""tau_threshold"": 5.0}",run_output_8day_rem_w3_s1_stage2,rem_w3_s1_stage2
43,fd96ad2819fab656,ok,,"even: mean, range",mean=student_t; range=beta,16,5.0,2,2,2,163.3614281138675,163.3614281138675,5.445380937128917,2.7226904685644584,0.0097038977657562,2.7226904685644584,0.0097038977657562,-326.8578081062664,1.01,829.0,849.0,0.9604872163715206,0,8,0.3235644015518691,0.9385684018126256,7.1489894380216175,1.1643866537693242,6.0,8.0,8.0,0.7364106030804425,0.48932049322459,0,False,,False,2,2,30,0,[],21.167036104976432,"(30, 96)",,[],"{""feature_selection"": {""even"": [""mean"", ""range""]}, ""n_chunks"": 16, ""parameter_selection"": {""mean"": {""likelihood"": ""student_t""}, ""range"": {""likelihood"": ""beta""}}, ""rem_profile_params"": {""rem_stage"": 2, ""step_size_hours"": 2, ""window_size_hours"": 2}, ""tau_threshold"": 5.0}",run_output_8day_rem_w2_s2_stage2,rem_w2_s2_stage2
195,189760ad979ff77b,ok,,"even: mean, range; odd: mean, range",mean=student_t; range=beta,16,5.0,3,1,2,315.2240187161445,315.2240187161445,10.869793748832569,2.717448437208142,0.0098669999649213,2.717448437208142,0.0098669999649213,-630.3786875209013,1.02,212.0,111.0,1.002639678802432,0,8,0.7482778063924986,0.9316041556132588,7.677303591358153,1.1084127490807036,8.0,8.0,8.0,0.926617451366284,0.6769997522816604,0,False,,False,4,4,29,1,[15],244.85188260598807,"(29, 176)",,[],"{""feature_selection"": {""even"": [""mean"", ""range""], ""odd"": [""mean"", ""range""]}, ""n_chunks"": 16, ""parameter_selection"": {""mean"": {""likelihood"": ""student_t""}, ""range"": {""likelihood"": ""beta""}}, ""rem_profile_params"": {""rem_stage"": 2, ""step_size_hours"": 1, ""window_size_hours"": 3}, ""tau_threshold"": 5.0}",run_output_8day_rem_w3_s1_stage2,rem_w3_s1_stage2
54,cbeba8a7bcea9345,ok,,even: range; odd: mean,mean=student_t; range=lognormal,16,5.0,2,1,2,146.67004143190798,146.67004143190798,5.432223756737333,2.716111878368665,0.0142588085278643,2.716111878368665,0.0142588085278643,-293.8031205349316,1.01,971.0,1009.0,0.9436294549434816,0,7,0.4936067589909072,0.9425748086905046,6.893904875312673,0.863279654893602,7.0,7.0,7.0,0.8722016290615655,0.5409147584190394,0,False,,False,2,2,27,3,"[25, 3, 23]",83.00794635800412,"(27, 184)",,[],"{""feature_selection"": {""even"": [""range""], ""odd"": [""mean""]}, ""n_chunks"": 16, ""parameter_selection"": {""mean"": {""likelihood"": ""student_t""}, ""range"": {""likelihood"": ""lognormal""}}, ""rem_profile_params"": {""rem_stage"": 2, ""step_size_hours"": 1, ""window_size_hours"": 2}, ""tau_threshold"": 5.0}",run_output_8day_rem_w2_s1_stage2,rem_w2_s1_stage2
181,007d5da3fab94dea,pareto_filtered,"pareto_k_above_threshold_after_retries: k_max=0.719047, threshold=0.7","concat: range; even: mean, range; odd: range",mean=lognormal; range=beta,16,5.0,3,1,2,293.06497672117166,293.06497672117166,10.854258397080432,2.713564599270108,0.0089825361453758,2.713564599270108,0.0089825361453758,-587.2695155004063,1.01,739.0,421.0,0.9387891141662728,0,8,0.7559067662735866,0.9888847094750368,7.815703987530064,0.6466977961207733,8.0,8.0,8.0,0.9458118949541848,0.7190465796098643,2,True,"pareto_k_above_threshold_after_retries: k_max=0.719047, threshold=0.7",False,4,4,27,3,"[15, 27, 10]",368.6845553939929,"(27, 176)",,[],"{""feature_selection"": {""concat"": [""range""], ""even"": [""mean"", ""range""], ""odd"": [""range""]}, ""n_chunks"": 16, ""parameter_selection"": {""mean"": {""likelihood"": ""lognormal""}, ""range"": {""likelihood"": ""beta""}}, ""rem_profile_params"": {""rem_stage"": 2, ""step_size_hours"": 1, ""window_size_hours"": 3}, ""tau_threshold"": 5.0}",run_output_8day_rem_w3_s1_stage2,rem_w3_s1_stage2
42,53a549c14a97b070,pareto_filtered,"pareto_k_above_threshold_after_retries: k_max=1.23467, threshold=0.7","concat: mean, range; even: mean, range; odd: mean, range",mean=lognormal; range=lognormal,16,5.0,6,1,2,439.4108942439675,439.4108942439675,16.27447756459139,2.712412927431898,0.0112280607122939,2.712412927431898,0.0112280607122939,-835.8101021251633,1.69,6.0,22.0,0.9696858595701386,0,7,0.4291308924278241,0.9766246646764952,7.245513802803062,0.7724885173805828,7.0,7.0,8.0,0.8971277843666456,1.2346662014487255,3,True,"pareto_k_above_threshold_after_retries: k_max=1.23467, threshold=0.7",False,6,6,27,3,"[3, 0, 27]",268.78193873900454,"(27, 152)",,[],"{""feature_selection"": {""concat"": [""mean"", ""range""], ""even"": [""mean"", ""range""], ""odd"": [""mean"", ""range""]}, ""n_chunks"": 16, ""parameter_selection"": {""mean"": {""likelihood"": ""lognormal""}, ""range"": {""likelihood"": ""lognormal""}}, ""rem_profile_params"": {""rem_stage"": 2, ""step_size_hours"": 1, ""window_size_hours"": 6}, ""tau_threshold"": 5.0}",run_output_8day_rem_w6_s1_stage2,rem_w6_s1_stage2
194,53f741136718f0ef,pareto_filtered,"pareto_k_above_threshold_after_retries: k_max=1.00307, threshold=0.7","even: mean, range; odd: mean, range",mean=lognormal; range=lognormal,16,5.0,2,1,2,292.70325872458125,292.70325872458125,10.84086143424375,2.7102153585609376,0.0115582342665225,2.7102153585609376,0.0115582342665225,-584.6327831717426,1.02,192.0,167.0,1.0284041488547695,0,8,0.4966118552848905,0.952078331309422,7.449422917891741,1.0086163205907828,7.0,8.0,8.0,0.9391860062144604,1.0030666476204444,4,True,"pareto_k_above_threshold_after_retries: k_max=1.00307, threshold=0.7",False,4,4,27,3,"[3, 21, 23]",93.81001077999828,"(27, 184)",,[],"{""feature_selection"": {""even"": [""mean"", ""range""], ""odd"": [""mean"", ""range""]}, ""n_chunks"": 16, ""parameter_selection"": {""mean"": {""likelihood"": ""lognormal""}, ""range"": {""likelihood"": ""lognormal""}}, ""rem_profile_params"": {""rem_stage"": 2, ""step_size_hours"": 1, ""window_size_hours"": 2}, ""tau_threshold"": 5.0}",run_output_8day_rem_w2_s1_stage2,rem_w2_s1_stage2
16,196b6145206d6c6d,ok,,"even: mean, range; odd: mean, range",mean=student_t; range=lognormal,16,5.0,6,1,2,292.31034377733806,292.31034377733806,10.826309028790298,2.7065772571975746,0.010902983376689,2.7065772571975746,0.010902983376689,-584.3634823067931,1.0,712.0,435.0,0.9422165363519548,0,8,0.7368482313958155,0.9813353049251216,7.7878602797438194,0.7294141825117886,8.0,8.0,8.0,0.939179396043855,0.6529541535844479,0,False,,False,4,4,27,3,"[3, 21, 27]",172.08309610400465,"(27, 152)",,[],"{""feature_selection"": {""even"": [""mean"", ""range""], ""odd"": [""mean"", ""range""]}, ""n_chunks"": 16, ""parameter_selection"": {""mean"": {""likelihood"": ""student_t""}, ""range"": {""likelihood"": ""lognormal""}}, ""rem_profile_params"": {""rem_stage"": 2, ""step_size_hours"": 1, ""window_size_hours"": 6}, ""tau_threshold"": 5.0}",run_output_8day_rem_w6_s1_stage2,rem_w6_s1_stage2
40,77e8607af3ca2354,pareto_filtered,"pareto_k_above_threshold_after_retries: k_max=0.733298, threshold=0.7",concat: range; odd: range,range=lognormal,16,5.0,2,1,2,145.91503043357022,145.91503043357022,5.404260386428526,2.702130193214263,0.0145207098616574,2.702130193214263,0.0145207098616574,-291.19159262584304,1.01,442.0,431.0,1.0203198150406827,0,8,0.4045684014736764,0.8724129345656932,7.23821202750695,1.408549352535554,7.0,8.0,8.0,0.8114377999337309,0.7332981505518417,1,True,"pareto_k_above_threshold_after_retries: k_max=0.733298, threshold=0.7",False,2,2,27,3,"[0, 15, 21]",66.89598768699216,"(27, 184)",,[],"{""feature_selection"": {""concat"": [""range""], ""odd"": [""range""]}, ""n_chunks"": 16, ""parameter_selection"": {""range"": {""likelihood"": ""lognormal""}}, ""rem_profile_params"": {""rem_stage"": 2, ""step_size_hours"": 1, ""window_size_hours"": 2}, ""tau_threshold"": 5.0}",run_output_8day_rem_w2_s1_stage2,rem_w2_s1_stage2
192,2e0035dedb722a1d,pareto_filtered,"pareto_k_above_threshold_after_retries: k_max=1.44243, threshold=0.7","concat: range; even: range; odd: mean, range",mean=student_t; range=lognormal,16,5.0,3,1,2,290.7344902731831,290.7344902731831,10.767944084191967,2.691986021047992,0.0108534638741929,2.691986021047992,0.0108534638741929,-580.9294795111456,1.29,11.0,12.0,0.8428493167102967,0,5,0.440250577425615,0.2768351620051483,5.636756204398818,1.2966078493916735,5.0,5.0,6.0,0.2206070746640787,1.4424347626595393,2,True,"pareto_k_above_threshold_after_retries: k_max=1.44243, threshold=0.7",False,4,4,27,3,"[3, 4, 0]",313.6460930850008,"(27, 176)",,[],"{""feature_selection"": {""concat"": [""range""], ""even"": [""range""], ""odd"": [""mean"", ""range""]}, ""n_chunks"": 16, ""parameter_selection"": {""mean"": {""likelihood"": ""student_t""}, ""range"": {""likelihood"": ""lognormal""}}, ""rem_profile_params"": {""rem_stage"": 2, ""step_size_hours"": 1, ""window_size_hours"": 3}, ""tau_threshold"": 5.0}",run_output_8day_rem_w3_s1_stage2,rem_w3_s1_stage2
21,b177a07931fe0f2f,pareto_filtered,"pareto_k_above_threshold_after_retries: k_max=0.894091, threshold=0.7","concat: mean, range; even: mean, range; odd: range",mean=lognormal; range=beta,16,5.0,6,1,2,363.3797928763601,363.3797928763601,13.458510847272596,2.6917021694545187,0.0116347442327818,2.6917021694545187,0.0116347442327818,-709.108209886745,1.05,69.0,97.0,0.9885048143119196,0,7,0.5383894356665575,0.7542663778077009,6.001511554767932,1.6770458910478383,6.0,7.0,7.0,0.7104653782438959,0.8940909254371108,3,True,"pareto_k_above_threshold_after_retries: k_max=0.894091, threshold=0.7",False,5,5,27,3,"[29, 15, 0]",263.66791557200486,"(27, 152)",,[],"{""feature_selection"": {""concat"": [""mean"", ""range""], ""even"": [""mean"", ""range""], ""odd"": [""range""]}, ""n_chunks"": 16, ""parameter_selection"": {""mean"": {""likelihood"": ""lognormal""}, ""range"": {""likelihood"": ""beta""}}, ""rem_profile_params"": {""rem_stage"": 2, ""step_size_hours"": 1, ""window_size_hours"": 6}, ""tau_threshold"": 5.0}",run_output_8day_rem_w6_s1_stage2,rem_w6_s1_stage2
178,13b049938ec3f243,pareto_filtered,"pareto_k_above_threshold_after_retries: k_max=1.04955, threshold=0.7","concat: range; even: mean, range; odd: mean",mean=lognormal; range=lognormal,16,5.0,3,1,2,290.38934244022136,290.38934244022136,10.75516083111931,2.688790207779828,0.0124412239368712,2.688790207779828,0.0124412239368712,-580.6585858610771,1.03,136.0,392.0,0.9407142205752383,0,8,0.1704834725644443,0.5356296223863417,6.000900239079101,1.886568629378382,4.0,7.0,8.0,0.5089248895571022,1.0495469566992783,3,True,"pareto_k_above_threshold_after_retries: k_max=1.04955, threshold=0.7",False,4,4,27,3,"[3, 0, 21]",183.5407692969893,"(27, 176)",,[],"{""feature_selection"": {""concat"": [""range""], ""even"": [""mean"", ""range""], ""odd"": [""mean""]}, ""n_chunks"": 16, ""parameter_selection"": {""mean"": {""likelihood"": ""lognormal""}, ""range"": {""likelihood"": ""lognormal""}}, ""rem_profile_params"": {""rem_stage"": 2, ""step_size_hours"": 1, ""window_size_hours"": 3}, ""tau_threshold"": 5.0}",run_output_8day_rem_w3_s1_stage2,rem_w3_s1_stage2
136,e01206ac251789c6,ok,,"even: range; odd: mean, range",mean=student_t; range=lognormal,16,5.0,6,1,2,225.72703361066723,225.72703361066723,8.061679771809544,2.687226590603181,0.0126009318831466,2.687226590603181,0.0126009318831466,-451.6263404935596,1.01,417.0,557.0,0.9329305384470415,0,8,0.3013057651905334,0.9361700653877292,7.032093701152704,1.2132112851858852,6.0,7.0,8.0,0.6858863299075928,0.5778547017848705,0,False,,False,3,3,28,2,"[27, 3]",146.6277208730171,"(28, 152)",,[],"{""feature_selection"": {""even"": [""range""], ""odd"": [""mean"", ""range""]}, ""n_chunks"": 16, ""parameter_selection"": {""mean"": {""likelihood"": ""student_t""}, ""range"": {""likelihood"": ""lognormal""}}, ""rem_profile_params"": {""rem_stage"": 2, ""step_size_hours"": 1, ""window_size_hours"": 6}, ""tau_threshold"": 5.0}",run_output_8day_rem_w6_s1_stage2,rem_w6_s1_stage2
192,6dbb590a8bf512d3,pareto_filtered,"pareto_k_above_threshold_after_retries: k_max=0.947685, threshold=0.7","concat: range; even: range; odd: mean, range",mean=student_t; range=lognormal,16,5.0,2,1,2,289.7921338127645,289.7921338127645,10.733041993065353,2.683260498266338,0.0113181650319173,2.683260498266338,0.0113181650319173,-578.9219554324194,1.03,158.0,423.0,1.0690104417817623,0,3,0.2408561173411905,0.5112578666406872,5.3259172868367415,2.197068184348006,3.0,6.0,8.0,0.3677027461759963,0.94768548868917,2,True,"pareto_k_above_threshold_after_retries: k_max=0.947685, threshold=0.7",False,4,4,27,3,"[21, 3, 27]",354.09472095698584,"(27, 184)",,[],"{""feature_selection"": {""concat"": [""range""], ""even"": [""range""], ""odd"": [""mean"", ""range""]}, ""n_chunks"": 16, ""parameter_selection"": {""mean"": {""likelihood"": ""student_t""}, ""range"": {""likelihood"": ""lognormal""}}, ""rem_profile_params"": {""rem_stage"": 2, ""step_size_hours"": 1, ""window_size_hours"": 2}, ""tau_threshold"": 5.0}",run_output_8day_rem_w2_s1_stage2,rem_w2_s1_stage2
2,abcb6a94bdaefda9,ok,,"even: mean, range; odd: mean, range",mean=student_t; range=beta,16,5.0,2,2,2,300.1064196104362,300.1064196104362,10.718086414658435,2.679521603664609,0.0104344512708521,2.679521603664609,0.0104344512708521,-600.0589476911775,1.0,879.0,1002.0,0.9469118454153226,0,8,0.7888291731841195,0.9934087896708624,7.863639523304154,0.5186014852116386,8.0,8.0,8.0,0.966065202195403,0.6980765037251403,0,False,,False,4,4,28,2,"[7, 15]",131.92715594099718,"(28, 96)",,[],"{""feature_selection"": {""even"": [""mean"", ""range""], ""odd"": [""mean"", ""range""]}, ""n_chunks"": 16, ""parameter_selection"": {""mean"": {""likelihood"": ""student_t""}, ""range"": {""likelihood"": ""beta""}}, ""rem_profile_params"": {""rem_stage"": 2, ""step_size_hours"": 2, ""window_size_hours"": 2}, ""tau_threshold"": 5.0}",run_output_8day_rem_w2_s2_stage2,rem_w2_s2_stage2
27,f1f673d7e0ed163a,ok,,"concat: range; even: mean, range; odd: mean, range",mean=student_t; range=lognormal,16,5.0,2,2,2,361.458316456957,361.458316456957,13.38734505396137,2.6774690107922736,0.0095930761242216,2.6774690107922736,0.0095930761242216,-724.0151418256389,1.01,536.0,302.0,1.0312153048990995,0,8,0.7681778373738377,0.9743968629766682,7.754713322789954,0.8751471412286265,8.0,8.0,8.0,0.9206513117691932,0.679004282414687,0,False,,False,5,5,27,3,"[15, 3, 21]",271.610092094983,"(27, 96)",,[],"{""feature_selection"": {""concat"": [""range""], ""even"": [""mean"", ""range""], ""odd"": [""mean"", ""range""]}, ""n_chunks"": 16, ""parameter_selection"": {""mean"": {""likelihood"": ""student_t""}, ""range"": {""likelihood"": ""lognormal""}}, ""rem_profile_params"": {""rem_stage"": 2, ""step_size_hours"": 2, ""window_size_hours"": 2}, ""tau_threshold"": 5.0}",run_output_8day_rem_w2_s2_stage2,rem_w2_s2_stage2
115,2a3e124b79c2a3ab,ok,,concat: range; even: range; odd: range,range=beta,16,5.0,3,1,2,232.636492195878,232.636492195878,8.021948006754414,2.6739826689181374,0.0073848413450133,2.6739826689181374,0.0073848413450133,-465.3488605175004,1.01,306.0,221.0,0.9245144149059896,0,8,0.6292521480647522,0.9651986039496436,7.676034423301985,0.8197782096625293,8.0,8.0,8.0,0.963924544482438,0.5245687321143241,0,False,,False,3,3,29,1,[15],94.3996569099836,"(29, 176)",,[],"{""feature_selection"": {""concat"": [""range""], ""even"": [""range""], ""odd"": [""range""]}, ""n_chunks"": 16, ""parameter_selection"": {""range"": {""likelihood"": ""beta""}}, ""rem_profile_params"": {""rem_stage"": 2, ""step_size_hours"": 1, ""window_size_hours"": 3}, ""tau_threshold"": 5.0}",run_output_8day_rem_w3_s1_stage2,rem_w3_s1_stage2
50,1398729a7334c176,ok,,even: mean; odd: range,mean=student_t; range=lognormal,16,5.0,3,1,2,160.3513461486654,160.3513461486654,5.3450448716221794,2.6725224358110897,0.0086949973180782,2.6725224358110897,0.0086949973180782,-320.754233204392,1.01,1536.0,670.0,1.032602035200243,0,8,0.8508578797770252,0.976485200120398,7.875162703496991,0.6395354459220339,8.0,8.0,8.0,0.9696171111763356,0.6793797391226027,0,False,,False,2,2,30,0,[],17.971902129007503,"(30, 176)",,[],"{""feature_selection"": {""even"": [""mean""], ""odd"": [""range""]}, ""n_chunks"": 16, ""parameter_selection"": {""mean"": {""likelihood"": ""student_t""}, ""range"": {""likelihood"": ""lognormal""}}, ""rem_profile_params"": {""rem_stage"": 2, ""step_size_hours"": 1, ""window_size_hours"": 3}, ""tau_threshold"": 5.0}",run_output_8day_rem_w3_s1_stage2,rem_w3_s1_stage2
110,aa29235dc84ff45e,ok,,concat: range; even: mean; odd: range,mean=student_t; range=lognormal,16,5.0,2,2,2,232.43458167074965,232.43458167074965,8.014985574853437,2.671661858284479,0.0094171563003014,2.671661858284479,0.0094171563003014,-464.9843904660471,1.0,901.0,1117.0,0.9875004800432584,0,8,0.4729443846189083,0.9696422580291512,7.497150795450965,0.8416335770603258,7.0,8.0,8.0,0.8682332681021796,0.6247315752676914,0,False,,False,3,3,29,1,[15],64.99448363200645,"(29, 96)",,[],"{""feature_selection"": {""concat"": [""range""], ""even"": [""mean""], ""odd"": [""range""]}, ""n_chunks"": 16, ""parameter_selection"": {""mean"": {""likelihood"": ""student_t""}, ""range"": {""likelihood"": ""lognormal""}}, ""rem_profile_params"": {""rem_stage"": 2, ""step_size_hours"": 2, ""window_size_hours"": 2}, ""tau_threshold"": 5.0}",run_output_8day_rem_w2_s2_stage2,rem_w2_s2_stage2
42,48dd9aa91f43575f,pareto_filtered,"pareto_k_above_threshold_after_retries: k_max=0.951177, threshold=0.7","even: mean, range",mean=lognormal; range=lognormal,16,5.0,2,1,2,144.01653318155877,144.01653318155877,5.3339456733910655,2.666972836695533,0.0126790553609976,2.666972836695533,0.0126790553609976,-289.0070100104922,1.01,1722.0,1260.0,1.0172026882724836,0,7,0.8164054234266622,0.9949855588501552,7.02903097351715,0.3561853384034096,7.0,7.0,7.0,0.9816854089663823,0.9511768694469036,1,True,"pareto_k_above_threshold_after_retries: k_max=0.951177, threshold=0.7",False,2,2,27,3,"[25, 23, 12]",66.97842443000991,"(27, 184)",,[],"{""feature_selection"": {""even"": [""mean"", ""range""]}, ""n_chunks"": 16, ""parameter_selection"": {""mean"": {""likelihood"": ""lognormal""}, ""range"": {""likelihood"": ""lognormal""}}, ""rem_profile_params"": {""rem_stage"": 2, ""step_size_hours"": 1, ""window_size_hours"": 2}, ""tau_threshold"": 5.0}",run_output_8day_rem_w2_s1_stage2,rem_w2_s1_stage2
190,af1fa8bda71e60fe,pareto_filtered,"pareto_k_above_threshold_after_retries: k_max=0.92232, threshold=0.7","concat: range; even: range; odd: mean, range",mean=lognormal; range=lognormal,16,5.0,2,1,2,286.9413368276747,286.9413368276747,10.627456919543508,2.6568642298858767,0.0113276030023196,2.6568642298858767,0.0113276030023196,-576.5517633343399,1.05,91.0,174.0,0.856956577338736,0,4,0.4101957930112786,0.3256430738306987,5.157901012908162,1.7216534776895922,4.0,4.0,7.0,0.3143858445451294,0.9223201765630517,3,True,"pareto_k_above_threshold_after_retries: k_max=0.92232, threshold=0.7",False,4,4,27,3,"[3, 0, 21]",91.0858210119768,"(27, 184)",,[],"{""feature_selection"": {""concat"": [""range""], ""even"": [""range""], ""odd"": [""mean"", ""range""]}, ""n_chunks"": 16, ""parameter_selection"": {""mean"": {""likelihood"": ""lognormal""}, ""range"": {""likelihood"": ""lognormal""}}, ""rem_profile_params"": {""rem_stage"": 2, ""step_size_hours"": 1, ""window_size_hours"": 2}, ""tau_threshold"": 5.0}",run_output_8day_rem_w2_s1_stage2,rem_w2_s1_stage2
181,42d34f6d8d38103a,pareto_filtered,"pareto_k_above_threshold_after_retries: k_max=0.893346, threshold=0.7","concat: range; even: mean, range; odd: range",mean=lognormal; range=beta,16,5.0,2,2,2,286.57364388387,286.57364388387,10.613838662365554,2.653459665591389,0.0086582868025239,2.653459665591389,0.0086582868025239,-573.5745026256051,1.01,1159.0,904.0,0.9869297226779898,0,7,0.8415074565965469,0.9999999998477448,7.082145773202226,0.2745869483941217,7.0,7.0,7.0,0.999999926763932,0.8933455267471327,2,True,"pareto_k_above_threshold_after_retries: k_max=0.893346, threshold=0.7",False,4,4,27,3,"[4, 15, 7]",319.8232858559932,"(27, 96)",,[],"{""feature_selection"": {""concat"": [""range""], ""even"": [""mean"", ""range""], ""odd"": [""range""]}, ""n_chunks"": 16, ""parameter_selection"": {""mean"": {""likelihood"": ""lognormal""}, ""range"": {""likelihood"": ""beta""}}, ""rem_profile_params"": {""rem_stage"": 2, ""step_size_hours"": 2, ""window_size_hours"": 2}, ""tau_threshold"": 5.0}",run_output_8day_rem_w2_s2_stage2,rem_w2_s2_stage2
3,384a22a3e95093c8,ok,,"even: mean, range; odd: mean, range",mean=student_t; range=lognormal,16,5.0,2,2,2,296.67407404165857,296.67407404165857,10.595502644344949,2.6488756610862376,0.010021044910337,2.6488756610862376,0.010021044910337,-593.5919311344993,1.01,656.0,361.0,1.1044204955329937,0,8,0.7934266584947729,0.9837758199237492,7.828371782181037,0.6619894138958137,8.0,8.0,8.0,0.939421766774569,0.6426225096770756,0,False,,False,4,4,28,2,"[3, 21]",101.03711279298297,"(28, 96)",,[],"{""feature_selection"": {""even"": [""mean"", ""range""], ""odd"": [""mean"", ""range""]}, ""n_chunks"": 16, ""parameter_selection"": {""mean"": {""likelihood"": ""student_t""}, ""range"": {""likelihood"": ""lognormal""}}, ""rem_profile_params"": {""rem_stage"": 2, ""step_size_hours"": 2, ""window_size_hours"": 2}, ""tau_threshold"": 5.0}",run_output_8day_rem_w2_s2_stage2,rem_w2_s2_stage2
125,2e9a6e88ce2bec0e,ok,,"even: mean, range; odd: range",mean=lognormal; range=beta,16,5.0,2,1,2,222.4653820041133,222.4653820041133,7.945192214432619,2.648397404810873,0.0108251368319862,2.648397404810873,0.0108251368319862,-445.6180917880355,1.01,240.0,307.0,0.9936673965511894,0,8,0.3226965871311495,0.7576524548253586,6.6563112329024925,1.9475602685812208,6.0,8.0,8.0,0.6774262355541265,0.6870879657558377,0,False,,False,3,3,28,2,"[27, 25]",152.76037659100257,"(28, 184)",,[],"{""feature_selection"": {""even"": [""mean"", ""range""], ""odd"": [""range""]}, ""n_chunks"": 16, ""parameter_selection"": {""mean"": {""likelihood"": ""lognormal""}, ""range"": {""likelihood"": ""beta""}}, ""rem_profile_params"": {""rem_stage"": 2, ""step_size_hours"": 1, ""window_size_hours"": 2}, ""tau_threshold"": 5.0}",run_output_8day_rem_w2_s1_stage2,rem_w2_s1_stage2
33,17e4b69b5105315d,ok,,concat: range; even: range,range=beta,16,5.0,3,1,2,158.86208236858482,158.86208236858482,5.295402745619494,2.6477013728097467,0.0086321815746225,2.6477013728097467,0.0086321815746225,-318.09045875124605,1.01,753.0,439.0,0.7786657314474548,0,7,0.6299199794261108,0.9740539021186824,7.107165584807779,0.6390520543658912,7.0,7.0,7.0,0.9665656325085528,0.6964634629238229,0,False,,False,2,2,30,0,[],18.7506194380112,"(30, 176)",,[],"{""feature_selection"": {""concat"": [""range""], ""even"": [""range""]}, ""n_chunks"": 16, ""parameter_selection"": {""range"": {""likelihood"": ""beta""}}, ""rem_profile_params"": {""rem_stage"": 2, ""step_size_hours"": 1, ""window_size_hours"": 3}, ""tau_threshold"": 5.0}",run_output_8day_rem_w3_s1_stage2,rem_w3_s1_stage2
112,9dd412fc7d4d1767,pareto_filtered,"pareto_k_above_threshold_after_retries: k_max=0.933023, threshold=0.7",concat: range; even: range; odd: mean,mean=lognormal; range=lognormal,16,5.0,3,1,2,213.9242559237496,213.9242559237496,7.923120589768502,2.641040196589502,0.0132963676276567,2.641040196589502,0.0132963676276567,-428.22700514538064,1.01,181.0,322.0,0.9196877458896936,0,4,0.2013631665809037,0.3709214621388585,5.368978808621814,1.73627987777872,4.0,4.0,7.0,0.3224751053883524,0.9330229811586922,2,True,"pareto_k_above_threshold_after_retries: k_max=0.933023, threshold=0.7",False,3,3,27,3,"[3, 21, 0]",76.96050322300289,"(27, 176)",,[],"{""feature_selection"": {""concat"": [""range""], ""even"": [""range""], ""odd"": [""mean""]}, ""n_chunks"": 16, ""parameter_selection"": {""mean"": {""likelihood"": ""lognormal""}, ""range"": {""likelihood"": ""lognormal""}}, ""rem_profile_params"": {""rem_stage"": 2, ""step_size_hours"": 1, ""window_size_hours"": 3}, ""tau_threshold"": 5.0}",run_output_8day_rem_w3_s1_stage2,rem_w3_s1_stage2
46,aa8690f28287b402,ok,,even: mean; odd: mean,mean=student_t,16,5.0,6,1,2,158.4047704409263,158.4047704409263,5.280159014697544,2.640079507348771,0.0147752930275155,2.640079507348771,0.0147752930275155,-316.57839571558435,1.01,611.0,696.0,0.988536880178112,0,8,0.264564996927062,0.8457542535171534,7.008655227085255,1.460186555904628,6.0,8.0,8.0,0.7494447620602912,0.6457875402037193,0,False,,False,2,2,30,0,[],21.58360426398576,"(30, 152)",,[],"{""feature_selection"": {""even"": [""mean""], ""odd"": [""mean""]}, ""n_chunks"": 16, ""parameter_selection"": {""mean"": {""likelihood"": ""student_t""}}, ""rem_profile_params"": {""rem_stage"": 2, ""step_size_hours"": 1, ""window_size_hours"": 6}, ""tau_threshold"": 5.0}",run_output_8day_rem_w6_s1_stage2,rem_w6_s1_stage2
178,c4c0fa02610d2bb3,pareto_filtered,"pareto_k_above_threshold_after_retries: k_max=1.15452, threshold=0.7","concat: range; even: mean, range; odd: mean",mean=lognormal; range=lognormal,16,5.0,2,2,2,284.98163584505795,284.98163584505795,10.554875401668813,2.638718850417203,0.0124920035283663,2.638718850417203,0.0124920035283663,-573.9960287991225,1.02,267.0,252.0,0.9544302251277156,0,8,0.3494805757580353,0.8808242582593094,7.02426762823061,1.4967195132885642,6.0,8.0,8.0,0.6968214047846331,1.154515067354804,2,True,"pareto_k_above_threshold_after_retries: k_max=1.15452, threshold=0.7",False,4,4,27,3,"[3, 21, 15]",80.02252664300613,"(27, 96)",,[],"{""feature_selection"": {""concat"": [""range""], ""even"": [""mean"", ""range""], ""odd"": [""mean""]}, ""n_chunks"": 16, ""parameter_selection"": {""mean"": {""likelihood"": ""lognormal""}, ""range"": {""likelihood"": ""lognormal""}}, ""rem_profile_params"": {""rem_stage"": 2, ""step_size_hours"": 2, ""window_size_hours"": 2}, ""tau_threshold"": 5.0}",run_output_8day_rem_w2_s2_stage2,rem_w2_s2_stage2
135,1fa47038d50999e7,ok,,"even: range; odd: mean, range",mean=student_t; range=beta,16,5.0,6,1,2,213.30793114067885,213.30793114067885,7.9002937459510685,2.6334312486503566,0.0123714678623426,2.6334312486503566,0.0123714678623426,-427.251683155186,1.02,407.0,454.0,0.9593826138255362,0,8,0.2687037397361431,0.8515660581023357,6.951292029048693,1.555026328598759,7.0,8.0,8.0,0.756652163307494,0.6868983188709956,0,False,,False,3,3,27,3,"[15, 29, 3]",239.93543855499595,"(27, 152)",,[],"{""feature_selection"": {""even"": [""range""], ""odd"": [""mean"", ""range""]}, ""n_chunks"": 16, ""parameter_selection"": {""mean"": {""likelihood"": ""student_t""}, ""range"": {""likelihood"": ""beta""}}, ""rem_profile_params"": {""rem_stage"": 2, ""step_size_hours"": 1, ""window_size_hours"": 6}, ""tau_threshold"": 5.0}",run_output_8day_rem_w6_s1_stage2,rem_w6_s1_stage2
112,01aa85463953483a,pareto_filtered,"pareto_k_above_threshold_after_retries: k_max=0.903454, threshold=0.7",concat: range; even: range; odd: mean,mean=lognormal; range=lognormal,16,5.0,2,1,2,213.12591420801823,213.12591420801823,7.893552378074749,2.631184126024916,0.0131681228848807,2.631184126024916,0.0131681228848807,-421.8536799883663,1.03,97.0,351.0,0.975134768261389,0,3,0.4018690604605427,0.4740737763319096,5.305352016291348,2.39342413991281,3.0,3.0,8.0,0.4522923688976404,0.9034544043710964,1,True,"pareto_k_above_threshold_after_retries: k_max=0.903454, threshold=0.7",False,3,3,27,3,"[3, 21, 25]",57.04937907398562,"(27, 184)",,[],"{""feature_selection"": {""concat"": [""range""], ""even"": [""range""], ""odd"": [""mean""]}, ""n_chunks"": 16, ""parameter_selection"": {""mean"": {""likelihood"": ""lognormal""}, ""range"": {""likelihood"": ""lognormal""}}, ""rem_profile_params"": {""rem_stage"": 2, ""step_size_hours"": 1, ""window_size_hours"": 2}, ""tau_threshold"": 5.0}",run_output_8day_rem_w2_s1_stage2,rem_w2_s1_stage2
193,b983c408876615cc,pareto_filtered,"pareto_k_above_threshold_after_retries: k_max=1.0051, threshold=0.7","even: mean, range; odd: mean, range",mean=lognormal; range=beta,16,5.0,3,1,2,283.8016531646071,283.8016531646071,10.511172339429892,2.627793084857473,0.0111782859908952,2.627793084857473,0.0111782859908952,-569.0735587385749,1.04,100.0,32.0,0.9343893299017324,0,8,0.7907975130994461,0.9096675234129232,7.566737040007332,1.3743630202092332,8.0,8.0,8.0,0.9090122197790236,1.0051008336672151,1,True,"pareto_k_above_threshold_after_retries: k_max=1.0051, threshold=0.7",False,4,4,27,3,"[3, 21, 15]",302.2403769280063,"(27, 176)",,[],"{""feature_selection"": {""even"": [""mean"", ""range""], ""odd"": [""mean"", ""range""]}, ""n_chunks"": 16, ""parameter_selection"": {""mean"": {""likelihood"": ""lognormal""}, ""range"": {""likelihood"": ""beta""}}, ""rem_profile_params"": {""rem_stage"": 2, ""step_size_hours"": 1, ""window_size_hours"": 3}, ""tau_threshold"": 5.0}",run_output_8day_rem_w3_s1_stage2,rem_w3_s1_stage2
128,298ea82bf49c8c3e,ok,,"even: mean, range; odd: range",mean=student_t; range=lognormal,16,5.0,2,1,2,212.71444428570285,212.71444428570285,7.878312751322327,2.626104250440776,0.0091115950599815,2.626104250440776,0.0091115950599815,-426.1393960695126,1.0,903.0,978.0,1.0635566035949768,0,7,0.6599086986148703,0.9730554557386027,6.998935472150855,0.6177924039556328,7.0,7.0,7.0,0.9449764510353756,0.640851178806799,0,False,,False,3,3,27,3,"[0, 23, 25]",194.5958811889868,"(27, 184)",,[],"{""feature_selection"": {""even"": [""mean"", ""range""], ""odd"": [""range""]}, ""n_chunks"": 16, ""parameter_selection"": {""mean"": {""likelihood"": ""student_t""}, ""range"": {""likelihood"": ""lognormal""}}, ""rem_profile_params"": {""rem_stage"": 2, ""step_size_hours"": 1, ""window_size_hours"": 2}, ""tau_threshold"": 5.0}",run_output_8day_rem_w2_s1_stage2,rem_w2_s1_stage2
41,b0008a820de95807,ok,,"even: mean, range",mean=lognormal; range=beta,16,5.0,2,1,2,152.27881735377883,152.27881735377883,5.250993701854442,2.6254968509272203,0.0126837786768808,2.6254968509272203,0.0126837786768808,-305.66499793043977,1.01,445.0,295.0,1.0126278261642578,0,8,0.3680023611919428,0.769102171489715,6.950688450000348,1.711552040618543,6.0,8.0,8.0,0.7280210592558404,0.6855153245882244,0,False,,False,2,2,29,1,[27],33.98849756800337,"(29, 184)",,[],"{""feature_selection"": {""even"": [""mean"", ""range""]}, ""n_chunks"": 16, ""parameter_selection"": {""mean"": {""likelihood"": ""lognormal""}, ""range"": {""likelihood"": ""beta""}}, ""rem_profile_params"": {""rem_stage"": 2, ""step_size_hours"": 1, ""window_size_hours"": 2}, ""tau_threshold"": 5.0}",run_output_8day_rem_w2_s1_stage2,rem_w2_s1_stage2
110,10fcafa351deb618,ok,,concat: range; even: mean; odd: range,mean=student_t; range=lognormal,16,5.0,3,1,2,236.03579330577065,236.03579330577065,7.867859776859021,2.622619925619673,0.0087497590873772,2.622619925619673,0.0087497590873772,-470.40000744252507,1.02,640.0,483.0,1.045706561737517,0,8,0.6338251668874326,0.9572662791523586,7.6988918342855746,0.7900445760679778,8.0,8.0,8.0,0.9385885464053118,0.6575467546105173,0,False,,False,3,3,30,0,[],34.44312782800989,"(30, 176)",,[],"{""feature_selection"": {""concat"": [""range""], ""even"": [""mean""], ""odd"": [""range""]}, ""n_chunks"": 16, ""parameter_selection"": {""mean"": {""likelihood"": ""student_t""}, ""range"": {""likelihood"": ""lognormal""}}, ""rem_profile_params"": {""rem_stage"": 2, ""step_size_hours"": 1, ""window_size_hours"": 3}, ""tau_threshold"": 5.0}",run_output_8day_rem_w3_s1_stage2,rem_w3_s1_stage2
59,8806323da24c8f62,ok,,"odd: mean, range",mean=student_t; range=beta,16,5.0,2,2,2,146.7410070252457,146.7410070252457,5.240750250901632,2.620375125450816,0.0167904764982329,2.620375125450816,0.0167904764982329,-293.4916782370134,1.01,722.0,734.0,1.0083073888125484,0,8,0.338449447204033,0.8798766983011238,7.208863615791761,1.2561535757738267,7.0,8.0,8.0,0.7842359413462403,0.5931920898372147,0,False,,False,2,2,28,2,"[15, 7]",69.039806366025,"(28, 96)",,[],"{""feature_selection"": {""odd"": [""mean"", ""range""]}, ""n_chunks"": 16, ""parameter_selection"": {""mean"": {""likelihood"": ""student_t""}, ""range"": {""likelihood"": ""beta""}}, ""rem_profile_params"": {""rem_stage"": 2, ""step_size_hours"": 2, ""window_size_hours"": 2}, ""tau_threshold"": 5.0}",run_output_8day_rem_w2_s2_stage2,rem_w2_s2_stage2
22,68ff8baa0ef60c27,pareto_filtered,"pareto_k_above_threshold_after_retries: k_max=1.20024, threshold=0.7","concat: mean, range; even: mean, range; odd: range",mean=lognormal; range=lognormal,16,5.0,6,1,2,353.5331224340644,353.5331224340644,13.093819349409792,2.6187638698819584,0.013037787520385,2.6187638698819584,0.013037787520385,-680.629156113554,1.02,105.0,414.0,0.9746434691649828,0,8,0.5733577078798151,0.9955749157926006,7.537279122999038,0.5503198453926432,7.0,8.0,8.0,0.9847445249900924,1.200239843996754,3,True,"pareto_k_above_threshold_after_retries: k_max=1.20024, threshold=0.7",False,5,5,27,3,"[3, 0, 15]",187.51505002498743,"(27, 152)",,[],"{""feature_selection"": {""concat"": [""mean"", ""range""], ""even"": [""mean"", ""range""], ""odd"": [""range""]}, ""n_chunks"": 16, ""parameter_selection"": {""mean"": {""likelihood"": ""lognormal""}, ""range"": {""likelihood"": ""lognormal""}}, ""rem_profile_params"": {""rem_stage"": 2, ""step_size_hours"": 1, ""window_size_hours"": 6}, ""tau_threshold"": 5.0}",run_output_8day_rem_w6_s1_stage2,rem_w6_s1_stage2
50,f866b790423dfbc0,ok,,even: mean; odd: range,mean=student_t; range=lognormal,16,5.0,2,2,2,155.2894862922414,155.2894862922414,5.176316209741381,2.58815810487069,0.0103919036661828,2.58815810487069,0.0103919036661828,-310.5021822348338,1.01,1202.0,904.0,1.0382572124865277,0,8,0.6018737723342111,0.9210122684898148,7.577378740584702,1.0740184044583572,8.0,8.0,8.0,0.8787329734211164,0.45710697943648,0,False,,False,2,2,30,0,[],18.638155917986296,"(30, 96)",,[],"{""feature_selection"": {""even"": [""mean""], ""odd"": [""range""]}, ""n_chunks"": 16, ""parameter_selection"": {""mean"": {""likelihood"": ""student_t""}, ""range"": {""likelihood"": ""lognormal""}}, ""rem_profile_params"": {""rem_stage"": 2, ""step_size_hours"": 2, ""window_size_hours"": 2}, ""tau_threshold"": 5.0}",run_output_8day_rem_w2_s2_stage2,rem_w2_s2_stage2
11,1fd076efcd0435e0,ok,,odd: range,range=beta,16,5.0,6,1,2,72.351656776694,72.351656776694,2.5839877420247856,2.583987742024785,0.0116576190252527,2.583987742024785,0.0116576190252527,-144.76045358292444,1.0,609.0,668.0,0.8627858334982647,0,7,0.0461603117438417,0.6773660610557717,6.080071967826036,1.6442250364452935,5.0,7.0,7.0,0.5051572280174644,0.504891011020292,0,False,,False,1,1,28,2,"[29, 15]",30.318847480026307,"(28, 152)",,[],"{""feature_selection"": {""odd"": [""range""]}, ""n_chunks"": 16, ""parameter_selection"": {""range"": {""likelihood"": ""beta""}}, ""rem_profile_params"": {""rem_stage"": 2, ""step_size_hours"": 1, ""window_size_hours"": 6}, ""tau_threshold"": 5.0}",run_output_8day_rem_w6_s1_stage2,rem_w6_s1_stage2
35,4e7a356a139fe15b,ok,,concat: range; odd: mean,mean=lognormal; range=beta,16,5.0,6,1,2,144.44552589052947,144.44552589052947,5.158768781804624,2.5793843909023124,0.0135071602013154,2.5793843909023124,0.0135071602013154,-288.9233613025221,1.01,678.0,708.0,0.9604134035054352,0,5,0.3805177178929024,0.1876684842815952,4.856855411977489,0.8683934564898893,5.0,5.0,5.0,0.0030868557119848,0.5290814599949129,0,False,,False,2,2,28,2,"[3, 0]",45.88885997701436,"(28, 152)",,[],"{""feature_selection"": {""concat"": [""range""], ""odd"": [""mean""]}, ""n_chunks"": 16, ""parameter_selection"": {""mean"": {""likelihood"": ""lognormal""}, ""range"": {""likelihood"": ""beta""}}, ""rem_profile_params"": {""rem_stage"": 2, ""step_size_hours"": 1, ""window_size_hours"": 6}, ""tau_threshold"": 5.0}",run_output_8day_rem_w6_s1_stage2,rem_w6_s1_stage2
182,90b51e4869050831,pareto_filtered,"pareto_k_above_threshold_after_retries: k_max=0.729737, threshold=0.7","concat: range; even: mean, range; odd: range",mean=lognormal; range=lognormal,16,5.0,2,1,2,278.049011271124,278.049011271124,10.298111528560147,2.5745278821400364,0.0098822365428971,2.5745278821400364,0.0098822365428971,-555.9075686852882,1.01,1347.0,1100.0,1.0755482086779846,0,7,0.8819817767844639,0.998007502767438,6.985048176204718,0.2497256076452691,7.0,7.0,7.0,0.9735943350096976,0.7297371361561521,1,True,"pareto_k_above_threshold_after_retries: k_max=0.729737, threshold=0.7",False,4,4,27,3,"[25, 15, 23]",246.3260684220004,"(27, 184)",,[],"{""feature_selection"": {""concat"": [""range""], ""even"": [""mean"", ""range""], ""odd"": [""range""]}, ""n_chunks"": 16, ""parameter_selection"": {""mean"": {""likelihood"": ""lognormal""}, ""range"": {""likelihood"": ""lognormal""}}, ""rem_profile_params"": {""rem_stage"": 2, ""step_size_hours"": 1, ""window_size_hours"": 2}, ""tau_threshold"": 5.0}",run_output_8day_rem_w2_s1_stage2,rem_w2_s1_stage2
114,b930ae7c4785ec2c,ok,,concat: range; even: range; odd: mean,mean=student_t; range=lognormal,16,5.0,3,1,2,223.799879404212,223.799879404212,7.717237220834897,2.5724124069449656,0.0109423199090463,2.5724124069449656,0.0109423199090463,-446.73131606432105,1.01,391.0,518.0,1.033129796522127,0,8,0.1109872245767582,0.7751015629052074,6.406939816506487,1.5515522663482766,6.0,7.0,8.0,0.5217276226261102,0.650220510832298,0,False,,False,3,3,29,1,[3],80.71974255199893,"(29, 176)",,[],"{""feature_selection"": {""concat"": [""range""], ""even"": [""range""], ""odd"": [""mean""]}, ""n_chunks"": 16, ""parameter_selection"": {""mean"": {""likelihood"": ""student_t""}, ""range"": {""likelihood"": ""lognormal""}}, ""rem_profile_params"": {""rem_stage"": 2, ""step_size_hours"": 1, ""window_size_hours"": 3}, ""tau_threshold"": 5.0}",run_output_8day_rem_w3_s1_stage2,rem_w3_s1_stage2
47,e318b06c25d419c2,ok,,even: mean; odd: range,mean=lognormal; range=beta,16,5.0,3,1,2,143.7302946185463,143.7302946185463,5.133224807805226,2.5666124039026124,0.012734368626946,2.5666124039026124,0.012734368626946,-287.9268312722889,1.01,1004.0,689.0,1.0325418850191512,0,8,0.870884114509033,0.9840675082400336,7.907116456716392,0.5318759337801403,8.0,8.0,8.0,0.9785501725022352,0.606281554159641,0,False,,False,2,2,28,2,"[15, 27]",58.42459429500741,"(28, 176)",,[],"{""feature_selection"": {""even"": [""mean""], ""odd"": [""range""]}, ""n_chunks"": 16, ""parameter_selection"": {""mean"": {""likelihood"": ""lognormal""}, ""range"": {""likelihood"": ""beta""}}, ""rem_profile_params"": {""rem_stage"": 2, ""step_size_hours"": 1, ""window_size_hours"": 3}, ""tau_threshold"": 5.0}",run_output_8day_rem_w3_s1_stage2,rem_w3_s1_stage2
11,29117e2fa8183c1c,ok,,odd: range,range=beta,16,5.0,2,1,2,76.80887024015534,76.80887024015534,2.5602956746718446,2.560295674671845,0.0096120452668609,2.560295674671845,0.0096120452668609,-153.8195252790405,1.0,670.0,769.0,0.8867203630199502,0,6,0.1246912973714036,0.7723206424154606,6.151880829459817,1.3138307088386256,6.0,6.0,7.0,0.3727133366283037,0.3884178301073236,0,False,,False,1,1,30,0,[],9.818691836990183,"(30, 184)",,[],"{""feature_selection"": {""odd"": [""range""]}, ""n_chunks"": 16, ""parameter_selection"": {""range"": {""likelihood"": ""beta""}}, ""rem_profile_params"": {""rem_stage"": 2, ""step_size_hours"": 1, ""window_size_hours"": 2}, ""tau_threshold"": 5.0}",run_output_8day_rem_w2_s1_stage2,rem_w2_s1_stage2
179,a311cb2838a4c5a5,pareto_filtered,"pareto_k_above_threshold_after_retries: k_max=1.06421, threshold=0.7","concat: range; even: mean, range; odd: mean",mean=student_t; range=beta,16,5.0,6,1,2,276.35090118189663,276.35090118189663,10.235218562292468,2.558804640573117,0.0107550069565173,2.558804640573117,0.0107550069565173,-554.2155613275984,1.03,260.0,78.0,0.9200421894889772,0,5,0.5945241856331092,0.0812418002406408,4.780541752626955,0.8222611839087176,5.0,5.0,5.0,0.00761910159225,1.0642065554136373,1,True,"pareto_k_above_threshold_after_retries: k_max=1.06421, threshold=0.7",False,4,4,27,3,"[28, 27, 26]",499.9582333279832,"(27, 152)",,[],"{""feature_selection"": {""concat"": [""range""], ""even"": [""mean"", ""range""], ""odd"": [""mean""]}, ""n_chunks"": 16, ""parameter_selection"": {""mean"": {""likelihood"": ""student_t""}, ""range"": {""likelihood"": ""beta""}}, ""rem_profile_params"": {""rem_stage"": 2, ""step_size_hours"": 1, ""window_size_hours"": 6}, ""tau_threshold"": 5.0}",run_output_8day_rem_w6_s1_stage2,rem_w6_s1_stage2
58,68b9f02ec2cbea1c,ok,,"odd: mean, range",mean=lognormal; range=lognormal,16,5.0,6,1,2,143.26794019828134,143.26794019828134,5.1167121499386194,2.5583560749693097,0.0123011360924823,2.5583560749693097,0.0123011360924823,-287.3294678522916,1.02,361.0,191.0,0.9296270039571058,0,4,0.3145223302863558,0.2592694286329542,4.706062609165788,1.4027674884929346,4.0,4.0,6.0,0.1559197296044946,0.6692922295289597,0,False,,False,2,2,28,2,"[3, 0]",24.858827601012308,"(28, 152)",,[],"{""feature_selection"": {""odd"": [""mean"", ""range""]}, ""n_chunks"": 16, ""parameter_selection"": {""mean"": {""likelihood"": ""lognormal""}, ""range"": {""likelihood"": ""lognormal""}}, ""rem_profile_params"": {""rem_stage"": 2, ""step_size_hours"": 1, ""window_size_hours"": 6}, ""tau_threshold"": 5.0}",run_output_8day_rem_w6_s1_stage2,rem_w6_s1_stage2
115,6ce20266fe185d3b,ok,,concat: range; even: range; odd: range,range=beta,16,5.0,2,2,2,207.18466948852995,207.18466948852995,7.673506277352961,2.55783542578432,0.0073611476395062,2.55783542578432,0.0073611476395062,-414.7013055663423,1.01,1236.0,934.0,0.9748942948682324,0,7,0.8473622531602052,0.9999999448179608,7.077831091934664,0.2679175784667286,7.0,7.0,7.0,0.9999969026178208,0.5494832773483568,0,False,,False,3,3,27,3,"[4, 15, 7]",187.63973564098703,"(27, 96)",,[],"{""feature_selection"": {""concat"": [""range""], ""even"": [""range""], ""odd"": [""range""]}, ""n_chunks"": 16, ""parameter_selection"": {""range"": {""likelihood"": ""beta""}}, ""rem_profile_params"": {""rem_stage"": 2, ""step_size_hours"": 2, ""window_size_hours"": 2}, ""tau_threshold"": 5.0}",run_output_8day_rem_w2_s2_stage2,rem_w2_s2_stage2
52,c1041db95d174531,pareto_filtered,"pareto_k_above_threshold_after_retries: k_max=0.730215, threshold=0.7",even: range; odd: mean,mean=lognormal; range=lognormal,16,5.0,6,1,2,138.0038300550759,138.0038300550759,5.111252965002811,2.555626482501405,0.0184343870660785,2.555626482501405,0.0184343870660785,-274.758578022596,1.02,131.0,424.0,1.0112702235438955,0,8,0.2097013163327263,0.4935566454941867,5.6665208959009,2.146147389500147,4.0,5.0,8.0,0.4725500416253594,0.7302149488245894,1,True,"pareto_k_above_threshold_after_retries: k_max=0.730215, threshold=0.7",False,2,2,27,3,"[3, 0, 21]",54.8218401769991,"(27, 152)",,[],"{""feature_selection"": {""even"": [""range""], ""odd"": [""mean""]}, ""n_chunks"": 16, ""parameter_selection"": {""mean"": {""likelihood"": ""lognormal""}, ""range"": {""likelihood"": ""lognormal""}}, ""rem_profile_params"": {""rem_stage"": 2, ""step_size_hours"": 1, ""window_size_hours"": 6}, ""tau_threshold"": 5.0}",run_output_8day_rem_w6_s1_stage2,rem_w6_s1_stage2
54,98af41708b981ad6,ok,,even: range; odd: mean,mean=student_t; range=lognormal,16,5.0,6,1,2,153.21608879853596,153.21608879853596,5.107202959951199,2.5536014799755997,0.0154994867175782,2.5536014799755997,0.0154994867175782,-306.26822260619684,1.01,607.0,711.0,1.0481871816153476,0,8,0.2473114804770959,0.8523534339749337,6.951886218302185,1.4486741158992795,7.0,7.0,8.0,0.7638708112032788,0.6918238078107793,0,False,,False,2,2,30,0,[],17.912916348985163,"(30, 152)",,[],"{""feature_selection"": {""even"": [""range""], ""odd"": [""mean""]}, ""n_chunks"": 16, ""parameter_selection"": {""mean"": {""likelihood"": ""student_t""}, ""range"": {""likelihood"": ""lognormal""}}, ""rem_profile_params"": {""rem_stage"": 2, ""step_size_hours"": 1, ""window_size_hours"": 6}, ""tau_threshold"": 5.0}",run_output_8day_rem_w6_s1_stage2,rem_w6_s1_stage2
112,3d4fb6d82d3d87a1,pareto_filtered,"pareto_k_above_threshold_after_retries: k_max=0.724255, threshold=0.7",concat: range; even: range; odd: mean,mean=lognormal; range=lognormal,16,5.0,2,2,2,206.25989282705052,206.25989282705052,7.6392552898907615,2.5464184299635875,0.013841446301482,2.5464184299635875,0.013841446301482,-413.7063605196428,1.03,172.0,82.0,0.9628104429682672,0,8,0.2583104236275474,0.880422334744409,6.681548629034574,1.4322827423972488,6.0,7.0,8.0,0.5337673078200423,0.724254587292542,1,True,"pareto_k_above_threshold_after_retries: k_max=0.724255, threshold=0.7",False,3,3,27,3,"[3, 21, 15]",75.28767970300396,"(27, 96)",,[],"{""feature_selection"": {""concat"": [""range""], ""even"": [""range""], ""odd"": [""mean""]}, ""n_chunks"": 16, ""parameter_selection"": {""mean"": {""likelihood"": ""lognormal""}, ""range"": {""likelihood"": ""lognormal""}}, ""rem_profile_params"": {""rem_stage"": 2, ""step_size_hours"": 2, ""window_size_hours"": 2}, ""tau_threshold"": 5.0}",run_output_8day_rem_w2_s2_stage2,rem_w2_s2_stage2
43,7aec2bbf1a0a8b10,ok,,"even: mean, range",mean=student_t; range=beta,16,5.0,3,1,2,152.31942541163312,152.31942541163312,5.077314180387771,2.538657090193885,0.0091129343661657,2.538657090193885,0.0091129343661657,-305.546163649376,1.01,413.0,470.0,0.8861021881734937,0,8,0.1463854252882584,0.5597489046442072,6.098348592077263,1.952291068262729,4.0,7.0,8.0,0.5219166078040987,0.5149798668385565,0,False,,False,2,2,30,0,[],21.9313301689981,"(30, 176)",,[],"{""feature_selection"": {""even"": [""mean"", ""range""]}, ""n_chunks"": 16, ""parameter_selection"": {""mean"": {""likelihood"": ""student_t""}, ""range"": {""likelihood"": ""beta""}}, ""rem_profile_params"": {""rem_stage"": 2, ""step_size_hours"": 1, ""window_size_hours"": 3}, ""tau_threshold"": 5.0}",run_output_8day_rem_w3_s1_stage2,rem_w3_s1_stage2
131,69e86acd03923379,ok,,"even: mean; odd: mean, range",mean=student_t; range=beta,16,5.0,6,1,2,211.72601746996335,211.72601746996335,7.561643481070121,2.520547827023373,0.0115292125258128,2.520547827023373,0.0115292125258128,-422.94743865729015,1.0,609.0,545.0,0.968749802532596,0,8,0.4758625974337981,0.9443614606961068,7.47842157650498,1.0359442802470784,7.0,8.0,8.0,0.8931181978640486,0.602323394684892,0,False,,False,3,3,28,2,"[15, 29]",182.06910349201644,"(28, 152)",,[],"{""feature_selection"": {""even"": [""mean""], ""odd"": [""mean"", ""range""]}, ""n_chunks"": 16, ""parameter_selection"": {""mean"": {""likelihood"": ""student_t""}, ""range"": {""likelihood"": ""beta""}}, ""rem_profile_params"": {""rem_stage"": 2, ""step_size_hours"": 1, ""window_size_hours"": 6}, ""tau_threshold"": 5.0}",run_output_8day_rem_w6_s1_stage2,rem_w6_s1_stage2
193,c1e3251e25c207a4,pareto_filtered,"pareto_k_above_threshold_after_retries: k_max=1.25486, threshold=0.7","even: mean, range; odd: mean, range",mean=lognormal; range=beta,16,5.0,2,2,2,272.05423749060907,272.05423749060907,10.076082870022558,2.519020717505639,0.0106615231375044,2.519020717505639,0.0106615231375044,-543.8722080062554,1.01,257.0,234.0,0.9858067567468464,0,8,0.4454913125754183,0.8288212673638033,7.156643905175736,1.6089022495941865,7.0,8.0,8.0,0.7954728631221331,1.2548627606856648,4,True,"pareto_k_above_threshold_after_retries: k_max=1.25486, threshold=0.7",False,4,4,27,3,"[3, 21, 7]",328.80195073899813,"(27, 96)",,[],"{""feature_selection"": {""even"": [""mean"", ""range""], ""odd"": [""mean"", ""range""]}, ""n_chunks"": 16, ""parameter_selection"": {""mean"": {""likelihood"": ""lognormal""}, ""range"": {""likelihood"": ""beta""}}, ""rem_profile_params"": {""rem_stage"": 2, ""step_size_hours"": 2, ""window_size_hours"": 2}, ""tau_threshold"": 5.0}",run_output_8day_rem_w2_s2_stage2,rem_w2_s2_stage2
133,52ffec79ba9e7f7c,ok,,"even: range; odd: mean, range",mean=lognormal; range=beta,16,5.0,3,1,2,203.7658632749529,203.7658632749529,7.546883824998257,2.5156279416660854,0.0118721382194323,2.5156279416660854,0.0118721382194323,-408.64421522386186,1.01,386.0,193.0,1.0381590555121285,0,8,0.8390475513861513,0.9460162447068732,7.732653448596141,1.0886901982724626,8.0,8.0,8.0,0.9434432971004534,0.6848791709786982,0,False,,False,3,3,27,3,"[3, 21, 15]",193.5926415860013,"(27, 176)",,[],"{""feature_selection"": {""even"": [""range""], ""odd"": [""mean"", ""range""]}, ""n_chunks"": 16, ""parameter_selection"": {""mean"": {""likelihood"": ""lognormal""}, ""range"": {""likelihood"": ""beta""}}, ""rem_profile_params"": {""rem_stage"": 2, ""step_size_hours"": 1, ""window_size_hours"": 3}, ""tau_threshold"": 5.0}",run_output_8day_rem_w3_s1_stage2,rem_w3_s1_stage2
15,5833ea7ccf0f8c5b,ok,,"even: mean, range; odd: mean, range",mean=student_t; range=beta,16,5.0,6,1,2,271.4047851023552,271.4047851023552,10.052029077865006,2.513007269466251,0.0112631153668153,2.513007269466251,0.0112631153668153,-541.4101396838747,1.0,468.0,491.0,0.9225585381498091,0,8,0.4910150133704856,0.9516816552280486,7.498576545118138,0.9387832061983228,7.0,8.0,8.0,0.9281101230229843,0.5774044658982441,0,False,,False,4,4,27,3,"[26, 15, 29]",223.72520419498323,"(27, 152)",,[],"{""feature_selection"": {""even"": [""mean"", ""range""], ""odd"": [""mean"", ""range""]}, ""n_chunks"": 16, ""parameter_selection"": {""mean"": {""likelihood"": ""student_t""}, ""range"": {""likelihood"": ""beta""}}, ""rem_profile_params"": {""rem_stage"": 2, ""step_size_hours"": 1, ""window_size_hours"": 6}, ""tau_threshold"": 5.0}",run_output_8day_rem_w6_s1_stage2,rem_w6_s1_stage2
127,99d3885af3fc3770,ok,,"even: mean, range; odd: range",mean=student_t; range=beta,16,5.0,2,2,2,203.45878947599093,203.45878947599093,7.535510721332997,2.511836907110998,0.0094870095294365,2.511836907110998,0.0094870095294365,-406.4464076137959,1.0,1251.0,873.0,0.995172377824476,0,8,0.8590534085001696,0.9984741433742736,7.928782608159521,0.3226143671923912,8.0,8.0,8.0,0.987867771009854,0.5171393355829245,0,False,,False,3,3,27,3,"[15, 7, 12]",249.178215862019,"(27, 96)",,[],"{""feature_selection"": {""even"": [""mean"", ""range""], ""odd"": [""range""]}, ""n_chunks"": 16, ""parameter_selection"": {""mean"": {""likelihood"": ""student_t""}, ""range"": {""likelihood"": ""beta""}}, ""rem_profile_params"": {""rem_stage"": 2, ""step_size_hours"": 2, ""window_size_hours"": 2}, ""tau_threshold"": 5.0}",run_output_8day_rem_w2_s2_stage2,rem_w2_s2_stage2
184,0fa2f7a04b292178,pareto_filtered,"pareto_k_above_threshold_after_retries: k_max=0.909572, threshold=0.7","concat: range; even: mean, range; odd: range",mean=student_t; range=lognormal,16,5.0,2,1,2,271.22636264325985,271.22636264325985,10.045420838639254,2.511355209659814,0.0107801989078813,2.511355209659814,0.0107801989078813,-541.0027408010295,1.02,109.0,124.0,0.9910248863231108,0,3,0.5532386104200832,0.2383201818845754,4.187644404028462,2.052602780380322,3.0,3.0,5.0,0.228143947428026,0.9095715540607892,3,True,"pareto_k_above_threshold_after_retries: k_max=0.909572, threshold=0.7",False,4,4,27,3,"[27, 25, 15]",341.01329638200696,"(27, 184)",,[],"{""feature_selection"": {""concat"": [""range""], ""even"": [""mean"", ""range""], ""odd"": [""range""]}, ""n_chunks"": 16, ""parameter_selection"": {""mean"": {""likelihood"": ""student_t""}, ""range"": {""likelihood"": ""lognormal""}}, ""rem_profile_params"": {""rem_stage"": 2, ""step_size_hours"": 1, ""window_size_hours"": 2}, ""tau_threshold"": 5.0}",run_output_8day_rem_w2_s1_stage2,rem_w2_s1_stage2
37,7a37c00ed625f14e,ok,,concat: range; odd: mean,mean=student_t; range=beta,16,5.0,6,1,2,150.6707628765221,150.6707628765221,5.022358762550737,2.511179381275369,0.0137307925741966,2.511179381275369,0.0137307925741966,-301.7490759400391,1.0,1227.0,1023.0,1.0309480992643694,0,5,0.5974091473275259,0.2480537358000685,5.188787877880375,0.5885358015396852,5.0,5.0,5.0,0.0032583704144861,0.6272179073658233,0,False,,False,2,2,30,0,[],21.14119740697788,"(30, 152)",,[],"{""feature_selection"": {""concat"": [""range""], ""odd"": [""mean""]}, ""n_chunks"": 16, ""parameter_selection"": {""mean"": {""likelihood"": ""student_t""}, ""range"": {""likelihood"": ""beta""}}, ""rem_profile_params"": {""rem_stage"": 2, ""step_size_hours"": 1, ""window_size_hours"": 6}, ""tau_threshold"": 5.0}",run_output_8day_rem_w6_s1_stage2,rem_w6_s1_stage2
11,9ddf4872a1038a51,pareto_filtered,"pareto_k_above_threshold_after_retries: k_max=0.790487, threshold=0.7","concat: range; even: range; odd: mean, range",mean=student_t; range=beta,16,5.0,6,1,2,270.99920300386333,270.99920300386333,10.037007518661603,2.509251879665401,0.0114347216725908,2.509251879665401,0.0114347216725908,-541.8632979040506,1.01,1245.0,1051.0,1.0221673415297805,0,3,0.8715609127592286,0.0070079973019617,3.0701933086170627,0.3665302395167539,3.0,3.0,3.0,0.001550878237625,0.790487221952157,1,True,"pareto_k_above_threshold_after_retries: k_max=0.790487, threshold=0.7",False,4,4,27,3,"[29, 15, 26]",204.78143249600544,"(27, 152)",,[],"{""feature_selection"": {""concat"": [""range""], ""even"": [""range""], ""odd"": [""mean"", ""range""]}, ""n_chunks"": 16, ""parameter_selection"": {""mean"": {""likelihood"": ""student_t""}, ""range"": {""likelihood"": ""beta""}}, ""rem_profile_params"": {""rem_stage"": 2, ""step_size_hours"": 1, ""window_size_hours"": 6}, ""tau_threshold"": 5.0}",run_output_8day_rem_w6_s1_stage2,rem_w6_s1_stage2
41,5996bfaee0523be8,pareto_filtered,"pareto_k_above_threshold_after_retries: k_max=0.7797, threshold=0.7","even: mean, range",mean=lognormal; range=beta,16,5.0,2,2,2,135.26737787043135,135.26737787043135,5.009902884090051,2.504951442045026,0.012315484568282,2.504951442045026,0.012315484568282,-268.6980513067047,1.01,869.0,864.0,0.9500105792515045,0,8,0.4922157956660211,0.9590742146077696,7.503843219978599,0.9985096900080658,7.0,8.0,8.0,0.8798342487466957,0.7797002542803928,1,True,"pareto_k_above_threshold_after_retries: k_max=0.7797, threshold=0.7",False,2,2,27,3,"[25, 23, 24]",79.96160355399479,"(27, 96)",,[],"{""feature_selection"": {""even"": [""mean"", ""range""]}, ""n_chunks"": 16, ""parameter_selection"": {""mean"": {""likelihood"": ""lognormal""}, ""range"": {""likelihood"": ""beta""}}, ""rem_profile_params"": {""rem_stage"": 2, ""step_size_hours"": 2, ""window_size_hours"": 2}, ""tau_threshold"": 5.0}",run_output_8day_rem_w2_s2_stage2,rem_w2_s2_stage2
127,94a782a6629bf39e,ok,,"even: mean, range; odd: range",mean=student_t; range=beta,16,5.0,3,1,2,217.6359670560008,217.6359670560008,7.504688519172442,2.5015628397241474,0.0070692146888933,2.5015628397241474,0.0070692146888933,-435.0393232357413,1.03,141.0,45.0,0.9983182356655322,0,8,0.6875465496657021,0.896509494847456,7.532535388235482,1.3269530330054824,8.0,8.0,8.0,0.8939687706132389,0.4558042563554575,0,False,,False,3,3,29,1,[15],110.61253193899756,"(29, 176)",,[],"{""feature_selection"": {""even"": [""mean"", ""range""], ""odd"": [""range""]}, ""n_chunks"": 16, ""parameter_selection"": {""mean"": {""likelihood"": ""student_t""}, ""range"": {""likelihood"": ""beta""}}, ""rem_profile_params"": {""rem_stage"": 2, ""step_size_hours"": 1, ""window_size_hours"": 3}, ""tau_threshold"": 5.0}",run_output_8day_rem_w3_s1_stage2,rem_w3_s1_stage2
196,0c4539b3cf6f0ca7,ok,,"even: mean, range; odd: mean, range",mean=student_t; range=lognormal,16,5.0,3,1,2,289.60510771171096,289.60510771171096,9.986383024541755,2.4965957561354397,0.0096803354515604,2.4965957561354397,0.0096803354515604,-580.093280020029,1.01,1932.0,994.0,1.091076255622944,0,8,0.9253654851180262,0.9994610197461272,7.970123609135853,0.1880094594398121,8.0,8.0,8.0,0.9983753394864832,0.6399082357899145,0,False,,False,4,4,29,1,[23],194.59999995000544,"(29, 176)",,[],"{""feature_selection"": {""even"": [""mean"", ""range""], ""odd"": [""mean"", ""range""]}, ""n_chunks"": 16, ""parameter_selection"": {""mean"": {""likelihood"": ""student_t""}, ""range"": {""likelihood"": ""lognormal""}}, ""rem_profile_params"": {""rem_stage"": 2, ""step_size_hours"": 1, ""window_size_hours"": 3}, ""tau_threshold"": 5.0}",run_output_8day_rem_w3_s1_stage2,rem_w3_s1_stage2
124,a22a4b18784067aa,ok,,"even: mean, range; odd: mean",mean=student_t; range=lognormal,16,5.0,6,1,2,224.51733818795773,224.51733818795773,7.483911272931924,2.494637090977308,0.0123401411049189,2.494637090977308,0.0123401411049189,-448.4641120341007,1.0,991.0,883.0,1.0370836895842106,0,8,0.6206247146959167,0.9708028647931288,7.6850756004660035,0.8082999427570758,8.0,8.0,8.0,0.953505745804096,0.6893157899318009,0,False,,False,3,3,30,0,[],49.29892432902125,"(30, 152)",,[],"{""feature_selection"": {""even"": [""mean"", ""range""], ""odd"": [""mean""]}, ""n_chunks"": 16, ""parameter_selection"": {""mean"": {""likelihood"": ""student_t""}, ""range"": {""likelihood"": ""lognormal""}}, ""rem_profile_params"": {""rem_stage"": 2, ""step_size_hours"": 1, ""window_size_hours"": 6}, ""tau_threshold"": 5.0}",run_output_8day_rem_w6_s1_stage2,rem_w6_s1_stage2
135,050defdb0597593a,ok,,"even: range; odd: mean, range",mean=student_t; range=beta,16,5.0,3,1,2,216.64725371159557,216.64725371159557,7.47059495557226,2.490198318524086,0.0108009764241862,2.490198318524086,0.0108009764241862,-432.9598261611857,1.02,208.0,167.0,0.9900909158645624,0,8,0.5244933641781055,0.8297210884955791,7.24068280105202,1.5780388317159306,8.0,8.0,8.0,0.8155192785060061,0.6563100637928364,0,False,,False,3,3,29,1,[15],127.02617535099851,"(29, 176)",,[],"{""feature_selection"": {""even"": [""range""], ""odd"": [""mean"", ""range""]}, ""n_chunks"": 16, ""parameter_selection"": {""mean"": {""likelihood"": ""student_t""}, ""range"": {""likelihood"": ""beta""}}, ""rem_profile_params"": {""rem_stage"": 2, ""step_size_hours"": 1, ""window_size_hours"": 3}, ""tau_threshold"": 5.0}",run_output_8day_rem_w3_s1_stage2,rem_w3_s1_stage2
47,3874d76390e06a8a,ok,,even: mean; odd: range,mean=lognormal; range=beta,16,5.0,2,2,2,139.4193651284419,139.4193651284419,4.979263040301497,2.4896315201507484,0.0123632219739072,2.4896315201507484,0.0123632219739072,-279.2150129997356,1.0,584.0,440.0,1.0196157982394296,0,8,0.4137500158866373,0.8693920485566394,7.255372178114507,1.4080235120502966,7.0,8.0,8.0,0.8449621782751298,0.6558395822109334,0,False,,False,2,2,28,2,"[7, 15]",61.25151250400813,"(28, 96)",,[],"{""feature_selection"": {""even"": [""mean""], ""odd"": [""range""]}, ""n_chunks"": 16, ""parameter_selection"": {""mean"": {""likelihood"": ""lognormal""}, ""range"": {""likelihood"": ""beta""}}, ""rem_profile_params"": {""rem_stage"": 2, ""step_size_hours"": 2, ""window_size_hours"": 2}, ""tau_threshold"": 5.0}",run_output_8day_rem_w2_s2_stage2,rem_w2_s2_stage2
11,c82789eecf5d14d9,ok,,odd: range,range=beta,16,5.0,3,1,2,72.00669850724279,72.00669850724279,2.482989603698027,2.482989603698028,0.0121618748319621,2.482989603698028,0.0121618748319621,-143.96192229472535,1.01,274.0,165.0,1.086696503725805,0,8,0.5418850800265015,0.9104165119325848,7.4783505800463805,1.2352887881184889,8.0,8.0,8.0,0.8813947426087119,0.5821243025233309,0,False,,False,1,1,29,1,[15],21.23109769000439,"(29, 176)",,[],"{""feature_selection"": {""odd"": [""range""]}, ""n_chunks"": 16, ""parameter_selection"": {""range"": {""likelihood"": ""beta""}}, ""rem_profile_params"": {""rem_stage"": 2, ""step_size_hours"": 1, ""window_size_hours"": 3}, ""tau_threshold"": 5.0}",run_output_8day_rem_w3_s1_stage2,rem_w3_s1_stage2
102,27642b57e4fbc621,ok,,"concat: range; even: mean, range",mean=student_t; range=lognormal,16,5.0,2,2,2,223.3345939348783,223.3345939348783,7.444486464495943,2.481495488165316,0.0081110125929307,2.481495488165316,0.0081110125929307,-446.949418369548,1.01,1083.0,896.0,0.9664927024938584,0,7,0.5177038739490462,0.9827134758725404,6.891433630037924,0.5903928178431118,7.0,7.0,7.0,0.8070773498577631,0.6814120045249483,0,False,,False,3,3,30,0,[],31.115951338026207,"(30, 96)",,[],"{""feature_selection"": {""concat"": [""range""], ""even"": [""mean"", ""range""]}, ""n_chunks"": 16, ""parameter_selection"": {""mean"": {""likelihood"": ""student_t""}, ""range"": {""likelihood"": ""lognormal""}}, ""rem_profile_params"": {""rem_stage"": 2, ""step_size_hours"": 2, ""window_size_hours"": 2}, ""tau_threshold"": 5.0}",run_output_8day_rem_w2_s2_stage2,rem_w2_s2_stage2
105,2688b75b1b4ee737,ok,,concat: range; even: mean; odd: mean,mean=student_t; range=beta,16,5.0,6,1,2,222.98835336328165,222.98835336328165,7.432945112109389,2.47764837070313,0.0110957030881066,2.47764837070313,0.0110957030881066,-446.33387001529536,1.01,1312.0,749.0,1.0001212626591398,0,5,0.5748781208667333,0.2544011400955343,5.210366953314215,0.6151907972611315,5.0,5.0,6.0,0.0117592038758731,0.6224714103363138,0,False,,False,3,3,30,0,[],51.53199186001439,"(30, 152)",,[],"{""feature_selection"": {""concat"": [""range""], ""even"": [""mean""], ""odd"": [""mean""]}, ""n_chunks"": 16, ""parameter_selection"": {""mean"": {""likelihood"": ""student_t""}, ""range"": {""likelihood"": ""beta""}}, ""rem_profile_params"": {""rem_stage"": 2, ""step_size_hours"": 1, ""window_size_hours"": 6}, ""tau_threshold"": 5.0}",run_output_8day_rem_w6_s1_stage2,rem_w6_s1_stage2
122,6b0fbc04a86a5cc2,pareto_filtered,"pareto_k_above_threshold_after_retries: k_max=0.819275, threshold=0.7","even: mean, range; odd: mean",mean=lognormal; range=lognormal,16,5.0,2,2,2,200.48806629242893,200.48806629242893,7.425483936756628,2.4751613122522085,0.0148978328373116,2.4751613122522085,0.0148978328373116,-399.1643363937906,1.03,121.0,421.0,0.9296124483040794,0,3,0.400524953544265,0.4888232450878921,5.3955759087398985,2.394182850065639,3.0,5.0,8.0,0.4613412443008438,0.8192749496077755,3,True,"pareto_k_above_threshold_after_retries: k_max=0.819275, threshold=0.7",False,3,3,27,3,"[3, 25, 21]",82.63246608301415,"(27, 96)",,[],"{""feature_selection"": {""even"": [""mean"", ""range""], ""odd"": [""mean""]}, ""n_chunks"": 16, ""parameter_selection"": {""mean"": {""likelihood"": ""lognormal""}, ""range"": {""likelihood"": ""lognormal""}}, ""rem_profile_params"": {""rem_stage"": 2, ""step_size_hours"": 2, ""window_size_hours"": 2}, ""tau_threshold"": 5.0}",run_output_8day_rem_w2_s2_stage2,rem_w2_s2_stage2
55,0c2f82cd7e6dd6f8,pareto_filtered,"pareto_k_above_threshold_after_retries: k_max=0.875902, threshold=0.7",even: range; odd: range,range=beta,16,5.0,6,1,2,133.32624648453893,133.32624648453893,4.938009129056997,2.4690045645284977,0.0198649962358902,2.4690045645284977,0.0198649962358902,-266.285621536006,1.02,308.0,386.0,0.952028427775104,0,8,0.1439352874257906,0.6301786461710861,5.998324253478626,2.069383238000946,4.0,7.0,8.0,0.5723994519053561,0.87590203563689,2,True,"pareto_k_above_threshold_after_retries: k_max=0.875902, threshold=0.7",False,2,2,27,3,"[29, 15, 28]",86.60213734902209,"(27, 152)",,[],"{""feature_selection"": {""even"": [""range""], ""odd"": [""range""]}, ""n_chunks"": 16, ""parameter_selection"": {""range"": {""likelihood"": ""beta""}}, ""rem_profile_params"": {""rem_stage"": 2, ""step_size_hours"": 1, ""window_size_hours"": 6}, ""tau_threshold"": 5.0}",run_output_8day_rem_w6_s1_stage2,rem_w6_s1_stage2
130,b15864b37e5209a6,pareto_filtered,"pareto_k_above_threshold_after_retries: k_max=0.814763, threshold=0.7","even: mean; odd: mean, range",mean=lognormal; range=lognormal,16,5.0,6,1,2,199.36580171103577,199.36580171103577,7.383918581890214,2.4613061939634044,0.0112517830376298,2.4613061939634044,0.0112517830376298,-398.7874291637624,1.03,156.0,313.0,0.9412775268897748,0,8,0.1522738333892789,0.474157369815355,5.7292573356488425,1.901883603977249,4.0,5.0,8.0,0.4123152495661528,0.8147628703265006,1,True,"pareto_k_above_threshold_after_retries: k_max=0.814763, threshold=0.7",False,3,3,27,3,"[3, 0, 21]",57.79766247799853,"(27, 152)",,[],"{""feature_selection"": {""even"": [""mean""], ""odd"": [""mean"", ""range""]}, ""n_chunks"": 16, ""parameter_selection"": {""mean"": {""likelihood"": ""lognormal""}, ""range"": {""likelihood"": ""lognormal""}}, ""rem_profile_params"": {""rem_stage"": 2, ""step_size_hours"": 1, ""window_size_hours"": 6}, ""tau_threshold"": 5.0}",run_output_8day_rem_w6_s1_stage2,rem_w6_s1_stage2
190,b0d0e503fbb91d4e,pareto_filtered,"pareto_k_above_threshold_after_retries: k_max=0.882661, threshold=0.7","concat: range; even: range; odd: mean, range",mean=lognormal; range=lognormal,16,5.0,3,1,2,265.78548424669566,265.78548424669566,9.843906823951691,2.460976705987923,0.0113734387295129,2.460976705987923,0.0113734387295129,-528.54484964391,1.29,10.0,28.0,0.9991079903016736,0,8,0.5430745141942996,0.6521599244701205,6.622600294377212,1.8747236667984453,4.0,8.0,8.0,0.6491260854776867,0.8826606222361234,3,True,"pareto_k_above_threshold_after_retries: k_max=0.882661, threshold=0.7",False,4,4,27,3,"[3, 0, 21]",186.4084397490078,"(27, 176)",,[],"{""feature_selection"": {""concat"": [""range""], ""even"": [""range""], ""odd"": [""mean"", ""range""]}, ""n_chunks"": 16, ""parameter_selection"": {""mean"": {""likelihood"": ""lognormal""}, ""range"": {""likelihood"": ""lognormal""}}, ""rem_profile_params"": {""rem_stage"": 2, ""step_size_hours"": 1, ""window_size_hours"": 3}, ""tau_threshold"": 5.0}",run_output_8day_rem_w3_s1_stage2,rem_w3_s1_stage2
20,eaa68356c501baec,pareto_filtered,"pareto_k_above_threshold_after_retries: k_max=0.88791, threshold=0.7","concat: range; even: mean, range; odd: mean, range",mean=lognormal; range=lognormal,16,5.0,3,1,2,331.4762513897573,331.4762513897573,12.276898199620645,2.455379639924129,0.0111693166587072,2.455379639924129,0.0111693166587072,-666.614740653342,1.0,1135.0,725.0,0.983986667296868,0,8,0.9414887278403596,0.9999970757889026,7.978353620356679,0.1489414030149863,8.0,8.0,8.0,0.9995076476616448,0.8879097826012049,3,True,"pareto_k_above_threshold_after_retries: k_max=0.88791, threshold=0.7",False,5,5,27,3,"[3, 23, 21]",193.2962822580012,"(27, 176)",,[],"{""feature_selection"": {""concat"": [""range""], ""even"": [""mean"", ""range""], ""odd"": [""mean"", ""range""]}, ""n_chunks"": 16, ""parameter_selection"": {""mean"": {""likelihood"": ""lognormal""}, ""range"": {""likelihood"": ""lognormal""}}, ""rem_profile_params"": {""rem_stage"": 2, ""step_size_hours"": 1, ""window_size_hours"": 3}, ""tau_threshold"": 5.0}",run_output_8day_rem_w3_s1_stage2,rem_w3_s1_stage2
135,e9997176de9c22a4,ok,,"even: range; odd: mean, range",mean=student_t; range=beta,16,5.0,2,2,2,198.63349292284505,198.63349292284505,7.356796034179446,2.4522653447264813,0.0119215030872918,2.4522653447264813,0.0119215030872918,-397.147982939639,1.01,606.0,513.0,0.971752398374609,0,8,0.5831703977438267,0.9844384789866416,7.63308286450698,0.7892938148994458,8.0,8.0,8.0,0.8864064862233829,0.613177383260946,0,False,,False,3,3,27,3,"[3, 15, 7]",284.2029787040083,"(27, 96)",,[],"{""feature_selection"": {""even"": [""range""], ""odd"": [""mean"", ""range""]}, ""n_chunks"": 16, ""parameter_selection"": {""mean"": {""likelihood"": ""student_t""}, ""range"": {""likelihood"": ""beta""}}, ""rem_profile_params"": {""rem_stage"": 2, ""step_size_hours"": 2, ""window_size_hours"": 2}, ""tau_threshold"": 5.0}",run_output_8day_rem_w2_s2_stage2,rem_w2_s2_stage2
132,8f1776c9ecebcaca,ok,,"even: mean; odd: mean, range",mean=student_t; range=lognormal,16,5.0,6,1,2,220.58350991338747,220.58350991338747,7.352783663779582,2.450927887926527,0.0095521824220233,2.450927887926527,0.0095521824220233,-440.635698590606,1.01,622.0,896.0,1.0608212637097216,0,8,0.4182161751670555,0.9705601807352592,7.387055354871829,0.9136648031169043,7.0,8.0,8.0,0.8207804954845805,0.6749742704730247,0,False,,False,3,3,30,0,[],49.24057404501946,"(30, 152)",,[],"{""feature_selection"": {""even"": [""mean""], ""odd"": [""mean"", ""range""]}, ""n_chunks"": 16, ""parameter_selection"": {""mean"": {""likelihood"": ""student_t""}, ""range"": {""likelihood"": ""lognormal""}}, ""rem_profile_params"": {""rem_stage"": 2, ""step_size_hours"": 1, ""window_size_hours"": 6}, ""tau_threshold"": 5.0}",run_output_8day_rem_w6_s1_stage2,rem_w6_s1_stage2
119,a0931466448660c9,pareto_filtered,"pareto_k_above_threshold_after_retries: k_max=1.02824, threshold=0.7","concat: range; odd: mean, range",mean=student_t; range=beta,16,5.0,6,1,2,198.07446516143807,198.07446516143807,7.336091302275484,2.445363767425161,0.0121031330239873,2.445363767425161,0.0121031330239873,-397.945809051476,1.02,224.0,143.0,0.9896882107799572,0,3,0.465108254146083,0.1420093535520369,3.675160463892008,1.3214250839831576,3.0,3.0,4.0,0.0841560575297665,1.028240850226804,2,True,"pareto_k_above_threshold_after_retries: k_max=1.02824, threshold=0.7",False,3,3,27,3,"[15, 29, 9]",218.17673818502223,"(27, 152)",,[],"{""feature_selection"": {""concat"": [""range""], ""odd"": [""mean"", ""range""]}, ""n_chunks"": 16, ""parameter_selection"": {""mean"": {""likelihood"": ""student_t""}, ""range"": {""likelihood"": ""beta""}}, ""rem_profile_params"": {""rem_stage"": 2, ""step_size_hours"": 1, ""window_size_hours"": 6}, ""tau_threshold"": 5.0}",run_output_8day_rem_w6_s1_stage2,rem_w6_s1_stage2
54,9e172a78158a9067,ok,,even: range; odd: mean,mean=student_t; range=lognormal,16,5.0,3,1,2,141.77420397249142,141.77420397249142,4.8887656542238425,2.444382827111921,0.013850142641208,2.444382827111921,0.013850142641208,-283.15016737482904,1.0,436.0,606.0,1.0813427712350547,0,8,0.0920295441744973,0.721167555469644,6.39533739975548,1.694925593837943,5.0,7.0,8.0,0.5654492948564547,0.5981396590173433,0,False,,False,2,2,29,1,[3],42.52806210599374,"(29, 176)",,[],"{""feature_selection"": {""even"": [""range""], ""odd"": [""mean""]}, ""n_chunks"": 16, ""parameter_selection"": {""mean"": {""likelihood"": ""student_t""}, ""range"": {""likelihood"": ""lognormal""}}, ""rem_profile_params"": {""rem_stage"": 2, ""step_size_hours"": 1, ""window_size_hours"": 3}, ""tau_threshold"": 5.0}",run_output_8day_rem_w3_s1_stage2,rem_w3_s1_stage2
122,c64301a58a455f81,pareto_filtered,"pareto_k_above_threshold_after_retries: k_max=0.76636, threshold=0.7","even: mean, range; odd: mean",mean=lognormal; range=lognormal,16,5.0,6,1,2,197.52562891307804,197.52562891307804,7.315764033817705,2.4385880112725684,0.0161407825960675,2.4385880112725684,0.0161407825960675,-395.1673949780961,1.02,81.0,153.0,0.9590917420499772,0,4,0.2153403389853344,0.3608704662050878,5.205099639790201,1.968885963660328,4.0,4.0,8.0,0.3297318145646596,0.76635962966563,1,True,"pareto_k_above_threshold_after_retries: k_max=0.76636, threshold=0.7",False,3,3,27,3,"[3, 27, 0]",55.89081320201512,"(27, 152)",,[],"{""feature_selection"": {""even"": [""mean"", ""range""], ""odd"": [""mean""]}, ""n_chunks"": 16, ""parameter_selection"": {""mean"": {""likelihood"": ""lognormal""}, ""range"": {""likelihood"": ""lognormal""}}, ""rem_profile_params"": {""rem_stage"": 2, ""step_size_hours"": 1, ""window_size_hours"": 6}, ""tau_threshold"": 5.0}",run_output_8day_rem_w6_s1_stage2,rem_w6_s1_stage2
108,844f611614bca521,ok,,concat: range; even: mean; odd: range,mean=lognormal; range=lognormal,16,5.0,2,2,2,204.79654173159895,204.79654173159895,7.314162204699963,2.43805406823332,0.0103783349047932,2.43805406823332,0.0103783349047932,-410.436231726316,1.01,577.0,969.0,0.952757691316869,0,7,0.4485916441028663,0.9832291061070092,7.184944915454051,0.6942060105418048,7.0,7.0,8.0,0.8879257394687342,0.6478306414340131,0,False,,False,3,3,28,2,"[15, 23]",64.7519716329989,"(28, 96)",,[],"{""feature_selection"": {""concat"": [""range""], ""even"": [""mean""], ""odd"": [""range""]}, ""n_chunks"": 16, ""parameter_selection"": {""mean"": {""likelihood"": ""lognormal""}, ""range"": {""likelihood"": ""lognormal""}}, ""rem_profile_params"": {""rem_stage"": 2, ""step_size_hours"": 2, ""window_size_hours"": 2}, ""tau_threshold"": 5.0}",run_output_8day_rem_w2_s2_stage2,rem_w2_s2_stage2
51,a6dbfd7988e1c8d5,pareto_filtered,"pareto_k_above_threshold_after_retries: k_max=0.771933, threshold=0.7",even: range; odd: mean,mean=lognormal; range=beta,16,5.0,6,1,2,131.60411018760777,131.60411018760777,4.874226303244733,2.437113151622366,0.0154637811882881,2.437113151622366,0.0154637811882881,-263.46179305200474,1.02,226.0,355.0,0.9153121630083124,0,3,0.2864932848168808,0.293997834702338,4.7268292901508,2.0614920757983284,3.0,4.0,8.0,0.2737718009341636,0.7719334957585027,2,True,"pareto_k_above_threshold_after_retries: k_max=0.771933, threshold=0.7",False,2,2,27,3,"[3, 0, 24]",72.00820955299423,"(27, 152)",,[],"{""feature_selection"": {""even"": [""range""], ""odd"": [""mean""]}, ""n_chunks"": 16, ""parameter_selection"": {""mean"": {""likelihood"": ""lognormal""}, ""range"": {""likelihood"": ""beta""}}, ""rem_profile_params"": {""rem_stage"": 2, ""step_size_hours"": 1, ""window_size_hours"": 6}, ""tau_threshold"": 5.0}",run_output_8day_rem_w6_s1_stage2,rem_w6_s1_stage2
103,fb147ed3a4255f59,ok,,concat: range; even: mean; odd: mean,mean=lognormal; range=beta,16,5.0,6,1,2,204.4208490002489,204.4208490002489,7.300744607151745,2.433581535717248,0.0115448128031054,2.433581535717248,0.0115448128031054,-409.1915247499618,1.01,752.0,684.0,1.0369449087290072,0,5,0.5543540733043424,0.0782729961525797,4.851352975295631,0.6712330278820368,5.0,5.0,5.0,0.0022684219009887,0.6843147520169353,0,False,,False,3,3,28,2,"[3, 0]",91.8260449510126,"(28, 152)",,[],"{""feature_selection"": {""concat"": [""range""], ""even"": [""mean""], ""odd"": [""mean""]}, ""n_chunks"": 16, ""parameter_selection"": {""mean"": {""likelihood"": ""lognormal""}, ""range"": {""likelihood"": ""beta""}}, ""rem_profile_params"": {""rem_stage"": 2, ""step_size_hours"": 1, ""window_size_hours"": 6}, ""tau_threshold"": 5.0}",run_output_8day_rem_w6_s1_stage2,rem_w6_s1_stage2
44,39cdde36e5fad5f1,ok,,"even: mean, range",mean=student_t; range=lognormal,16,5.0,2,1,2,145.8635946320937,145.8635946320937,4.862119821069791,2.431059910534896,0.0115078554526136,2.431059910534896,0.0115078554526136,-291.73573950520046,1.01,479.0,510.0,1.010761786397902,0,8,0.1800274433974461,0.7398679551891487,6.609947799991651,1.745546596462508,5.0,7.0,8.0,0.6862157518782278,0.5551667751120689,0,False,,False,2,2,30,0,[],17.8267120969831,"(30, 184)",,[],"{""feature_selection"": {""even"": [""mean"", ""range""]}, ""n_chunks"": 16, ""parameter_selection"": {""mean"": {""likelihood"": ""student_t""}, ""range"": {""likelihood"": ""lognormal""}}, ""rem_profile_params"": {""rem_stage"": 2, ""step_size_hours"": 1, ""window_size_hours"": 2}, ""tau_threshold"": 5.0}",run_output_8day_rem_w2_s1_stage2,rem_w2_s1_stage2
106,80799d0071cc50d1,ok,,concat: range; even: mean; odd: mean,mean=student_t; range=lognormal,16,5.0,6,1,2,204.05981257394748,204.05981257394748,7.287850449069553,2.429283483023184,0.0101238876430111,2.429283483023184,0.0101238876430111,-408.0491294863916,1.01,228.0,207.0,1.0584556228333084,0,8,0.438554386999187,0.8677493347136734,7.206749865393045,1.5479977946858272,7.0,8.0,8.0,0.8164680527551142,0.6349966662603403,0,False,,False,3,3,28,2,"[15, 3]",142.60904496800504,"(28, 152)",,[],"{""feature_selection"": {""concat"": [""range""], ""even"": [""mean""], ""odd"": [""mean""]}, ""n_chunks"": 16, ""parameter_selection"": {""mean"": {""likelihood"": ""student_t""}, ""range"": {""likelihood"": ""lognormal""}}, ""rem_profile_params"": {""rem_stage"": 2, ""step_size_hours"": 1, ""window_size_hours"": 6}, ""tau_threshold"": 5.0}",run_output_8day_rem_w6_s1_stage2,rem_w6_s1_stage2
1,ccbbffd75d075189,pareto_filtered,"pareto_k_above_threshold_after_retries: k_max=0.73969, threshold=0.7","even: mean, range; odd: mean, range",mean=lognormal; range=lognormal,16,5.0,2,2,2,261.6524892640902,261.6524892640902,9.690832935707045,2.4227082339267607,0.0115628014031604,2.4227082339267607,0.0115628014031604,-521.7505009539074,1.01,2828.0,1325.0,1.02338201802957,0,8,0.9735018741371712,0.9976492066012868,7.985675408614667,0.2069153121364412,8.0,8.0,8.0,0.996113184241734,0.7396897070822821,2,True,"pareto_k_above_threshold_after_retries: k_max=0.73969, threshold=0.7",False,4,4,27,3,"[3, 21, 0]",89.006812756008,"(27, 96)",,[],"{""feature_selection"": {""even"": [""mean"", ""range""], ""odd"": [""mean"", ""range""]}, ""n_chunks"": 16, ""parameter_selection"": {""mean"": {""likelihood"": ""lognormal""}, ""range"": {""likelihood"": ""lognormal""}}, ""rem_profile_params"": {""rem_stage"": 2, ""step_size_hours"": 2, ""window_size_hours"": 2}, ""tau_threshold"": 5.0}",run_output_8day_rem_w2_s2_stage2,rem_w2_s2_stage2
127,bfc1eed7c17d81f6,pareto_filtered,"pareto_k_above_threshold_after_retries: k_max=0.723501, threshold=0.7","even: mean, range; odd: range",mean=student_t; range=beta,16,5.0,6,1,2,195.5645873136736,195.5645873136736,7.243132863469392,2.4143776211564645,0.0126277550381273,2.4143776211564645,0.0126277550381273,-391.4566193830313,1.01,548.0,580.0,0.9826728539119772,0,8,0.4758828295202779,0.9335773974986544,7.449670394557378,1.0489628307846093,7.0,8.0,8.0,0.9184301043435136,0.7235012680695254,1,True,"pareto_k_above_threshold_after_retries: k_max=0.723501, threshold=0.7",False,3,3,27,3,"[26, 29, 15]",249.84532564599067,"(27, 152)",,[],"{""feature_selection"": {""even"": [""mean"", ""range""], ""odd"": [""range""]}, ""n_chunks"": 16, ""parameter_selection"": {""mean"": {""likelihood"": ""student_t""}, ""range"": {""likelihood"": ""beta""}}, ""rem_profile_params"": {""rem_stage"": 2, ""step_size_hours"": 1, ""window_size_hours"": 6}, ""tau_threshold"": 5.0}",run_output_8day_rem_w6_s1_stage2,rem_w6_s1_stage2
108,219b1adab4a506ed,ok,,concat: range; even: mean; odd: range,mean=lognormal; range=lognormal,16,5.0,3,1,2,201.725479696057,201.725479696057,7.2044814177163214,2.4014938059054405,0.0128684656811946,2.4014938059054405,0.0128684656811946,-403.1759655453879,1.01,1578.0,683.0,1.0145446524805826,0,8,0.9027812335629384,0.9900751380379736,7.940161017994929,0.4042570674119273,8.0,8.0,8.0,0.9865957708978452,0.5670725608319438,0,False,,False,3,3,28,2,"[27, 15]",64.5067761700193,"(28, 176)",,[],"{""feature_selection"": {""concat"": [""range""], ""even"": [""mean""], ""odd"": [""range""]}, ""n_chunks"": 16, ""parameter_selection"": {""mean"": {""likelihood"": ""lognormal""}, ""range"": {""likelihood"": ""lognormal""}}, ""rem_profile_params"": {""rem_stage"": 2, ""step_size_hours"": 1, ""window_size_hours"": 3}, ""tau_threshold"": 5.0}",run_output_8day_rem_w3_s1_stage2,rem_w3_s1_stage2
122,a520b976e56b948d,ok,,"even: mean, range; odd: mean",mean=lognormal; range=lognormal,16,5.0,3,1,2,201.50211656165496,201.50211656165496,7.1965041629162485,2.398834720972083,0.0149606803712689,2.398834720972083,0.0149606803712689,-400.46655639966747,1.03,292.0,136.0,1.040998120198452,0,8,0.6214264879861673,0.8966655604906568,7.448891208969852,1.417999753499413,8.0,8.0,8.0,0.8778511877372008,0.6208313935952641,0,False,,False,3,3,28,2,"[3, 21]",68.64629439899,"(28, 176)",,[],"{""feature_selection"": {""even"": [""mean"", ""range""], ""odd"": [""mean""]}, ""n_chunks"": 16, ""parameter_selection"": {""mean"": {""likelihood"": ""lognormal""}, ""range"": {""likelihood"": ""lognormal""}}, ""rem_profile_params"": {""rem_stage"": 2, ""step_size_hours"": 1, ""window_size_hours"": 3}, ""tau_threshold"": 5.0}",run_output_8day_rem_w3_s1_stage2,rem_w3_s1_stage2
134,d8233ec1d2708bfb,pareto_filtered,"pareto_k_above_threshold_after_retries: k_max=1.16836, threshold=0.7","even: range; odd: mean, range",mean=lognormal; range=lognormal,16,5.0,2,1,2,193.97654408551955,193.97654408551955,7.184316447611836,2.394772149203945,0.0117362576455976,2.394772149203945,0.0117362576455976,-391.0365018651308,1.04,113.0,44.0,0.9491236252024656,0,4,0.6469794841879472,0.1409231559984533,4.524800087154042,1.316410845514264,4.0,4.0,4.0,0.1361241109753114,1.1683559813484738,2,True,"pareto_k_above_threshold_after_retries: k_max=1.16836, threshold=0.7",False,3,3,27,3,"[3, 21, 0]",99.33741000998998,"(27, 184)",,[],"{""feature_selection"": {""even"": [""range""], ""odd"": [""mean"", ""range""]}, ""n_chunks"": 16, ""parameter_selection"": {""mean"": {""likelihood"": ""lognormal""}, ""range"": {""likelihood"": ""lognormal""}}, ""rem_profile_params"": {""rem_stage"": 2, ""step_size_hours"": 1, ""window_size_hours"": 2}, ""tau_threshold"": 5.0}",run_output_8day_rem_w2_s1_stage2,rem_w2_s1_stage2
126,1956df6b0051194c,pareto_filtered,"pareto_k_above_threshold_after_retries: k_max=1.20273, threshold=0.7","even: mean, range; odd: range",mean=lognormal; range=lognormal,16,5.0,2,1,2,193.65605845551,193.65605845551,7.172446609463332,2.3908155364877777,0.0104904471867761,2.3908155364877777,0.0104904471867761,-390.50994514751454,1.01,869.0,993.0,0.9200543864111698,0,7,0.7572827194681293,0.9831274840345232,7.004693474890595,0.5684708736782168,7.0,7.0,7.0,0.9711783120690796,1.2027349777447531,3,True,"pareto_k_above_threshold_after_retries: k_max=1.20273, threshold=0.7",False,3,3,27,3,"[25, 23, 12]",152.32106873500743,"(27, 184)",,[],"{""feature_selection"": {""even"": [""mean"", ""range""], ""odd"": [""range""]}, ""n_chunks"": 16, ""parameter_selection"": {""mean"": {""likelihood"": ""lognormal""}, ""range"": {""likelihood"": ""lognormal""}}, ""rem_profile_params"": {""rem_stage"": 2, ""step_size_hours"": 1, ""window_size_hours"": 2}, ""tau_threshold"": 5.0}",run_output_8day_rem_w2_s1_stage2,rem_w2_s1_stage2
53,2c1acece7c562468,ok,,even: range; odd: mean,mean=student_t; range=beta,16,5.0,6,1,2,142.96861381169504,142.96861381169504,4.765620460389835,2.382810230194917,0.0138810164683076,2.382810230194917,0.0138810164683076,-286.0772721444452,1.01,422.0,415.0,0.9598274072113252,0,8,0.1818673361043361,0.74764956206409,6.534604695494235,1.8303370060553164,5.0,7.0,8.0,0.6315601700255222,0.6272016669436473,0,False,,False,2,2,30,0,[],23.081653636007104,"(30, 152)",,[],"{""feature_selection"": {""even"": [""range""], ""odd"": [""mean""]}, ""n_chunks"": 16, ""parameter_selection"": {""mean"": {""likelihood"": ""student_t""}, ""range"": {""likelihood"": ""beta""}}, ""rem_profile_params"": {""rem_stage"": 2, ""step_size_hours"": 1, ""window_size_hours"": 6}, ""tau_threshold"": 5.0}",run_output_8day_rem_w6_s1_stage2,rem_w6_s1_stage2
54,54b4167f90f6611b,ok,,even: range; odd: mean,mean=student_t; range=lognormal,16,5.0,2,2,2,138.1048154304963,138.1048154304963,4.7622350148447,2.3811175074223505,0.0157336135340705,2.3811175074223505,0.0157336135340705,-277.0489337361192,1.01,621.0,1049.0,0.9886248526085788,0,6,0.1520160967081475,0.7897855416395819,6.350117126897713,1.4056829614703985,6.0,6.0,8.0,0.4189691343403212,0.6692050146986773,0,False,,False,2,2,29,1,[3],36.542754466994666,"(29, 96)",,[],"{""feature_selection"": {""even"": [""range""], ""odd"": [""mean""]}, ""n_chunks"": 16, ""parameter_selection"": {""mean"": {""likelihood"": ""student_t""}, ""range"": {""likelihood"": ""lognormal""}}, ""rem_profile_params"": {""rem_stage"": 2, ""step_size_hours"": 2, ""window_size_hours"": 2}, ""tau_threshold"": 5.0}",run_output_8day_rem_w2_s2_stage2,rem_w2_s2_stage2
25,b793214bfde31b80,pareto_filtered,"pareto_k_above_threshold_after_retries: k_max=0.930181, threshold=0.7","concat: range; even: mean, range; odd: mean, range",mean=lognormal; range=lognormal,16,5.0,2,2,2,321.4250653228892,321.4250653228892,11.904632048995897,2.380926409799179,0.0115923447488173,2.380926409799179,0.0115923447488173,-647.5910720987933,1.02,200.0,121.0,1.0525652519441646,0,8,0.8584584707447358,0.967079932289662,7.81112456833631,0.8967885179447163,8.0,8.0,8.0,0.9563349908098372,0.9301809623004912,2,True,"pareto_k_above_threshold_after_retries: k_max=0.930181, threshold=0.7",False,5,5,27,3,"[3, 21, 15]",188.81806900299853,"(27, 96)",,[],"{""feature_selection"": {""concat"": [""range""], ""even"": [""mean"", ""range""], ""odd"": [""mean"", ""range""]}, ""n_chunks"": 16, ""parameter_selection"": {""mean"": {""likelihood"": ""lognormal""}, ""range"": {""likelihood"": ""lognormal""}}, ""rem_profile_params"": {""rem_stage"": 2, ""step_size_hours"": 2, ""window_size_hours"": 2}, ""tau_threshold"": 5.0}",run_output_8day_rem_w2_s2_stage2,rem_w2_s2_stage2
111,077f880bde2b30cf,pareto_filtered,"pareto_k_above_threshold_after_retries: k_max=0.802079, threshold=0.7",concat: range; even: range; odd: mean,mean=lognormal; range=beta,16,5.0,6,1,2,192.8301875493347,192.8301875493347,7.141858798123508,2.3806195993745023,0.0109611377271214,2.3806195993745023,0.0109611377271214,-386.06984574485534,1.01,356.0,542.0,1.0139997501469062,0,5,0.4248328867035692,0.1356221059014034,4.576664149066214,1.0323877157147558,3.0,5.0,5.0,0.0021247045118422,0.8020790243731482,2,True,"pareto_k_above_threshold_after_retries: k_max=0.802079, threshold=0.7",False,3,3,27,3,"[3, 0, 28]",152.90244379799697,"(27, 152)",,[],"{""feature_selection"": {""concat"": [""range""], ""even"": [""range""], ""odd"": [""mean""]}, ""n_chunks"": 16, ""parameter_selection"": {""mean"": {""likelihood"": ""lognormal""}, ""range"": {""likelihood"": ""beta""}}, ""rem_profile_params"": {""rem_stage"": 2, ""step_size_hours"": 1, ""window_size_hours"": 6}, ""tau_threshold"": 5.0}",run_output_8day_rem_w6_s1_stage2,rem_w6_s1_stage2
7,748f72457dc335f8,pareto_filtered,"pareto_k_above_threshold_after_retries: k_max=1.10007, threshold=0.7","concat: range; even: mean; odd: mean, range",mean=student_t; range=beta,16,5.0,6,1,2,256.46739519420305,256.46739519420305,9.498792414600112,2.3746981036500285,0.0105963937753787,2.3746981036500285,0.0105963937753787,-508.4424568952632,1.09,41.0,60.0,0.944265643306492,0,3,0.2571973035775479,0.383790141282384,4.859823030619478,2.1549343735779902,3.0,4.0,7.0,0.3548263779751347,1.1000658406437958,3,True,"pareto_k_above_threshold_after_retries: k_max=1.10007, threshold=0.7",False,4,4,27,3,"[15, 29, 9]",193.8839824270108,"(27, 152)",,[],"{""feature_selection"": {""concat"": [""range""], ""even"": [""mean""], ""odd"": [""mean"", ""range""]}, ""n_chunks"": 16, ""parameter_selection"": {""mean"": {""likelihood"": ""student_t""}, ""range"": {""likelihood"": ""beta""}}, ""rem_profile_params"": {""rem_stage"": 2, ""step_size_hours"": 1, ""window_size_hours"": 6}, ""tau_threshold"": 5.0}",run_output_8day_rem_w6_s1_stage2,rem_w6_s1_stage2
6,8ab3b346d478d49f,ok,,even: mean,mean=student_t,16,5.0,6,1,2,71.21189970636259,71.21189970636259,2.373729990212086,2.3737299902120856,0.0144168098054806,2.3737299902120856,0.0144168098054806,-142.68773150071738,1.01,793.0,910.0,1.067683085487056,0,8,0.2324955127488871,0.7948659762013293,6.844935804923141,1.6128357094843953,6.0,8.0,8.0,0.7377528115755645,0.5113903490218603,0,False,,False,1,1,30,0,[],10.446244780003326,"(30, 152)",,[],"{""feature_selection"": {""even"": [""mean""]}, ""n_chunks"": 16, ""parameter_selection"": {""mean"": {""likelihood"": ""student_t""}}, ""rem_profile_params"": {""rem_stage"": 2, ""step_size_hours"": 1, ""window_size_hours"": 6}, ""tau_threshold"": 5.0}",run_output_8day_rem_w6_s1_stage2,rem_w6_s1_stage2
192,5496e502bb6c18f0,pareto_filtered,"pareto_k_above_threshold_after_retries: k_max=0.898372, threshold=0.7","concat: range; even: range; odd: mean, range",mean=student_t; range=lognormal,16,5.0,2,2,2,256.29654272805186,256.29654272805186,9.492464545483402,2.3731161363708506,0.0112016772437327,2.3731161363708506,0.0112016772437327,-513.8146896615173,1.02,190.0,214.0,0.9873368823797208,0,8,0.5320546334968763,0.9608840247067036,7.37133579865027,1.138506618405787,7.0,8.0,8.0,0.7529017162972137,0.8983716389504415,3,True,"pareto_k_above_threshold_after_retries: k_max=0.898372, threshold=0.7",False,4,4,27,3,"[3, 15, 21]",290.05692171500414,"(27, 96)",,[],"{""feature_selection"": {""concat"": [""range""], ""even"": [""range""], ""odd"": [""mean"", ""range""]}, ""n_chunks"": 16, ""parameter_selection"": {""mean"": {""likelihood"": ""student_t""}, ""range"": {""likelihood"": ""lognormal""}}, ""rem_profile_params"": {""rem_stage"": 2, ""step_size_hours"": 2, ""window_size_hours"": 2}, ""tau_threshold"": 5.0}",run_output_8day_rem_w2_s2_stage2,rem_w2_s2_stage2
120,e7e470e4ac6f3582,pareto_filtered,"pareto_k_above_threshold_after_retries: k_max=0.719307, threshold=0.7","concat: range; odd: mean, range",mean=student_t; range=lognormal,16,5.0,6,1,2,190.71854432045745,190.71854432045745,7.063649789646572,2.3545499298821917,0.0113933310977045,2.3545499298821917,0.0113933310977045,-380.068531186248,1.06,110.0,79.0,1.0133525084236898,0,8,0.3956029807784634,0.8344269892778682,6.959340117906487,1.768361492338993,7.0,8.0,8.0,0.757001258297412,0.7193065137354719,1,True,"pareto_k_above_threshold_after_retries: k_max=0.719307, threshold=0.7",False,3,3,27,3,"[3, 15, 21]",169.9074600210006,"(27, 152)",,[],"{""feature_selection"": {""concat"": [""range""], ""odd"": [""mean"", ""range""]}, ""n_chunks"": 16, ""parameter_selection"": {""mean"": {""likelihood"": ""student_t""}, ""range"": {""likelihood"": ""lognormal""}}, ""rem_profile_params"": {""rem_stage"": 2, ""step_size_hours"": 1, ""window_size_hours"": 6}, ""tau_threshold"": 5.0}",run_output_8day_rem_w6_s1_stage2,rem_w6_s1_stage2
42,9a184563ea8e713e,pareto_filtered,"pareto_k_above_threshold_after_retries: k_max=0.936327, threshold=0.7","even: mean, range",mean=lognormal; range=lognormal,16,5.0,2,2,2,127.06765696975704,127.06765696975704,4.70620951739841,2.3531047586992044,0.014074377651712,2.3531047586992044,0.014074377651712,-254.57832809098983,1.01,1196.0,1052.0,1.0419213437238874,0,7,0.6528036266417809,0.9928202260212736,7.118117610525891,0.5097560716744229,7.0,7.0,7.0,0.965452331674753,0.9363268528051132,1,True,"pareto_k_above_threshold_after_retries: k_max=0.936327, threshold=0.7",False,2,2,27,3,"[25, 23, 12]",30.707819481991464,"(27, 96)",,[],"{""feature_selection"": {""even"": [""mean"", ""range""]}, ""n_chunks"": 16, ""parameter_selection"": {""mean"": {""likelihood"": ""lognormal""}, ""range"": {""likelihood"": ""lognormal""}}, ""rem_profile_params"": {""rem_stage"": 2, ""step_size_hours"": 2, ""window_size_hours"": 2}, ""tau_threshold"": 5.0}",run_output_8day_rem_w2_s2_stage2,rem_w2_s2_stage2
194,12a2a24f89145d1c,pareto_filtered,"pareto_k_above_threshold_after_retries: k_max=0.853577, threshold=0.7","even: mean, range; odd: mean, range",mean=lognormal; range=lognormal,16,5.0,3,1,2,253.676680005312,253.676680005312,9.395432592789334,2.348858148197334,0.0135084246601667,2.348858148197334,0.0135084246601667,-509.761324777604,1.01,1454.0,1217.0,1.0122787827883613,0,8,0.9714288000855976,0.9949401329358438,7.975250005049066,0.3169250624039,8.0,8.0,8.0,0.9934892298358344,0.85357672259925,1,True,"pareto_k_above_threshold_after_retries: k_max=0.853577, threshold=0.7",False,4,4,27,3,"[3, 21, 27]",135.0405545120011,"(27, 176)",,[],"{""feature_selection"": {""even"": [""mean"", ""range""], ""odd"": [""mean"", ""range""]}, ""n_chunks"": 16, ""parameter_selection"": {""mean"": {""likelihood"": ""lognormal""}, ""range"": {""likelihood"": ""lognormal""}}, ""rem_profile_params"": {""rem_stage"": 2, ""step_size_hours"": 1, ""window_size_hours"": 3}, ""tau_threshold"": 5.0}",run_output_8day_rem_w3_s1_stage2,rem_w3_s1_stage2
12,207a288852dc02ae,pareto_filtered,"pareto_k_above_threshold_after_retries: k_max=0.704811, threshold=0.7","concat: range; even: range; odd: mean, range",mean=student_t; range=lognormal,16,5.0,6,1,2,253.18310728842147,253.18310728842147,9.377152121793388,2.344288030448347,0.0119363833674197,2.344288030448347,0.0119363833674197,-503.9069134099868,1.01,1063.0,887.0,1.05512952974028,0,8,0.7650711449815082,0.9876202373338844,7.850618243239745,0.520550350781159,8.0,8.0,8.0,0.9807402566466918,0.7048113261258051,1,True,"pareto_k_above_threshold_after_retries: k_max=0.704811, threshold=0.7",False,4,4,27,3,"[3, 15, 0]",139.216057868005,"(27, 152)",,[],"{""feature_selection"": {""concat"": [""range""], ""even"": [""range""], ""odd"": [""mean"", ""range""]}, ""n_chunks"": 16, ""parameter_selection"": {""mean"": {""likelihood"": ""student_t""}, ""range"": {""likelihood"": ""lognormal""}}, ""rem_profile_params"": {""rem_stage"": 2, ""step_size_hours"": 1, ""window_size_hours"": 6}, ""tau_threshold"": 5.0}",run_output_8day_rem_w6_s1_stage2,rem_w6_s1_stage2
49,23c11f0a27804e4f,ok,,even: mean; odd: range,mean=student_t; range=beta,16,5.0,6,1,2,131.25119236146793,131.25119236146793,4.68754258433814,2.3437712921690705,0.0094951676197765,2.3437712921690705,0.0094951676197765,-262.7857812813695,1.0,579.0,787.0,0.9698171886706948,0,8,0.410652237768555,0.906989081131122,7.33353329513766,1.2063672761721034,7.0,8.0,8.0,0.8659571179042422,0.4950636335302856,0,False,,False,2,2,28,2,"[15, 29]",72.51691179801128,"(28, 152)",,[],"{""feature_selection"": {""even"": [""mean""], ""odd"": [""range""]}, ""n_chunks"": 16, ""parameter_selection"": {""mean"": {""likelihood"": ""student_t""}, ""range"": {""likelihood"": ""beta""}}, ""rem_profile_params"": {""rem_stage"": 2, ""step_size_hours"": 1, ""window_size_hours"": 6}, ""tau_threshold"": 5.0}",run_output_8day_rem_w6_s1_stage2,rem_w6_s1_stage2
134,553ee12f82975a50,ok,,"even: range; odd: mean, range",mean=lognormal; range=lognormal,16,5.0,6,1,2,189.6775205524508,189.6775205524508,7.025093353794473,2.341697784598157,0.0146472561355217,2.341697784598157,0.0146472561355217,-377.8019013232717,1.02,160.0,212.0,1.0527442654129249,0,8,0.2924531483966636,0.7672238067639473,6.795309287314043,1.7899448272972094,6.0,8.0,8.0,0.7165837670150003,0.603912668989674,0,False,,False,3,3,27,3,"[3, 0, 21]",57.94926171100815,"(27, 152)",,[],"{""feature_selection"": {""even"": [""range""], ""odd"": [""mean"", ""range""]}, ""n_chunks"": 16, ""parameter_selection"": {""mean"": {""likelihood"": ""lognormal""}, ""range"": {""likelihood"": ""lognormal""}}, ""rem_profile_params"": {""rem_stage"": 2, ""step_size_hours"": 1, ""window_size_hours"": 6}, ""tau_threshold"": 5.0}",run_output_8day_rem_w6_s1_stage2,rem_w6_s1_stage2
121,12b0d34e8953194b,pareto_filtered,"pareto_k_above_threshold_after_retries: k_max=0.791533, threshold=0.7","even: mean, range; odd: mean",mean=lognormal; range=beta,16,5.0,6,1,2,189.48196233711957,189.48196233711957,7.017850456930353,2.339283485643452,0.0147057894118423,2.339283485643452,0.0147057894118423,-378.3740942475301,1.01,367.0,446.0,0.9728354981386554,0,3,0.5255819527457275,0.0293279955184696,3.480486593837324,0.8433037029164275,3.0,3.0,4.0,0.0230428396536573,0.7915333229697706,2,True,"pareto_k_above_threshold_after_retries: k_max=0.791533, threshold=0.7",False,3,3,27,3,"[3, 0, 28]",167.21574120401056,"(27, 152)",,[],"{""feature_selection"": {""even"": [""mean"", ""range""], ""odd"": [""mean""]}, ""n_chunks"": 16, ""parameter_selection"": {""mean"": {""likelihood"": ""lognormal""}, ""range"": {""likelihood"": ""beta""}}, ""rem_profile_params"": {""rem_stage"": 2, ""step_size_hours"": 1, ""window_size_hours"": 6}, ""tau_threshold"": 5.0}",run_output_8day_rem_w6_s1_stage2,rem_w6_s1_stage2
52,7eecc4190c14c9f0,ok,,even: range; odd: mean,mean=lognormal; range=lognormal,16,5.0,2,2,2,130.8939977536341,130.8939977536341,4.6747856340583605,2.33739281702918,0.0160439291378037,2.33739281702918,0.0160439291378037,-261.93950838559374,1.01,589.0,796.0,1.0901825162201706,0,8,0.3932451007740174,0.8771160040848552,7.188894585074439,1.400380995719683,7.0,8.0,8.0,0.7514820351455066,0.6385604555434448,0,False,,False,2,2,28,2,"[3, 21]",24.45565958597581,"(28, 96)",,[],"{""feature_selection"": {""even"": [""range""], ""odd"": [""mean""]}, ""n_chunks"": 16, ""parameter_selection"": {""mean"": {""likelihood"": ""lognormal""}, ""range"": {""likelihood"": ""lognormal""}}, ""rem_profile_params"": {""rem_stage"": 2, ""step_size_hours"": 2, ""window_size_hours"": 2}, ""tau_threshold"": 5.0}",run_output_8day_rem_w2_s2_stage2,rem_w2_s2_stage2
8,9c010614ba0173d0,ok,,"concat: range; even: mean; odd: mean, range",mean=student_t; range=lognormal,16,5.0,6,1,2,261.5977392971247,261.5977392971247,9.342776403468738,2.335694100867184,0.0086819774731914,2.335694100867184,0.0086819774731914,-521.7039696055015,1.01,673.0,432.0,1.0247496612234843,0,8,0.7506061858078308,0.97483860739388,7.7906551150068095,0.7891513630540204,8.0,8.0,8.0,0.9555185809237868,0.6249112570449626,0,False,,False,4,4,28,2,"[15, 3]",112.21615957497852,"(28, 152)",,[],"{""feature_selection"": {""concat"": [""range""], ""even"": [""mean""], ""odd"": [""mean"", ""range""]}, ""n_chunks"": 16, ""parameter_selection"": {""mean"": {""likelihood"": ""student_t""}, ""range"": {""likelihood"": ""lognormal""}}, ""rem_profile_params"": {""rem_stage"": 2, ""step_size_hours"": 1, ""window_size_hours"": 6}, ""tau_threshold"": 5.0}",run_output_8day_rem_w6_s1_stage2,rem_w6_s1_stage2
180,2c7ec5c12a9176ae,ok,,"concat: range; even: mean, range; odd: mean",mean=student_t; range=lognormal,16,5.0,6,1,2,261.04051411334234,261.04051411334234,9.32287550404794,2.330718876011985,0.0102757459375801,2.330718876011985,0.0102757459375801,-521.967505378241,1.01,502.0,284.0,0.9725661148859526,0,8,0.7687100190496212,0.964663582887335,7.770887429684079,0.8999984517410289,8.0,8.0,8.0,0.9560579249249096,0.665312248034663,0,False,,False,4,4,28,2,"[15, 3]",244.4459329269885,"(28, 152)",,[],"{""feature_selection"": {""concat"": [""range""], ""even"": [""mean"", ""range""], ""odd"": [""mean""]}, ""n_chunks"": 16, ""parameter_selection"": {""mean"": {""likelihood"": ""student_t""}, ""range"": {""likelihood"": ""lognormal""}}, ""rem_profile_params"": {""rem_stage"": 2, ""step_size_hours"": 1, ""window_size_hours"": 6}, ""tau_threshold"": 5.0}",run_output_8day_rem_w6_s1_stage2,rem_w6_s1_stage2
134,27d0498e30f43309,pareto_filtered,"pareto_k_above_threshold_after_retries: k_max=0.741138, threshold=0.7","even: range; odd: mean, range",mean=lognormal; range=lognormal,16,5.0,3,1,2,188.5392470115492,188.5392470115492,6.982935074501823,2.327645024833941,0.0111380093089159,2.327645024833941,0.0111380093089159,-375.39328962845497,1.34,10.0,45.0,0.9310486372001916,0,8,0.5222124189691549,0.5526595770658376,6.205149182535092,1.9897948839313009,4.0,8.0,8.0,0.550122418527895,0.7411383652674364,1,True,"pareto_k_above_threshold_after_retries: k_max=0.741138, threshold=0.7",False,3,3,27,3,"[3, 21, 0]",114.41382491399418,"(27, 176)",,[],"{""feature_selection"": {""even"": [""range""], ""odd"": [""mean"", ""range""]}, ""n_chunks"": 16, ""parameter_selection"": {""mean"": {""likelihood"": ""lognormal""}, ""range"": {""likelihood"": ""lognormal""}}, ""rem_profile_params"": {""rem_stage"": 2, ""step_size_hours"": 1, ""window_size_hours"": 3}, ""tau_threshold"": 5.0}",run_output_8day_rem_w3_s1_stage2,rem_w3_s1_stage2
14,ed793f10f0f7e16b,pareto_filtered,"pareto_k_above_threshold_after_retries: k_max=0.870921, threshold=0.7","even: mean, range; odd: mean, range",mean=lognormal; range=lognormal,16,5.0,6,1,2,251.2032611126188,251.2032611126188,9.303824485652548,2.325956121413137,0.0133616064551041,2.325956121413137,0.0133616064551041,-500.2377175365414,1.07,41.0,263.0,1.0199362629123343,0,8,0.230345149150547,0.7314723294374099,6.576008946747634,1.7738979288906265,5.0,8.0,8.0,0.6189376670610495,0.8709206872302169,1,True,"pareto_k_above_threshold_after_retries: k_max=0.870921, threshold=0.7",False,4,4,27,3,"[3, 27, 0]",124.98375143800511,"(27, 152)",,[],"{""feature_selection"": {""even"": [""mean"", ""range""], ""odd"": [""mean"", ""range""]}, ""n_chunks"": 16, ""parameter_selection"": {""mean"": {""likelihood"": ""lognormal""}, ""range"": {""likelihood"": ""lognormal""}}, ""rem_profile_params"": {""rem_stage"": 2, ""step_size_hours"": 1, ""window_size_hours"": 6}, ""tau_threshold"": 5.0}",run_output_8day_rem_w6_s1_stage2,rem_w6_s1_stage2
40,99a66a79a6dd33a2,pareto_filtered,"pareto_k_above_threshold_after_retries: k_max=0.798841, threshold=0.7","concat: range; even: mean, range; odd: mean, range",mean=student_t; range=lognormal,16,5.0,6,1,2,313.98092661216674,313.98092661216674,11.628923207858028,2.3257846415716057,0.010488915115118,2.3257846415716057,0.010488915115118,-628.5357716805362,1.01,1800.0,1157.0,0.9676219774440026,0,8,0.9744470331893208,0.999992982495096,7.992122745723194,0.0920451618921897,8.0,8.0,8.0,0.9996881975076805,0.7988411578278387,1,True,"pareto_k_above_threshold_after_retries: k_max=0.798841, threshold=0.7",False,5,5,27,3,"[3, 15, 2]",304.6586444810091,"(27, 152)",,[],"{""feature_selection"": {""concat"": [""range""], ""even"": [""mean"", ""range""], ""odd"": [""mean"", ""range""]}, ""n_chunks"": 16, ""parameter_selection"": {""mean"": {""likelihood"": ""student_t""}, ""range"": {""likelihood"": ""lognormal""}}, ""rem_profile_params"": {""rem_stage"": 2, ""step_size_hours"": 1, ""window_size_hours"": 6}, ""tau_threshold"": 5.0}",run_output_8day_rem_w6_s1_stage2,rem_w6_s1_stage2
102,364d96aa0103c373,ok,,"concat: range; even: mean, range",mean=student_t; range=lognormal,16,5.0,3,1,2,207.8817947674726,207.8817947674726,6.929393158915754,2.3097977196385835,0.0078523346205568,2.3097977196385835,0.0078523346205568,-416.3899040725327,1.0,662.0,694.0,0.9585438916639706,0,7,0.4188119281325803,0.9288316617736804,7.028677211401227,0.90318777291536,7.0,7.0,8.0,0.8819212062943986,0.6368785239731113,0,False,,False,3,3,30,0,[],30.498999953997554,"(30, 176)",,[],"{""feature_selection"": {""concat"": [""range""], ""even"": [""mean"", ""range""]}, ""n_chunks"": 16, ""parameter_selection"": {""mean"": {""likelihood"": ""student_t""}, ""range"": {""likelihood"": ""lognormal""}}, ""rem_profile_params"": {""rem_stage"": 2, ""step_size_hours"": 1, ""window_size_hours"": 3}, ""tau_threshold"": 5.0}",run_output_8day_rem_w3_s1_stage2,rem_w3_s1_stage2
39,ab3e8eabb708d8f2,ok,,concat: range; odd: range,range=beta,16,5.0,6,1,2,129.26294950247103,129.26294950247103,4.616533910802537,2.308266955401268,0.0099852871794649,2.308266955401268,0.0099852871794649,-258.8305718737381,1.0,932.0,895.0,0.9716609669064112,0,3,0.6981264872388966,0.0065869848205957,3.204211774636281,0.4755590599115156,3.0,3.0,3.0,0.0005380341785595,0.438751686197822,0,False,,False,2,2,28,2,"[15, 29]",56.308598661998985,"(28, 152)",,[],"{""feature_selection"": {""concat"": [""range""], ""odd"": [""range""]}, ""n_chunks"": 16, ""parameter_selection"": {""range"": {""likelihood"": ""beta""}}, ""rem_profile_params"": {""rem_stage"": 2, ""step_size_hours"": 1, ""window_size_hours"": 6}, ""tau_threshold"": 5.0}",run_output_8day_rem_w6_s1_stage2,rem_w6_s1_stage2
44,573e54a69b89c51b,ok,,"even: mean, range",mean=student_t; range=lognormal,16,5.0,6,1,2,138.40920669914811,138.40920669914811,4.613640223304937,2.3068201116524687,0.0161223313641906,2.3068201116524687,0.0161223313641906,-276.53715844373176,1.0,1253.0,1107.0,1.0564216740087855,0,8,0.5744423947127204,0.960422354314576,7.61080368242315,0.8933419968374029,7.0,8.0,8.0,0.949680879941801,0.4961538854864961,0,False,,False,2,2,30,0,[],17.935559498990187,"(30, 152)",,[],"{""feature_selection"": {""even"": [""mean"", ""range""]}, ""n_chunks"": 16, ""parameter_selection"": {""mean"": {""likelihood"": ""student_t""}, ""range"": {""likelihood"": ""lognormal""}}, ""rem_profile_params"": {""rem_stage"": 2, ""step_size_hours"": 1, ""window_size_hours"": 6}, ""tau_threshold"": 5.0}",run_output_8day_rem_w6_s1_stage2,rem_w6_s1_stage2
40,306380389554cf1c,ok,,concat: range; odd: range,range=lognormal,16,5.0,3,1,2,133.76746303033207,133.76746303033207,4.612671138976968,2.306335569488484,0.0144173315188233,2.306335569488484,0.0144173315188233,-266.8464086956804,1.01,716.0,397.0,1.0032916163814576,0,8,0.7159031229694612,0.9684991956471458,7.76806753993927,0.7907346840193089,8.0,8.0,8.0,0.9489815822529754,0.621214731643393,0,False,,False,2,2,29,1,[15],27.260667435009964,"(29, 176)",,[],"{""feature_selection"": {""concat"": [""range""], ""odd"": [""range""]}, ""n_chunks"": 16, ""parameter_selection"": {""range"": {""likelihood"": ""lognormal""}}, ""rem_profile_params"": {""rem_stage"": 2, ""step_size_hours"": 1, ""window_size_hours"": 3}, ""tau_threshold"": 5.0}",run_output_8day_rem_w3_s1_stage2,rem_w3_s1_stage2
125,85fd82086f15e0bf,ok,,"even: mean, range; odd: range",mean=lognormal; range=beta,16,5.0,3,1,2,193.60876783998444,193.60876783998444,6.914598851428016,2.3048662838093383,0.0102457043764947,2.3048662838093383,0.0102457043764947,-387.2717958629191,1.01,429.0,253.0,1.005346550207984,0,8,0.8063868512361759,0.9498357692924108,7.753004294475918,1.0006565825552338,8.0,8.0,8.0,0.9461583088347764,0.6713266114166277,0,False,,False,3,3,28,2,"[15, 27]",135.36145970001235,"(28, 176)",,[],"{""feature_selection"": {""even"": [""mean"", ""range""], ""odd"": [""range""]}, ""n_chunks"": 16, ""parameter_selection"": {""mean"": {""likelihood"": ""lognormal""}, ""range"": {""likelihood"": ""beta""}}, ""rem_profile_params"": {""rem_stage"": 2, ""step_size_hours"": 1, ""window_size_hours"": 3}, ""tau_threshold"": 5.0}",run_output_8day_rem_w3_s1_stage2,rem_w3_s1_stage2
52,2e0dff789938d1f4,pareto_filtered,"pareto_k_above_threshold_after_retries: k_max=0.803565, threshold=0.7",even: range; odd: mean,mean=lognormal; range=lognormal,16,5.0,2,1,2,124.44473734366557,124.44473734366557,4.609064346061687,2.304532173030844,0.0163519024377062,2.304532173030844,0.0163519024377062,-247.68361715142652,1.02,203.0,436.0,1.114089374789696,0,8,0.2843411212574773,0.6001454834925823,5.960536759717087,2.2685279811581056,3.0,7.0,8.0,0.5720168660287697,0.8035649756492068,1,True,"pareto_k_above_threshold_after_retries: k_max=0.803565, threshold=0.7",False,2,2,27,3,"[3, 21, 25]",33.87822949900874,"(27, 184)",,[],"{""feature_selection"": {""even"": [""range""], ""odd"": [""mean""]}, ""n_chunks"": 16, ""parameter_selection"": {""mean"": {""likelihood"": ""lognormal""}, ""range"": {""likelihood"": ""lognormal""}}, ""rem_profile_params"": {""rem_stage"": 2, ""step_size_hours"": 1, ""window_size_hours"": 2}, ""tau_threshold"": 5.0}",run_output_8day_rem_w2_s1_stage2,rem_w2_s1_stage2
133,dc43ebe1942a62a0,pareto_filtered,"pareto_k_above_threshold_after_retries: k_max=0.902787, threshold=0.7","even: range; odd: mean, range",mean=lognormal; range=beta,16,5.0,2,2,2,186.2641620265645,186.2641620265645,6.898672667650536,2.299557555883511,0.0122054412961649,2.299557555883511,0.0122054412961649,-372.9228027665214,1.01,772.0,614.0,1.0403941077604208,0,8,0.6351865941103074,0.9988416906872908,7.693371110074649,0.6538752865092436,8.0,8.0,8.0,0.8993910931778222,0.9027872340532916,2,True,"pareto_k_above_threshold_after_retries: k_max=0.902787, threshold=0.7",False,3,3,27,3,"[3, 21, 15]",199.79015894100303,"(27, 96)",,[],"{""feature_selection"": {""even"": [""range""], ""odd"": [""mean"", ""range""]}, ""n_chunks"": 16, ""parameter_selection"": {""mean"": {""likelihood"": ""lognormal""}, ""range"": {""likelihood"": ""beta""}}, ""rem_profile_params"": {""rem_stage"": 2, ""step_size_hours"": 2, ""window_size_hours"": 2}, ""tau_threshold"": 5.0}",run_output_8day_rem_w2_s2_stage2,rem_w2_s2_stage2
57,2bdf696acddbfbfc,pareto_filtered,"pareto_k_above_threshold_after_retries: k_max=1.43505, threshold=0.7","odd: mean, range",mean=lognormal; range=beta,16,5.0,6,1,2,123.8214092160088,123.8214092160088,4.585978119111437,2.292989059555718,0.0186774292713441,2.292989059555718,0.0186774292713441,-243.3489702541104,1.13,21.0,60.0,0.9600013986984504,0,5,0.1371502064937233,0.2559584730974512,4.886077964465007,1.2903432830585717,4.0,5.0,6.0,0.1145519113307021,1.4350506607685647,3,True,"pareto_k_above_threshold_after_retries: k_max=1.43505, threshold=0.7",False,2,2,27,3,"[3, 0, 15]",70.32020715001272,"(27, 152)",,[],"{""feature_selection"": {""odd"": [""mean"", ""range""]}, ""n_chunks"": 16, ""parameter_selection"": {""mean"": {""likelihood"": ""lognormal""}, ""range"": {""likelihood"": ""beta""}}, ""rem_profile_params"": {""rem_stage"": 2, ""step_size_hours"": 1, ""window_size_hours"": 6}, ""tau_threshold"": 5.0}",run_output_8day_rem_w6_s1_stage2,rem_w6_s1_stage2
39,c0ce4af5a6e66cc7,pareto_filtered,"pareto_k_above_threshold_after_retries: k_max=1.15102, threshold=0.7","concat: range; even: mean, range; odd: mean, range",mean=student_t; range=beta,16,5.0,6,1,2,307.9571832594307,307.9571832594307,11.405821602201136,2.281164320440228,0.0095201342412416,2.281164320440228,0.0095201342412416,-610.0550830303583,1.2,14.0,48.0,0.9497990110265824,9,3,0.3724100926517093,0.4791080196519982,5.320900173211543,2.36691022185521,3.0,4.0,8.0,0.4716947963493044,1.1510203337402722,5,True,"pareto_k_above_threshold_after_retries: k_max=1.15102, threshold=0.7",False,5,5,27,3,"[15, 29, 9]",446.3047941380064,"(27, 152)",,[],"{""feature_selection"": {""concat"": [""range""], ""even"": [""mean"", ""range""], ""odd"": [""mean"", ""range""]}, ""n_chunks"": 16, ""parameter_selection"": {""mean"": {""likelihood"": ""student_t""}, ""range"": {""likelihood"": ""beta""}}, ""rem_profile_params"": {""rem_stage"": 2, ""step_size_hours"": 1, ""window_size_hours"": 6}, ""tau_threshold"": 5.0}",run_output_8day_rem_w6_s1_stage2,rem_w6_s1_stage2
44,b7f6ec98f89349ec,ok,,"even: mean, range",mean=student_t; range=lognormal,16,5.0,2,2,2,135.92657686175372,135.92657686175372,4.530885895391791,2.2654429476958957,0.0122002277806372,2.2654429476958957,0.0122002277806372,-271.7417477694705,1.01,746.0,891.0,1.0356757921943511,0,8,0.2953327332525651,0.8606275760181468,7.070984347493429,1.431862453867639,6.0,8.0,8.0,0.748266077625708,0.6931660387493394,0,False,,False,2,2,30,0,[],17.167352934979135,"(30, 96)",,[],"{""feature_selection"": {""even"": [""mean"", ""range""]}, ""n_chunks"": 16, ""parameter_selection"": {""mean"": {""likelihood"": ""student_t""}, ""range"": {""likelihood"": ""lognormal""}}, ""rem_profile_params"": {""rem_stage"": 2, ""step_size_hours"": 2, ""window_size_hours"": 2}, ""tau_threshold"": 5.0}",run_output_8day_rem_w2_s2_stage2,rem_w2_s2_stage2
177,e5f89b8729465434,ok,,"concat: range; even: mean, range; odd: mean",mean=lognormal; range=beta,16,5.0,6,1,2,252.34819548091215,252.34819548091215,9.012435552889722,2.25310888822243,0.0098827682007324,2.25310888822243,0.0098827682007324,-505.50010313838186,1.01,570.0,578.0,0.925629538301602,0,5,0.4761182193998992,0.0589331635288509,4.575547218093258,0.8946983191286112,4.0,5.0,5.0,0.0022809112567827,0.6760065596365824,0,False,,False,4,4,28,2,"[3, 0]",213.13432079399357,"(28, 152)",,[],"{""feature_selection"": {""concat"": [""range""], ""even"": [""mean"", ""range""], ""odd"": [""mean""]}, ""n_chunks"": 16, ""parameter_selection"": {""mean"": {""likelihood"": ""lognormal""}, ""range"": {""likelihood"": ""beta""}}, ""rem_profile_params"": {""rem_stage"": 2, ""step_size_hours"": 1, ""window_size_hours"": 6}, ""tau_threshold"": 5.0}",run_output_8day_rem_w6_s1_stage2,rem_w6_s1_stage2
114,53fca5c9ba8b3f6a,ok,,concat: range; even: range; odd: mean,mean=student_t; range=lognormal,16,5.0,6,1,2,195.11609099645028,195.11609099645028,6.728141068843113,2.2427136896143707,0.0114134229627463,2.2427136896143707,0.0114134229627463,-390.0301975008565,1.01,491.0,560.0,0.9772030639757932,0,8,0.2683721595658338,0.8811496149657405,7.032351379280817,1.253456762443513,7.0,7.0,8.0,0.7802174386950316,0.6506518888891332,0,False,,False,3,3,29,1,[3],69.3896466580045,"(29, 152)",,[],"{""feature_selection"": {""concat"": [""range""], ""even"": [""range""], ""odd"": [""mean""]}, ""n_chunks"": 16, ""parameter_selection"": {""mean"": {""likelihood"": ""student_t""}, ""range"": {""likelihood"": ""lognormal""}}, ""rem_profile_params"": {""rem_stage"": 2, ""step_size_hours"": 1, ""window_size_hours"": 6}, ""tau_threshold"": 5.0}",run_output_8day_rem_w6_s1_stage2,rem_w6_s1_stage2
41,487d2002af83b088,ok,,"even: mean, range",mean=lognormal; range=beta,16,5.0,3,1,2,129.8881703133061,129.8881703133061,4.478902424596762,2.239451212298381,0.0133188552634971,2.239451212298381,0.0133188552634971,-260.62896290034735,1.0,562.0,561.0,1.048115213356311,0,8,0.3184854199196172,0.7287880139444824,6.799019370934863,1.782407342478856,5.0,8.0,8.0,0.693319409870139,0.6571215095107297,0,False,,False,2,2,29,1,[27],39.3341774159926,"(29, 176)",,[],"{""feature_selection"": {""even"": [""mean"", ""range""]}, ""n_chunks"": 16, ""parameter_selection"": {""mean"": {""likelihood"": ""lognormal""}, ""range"": {""likelihood"": ""beta""}}, ""rem_profile_params"": {""rem_stage"": 2, ""step_size_hours"": 1, ""window_size_hours"": 3}, ""tau_threshold"": 5.0}",run_output_8day_rem_w3_s1_stage2,rem_w3_s1_stage2
104,71c15db0fab107a7,pareto_filtered,"pareto_k_above_threshold_after_retries: k_max=0.966282, threshold=0.7",concat: range; even: mean; odd: mean,mean=lognormal; range=lognormal,16,5.0,6,1,2,181.3775205836667,181.3775205836667,6.71768594754321,2.239228649181069,0.0115300003310805,2.239228649181069,0.0115300003310805,-364.0233140991157,1.02,158.0,101.0,1.0091333007754977,0,4,0.1801431859573419,0.2620161079210463,5.161890233051521,1.448271562410583,4.0,5.0,6.0,0.235450949413822,0.9662823448040694,3,True,"pareto_k_above_threshold_after_retries: k_max=0.966282, threshold=0.7",False,3,3,27,3,"[3, 0, 21]",51.89279045298463,"(27, 152)",,[],"{""feature_selection"": {""concat"": [""range""], ""even"": [""mean""], ""odd"": [""mean""]}, ""n_chunks"": 16, ""parameter_selection"": {""mean"": {""likelihood"": ""lognormal""}, ""range"": {""likelihood"": ""lognormal""}}, ""rem_profile_params"": {""rem_stage"": 2, ""step_size_hours"": 1, ""window_size_hours"": 6}, ""tau_threshold"": 5.0}",run_output_8day_rem_w6_s1_stage2,rem_w6_s1_stage2
48,7b00970363c43bbb,ok,,even: mean; odd: range,mean=lognormal; range=lognormal,16,5.0,3,1,2,129.55880904728372,129.55880904728372,4.467545139561508,2.233772569780754,0.0130067058253983,2.233772569780754,0.0130067058253983,-259.82113467453746,1.01,2525.0,1259.0,1.097062907074235,0,8,0.9406329269211656,0.991880360318328,7.96025949641972,0.3514907301546753,8.0,8.0,8.0,0.9894957523550628,0.694121238516062,0,False,,False,2,2,29,1,[27],28.504708612977996,"(29, 176)",,[],"{""feature_selection"": {""even"": [""mean""], ""odd"": [""range""]}, ""n_chunks"": 16, ""parameter_selection"": {""mean"": {""likelihood"": ""lognormal""}, ""range"": {""likelihood"": ""lognormal""}}, ""rem_profile_params"": {""rem_stage"": 2, ""step_size_hours"": 1, ""window_size_hours"": 3}, ""tau_threshold"": 5.0}",run_output_8day_rem_w3_s1_stage2,rem_w3_s1_stage2
190,f76fbe6164065e51,ok,,"concat: range; even: range; odd: mean, range",mean=lognormal; range=lognormal,16,5.0,2,2,2,241.02284687760516,241.02284687760516,8.926772106577967,2.2316930266444928,0.0122451783277289,2.2316930266444928,0.0122451783277289,-482.33604813942304,1.01,1131.0,621.0,1.1051572598576622,0,8,0.8571477502508968,0.9902408117341772,7.886775209002586,0.5570922419406672,8.0,8.0,8.0,0.960260838192582,0.6931214384236266,0,False,,False,4,4,27,3,"[3, 21, 15]",82.2867231379787,"(27, 96)",,[],"{""feature_selection"": {""concat"": [""range""], ""even"": [""range""], ""odd"": [""mean"", ""range""]}, ""n_chunks"": 16, ""parameter_selection"": {""mean"": {""likelihood"": ""lognormal""}, ""range"": {""likelihood"": ""lognormal""}}, ""rem_profile_params"": {""rem_stage"": 2, ""step_size_hours"": 2, ""window_size_hours"": 2}, ""tau_threshold"": 5.0}",run_output_8day_rem_w2_s2_stage2,rem_w2_s2_stage2
109,53a477e33e338f59,pareto_filtered,"pareto_k_above_threshold_after_retries: k_max=1.06689, threshold=0.7",concat: range; even: mean; odd: range,mean=student_t; range=beta,16,5.0,6,1,2,180.71932561604865,180.71932561604865,6.69330835614995,2.2311027853833165,0.0090601695816936,2.2311027853833165,0.0090601695816936,-358.2123769071859,1.05,134.0,161.0,0.9451281896813284,0,3,0.2747840848621217,0.2994128068755118,4.532790723179584,2.0090822880894765,3.0,3.0,7.0,0.2781315274743497,1.0668896955910183,1,True,"pareto_k_above_threshold_after_retries: k_max=1.06689, threshold=0.7",False,3,3,27,3,"[15, 29, 9]",207.6153670579952,"(27, 152)",,[],"{""feature_selection"": {""concat"": [""range""], ""even"": [""mean""], ""odd"": [""range""]}, ""n_chunks"": 16, ""parameter_selection"": {""mean"": {""likelihood"": ""student_t""}, ""range"": {""likelihood"": ""beta""}}, ""rem_profile_params"": {""rem_stage"": 2, ""step_size_hours"": 1, ""window_size_hours"": 6}, ""tau_threshold"": 5.0}",run_output_8day_rem_w6_s1_stage2,rem_w6_s1_stage2
50,74bbc233eb48ab32,ok,,even: mean; odd: range,mean=student_t; range=lognormal,16,5.0,6,1,2,133.29540371927598,133.29540371927598,4.443180123975866,2.2215900619879325,0.0087772432882463,2.2215900619879325,0.0087772432882463,-266.7961595845235,1.01,1078.0,1064.0,1.00929817712718,0,8,0.4253270446557543,0.9587852781309965,7.419222552760962,0.944894785417124,7.0,8.0,8.0,0.8695637831284401,0.6078214632654433,0,False,,False,2,2,30,0,[],18.363852156006036,"(30, 152)",,[],"{""feature_selection"": {""even"": [""mean""], ""odd"": [""range""]}, ""n_chunks"": 16, ""parameter_selection"": {""mean"": {""likelihood"": ""student_t""}, ""range"": {""likelihood"": ""lognormal""}}, ""rem_profile_params"": {""rem_stage"": 2, ""step_size_hours"": 1, ""window_size_hours"": 6}, ""tau_threshold"": 5.0}",run_output_8day_rem_w6_s1_stage2,rem_w6_s1_stage2
128,7250999d3edf14f8,ok,,"even: mean, range; odd: range",mean=student_t; range=lognormal,16,5.0,6,1,2,199.71259974538395,199.71259974538395,6.657086658179465,2.2190288860598213,0.0127943602406675,2.2190288860598213,0.0127943602406675,-400.1645205482206,1.0,925.0,998.0,0.9886968456491364,0,8,0.6042283870035834,0.9857514354928156,7.673735077204173,0.6738664036719044,7.0,8.0,8.0,0.9687318560242112,0.6786117453303553,0,False,,False,3,3,30,0,[],37.37530462502036,"(30, 152)",,[],"{""feature_selection"": {""even"": [""mean"", ""range""], ""odd"": [""range""]}, ""n_chunks"": 16, ""parameter_selection"": {""mean"": {""likelihood"": ""student_t""}, ""range"": {""likelihood"": ""lognormal""}}, ""rem_profile_params"": {""rem_stage"": 2, ""step_size_hours"": 1, ""window_size_hours"": 6}, ""tau_threshold"": 5.0}",run_output_8day_rem_w6_s1_stage2,rem_w6_s1_stage2
100,04a52f689dd46f43,ok,,"concat: range; even: mean, range",mean=lognormal; range=lognormal,16,5.0,3,1,2,185.92258068304525,185.92258068304525,6.640092167251615,2.2133640557505383,0.0101655456548234,2.2133640557505383,0.0101655456548234,-371.08856898398136,1.01,288.0,195.0,1.007437006698776,0,7,0.4934533748579113,0.8376545207983926,6.554950250454126,1.2242161857814384,7.0,7.0,7.0,0.8207215023267364,0.6869195517432585,0,False,,False,3,3,28,2,"[23, 27]",81.57648562500253,"(28, 176)",,[],"{""feature_selection"": {""concat"": [""range""], ""even"": [""mean"", ""range""]}, ""n_chunks"": 16, ""parameter_selection"": {""mean"": {""likelihood"": ""lognormal""}, ""range"": {""likelihood"": ""lognormal""}}, ""rem_profile_params"": {""rem_stage"": 2, ""step_size_hours"": 1, ""window_size_hours"": 3}, ""tau_threshold"": 5.0}",run_output_8day_rem_w3_s1_stage2,rem_w3_s1_stage2
31,8b2717df25dc1c28,ok,,concat: range; even: mean,mean=student_t; range=beta,16,5.0,6,1,2,132.64067448813088,132.64067448813088,4.42135581627103,2.210677908135515,0.008781909543299,2.210677908135515,0.008781909543299,-265.5044671939468,1.01,1021.0,776.0,0.908927528769086,0,5,0.6029206805936652,0.1736786005566444,5.117886811103383,0.624859997661594,5.0,5.0,5.0,0.0183900561121148,0.5895329617328823,0,False,,False,2,2,30,0,[],19.59702938501141,"(30, 152)",,[],"{""feature_selection"": {""concat"": [""range""], ""even"": [""mean""]}, ""n_chunks"": 16, ""parameter_selection"": {""mean"": {""likelihood"": ""student_t""}, ""range"": {""likelihood"": ""beta""}}, ""rem_profile_params"": {""rem_stage"": 2, ""step_size_hours"": 1, ""window_size_hours"": 6}, ""tau_threshold"": 5.0}",run_output_8day_rem_w6_s1_stage2,rem_w6_s1_stage2
3,da0791691268d2b3,ok,,"concat: range; even: mean, range; odd: range",mean=student_t; range=beta,16,5.0,6,1,2,246.9165509933109,246.9165509933109,8.818448249761104,2.204612062440276,0.0097611741282729,2.204612062440276,0.0097611741282729,-493.8533438185029,1.01,954.0,752.0,1.0215317493241187,0,3,0.7843505306271277,0.0109740735437133,3.136526337798309,0.5135317922798067,3.0,3.0,3.0,0.0080844483948597,0.6875088910652184,0,False,,False,4,4,28,2,"[15, 29]",131.0906215819996,"(28, 152)",,[],"{""feature_selection"": {""concat"": [""range""], ""even"": [""mean"", ""range""], ""odd"": [""range""]}, ""n_chunks"": 16, ""parameter_selection"": {""mean"": {""likelihood"": ""student_t""}, ""range"": {""likelihood"": ""beta""}}, ""rem_profile_params"": {""rem_stage"": 2, ""step_size_hours"": 1, ""window_size_hours"": 6}, ""tau_threshold"": 5.0}",run_output_8day_rem_w6_s1_stage2,rem_w6_s1_stage2
184,9092df5327927fbd,ok,,"concat: range; even: mean, range; odd: range",mean=student_t; range=lognormal,16,5.0,3,1,2,255.06863214208653,255.06863214208653,8.795470073865053,2.198867518466264,0.0088371136686162,2.198867518466264,0.0088371136686162,-510.1565830561634,1.01,2121.0,1081.0,1.0160503045065383,0,8,0.9376929282153352,0.9985115640228436,7.974437941023025,0.2009305374493441,8.0,8.0,8.0,0.9974734542130174,0.6582018474967475,0,False,,False,4,4,29,1,[15],152.23446775201592,"(29, 176)",,[],"{""feature_selection"": {""concat"": [""range""], ""even"": [""mean"", ""range""], ""odd"": [""range""]}, ""n_chunks"": 16, ""parameter_selection"": {""mean"": {""likelihood"": ""student_t""}, ""range"": {""likelihood"": ""lognormal""}}, ""rem_profile_params"": {""rem_stage"": 2, ""step_size_hours"": 1, ""window_size_hours"": 3}, ""tau_threshold"": 5.0}",run_output_8day_rem_w3_s1_stage2,rem_w3_s1_stage2
55,80e9aa9a8a9a43c8,ok,,even: range; odd: range,range=beta,16,5.0,2,1,2,122.64381315161852,122.64381315161852,4.380136183986376,2.1900680919931874,0.0085103068232017,2.1900680919931874,0.0085103068232017,-245.76534822459365,1.01,869.0,798.0,0.8727684507417973,0,6,0.2583396958948688,0.8381562762288445,6.159139973985672,1.0408287265688618,6.0,6.0,7.0,0.3037446593894947,0.6303785123936497,0,False,,False,2,2,28,2,"[27, 26]",71.68962858099258,"(28, 184)",,[],"{""feature_selection"": {""even"": [""range""], ""odd"": [""range""]}, ""n_chunks"": 16, ""parameter_selection"": {""range"": {""likelihood"": ""beta""}}, ""rem_profile_params"": {""rem_stage"": 2, ""step_size_hours"": 1, ""window_size_hours"": 2}, ""tau_threshold"": 5.0}",run_output_8day_rem_w2_s1_stage2,rem_w2_s1_stage2
8,77f33c334f68dfc1,ok,,even: range,range=lognormal,16,5.0,6,1,2,65.58393891165704,65.58393891165704,2.1861312970552347,2.186131297055235,0.0285608507507211,2.186131297055235,0.0285608507507211,-131.31559081543062,1.01,757.0,708.0,1.012505096204306,0,8,0.203992453926473,0.7958132145618534,6.74208212967927,1.6151096869976378,6.0,7.0,8.0,0.7356627885679823,0.679357508404403,0,False,,False,1,1,30,0,[],4.3964308649883606,"(30, 152)",,[],"{""feature_selection"": {""even"": [""range""]}, ""n_chunks"": 16, ""parameter_selection"": {""range"": {""likelihood"": ""lognormal""}}, ""rem_profile_params"": {""rem_stage"": 2, ""step_size_hours"": 1, ""window_size_hours"": 6}, ""tau_threshold"": 5.0}",run_output_8day_rem_w6_s1_stage2,rem_w6_s1_stage2
36,a24977f40d2e893a,pareto_filtered,"pareto_k_above_threshold_after_retries: k_max=1.05008, threshold=0.7",concat: range; odd: mean,mean=lognormal; range=lognormal,16,5.0,6,1,2,117.9823163767194,117.9823163767194,4.369715421359977,2.1848577106799887,0.0166287425153205,2.1848577106799887,0.0166287425153205,-236.2001972990397,1.01,313.0,285.0,0.9418746029296902,0,4,0.113577476440797,0.3745002012200653,5.359286059991724,1.5934472518871277,4.0,5.0,7.0,0.3161440668521887,1.0500762429177088,1,True,"pareto_k_above_threshold_after_retries: k_max=1.05008, threshold=0.7",False,2,2,27,3,"[3, 0, 21]",42.17804418600281,"(27, 152)",,[],"{""feature_selection"": {""concat"": [""range""], ""odd"": [""mean""]}, ""n_chunks"": 16, ""parameter_selection"": {""mean"": {""likelihood"": ""lognormal""}, ""range"": {""likelihood"": ""lognormal""}}, ""rem_profile_params"": {""rem_stage"": 2, ""step_size_hours"": 1, ""window_size_hours"": 6}, ""tau_threshold"": 5.0}",run_output_8day_rem_w6_s1_stage2,rem_w6_s1_stage2
6,ded753f1b07b6141,pareto_filtered,"pareto_k_above_threshold_after_retries: k_max=1.04769, threshold=0.7","concat: range; even: mean; odd: mean, range",mean=lognormal; range=lognormal,16,5.0,6,1,2,235.95016230418744,235.95016230418744,8.73889490015509,2.184723725038773,0.0103882289461705,2.184723725038773,0.0103882289461705,-471.91387633819335,1.01,206.0,181.0,0.9376420332169124,0,5,0.1711516471057004,0.3785556362654322,5.66201159310053,1.3984623277263095,5.0,5.0,7.0,0.3113803333286417,1.0476880850394288,2,True,"pareto_k_above_threshold_after_retries: k_max=1.04769, threshold=0.7",False,4,4,27,3,"[3, 0, 21]",107.42132067598868,"(27, 152)",,[],"{""feature_selection"": {""concat"": [""range""], ""even"": [""mean""], ""odd"": [""mean"", ""range""]}, ""n_chunks"": 16, ""parameter_selection"": {""mean"": {""likelihood"": ""lognormal""}, ""range"": {""likelihood"": ""lognormal""}}, ""rem_profile_params"": {""rem_stage"": 2, ""step_size_hours"": 1, ""window_size_hours"": 6}, ""tau_threshold"": 5.0}",run_output_8day_rem_w6_s1_stage2,rem_w6_s1_stage2
184,76d49873e3afc8c8,ok,,"concat: range; even: mean, range; odd: range",mean=student_t; range=lognormal,16,5.0,2,2,2,244.67718952889112,244.67718952889112,8.738471054603254,2.184617763650813,0.0094060467170853,2.184617763650813,0.0094060467170853,-490.046740192862,1.01,574.0,891.0,0.9670064736937948,0,8,0.4364045624595307,0.9853962598405834,7.387655135360712,0.7458598170804319,7.0,8.0,8.0,0.8810742998027447,0.6941777934778831,0,False,,False,4,4,28,2,"[15, 25]",216.05342331298743,"(28, 96)",,[],"{""feature_selection"": {""concat"": [""range""], ""even"": [""mean"", ""range""], ""odd"": [""range""]}, ""n_chunks"": 16, ""parameter_selection"": {""mean"": {""likelihood"": ""student_t""}, ""range"": {""likelihood"": ""lognormal""}}, ""rem_profile_params"": {""rem_stage"": 2, ""step_size_hours"": 2, ""window_size_hours"": 2}, ""tau_threshold"": 5.0}",run_output_8day_rem_w2_s2_stage2,rem_w2_s2_stage2
125,d110588ad8d928c2,ok,,"even: mean, range; odd: range",mean=lognormal; range=beta,16,5.0,2,2,2,183.06809596389823,183.06809596389823,6.538146284424938,2.179382094808312,0.010843317166163,2.179382094808312,0.010843317166163,-365.89624094470975,1.0,1274.0,922.0,0.9560996037354677,0,8,0.771515372353542,0.9930204624265876,7.860163484147754,0.485646600279687,8.0,8.0,8.0,0.9800493669778156,0.6718039316477622,0,False,,False,3,3,28,2,"[7, 15]",124.5621130829968,"(28, 96)",,[],"{""feature_selection"": {""even"": [""mean"", ""range""], ""odd"": [""range""]}, ""n_chunks"": 16, ""parameter_selection"": {""mean"": {""likelihood"": ""lognormal""}, ""range"": {""likelihood"": ""beta""}}, ""rem_profile_params"": {""rem_stage"": 2, ""step_size_hours"": 2, ""window_size_hours"": 2}, ""tau_threshold"": 5.0}",run_output_8day_rem_w2_s2_stage2,rem_w2_s2_stage2
113,bbafbe1c31ab7bee,pareto_filtered,"pareto_k_above_threshold_after_retries: k_max=0.801867, threshold=0.7",concat: range; even: range; odd: mean,mean=student_t; range=beta,16,5.0,6,1,2,175.25033834608217,175.25033834608217,6.490753272077116,2.1635844240257054,0.0122757653686028,2.1635844240257054,0.0122757653686028,-350.4531724019216,1.02,260.0,308.0,0.9799653997863128,0,8,0.2048973331290866,0.7608156443099863,6.49011757829518,1.8763212055397975,6.0,7.0,8.0,0.6255293843941194,0.8018672311063498,3,True,"pareto_k_above_threshold_after_retries: k_max=0.801867, threshold=0.7",False,3,3,27,3,"[15, 9, 8]",231.4898315909959,"(27, 152)",,[],"{""feature_selection"": {""concat"": [""range""], ""even"": [""range""], ""odd"": [""mean""]}, ""n_chunks"": 16, ""parameter_selection"": {""mean"": {""likelihood"": ""student_t""}, ""range"": {""likelihood"": ""beta""}}, ""rem_profile_params"": {""rem_stage"": 2, ""step_size_hours"": 1, ""window_size_hours"": 6}, ""tau_threshold"": 5.0}",run_output_8day_rem_w6_s1_stage2,rem_w6_s1_stage2
182,0fcf28da1bc09dcb,pareto_filtered,"pareto_k_above_threshold_after_retries: k_max=0.724436, threshold=0.7","concat: range; even: mean, range; odd: range",mean=lognormal; range=lognormal,16,5.0,2,2,2,233.42407126261776,233.42407126261776,8.645335972689546,2.1613339931723865,0.009496205330962,2.1613339931723865,0.009496205330962,-467.85502910391176,1.01,1111.0,1042.0,0.996629293227154,0,7,0.8282679853944289,0.9930296718490812,6.990808247424965,0.4060397014919465,7.0,7.0,7.0,0.9720465120922742,0.724436479238751,1,True,"pareto_k_above_threshold_after_retries: k_max=0.724436, threshold=0.7",False,4,4,27,3,"[15, 23, 25]",198.3375023110129,"(27, 96)",,[],"{""feature_selection"": {""concat"": [""range""], ""even"": [""mean"", ""range""], ""odd"": [""range""]}, ""n_chunks"": 16, ""parameter_selection"": {""mean"": {""likelihood"": ""lognormal""}, ""range"": {""likelihood"": ""lognormal""}}, ""rem_profile_params"": {""rem_stage"": 2, ""step_size_hours"": 2, ""window_size_hours"": 2}, ""tau_threshold"": 5.0}",run_output_8day_rem_w2_s2_stage2,rem_w2_s2_stage2
125,52c4da4cf7f9261d,pareto_filtered,"pareto_k_above_threshold_after_retries: k_max=0.854329, threshold=0.7","even: mean, range; odd: range",mean=lognormal; range=beta,16,5.0,6,1,2,174.87107131955895,174.87107131955895,6.47670634516885,2.1589021150562835,0.0162343195603203,2.1589021150562835,0.0162343195603203,-350.7047644359984,1.01,668.0,398.0,0.9904595157064854,0,8,0.807090991287184,0.9612785365156996,7.814904039807598,0.7937431592730035,8.0,8.0,8.0,0.9551276452046822,0.8543292981503664,2,True,"pareto_k_above_threshold_after_retries: k_max=0.854329, threshold=0.7",False,3,3,27,3,"[29, 15, 27]",187.221130785998,"(27, 152)",,[],"{""feature_selection"": {""even"": [""mean"", ""range""], ""odd"": [""range""]}, ""n_chunks"": 16, ""parameter_selection"": {""mean"": {""likelihood"": ""lognormal""}, ""range"": {""likelihood"": ""beta""}}, ""rem_profile_params"": {""rem_stage"": 2, ""step_size_hours"": 1, ""window_size_hours"": 6}, ""tau_threshold"": 5.0}",run_output_8day_rem_w6_s1_stage2,rem_w6_s1_stage2
9,f5ba2683b0355dab,pareto_filtered,"pareto_k_above_threshold_after_retries: k_max=1.4329, threshold=0.7","concat: range; even: range; odd: mean, range",mean=lognormal; range=beta,16,5.0,6,1,2,232.6979077113735,232.6979077113735,8.618441026347167,2.1546102565867917,0.0116451137496224,2.1546102565867917,0.0116451137496224,-466.482381413348,1.01,1477.0,889.0,0.96887272794193,0,3,0.9481828863297994,0.0006650224115734,3.0194271389027825,0.1595933758979882,3.0,3.0,3.0,1.1959520392837333e-05,1.4328957484534792,1,True,"pareto_k_above_threshold_after_retries: k_max=1.4329, threshold=0.7",False,4,4,27,3,"[29, 15, 3]",169.66094376699766,"(27, 152)",,[],"{""feature_selection"": {""concat"": [""range""], ""even"": [""range""], ""odd"": [""mean"", ""range""]}, ""n_chunks"": 16, ""parameter_selection"": {""mean"": {""likelihood"": ""lognormal""}, ""range"": {""likelihood"": ""beta""}}, ""rem_profile_params"": {""rem_stage"": 2, ""step_size_hours"": 1, ""window_size_hours"": 6}, ""tau_threshold"": 5.0}",run_output_8day_rem_w6_s1_stage2,rem_w6_s1_stage2
100,c9df8cb6a1364531,ok,,"concat: range; even: mean, range",mean=lognormal; range=lognormal,16,5.0,2,2,2,193.27547216043985,193.27547216043985,6.442515738681327,2.147505246227109,0.0102331330030199,2.147505246227109,0.0102331330030199,-386.53955303419593,1.01,982.0,1081.0,1.0227613438028582,0,7,0.5630860048882519,0.9722637383205012,6.854292954485983,0.5861291334601647,7.0,7.0,7.0,0.8240474920177548,0.6521689584286434,0,False,,False,3,3,30,0,[],11.592062062001787,"(30, 96)",,[],"{""feature_selection"": {""concat"": [""range""], ""even"": [""mean"", ""range""]}, ""n_chunks"": 16, ""parameter_selection"": {""mean"": {""likelihood"": ""lognormal""}, ""range"": {""likelihood"": ""lognormal""}}, ""rem_profile_params"": {""rem_stage"": 2, ""step_size_hours"": 2, ""window_size_hours"": 2}, ""tau_threshold"": 5.0}",run_output_8day_rem_w2_s2_stage2,rem_w2_s2_stage2
5,81f41296b49cb78c,pareto_filtered,"pareto_k_above_threshold_after_retries: k_max=1.24974, threshold=0.7","concat: range; even: mean; odd: mean, range",mean=lognormal; range=beta,16,5.0,6,1,2,231.366718301754,231.366718301754,8.569137714879776,2.142284428719944,0.0123216141373013,2.142284428719944,0.0123216141373013,-461.2937419150695,1.0,1584.0,970.0,1.003320346508139,0,3,0.8784298550924556,0.0009595951796626,3.0566825703591998,0.2666007722215719,3.0,3.0,3.0,1.8097737902508858e-05,1.2497436213582322,1,True,"pareto_k_above_threshold_after_retries: k_max=1.24974, threshold=0.7",False,4,4,27,3,"[15, 3, 29]",140.54253115298343,"(27, 152)",,[],"{""feature_selection"": {""concat"": [""range""], ""even"": [""mean""], ""odd"": [""mean"", ""range""]}, ""n_chunks"": 16, ""parameter_selection"": {""mean"": {""likelihood"": ""lognormal""}, ""range"": {""likelihood"": ""beta""}}, ""rem_profile_params"": {""rem_stage"": 2, ""step_size_hours"": 1, ""window_size_hours"": 6}, ""tau_threshold"": 5.0}",run_output_8day_rem_w6_s1_stage2,rem_w6_s1_stage2
115,4e7804c09c68b209,pareto_filtered,"pareto_k_above_threshold_after_retries: k_max=1.42783, threshold=0.7",concat: range; even: range; odd: range,range=beta,16,5.0,6,1,2,173.3787916711435,173.3787916711435,6.42143672856087,2.1404789095202905,0.0132313602765064,2.1404789095202905,0.0132313602765064,-349.9897020165479,1.01,604.0,383.0,0.9205910475327396,0,3,0.7130363721894407,0.037182628003108,3.242096665653951,0.7953275208735436,3.0,3.0,3.0,0.0281518519709518,1.4278340038336563,3,True,"pareto_k_above_threshold_after_retries: k_max=1.42783, threshold=0.7",False,3,3,27,3,"[15, 29, 9]",199.08607336701243,"(27, 152)",,[],"{""feature_selection"": {""concat"": [""range""], ""even"": [""range""], ""odd"": [""range""]}, ""n_chunks"": 16, ""parameter_selection"": {""range"": {""likelihood"": ""beta""}}, ""rem_profile_params"": {""rem_stage"": 2, ""step_size_hours"": 1, ""window_size_hours"": 6}, ""tau_threshold"": 5.0}",run_output_8day_rem_w6_s1_stage2,rem_w6_s1_stage2
52,9f6b2e73c67ae49f,ok,,even: range; odd: mean,mean=lognormal; range=lognormal,16,5.0,3,1,2,119.76413477294912,119.76413477294912,4.277290527605326,2.138645263802663,0.0163819562168531,2.138645263802663,0.0163819562168531,-238.60535030297945,1.01,516.0,389.0,1.1213897864467814,0,8,0.5595061608105831,0.8877774965463905,7.391188383258591,1.4283916900331204,8.0,8.0,8.0,0.8524246979006631,0.6370690385647454,0,False,,False,2,2,28,2,"[3, 21]",25.100747533986578,"(28, 176)",,[],"{""feature_selection"": {""even"": [""range""], ""odd"": [""mean""]}, ""n_chunks"": 16, ""parameter_selection"": {""mean"": {""likelihood"": ""lognormal""}, ""range"": {""likelihood"": ""lognormal""}}, ""rem_profile_params"": {""rem_stage"": 2, ""step_size_hours"": 1, ""window_size_hours"": 3}, ""tau_threshold"": 5.0}",run_output_8day_rem_w3_s1_stage2,rem_w3_s1_stage2
56,233eb6830ec85d26,ok,,even: range; odd: range,range=lognormal,16,5.0,6,1,2,128.30757420810187,128.30757420810187,4.276919140270063,2.1384595701350317,0.0183461608710636,2.1384595701350317,0.0183461608710636,-256.8932797643583,1.01,994.0,1243.0,0.9799612923192392,0,8,0.3981386282958687,0.9631300105636812,7.336146989988105,0.8970183436505453,7.0,8.0,8.0,0.8731085693659499,0.6375545440976993,0,False,,False,2,2,30,0,[],7.57163612099248,"(30, 152)",,[],"{""feature_selection"": {""even"": [""range""], ""odd"": [""range""]}, ""n_chunks"": 16, ""parameter_selection"": {""range"": {""likelihood"": ""lognormal""}}, ""rem_profile_params"": {""rem_stage"": 2, ""step_size_hours"": 1, ""window_size_hours"": 6}, ""tau_threshold"": 5.0}",run_output_8day_rem_w6_s1_stage2,rem_w6_s1_stage2
133,b120aec4f24a5f88,pareto_filtered,"pareto_k_above_threshold_after_retries: k_max=1.15944, threshold=0.7","even: range; odd: mean, range",mean=lognormal; range=beta,16,5.0,6,1,2,172.8742479451815,172.8742479451815,6.402749923895612,2.134249974631871,0.0144268471459245,2.134249974631871,0.0144268471459245,-348.79758571543687,1.02,185.0,115.0,0.9203943072914974,0,8,0.599707139589217,0.8538350502215725,7.234820548468634,1.7020292292752095,8.0,8.0,8.0,0.8371018426321445,1.1594374501811555,4,True,"pareto_k_above_threshold_after_retries: k_max=1.15944, threshold=0.7",False,3,3,27,3,"[29, 15, 3]",207.0878748859977,"(27, 152)",,[],"{""feature_selection"": {""even"": [""range""], ""odd"": [""mean"", ""range""]}, ""n_chunks"": 16, ""parameter_selection"": {""mean"": {""likelihood"": ""lognormal""}, ""range"": {""likelihood"": ""beta""}}, ""rem_profile_params"": {""rem_stage"": 2, ""step_size_hours"": 1, ""window_size_hours"": 6}, ""tau_threshold"": 5.0}",run_output_8day_rem_w6_s1_stage2,rem_w6_s1_stage2
136,020607b5ca422a22,ok,,"even: range; odd: mean, range",mean=student_t; range=lognormal,16,5.0,3,1,2,185.48356418940347,185.48356418940347,6.395984972048395,2.131994990682798,0.0109699424182494,2.131994990682798,0.0109699424182494,-370.89993232412337,1.01,739.0,396.0,1.0149742269244295,0,8,0.8310475579674739,0.9895007318713958,7.8950033249217295,0.4971355880466173,8.0,8.0,8.0,0.9848708665691176,0.6053807146637197,0,False,,False,3,3,29,1,[23],102.0603814710048,"(29, 176)",,[],"{""feature_selection"": {""even"": [""range""], ""odd"": [""mean"", ""range""]}, ""n_chunks"": 16, ""parameter_selection"": {""mean"": {""likelihood"": ""student_t""}, ""range"": {""likelihood"": ""lognormal""}}, ""rem_profile_params"": {""rem_stage"": 2, ""step_size_hours"": 1, ""window_size_hours"": 3}, ""tau_threshold"": 5.0}",run_output_8day_rem_w3_s1_stage2,rem_w3_s1_stage2
118,d41538ec701f3c1f,pareto_filtered,"pareto_k_above_threshold_after_retries: k_max=0.913315, threshold=0.7","concat: range; odd: mean, range",mean=lognormal; range=lognormal,16,5.0,6,1,2,172.27489847556777,172.27489847556777,6.380551795391399,2.1268505984638004,0.0130684408296503,2.1268505984638004,0.0130684408296503,-343.2989691338503,1.03,247.0,248.0,1.007547990521436,0,5,0.0790751231680467,0.582449861242877,6.029865618720167,1.438883053873306,5.0,6.0,7.0,0.4399851145495107,0.9133148909369893,3,True,"pareto_k_above_threshold_after_retries: k_max=0.913315, threshold=0.7",False,3,3,27,3,"[3, 0, 21]",108.10797884798376,"(27, 152)",,[],"{""feature_selection"": {""concat"": [""range""], ""odd"": [""mean"", ""range""]}, ""n_chunks"": 16, ""parameter_selection"": {""mean"": {""likelihood"": ""lognormal""}, ""range"": {""likelihood"": ""lognormal""}}, ""rem_profile_params"": {""rem_stage"": 2, ""step_size_hours"": 1, ""window_size_hours"": 6}, ""tau_threshold"": 5.0}",run_output_8day_rem_w6_s1_stage2,rem_w6_s1_stage2
43,058b3fd21aa47a5d,ok,,"even: mean, range",mean=student_t; range=beta,16,5.0,6,1,2,127.56088692198864,127.56088692198864,4.252029564066288,2.126014782033144,0.0135673027118353,2.126014782033144,0.0135673027118353,-255.18233577830225,1.01,708.0,448.0,0.952536730026876,0,8,0.4825627327544782,0.8701211963714302,7.270465398659107,1.5226069617081066,7.0,8.0,8.0,0.8515195552291834,0.6490688736669342,0,False,,False,2,2,30,0,[],21.67170499599888,"(30, 152)",,[],"{""feature_selection"": {""even"": [""mean"", ""range""]}, ""n_chunks"": 16, ""parameter_selection"": {""mean"": {""likelihood"": ""student_t""}, ""range"": {""likelihood"": ""beta""}}, ""rem_profile_params"": {""rem_stage"": 2, ""step_size_hours"": 1, ""window_size_hours"": 6}, ""tau_threshold"": 5.0}",run_output_8day_rem_w6_s1_stage2,rem_w6_s1_stage2
117,489f315dc9f077f8,pareto_filtered,"pareto_k_above_threshold_after_retries: k_max=1.61139, threshold=0.7","concat: range; odd: mean, range",mean=lognormal; range=beta,16,5.0,6,1,2,172.03697540455315,172.03697540455315,6.371739829798265,2.123913276599421,0.0168051821048956,2.123913276599421,0.0168051821048956,-343.10616892413253,1.01,889.0,938.0,1.037518435778489,0,3,0.595842682393541,0.0170058695864502,3.339625568363374,0.619287622235375,3.0,3.0,4.0,0.0055512352037807,1.6113910995585596,2,True,"pareto_k_above_threshold_after_retries: k_max=1.61139, threshold=0.7",False,3,3,27,3,"[15, 29, 0]",204.73718930099855,"(27, 152)",,[],"{""feature_selection"": {""concat"": [""range""], ""odd"": [""mean"", ""range""]}, ""n_chunks"": 16, ""parameter_selection"": {""mean"": {""likelihood"": ""lognormal""}, ""range"": {""likelihood"": ""beta""}}, ""rem_profile_params"": {""rem_stage"": 2, ""step_size_hours"": 1, ""window_size_hours"": 6}, ""tau_threshold"": 5.0}",run_output_8day_rem_w6_s1_stage2,rem_w6_s1_stage2
12,7109dd9218f432ad,ok,,odd: range,range=lognormal,16,5.0,6,1,2,63.39006606787793,63.39006606787793,2.1130022022625976,2.113002202262598,0.0138432665283719,2.113002202262598,0.0138432665283719,-126.82345264150796,1.01,734.0,929.0,0.9792599343266816,0,6,0.1888162105295766,0.8725425907040323,6.545790250891027,1.172965687545306,6.0,7.0,7.0,0.5092689388437278,0.2836271158904877,0,False,,False,1,1,30,0,[],4.624773830000777,"(30, 152)",,[],"{""feature_selection"": {""odd"": [""range""]}, ""n_chunks"": 16, ""parameter_selection"": {""range"": {""likelihood"": ""lognormal""}}, ""rem_profile_params"": {""rem_stage"": 2, ""step_size_hours"": 1, ""window_size_hours"": 6}, ""tau_threshold"": 5.0}",run_output_8day_rem_w6_s1_stage2,rem_w6_s1_stage2
33,e8804798687248e5,ok,,concat: range; even: range,range=beta,16,5.0,6,1,2,122.46341615172204,122.46341615172204,4.222876419024898,2.111438209512449,0.0122897991669317,2.111438209512449,0.0122897991669317,-245.1247029672371,1.01,764.0,413.0,0.9792857806296884,0,5,0.6230453286030786,0.1095666117049884,4.914263099055678,0.710940896799335,5.0,5.0,5.0,0.0025284280036816,0.5522503889622522,0,False,,False,2,2,29,1,[28],33.77222979502403,"(29, 152)",,[],"{""feature_selection"": {""concat"": [""range""], ""even"": [""range""]}, ""n_chunks"": 16, ""parameter_selection"": {""range"": {""likelihood"": ""beta""}}, ""rem_profile_params"": {""rem_stage"": 2, ""step_size_hours"": 1, ""window_size_hours"": 6}, ""tau_threshold"": 5.0}",run_output_8day_rem_w6_s1_stage2,rem_w6_s1_stage2
37,c21fcda1932c1192,pareto_filtered,"pareto_k_above_threshold_after_retries: k_max=1.25659, threshold=0.7","concat: range; even: mean, range; odd: mean, range",mean=lognormal; range=beta,16,5.0,6,1,2,284.70140589583656,284.70140589583656,10.544496514660612,2.1088993029321226,0.011442148618543,2.1088993029321226,0.011442148618543,-567.9758757093172,1.01,1257.0,761.0,0.9737696527143632,0,3,0.924773544791312,0.0007337410160335,3.03112282099698,0.2038079729444645,3.0,3.0,3.0,1.2945557167695296e-05,1.2565937529811957,5,True,"pareto_k_above_threshold_after_retries: k_max=1.25659, threshold=0.7",False,5,5,27,3,"[15, 29, 3]",313.9680162129808,"(27, 152)",,[],"{""feature_selection"": {""concat"": [""range""], ""even"": [""mean"", ""range""], ""odd"": [""mean"", ""range""]}, ""n_chunks"": 16, ""parameter_selection"": {""mean"": {""likelihood"": ""lognormal""}, ""range"": {""likelihood"": ""beta""}}, ""rem_profile_params"": {""rem_stage"": 2, ""step_size_hours"": 1, ""window_size_hours"": 6}, ""tau_threshold"": 5.0}",run_output_8day_rem_w6_s1_stage2,rem_w6_s1_stage2
129,6d50952d05c16251,pareto_filtered,"pareto_k_above_threshold_after_retries: k_max=1.50526, threshold=0.7","even: mean; odd: mean, range",mean=lognormal; range=beta,16,5.0,6,1,2,170.43222614269848,170.43222614269848,6.312304671951796,2.1041015573172657,0.0149551436711425,2.1041015573172657,0.0149551436711425,-346.7564594057631,1.01,454.0,244.0,0.9510516167827862,0,8,0.6099349350236016,0.8794739550719256,7.458512040422193,1.3427783346740836,8.0,8.0,8.0,0.8598836584896233,1.5052590180443903,3,True,"pareto_k_above_threshold_after_retries: k_max=1.50526, threshold=0.7",False,3,3,27,3,"[29, 15, 3]",153.2838692900259,"(27, 152)",,[],"{""feature_selection"": {""even"": [""mean""], ""odd"": [""mean"", ""range""]}, ""n_chunks"": 16, ""parameter_selection"": {""mean"": {""likelihood"": ""lognormal""}, ""range"": {""likelihood"": ""beta""}}, ""rem_profile_params"": {""rem_stage"": 2, ""step_size_hours"": 1, ""window_size_hours"": 6}, ""tau_threshold"": 5.0}",run_output_8day_rem_w6_s1_stage2,rem_w6_s1_stage2
44,958c8efc1a4dd508,ok,,"even: mean, range",mean=student_t; range=lognormal,16,5.0,3,1,2,126.19253326109197,126.19253326109197,4.206417775369732,2.103208887684866,0.0112241597430385,2.103208887684866,0.0112241597430385,-251.7650723643981,1.0,616.0,611.0,0.9510811735263668,0,8,0.2862372812856851,0.8183595896991915,6.966048485940638,1.5895423690979962,7.0,8.0,8.0,0.7749792015382552,0.621319509215732,0,False,,False,2,2,30,0,[],17.930899524013512,"(30, 176)",,[],"{""feature_selection"": {""even"": [""mean"", ""range""]}, ""n_chunks"": 16, ""parameter_selection"": {""mean"": {""likelihood"": ""student_t""}, ""range"": {""likelihood"": ""lognormal""}}, ""rem_profile_params"": {""rem_stage"": 2, ""step_size_hours"": 1, ""window_size_hours"": 3}, ""tau_threshold"": 5.0}",run_output_8day_rem_w3_s1_stage2,rem_w3_s1_stage2
101,e85f78171aef2365,ok,,"concat: range; even: mean, range",mean=student_t; range=beta,16,5.0,6,1,2,188.50350603742012,188.50350603742012,6.283450201247338,2.0944834004157795,0.0080898101625661,2.0944834004157795,0.0080898101625661,-378.0572286128903,1.01,782.0,611.0,0.9279324432891743,0,5,0.4714337278540251,0.180882395241382,5.021592894761049,0.9149784717174412,5.0,5.0,5.0,0.0405676382749968,0.606844621388463,0,False,,False,3,3,30,0,[],44.5216172960063,"(30, 152)",,[],"{""feature_selection"": {""concat"": [""range""], ""even"": [""mean"", ""range""]}, ""n_chunks"": 16, ""parameter_selection"": {""mean"": {""likelihood"": ""student_t""}, ""range"": {""likelihood"": ""beta""}}, ""rem_profile_params"": {""rem_stage"": 2, ""step_size_hours"": 1, ""window_size_hours"": 6}, ""tau_threshold"": 5.0}",run_output_8day_rem_w6_s1_stage2,rem_w6_s1_stage2
112,bb7dbbf329a2d960,ok,,concat: range; even: range; odd: mean,mean=lognormal; range=lognormal,16,5.0,6,1,2,175.7976267127527,175.7976267127527,6.278486668312596,2.0928288894375324,0.0121315728138851,2.0928288894375324,0.0121315728138851,-348.9873344780103,1.02,174.0,159.0,1.0273260559913182,0,4,0.1562589604090646,0.476624355302857,5.570429822361248,1.6729966063512036,4.0,5.0,7.0,0.4392680076352095,0.6947062329328042,0,False,,False,3,3,28,2,"[3, 0]",40.00030322300154,"(28, 152)",,[],"{""feature_selection"": {""concat"": [""range""], ""even"": [""range""], ""odd"": [""mean""]}, ""n_chunks"": 16, ""parameter_selection"": {""mean"": {""likelihood"": ""lognormal""}, ""range"": {""likelihood"": ""lognormal""}}, ""rem_profile_params"": {""rem_stage"": 2, ""step_size_hours"": 1, ""window_size_hours"": 6}, ""tau_threshold"": 5.0}",run_output_8day_rem_w6_s1_stage2,rem_w6_s1_stage2
182,1f81b575a8c2025f,ok,,"concat: range; even: mean, range; odd: range",mean=lognormal; range=lognormal,16,5.0,3,1,2,233.62308378637047,233.62308378637047,8.343681563798945,2.0859203909497364,0.0097540512392896,2.0859203909497364,0.0097540512392896,-463.28843520231135,1.04,92.0,78.0,1.0583996346928974,0,8,0.5229808853042891,0.9212820195864246,7.448373377732467,1.1055335473562404,7.0,8.0,8.0,0.9164291736665736,0.6818641305756893,0,False,,False,4,4,28,2,"[23, 27]",166.47319997200975,"(28, 176)",,[],"{""feature_selection"": {""concat"": [""range""], ""even"": [""mean"", ""range""], ""odd"": [""range""]}, ""n_chunks"": 16, ""parameter_selection"": {""mean"": {""likelihood"": ""lognormal""}, ""range"": {""likelihood"": ""lognormal""}}, ""rem_profile_params"": {""rem_stage"": 2, ""step_size_hours"": 1, ""window_size_hours"": 3}, ""tau_threshold"": 5.0}",run_output_8day_rem_w3_s1_stage2,rem_w3_s1_stage2
47,5ceab44523ef5b81,ok,,even: mean; odd: range,mean=lognormal; range=beta,16,5.0,6,1,2,112.63467337902884,112.63467337902884,4.17165456959366,2.0858272847968307,0.0139983297297699,2.0858272847968307,0.0139983297297699,-224.991651272176,1.01,646.0,338.0,0.9751009681884284,0,8,0.6562729034260385,0.8982953717110991,7.565074555788804,1.1724236830454358,8.0,8.0,8.0,0.8793782492075395,0.4997802970674075,0,False,,False,2,2,27,3,"[15, 29, 27]",66.02810506499372,"(27, 152)",,[],"{""feature_selection"": {""even"": [""mean""], ""odd"": [""range""]}, ""n_chunks"": 16, ""parameter_selection"": {""mean"": {""likelihood"": ""lognormal""}, ""range"": {""likelihood"": ""beta""}}, ""rem_profile_params"": {""rem_stage"": 2, ""step_size_hours"": 1, ""window_size_hours"": 6}, ""tau_threshold"": 5.0}",run_output_8day_rem_w6_s1_stage2,rem_w6_s1_stage2
10,89507f67c73862d2,pareto_filtered,"pareto_k_above_threshold_after_retries: k_max=0.964978, threshold=0.7","concat: range; even: range; odd: mean, range",mean=lognormal; range=lognormal,16,5.0,6,1,2,225.2379876800736,225.2379876800736,8.342147691854578,2.0855369229636445,0.0121297663869031,2.0855369229636445,0.0121297663869031,-447.1906271372482,1.02,215.0,142.0,0.9832225131809158,0,8,0.6174179366173931,0.9487927552792872,7.622366357708672,1.0055861529021206,8.0,8.0,8.0,0.9428079109209604,0.9649781322294672,2,True,"pareto_k_above_threshold_after_retries: k_max=0.964978, threshold=0.7",False,4,4,27,3,"[3, 0, 15]",118.55052231901207,"(27, 152)",,[],"{""feature_selection"": {""concat"": [""range""], ""even"": [""range""], ""odd"": [""mean"", ""range""]}, ""n_chunks"": 16, ""parameter_selection"": {""mean"": {""likelihood"": ""lognormal""}, ""range"": {""likelihood"": ""lognormal""}}, ""rem_profile_params"": {""rem_stage"": 2, ""step_size_hours"": 1, ""window_size_hours"": 6}, ""tau_threshold"": 5.0}",run_output_8day_rem_w6_s1_stage2,rem_w6_s1_stage2
42,9fb777eedf19bb79,ok,,"even: mean, range",mean=lognormal; range=lognormal,16,5.0,3,1,2,116.58970029442968,116.58970029442968,4.163917867658204,2.0819589338291014,0.0146611176857542,2.0819589338291014,0.0146611176857542,-230.5397529788301,1.04,234.0,462.0,0.9303497361888696,0,4,0.2237438820665591,0.4253768090544063,5.287508523024454,1.7682056013014025,4.0,4.0,7.0,0.4034127806554567,0.5148508874521888,0,False,,False,2,2,28,2,"[23, 27]",23.281816190021345,"(28, 176)",,[],"{""feature_selection"": {""even"": [""mean"", ""range""]}, ""n_chunks"": 16, ""parameter_selection"": {""mean"": {""likelihood"": ""lognormal""}, ""range"": {""likelihood"": ""lognormal""}}, ""rem_profile_params"": {""rem_stage"": 2, ""step_size_hours"": 1, ""window_size_hours"": 3}, ""tau_threshold"": 5.0}",run_output_8day_rem_w3_s1_stage2,rem_w3_s1_stage2
48,80f49abae527c985,ok,,even: mean; odd: range,mean=lognormal; range=lognormal,16,5.0,2,2,2,124.50616248886767,124.50616248886767,4.15020541629559,2.0751027081477944,0.0125274022704479,2.0751027081477944,0.0125274022704479,-249.3663628332119,1.01,944.0,672.0,0.9928005071266828,0,8,0.5267408148753427,0.8854415974179365,7.428751819003447,1.2658528468810892,8.0,8.0,8.0,0.8463021688514233,0.6936195815470737,0,False,,False,2,2,30,0,[],7.988874978997046,"(30, 96)",,[],"{""feature_selection"": {""even"": [""mean""], ""odd"": [""range""]}, ""n_chunks"": 16, ""parameter_selection"": {""mean"": {""likelihood"": ""lognormal""}, ""range"": {""likelihood"": ""lognormal""}}, ""rem_profile_params"": {""rem_stage"": 2, ""step_size_hours"": 2, ""window_size_hours"": 2}, ""tau_threshold"": 5.0}",run_output_8day_rem_w2_s2_stage2,rem_w2_s2_stage2
126,ff4ca8f40bb465ad,ok,,"even: mean, range; odd: range",mean=lognormal; range=lognormal,16,5.0,6,1,2,167.60040703913026,167.60040703913026,6.207422482930751,2.069140827643583,0.0160956309318325,2.069140827643583,0.0160956309318325,-335.31776305631485,1.01,892.0,501.0,1.0106524949763374,0,8,0.7297536249568161,0.9833966714725882,7.798092553097295,0.6792107549155632,8.0,8.0,8.0,0.9493797674905776,0.6238164295453684,0,False,,False,3,3,27,3,"[27, 25, 9]",110.4068650539848,"(27, 152)",,[],"{""feature_selection"": {""even"": [""mean"", ""range""], ""odd"": [""range""]}, ""n_chunks"": 16, ""parameter_selection"": {""mean"": {""likelihood"": ""lognormal""}, ""range"": {""likelihood"": ""lognormal""}}, ""rem_profile_params"": {""rem_stage"": 2, ""step_size_hours"": 1, ""window_size_hours"": 6}, ""tau_threshold"": 5.0}",run_output_8day_rem_w6_s1_stage2,rem_w6_s1_stage2
42,82b144c9ce5c5553,ok,,"even: mean, range",mean=lognormal; range=lognormal,16,5.0,6,1,2,119.27572556121528,119.27572556121528,4.112956053835009,2.056478026917504,0.0200586245264343,2.056478026917504,0.0200586245264343,-237.81960739723024,1.01,462.0,350.0,1.0260911930279033,0,7,0.3213967883297083,0.8363215068935546,6.737305307624103,1.4290286989866872,7.0,7.0,8.0,0.8227593595711202,0.5930083258233533,0,False,,False,2,2,29,1,[23],26.754127544991206,"(29, 152)",,[],"{""feature_selection"": {""even"": [""mean"", ""range""]}, ""n_chunks"": 16, ""parameter_selection"": {""mean"": {""likelihood"": ""lognormal""}, ""range"": {""likelihood"": ""lognormal""}}, ""rem_profile_params"": {""rem_stage"": 2, ""step_size_hours"": 1, ""window_size_hours"": 6}, ""tau_threshold"": 5.0}",run_output_8day_rem_w6_s1_stage2,rem_w6_s1_stage2
178,06cd53102ca455ba,pareto_filtered,"pareto_k_above_threshold_after_retries: k_max=0.832561, threshold=0.7","concat: range; even: mean, range; odd: mean",mean=lognormal; range=lognormal,16,5.0,6,1,2,221.8934929289684,221.8934929289684,8.218277515887719,2.0545693789719293,0.0128735208406564,2.0545693789719293,0.0128735208406564,-440.5375092156492,1.04,68.0,130.0,1.037648251961875,0,8,0.3604182827306142,0.717724891310159,6.681122819174789,1.9357666417392296,4.0,8.0,8.0,0.7116199877130847,0.832560915360496,2,True,"pareto_k_above_threshold_after_retries: k_max=0.832561, threshold=0.7",False,4,4,27,3,"[3, 0, 15]",132.11843278098968,"(27, 152)",,[],"{""feature_selection"": {""concat"": [""range""], ""even"": [""mean"", ""range""], ""odd"": [""mean""]}, ""n_chunks"": 16, ""parameter_selection"": {""mean"": {""likelihood"": ""lognormal""}, ""range"": {""likelihood"": ""lognormal""}}, ""rem_profile_params"": {""rem_stage"": 2, ""step_size_hours"": 1, ""window_size_hours"": 6}, ""tau_threshold"": 5.0}",run_output_8day_rem_w6_s1_stage2,rem_w6_s1_stage2
13,f8d702dcd2554db2,pareto_filtered,"pareto_k_above_threshold_after_retries: k_max=1.078, threshold=0.7","even: mean, range; odd: mean, range",mean=lognormal; range=beta,16,5.0,6,1,2,221.7667122181627,221.7667122181627,8.213581934006026,2.0533954835015065,0.0135326565468935,2.0533954835015065,0.0135326565468935,-446.111827177912,1.03,151.0,89.0,0.9939776052100604,0,8,0.6177936755561746,0.8294392600770304,7.188514733214055,1.7582448760024498,8.0,8.0,8.0,0.823329293751387,1.0780006842866836,5,True,"pareto_k_above_threshold_after_retries: k_max=1.078, threshold=0.7",False,4,4,27,3,"[29, 15, 3]",160.15774889400927,"(27, 152)",,[],"{""feature_selection"": {""even"": [""mean"", ""range""], ""odd"": [""mean"", ""range""]}, ""n_chunks"": 16, ""parameter_selection"": {""mean"": {""likelihood"": ""lognormal""}, ""range"": {""likelihood"": ""beta""}}, ""rem_profile_params"": {""rem_stage"": 2, ""step_size_hours"": 1, ""window_size_hours"": 6}, ""tau_threshold"": 5.0}",run_output_8day_rem_w6_s1_stage2,rem_w6_s1_stage2
136,531dcee3e58761bf,ok,,"even: range; odd: mean, range",mean=student_t; range=lognormal,16,5.0,2,2,2,178.50310829415503,178.50310829415503,6.155279596350173,2.051759865450058,0.0117992553213078,2.051759865450058,0.0117992553213078,-357.2246563811254,1.01,381.0,365.0,1.0454821007544952,0,8,0.495785729925528,0.9186720287153538,7.393024809491703,1.2186221835710025,8.0,8.0,8.0,0.7994011663264854,0.5724508535672923,0,False,,False,3,3,29,1,[3],80.00334454799304,"(29, 96)",,[],"{""feature_selection"": {""even"": [""range""], ""odd"": [""mean"", ""range""]}, ""n_chunks"": 16, ""parameter_selection"": {""mean"": {""likelihood"": ""student_t""}, ""range"": {""likelihood"": ""lognormal""}}, ""rem_profile_params"": {""rem_stage"": 2, ""step_size_hours"": 2, ""window_size_hours"": 2}, ""tau_threshold"": 5.0}",run_output_8day_rem_w2_s2_stage2,rem_w2_s2_stage2
38,12eb0b45fa7c80a2,ok,,concat: range; odd: mean,mean=student_t; range=lognormal,16,5.0,6,1,2,122.6519164430775,122.6519164430775,4.08839721476925,2.044198607384625,0.014004839853406,2.044198607384625,0.014004839853406,-245.09650477025943,1.01,1269.0,1347.0,1.043769794904876,0,7,0.5183929363326694,0.9360394890953904,6.756730855793864,0.6747765875323177,7.0,7.0,7.0,0.7834323268099709,0.614127632177117,0,False,,False,2,2,30,0,[],16.72620680599357,"(30, 152)",,[],"{""feature_selection"": {""concat"": [""range""], ""odd"": [""mean""]}, ""n_chunks"": 16, ""parameter_selection"": {""mean"": {""likelihood"": ""student_t""}, ""range"": {""likelihood"": ""lognormal""}}, ""rem_profile_params"": {""rem_stage"": 2, ""step_size_hours"": 1, ""window_size_hours"": 6}, ""tau_threshold"": 5.0}",run_output_8day_rem_w6_s1_stage2,rem_w6_s1_stage2
1,220bb6c3dd4fec02,pareto_filtered,"pareto_k_above_threshold_after_retries: k_max=0.883374, threshold=0.7","concat: range; even: mean, range; odd: range",mean=lognormal; range=beta,16,5.0,6,1,2,220.08647701824967,220.08647701824967,8.151351000675914,2.0378377501689786,0.0122361738905008,2.0378377501689786,0.0122361738905008,-441.95488055261967,1.0,997.0,697.0,0.9908033022106576,0,3,0.7627432504517355,0.0036728384661843,3.1417039071940414,0.4221241452128171,3.0,3.0,3.0,0.0020712735289803,0.8833739931017603,4,True,"pareto_k_above_threshold_after_retries: k_max=0.883374, threshold=0.7",False,4,4,27,3,"[15, 29, 25]",136.7566555789963,"(27, 152)",,[],"{""feature_selection"": {""concat"": [""range""], ""even"": [""mean"", ""range""], ""odd"": [""range""]}, ""n_chunks"": 16, ""parameter_selection"": {""mean"": {""likelihood"": ""lognormal""}, ""range"": {""likelihood"": ""beta""}}, ""rem_profile_params"": {""rem_stage"": 2, ""step_size_hours"": 1, ""window_size_hours"": 6}, ""tau_threshold"": 5.0}",run_output_8day_rem_w6_s1_stage2,rem_w6_s1_stage2
128,51e09a3f026c64a5,ok,,"even: mean, range; odd: range",mean=student_t; range=lognormal,16,5.0,3,1,2,183.3332404553784,183.3332404553784,6.111108015179279,2.03703600505976,0.0090118591904979,2.03703600505976,0.0090118591904979,-365.587807115838,1.01,3347.0,1307.0,1.011256418160844,0,8,0.9511371399216946,0.996388102056488,7.975396405397264,0.2540585247682598,8.0,8.0,8.0,0.9954523702462902,0.6195721688859336,0,False,,False,3,3,30,0,[],41.63882944200304,"(30, 176)",,[],"{""feature_selection"": {""even"": [""mean"", ""range""], ""odd"": [""range""]}, ""n_chunks"": 16, ""parameter_selection"": {""mean"": {""likelihood"": ""student_t""}, ""range"": {""likelihood"": ""lognormal""}}, ""rem_profile_params"": {""rem_stage"": 2, ""step_size_hours"": 1, ""window_size_hours"": 3}, ""tau_threshold"": 5.0}",run_output_8day_rem_w3_s1_stage2,rem_w3_s1_stage2
55,9df26f4480cf3998,ok,,even: range; odd: range,range=beta,16,5.0,3,1,2,118.13819481316206,118.13819481316206,4.073730855626278,2.0368654278131384,0.0080252814994841,2.0368654278131384,0.0080252814994841,-236.2772720209453,1.03,173.0,238.0,0.964853858910562,0,8,0.3907413328866219,0.7098663355950102,6.724724912479396,1.9507877197466688,5.0,8.0,8.0,0.7010258807047429,0.6865768365730378,0,False,,False,2,2,29,1,[15],43.27570826499141,"(29, 176)",,[],"{""feature_selection"": {""even"": [""range""], ""odd"": [""range""]}, ""n_chunks"": 16, ""parameter_selection"": {""range"": {""likelihood"": ""beta""}}, ""rem_profile_params"": {""rem_stage"": 2, ""step_size_hours"": 1, ""window_size_hours"": 3}, ""tau_threshold"": 5.0}",run_output_8day_rem_w3_s1_stage2,rem_w3_s1_stage2
134,a6f49c5c0f851f27,ok,,"even: range; odd: mean, range",mean=lognormal; range=lognormal,16,5.0,2,2,2,170.91196539542452,170.91196539542452,6.103998764122304,2.0346662547074352,0.0129785332568998,2.0346662547074352,0.0129785332568998,-343.33463656589515,1.01,1040.0,605.0,0.9580165314962408,0,8,0.881185001815008,0.981689209906482,7.887482283005151,0.6434979231672275,8.0,8.0,8.0,0.968942712168073,0.6769360071523944,0,False,,False,3,3,28,2,"[3, 21]",44.61093751399312,"(28, 96)",,[],"{""feature_selection"": {""even"": [""range""], ""odd"": [""mean"", ""range""]}, ""n_chunks"": 16, ""parameter_selection"": {""mean"": {""likelihood"": ""lognormal""}, ""range"": {""likelihood"": ""lognormal""}}, ""rem_profile_params"": {""rem_stage"": 2, ""step_size_hours"": 2, ""window_size_hours"": 2}, ""tau_threshold"": 5.0}",run_output_8day_rem_w2_s2_stage2,rem_w2_s2_stage2
40,9482697a72bc326e,ok,,concat: range; odd: range,range=lognormal,16,5.0,2,2,2,122.06284030798504,122.06284030798504,4.068761343599501,2.034380671799751,0.0104579043015884,2.034380671799751,0.0104579043015884,-244.8372517308277,1.01,984.0,945.0,1.039468977112014,0,7,0.3486721386194017,0.9278701643989986,6.82661242928646,0.8114753064949806,6.0,7.0,7.0,0.7197216024012929,0.6932292320683244,0,False,,False,2,2,30,0,[],7.705974224983947,"(30, 96)",,[],"{""feature_selection"": {""concat"": [""range""], ""odd"": [""range""]}, ""n_chunks"": 16, ""parameter_selection"": {""range"": {""likelihood"": ""lognormal""}}, ""rem_profile_params"": {""rem_stage"": 2, ""step_size_hours"": 2, ""window_size_hours"": 2}, ""tau_threshold"": 5.0}",run_output_8day_rem_w2_s2_stage2,rem_w2_s2_stage2
126,d4b7600632a5c1de,pareto_filtered,"pareto_k_above_threshold_after_retries: k_max=0.86627, threshold=0.7","even: mean, range; odd: range",mean=lognormal; range=lognormal,16,5.0,2,2,2,164.6831983358618,164.6831983358618,6.099377716143029,2.0331259053810093,0.0120231881756152,2.0331259053810093,0.0120231881756152,-330.2382952898081,1.01,1200.0,1131.0,1.026099852697374,0,7,0.6746741939562755,0.989485651277018,7.094835455859707,0.5476050964665223,7.0,7.0,7.0,0.9701225461883534,0.8662695050956376,1,True,"pareto_k_above_threshold_after_retries: k_max=0.86627, threshold=0.7",False,3,3,27,3,"[3, 25, 23]",136.93579620300443,"(27, 96)",,[],"{""feature_selection"": {""even"": [""mean"", ""range""], ""odd"": [""range""]}, ""n_chunks"": 16, ""parameter_selection"": {""mean"": {""likelihood"": ""lognormal""}, ""range"": {""likelihood"": ""lognormal""}}, ""rem_profile_params"": {""rem_stage"": 2, ""step_size_hours"": 2, ""window_size_hours"": 2}, ""tau_threshold"": 5.0}",run_output_8day_rem_w2_s2_stage2,rem_w2_s2_stage2
107,3313b64782215552,pareto_filtered,"pareto_k_above_threshold_after_retries: k_max=1.33847, threshold=0.7",concat: range; even: mean; odd: range,mean=lognormal; range=beta,16,5.0,6,1,2,164.5341972460498,164.5341972460498,6.093859157261103,2.031286385753701,0.0118564432485712,2.031286385753701,0.0118564432485712,-328.28003054296687,1.02,252.0,202.0,0.9608583636078076,0,3,0.3303429677094475,0.1656855854708112,3.928062480117219,1.5351247546977418,3.0,3.0,4.0,0.1241316221489566,1.3384745820137989,1,True,"pareto_k_above_threshold_after_retries: k_max=1.33847, threshold=0.7",False,3,3,27,3,"[29, 15, 8]",181.62328545399944,"(27, 152)",,[],"{""feature_selection"": {""concat"": [""range""], ""even"": [""mean""], ""odd"": [""range""]}, ""n_chunks"": 16, ""parameter_selection"": {""mean"": {""likelihood"": ""lognormal""}, ""range"": {""likelihood"": ""beta""}}, ""rem_profile_params"": {""rem_stage"": 2, ""step_size_hours"": 1, ""window_size_hours"": 6}, ""tau_threshold"": 5.0}",run_output_8day_rem_w6_s1_stage2,rem_w6_s1_stage2
99,3b60d27c46be0703,ok,,"concat: range; even: mean, range",mean=lognormal; range=beta,16,5.0,6,1,2,176.5340504204478,176.5340504204478,6.087381048980959,2.0291270163269868,0.012305825941287,2.0291270163269868,0.012305825941287,-353.5133494687039,1.01,888.0,656.0,0.9117485476465658,0,5,0.7836533340215519,0.0339329276664987,4.913039621486536,0.5251834385384557,5.0,5.0,5.0,0.0014013928612264,0.6944451090915531,0,False,,False,3,3,29,1,[28],81.8407341580023,"(29, 152)",,[],"{""feature_selection"": {""concat"": [""range""], ""even"": [""mean"", ""range""]}, ""n_chunks"": 16, ""parameter_selection"": {""mean"": {""likelihood"": ""lognormal""}, ""range"": {""likelihood"": ""beta""}}, ""rem_profile_params"": {""rem_stage"": 2, ""step_size_hours"": 1, ""window_size_hours"": 6}, ""tau_threshold"": 5.0}",run_output_8day_rem_w6_s1_stage2,rem_w6_s1_stage2
136,560bafec0f62b133,ok,,"even: range; odd: mean, range",mean=student_t; range=lognormal,16,5.0,2,1,2,176.0939754463114,176.0939754463114,6.072206049872807,2.024068683290936,0.0127370229211764,2.024068683290936,0.0127370229211764,-353.4034822010816,1.01,250.0,582.0,0.907971327619316,0,8,0.1225430316311766,0.604832987479746,5.829224670248152,2.069851062739435,3.0,7.0,8.0,0.5333802544733852,0.6665887350979393,0,False,,False,3,3,29,1,[25],99.1588457430189,"(29, 184)",,[],"{""feature_selection"": {""even"": [""range""], ""odd"": [""mean"", ""range""]}, ""n_chunks"": 16, ""parameter_selection"": {""mean"": {""likelihood"": ""student_t""}, ""range"": {""likelihood"": ""lognormal""}}, ""rem_profile_params"": {""rem_stage"": 2, ""step_size_hours"": 1, ""window_size_hours"": 2}, ""tau_threshold"": 5.0}",run_output_8day_rem_w2_s1_stage2,rem_w2_s1_stage2
12,d21f9d8961825698,ok,,odd: range,range=lognormal,16,5.0,3,1,2,58.19136209426103,58.19136209426103,2.006598692905553,2.006598692905553,0.0139232664145982,2.006598692905553,0.0139232664145982,-116.06478364905226,1.01,171.0,687.0,1.0552864424999608,0,8,0.3378833432176558,0.5948303496480614,6.346746003678989,1.8983728305554997,4.0,8.0,8.0,0.566552122107592,0.3937902312938828,0,False,,False,1,1,29,1,[0],18.03629766299855,"(29, 176)",,[],"{""feature_selection"": {""odd"": [""range""]}, ""n_chunks"": 16, ""parameter_selection"": {""range"": {""likelihood"": ""lognormal""}}, ""rem_profile_params"": {""rem_stage"": 2, ""step_size_hours"": 1, ""window_size_hours"": 3}, ""tau_threshold"": 5.0}",run_output_8day_rem_w3_s1_stage2,rem_w3_s1_stage2
4,f5e318e9129ea176,ok,,"concat: range; even: mean, range; odd: range",mean=student_t; range=lognormal,16,5.0,6,1,2,240.73522961990037,240.73522961990037,8.024507653996677,2.0061269134991697,0.009912387780606,2.0061269134991697,0.009912387780606,-482.384767046597,1.01,1030.0,835.0,0.8795803686272928,0,7,0.7352501027862677,0.9981845346201218,7.133927089549903,0.3797207437844266,7.0,7.0,7.0,0.990139826040836,0.646278130509922,0,False,,False,4,4,30,0,[],27.838587934005773,"(30, 152)",,[],"{""feature_selection"": {""concat"": [""range""], ""even"": [""mean"", ""range""], ""odd"": [""range""]}, ""n_chunks"": 16, ""parameter_selection"": {""mean"": {""likelihood"": ""student_t""}, ""range"": {""likelihood"": ""lognormal""}}, ""rem_profile_params"": {""rem_stage"": 2, ""step_size_hours"": 1, ""window_size_hours"": 6}, ""tau_threshold"": 5.0}",run_output_8day_rem_w6_s1_stage2,rem_w6_s1_stage2
34,fcc42f2cf0b157eb,pareto_filtered,"pareto_k_above_threshold_after_retries: k_max=0.737554, threshold=0.7",concat: range; even: range,range=lognormal,16,5.0,3,1,2,107.81234917499428,107.81234917499428,3.993049969444232,1.9965249847221167,0.0121596687376506,1.9965249847221167,0.0121596687376506,-216.23987703503784,1.02,283.0,419.0,1.0407053947550022,0,8,0.1093369193371182,0.7074669121985886,6.172911357127417,1.8582763723487508,5.0,7.0,8.0,0.5325995521581188,0.7375538679890504,1,True,"pareto_k_above_threshold_after_retries: k_max=0.737554, threshold=0.7",False,2,2,27,3,"[15, 4, 3]",63.78533238699311,"(27, 176)",,[],"{""feature_selection"": {""concat"": [""range""], ""even"": [""range""]}, ""n_chunks"": 16, ""parameter_selection"": {""range"": {""likelihood"": ""lognormal""}}, ""rem_profile_params"": {""rem_stage"": 2, ""step_size_hours"": 1, ""window_size_hours"": 3}, ""tau_threshold"": 5.0}",run_output_8day_rem_w3_s1_stage2,rem_w3_s1_stage2
48,8709c1cf0cd6925c,ok,,even: mean; odd: range,mean=lognormal; range=lognormal,16,5.0,6,1,2,115.15478776077758,115.15478776077758,3.970854750371641,1.98542737518582,0.0118343638559434,1.98542737518582,0.0118343638559434,-230.05311456382367,1.01,695.0,667.0,1.0556520376516256,0,8,0.4888024787403949,0.9108040468732916,7.417490066341244,1.102584766541395,7.0,8.0,8.0,0.7985546853214952,0.4872596948870428,0,False,,False,2,2,29,1,[27],15.19783262599958,"(29, 152)",,[],"{""feature_selection"": {""even"": [""mean""], ""odd"": [""range""]}, ""n_chunks"": 16, ""parameter_selection"": {""mean"": {""likelihood"": ""lognormal""}, ""range"": {""likelihood"": ""lognormal""}}, ""rem_profile_params"": {""rem_stage"": 2, ""step_size_hours"": 1, ""window_size_hours"": 6}, ""tau_threshold"": 5.0}",run_output_8day_rem_w6_s1_stage2,rem_w6_s1_stage2
3,686863abd8353289,ok,,concat: range,range=beta,16,5.0,6,1,2,59.54454008005147,59.54454008005147,1.9848180026683824,1.9848180026683824,0.0114551630549922,1.9848180026683824,0.0114551630549922,-119.28241345593727,1.0,608.0,533.0,0.7929474711013766,0,5,0.6502719879567187,0.1599319509145231,5.093495150947222,0.551618482325919,5.0,5.0,5.0,0.0042312328340966,0.5022756812765344,0,False,,False,1,1,30,0,[],9.33242147200508,"(30, 152)",,[],"{""feature_selection"": {""concat"": [""range""]}, ""n_chunks"": 16, ""parameter_selection"": {""range"": {""likelihood"": ""beta""}}, ""rem_profile_params"": {""rem_stage"": 2, ""step_size_hours"": 1, ""window_size_hours"": 6}, ""tau_threshold"": 5.0}",run_output_8day_rem_w6_s1_stage2,rem_w6_s1_stage2
29,2412e46fb52ada96,ok,,concat: range; even: mean,mean=lognormal; range=beta,16,5.0,6,1,2,118.97137851182056,118.97137851182056,3.9657126170606847,1.9828563085303423,0.0119092520969874,1.9828563085303423,0.0119092520969874,-238.27584637434103,1.0,1146.0,966.0,0.9641991579457612,0,5,0.7943404673477767,0.0532332544669566,4.991960504371893,0.4244542451242874,5.0,5.0,5.0,0.0013043187327712,0.6213263468616853,0,False,,False,2,2,30,0,[],14.657458872999996,"(30, 152)",,[],"{""feature_selection"": {""concat"": [""range""], ""even"": [""mean""]}, ""n_chunks"": 16, ""parameter_selection"": {""mean"": {""likelihood"": ""lognormal""}, ""range"": {""likelihood"": ""beta""}}, ""rem_profile_params"": {""rem_stage"": 2, ""step_size_hours"": 1, ""window_size_hours"": 6}, ""tau_threshold"": 5.0}",run_output_8day_rem_w6_s1_stage2,rem_w6_s1_stage2
38,5e0ac194822ea275,pareto_filtered,"pareto_k_above_threshold_after_retries: k_max=1.02447, threshold=0.7","concat: range; even: mean, range; odd: mean, range",mean=lognormal; range=lognormal,16,5.0,6,1,2,266.09785960497885,266.09785960497885,9.855476281665885,1.9710952563331767,0.0121260662047663,1.9710952563331767,0.0121260662047663,-530.3539896552347,1.01,2628.0,1249.0,1.0282801101294743,0,8,0.9721045219589712,0.9991719475036064,7.9895637234238865,0.1340568853539575,8.0,8.0,8.0,0.997878888040058,1.0244674227951065,1,True,"pareto_k_above_threshold_after_retries: k_max=1.02447, threshold=0.7",False,5,5,27,3,"[3, 2, 27]",216.98693070901209,"(27, 152)",,[],"{""feature_selection"": {""concat"": [""range""], ""even"": [""mean"", ""range""], ""odd"": [""mean"", ""range""]}, ""n_chunks"": 16, ""parameter_selection"": {""mean"": {""likelihood"": ""lognormal""}, ""range"": {""likelihood"": ""lognormal""}}, ""rem_profile_params"": {""rem_stage"": 2, ""step_size_hours"": 1, ""window_size_hours"": 6}, ""tau_threshold"": 5.0}",run_output_8day_rem_w6_s1_stage2,rem_w6_s1_stage2
41,b15d8acada9474e4,ok,,"even: mean, range",mean=lognormal; range=beta,16,5.0,6,1,2,109.15215206206004,109.15215206206004,3.8982911450735735,1.9491455725367863,0.0191430926175373,1.9491455725367863,0.0191430926175373,-217.62805603409123,1.01,328.0,643.0,0.9974827515517016,0,3,0.2706087598659489,0.4280079748207471,5.104715847186319,2.250443513984959,3.0,4.0,8.0,0.4000833270143946,0.6540262319857214,0,False,,False,2,2,28,2,"[28, 25]",54.58885565798846,"(28, 152)",,[],"{""feature_selection"": {""even"": [""mean"", ""range""]}, ""n_chunks"": 16, ""parameter_selection"": {""mean"": {""likelihood"": ""lognormal""}, ""range"": {""likelihood"": ""beta""}}, ""rem_profile_params"": {""rem_stage"": 2, ""step_size_hours"": 1, ""window_size_hours"": 6}, ""tau_threshold"": 5.0}",run_output_8day_rem_w6_s1_stage2,rem_w6_s1_stage2
102,f31aeea8e3a6036d,ok,,"concat: range; even: mean, range",mean=student_t; range=lognormal,16,5.0,6,1,2,162.43980471141433,162.43980471141433,5.801421596836226,1.933807198945408,0.0124093826674317,1.933807198945408,0.0124093826674317,-324.68180262670745,1.02,308.0,167.0,1.0398450480154886,0,8,0.6970336317818122,0.9332233646938766,7.614866838132755,1.199759663515744,8.0,8.0,8.0,0.9276670671378064,0.6631388209788941,0,False,,False,3,3,28,2,"[15, 3]",102.93818997300696,"(28, 152)",,[],"{""feature_selection"": {""concat"": [""range""], ""even"": [""mean"", ""range""]}, ""n_chunks"": 16, ""parameter_selection"": {""mean"": {""likelihood"": ""student_t""}, ""range"": {""likelihood"": ""lognormal""}}, ""rem_profile_params"": {""rem_stage"": 2, ""step_size_hours"": 1, ""window_size_hours"": 6}, ""tau_threshold"": 5.0}",run_output_8day_rem_w6_s1_stage2,rem_w6_s1_stage2
128,1d1c70ff4249c25b,ok,,"even: mean, range; odd: range",mean=student_t; range=lognormal,16,5.0,2,2,2,173.08392822246967,173.08392822246967,5.769464274082322,1.923154758027441,0.0105931420490813,1.923154758027441,0.0105931420490813,-345.2884220598556,1.01,2070.0,1128.0,0.9799861352384855,0,8,0.8289897720481259,0.9843700597027698,7.87896556915042,0.541181102681254,8.0,8.0,8.0,0.9622589405978814,0.583030264274966,0,False,,False,3,3,30,0,[],38.76990486201248,"(30, 96)",,[],"{""feature_selection"": {""even"": [""mean"", ""range""], ""odd"": [""range""]}, ""n_chunks"": 16, ""parameter_selection"": {""mean"": {""likelihood"": ""student_t""}, ""range"": {""likelihood"": ""lognormal""}}, ""rem_profile_params"": {""rem_stage"": 2, ""step_size_hours"": 2, ""window_size_hours"": 2}, ""tau_threshold"": 5.0}",run_output_8day_rem_w2_s2_stage2,rem_w2_s2_stage2
2,24b1c2efa25cce91,pareto_filtered,"pareto_k_above_threshold_after_retries: k_max=1.06498, threshold=0.7","concat: range; even: mean, range; odd: range",mean=lognormal; range=lognormal,16,5.0,6,1,2,207.48192225343772,207.48192225343772,7.684515639016213,1.9211289097540536,0.0132462194946726,1.9211289097540536,0.0132462194946726,-415.0897208017948,1.0,688.0,819.0,1.0455545208258017,0,8,0.6797342456110798,0.9976356016623305,7.754573938016566,0.4546588305526244,8.0,8.0,8.0,0.9959871250225052,1.0649755949475015,2,True,"pareto_k_above_threshold_after_retries: k_max=1.06498, threshold=0.7",False,4,4,27,3,"[27, 15, 23]",101.87217107400647,"(27, 152)",,[],"{""feature_selection"": {""concat"": [""range""], ""even"": [""mean"", ""range""], ""odd"": [""range""]}, ""n_chunks"": 16, ""parameter_selection"": {""mean"": {""likelihood"": ""lognormal""}, ""range"": {""likelihood"": ""lognormal""}}, ""rem_profile_params"": {""rem_stage"": 2, ""step_size_hours"": 1, ""window_size_hours"": 6}, ""tau_threshold"": 5.0}",run_output_8day_rem_w6_s1_stage2,rem_w6_s1_stage2
110,8c7a0c7372a5aca2,ok,,concat: range; even: mean; odd: range,mean=student_t; range=lognormal,16,5.0,6,1,2,172.7463375286577,172.7463375286577,5.758211250955257,1.919403750318419,0.0072980969473467,1.919403750318419,0.0072980969473467,-345.83568017887075,1.01,1030.0,1049.0,0.9670419876592118,0,7,0.7224704647338915,0.9942802334467056,7.042358814987364,0.3892879446128544,7.0,7.0,7.0,0.9569665645011138,0.6556044828872947,0,False,,False,3,3,30,0,[],33.82162313500885,"(30, 152)",,[],"{""feature_selection"": {""concat"": [""range""], ""even"": [""mean""], ""odd"": [""range""]}, ""n_chunks"": 16, ""parameter_selection"": {""mean"": {""likelihood"": ""student_t""}, ""range"": {""likelihood"": ""lognormal""}}, ""rem_profile_params"": {""rem_stage"": 2, ""step_size_hours"": 1, ""window_size_hours"": 6}, ""tau_threshold"": 5.0}",run_output_8day_rem_w6_s1_stage2,rem_w6_s1_stage2
12,64cefb6dd9a93666,ok,,odd: range,range=lognormal,16,5.0,2,1,2,53.56498352140511,53.56498352140511,1.913035125764468,1.913035125764468,0.0129194918524127,1.913035125764468,0.0129194918524127,-107.30040382687862,1.0,519.0,771.0,1.0507347774883713,0,4,0.1931664574916944,0.4486673021909225,5.587751956058283,1.8439091673402983,4.0,5.0,8.0,0.3881516061896834,0.5091417890929673,0,False,,False,1,1,28,2,"[0, 15]",22.47423164299107,"(28, 184)",,[],"{""feature_selection"": {""odd"": [""range""]}, ""n_chunks"": 16, ""parameter_selection"": {""range"": {""likelihood"": ""lognormal""}}, ""rem_profile_params"": {""rem_stage"": 2, ""step_size_hours"": 1, ""window_size_hours"": 2}, ""tau_threshold"": 5.0}",run_output_8day_rem_w2_s1_stage2,rem_w2_s1_stage2
11,96a0f6ffa5c1b52f,ok,,odd: range,range=beta,16,5.0,2,2,2,53.4631591880508,53.4631591880508,1.9093985424303856,1.9093985424303856,0.0104911011358213,1.9093985424303856,0.0104911011358213,-107.0297033864358,1.0,613.0,683.0,1.0217606456837838,0,8,0.3324050929946458,0.8398130074327983,7.130090377837634,1.427879328733286,7.0,8.0,8.0,0.796510391158354,0.4965965144105687,0,False,,False,1,1,28,2,"[15, 7]",31.629439338983502,"(28, 96)",,[],"{""feature_selection"": {""odd"": [""range""]}, ""n_chunks"": 16, ""parameter_selection"": {""range"": {""likelihood"": ""beta""}}, ""rem_profile_params"": {""rem_stage"": 2, ""step_size_hours"": 2, ""window_size_hours"": 2}, ""tau_threshold"": 5.0}",run_output_8day_rem_w2_s2_stage2,rem_w2_s2_stage2
5,302808a29b4f4ff3,ok,,even: mean,mean=lognormal,16,5.0,6,1,2,56.17664413335432,56.17664413335432,1.872554804445144,1.8725548044451443,0.018963572696309,1.8725548044451443,0.018963572696309,-112.50186231856188,1.01,569.0,662.0,0.9421354433028114,0,5,0.0378389691029067,0.3694181784187373,5.294514638327016,1.7358620400711458,4.0,5.0,7.0,0.2946102017016861,0.6406313139440462,0,False,,False,1,1,30,0,[],4.246668060979573,"(30, 152)",,[],"{""feature_selection"": {""even"": [""mean""]}, ""n_chunks"": 16, ""parameter_selection"": {""mean"": {""likelihood"": ""lognormal""}}, ""rem_profile_params"": {""rem_stage"": 2, ""step_size_hours"": 1, ""window_size_hours"": 6}, ""tau_threshold"": 5.0}",run_output_8day_rem_w6_s1_stage2,rem_w6_s1_stage2
116,7770a0d33af9d487,pareto_filtered,"pareto_k_above_threshold_after_retries: k_max=0.802709, threshold=0.7",concat: range; even: range; odd: range,range=lognormal,16,5.0,6,1,2,150.59203892680364,150.59203892680364,5.57748292321495,1.8591609744049835,0.0155458817201636,1.8591609744049835,0.0155458817201636,-302.0834652171354,1.03,161.0,94.0,0.9871599981634837,0,8,0.7895576980866322,0.9486501559273144,7.70904030071484,1.0990648145080737,8.0,8.0,8.0,0.945706715204114,0.8027093353100827,1,True,"pareto_k_above_threshold_after_retries: k_max=0.802709, threshold=0.7",False,3,3,27,3,"[15, 3, 2]",77.64655417998438,"(27, 152)",,[],"{""feature_selection"": {""concat"": [""range""], ""even"": [""range""], ""odd"": [""range""]}, ""n_chunks"": 16, ""parameter_selection"": {""range"": {""likelihood"": ""lognormal""}}, ""rem_profile_params"": {""rem_stage"": 2, ""step_size_hours"": 1, ""window_size_hours"": 6}, ""tau_threshold"": 5.0}",run_output_8day_rem_w6_s1_stage2,rem_w6_s1_stage2
100,fd40f7b562c5257e,ok,,"concat: range; even: mean, range",mean=lognormal; range=lognormal,16,5.0,6,1,2,149.81183059180046,149.81183059180046,5.548586318214832,1.8495287727382768,0.0156659545670144,1.8495287727382768,0.0156659545670144,-298.8223212494449,1.02,146.0,62.0,1.0226657763639089,0,8,0.5932245426258711,0.9038926719524496,7.400482823572978,1.4416885370214132,8.0,8.0,8.0,0.9015552897652542,0.6812546811034308,0,False,,False,3,3,27,3,"[2, 27, 15]",118.0426927410008,"(27, 152)",,[],"{""feature_selection"": {""concat"": [""range""], ""even"": [""mean"", ""range""]}, ""n_chunks"": 16, ""parameter_selection"": {""mean"": {""likelihood"": ""lognormal""}, ""range"": {""likelihood"": ""lognormal""}}, ""rem_profile_params"": {""rem_stage"": 2, ""step_size_hours"": 1, ""window_size_hours"": 6}, ""tau_threshold"": 5.0}",run_output_8day_rem_w6_s1_stage2,rem_w6_s1_stage2
126,26ce6b01633d0961,ok,,"even: mean, range; odd: range",mean=lognormal; range=lognormal,16,5.0,3,1,2,153.63122486441506,153.63122486441506,5.486829459443395,1.8289431531477975,0.0136565177284908,1.8289431531477975,0.0136565177284908,-307.22099717513527,1.01,1931.0,1148.0,1.025994015619195,0,8,0.9676045363640232,0.9930404335853544,7.973009382472137,0.3105866462221921,8.0,8.0,8.0,0.9922820927161524,0.5657088414522264,0,False,,False,3,3,28,2,"[27, 29]",69.52563282998744,"(28, 176)",,[],"{""feature_selection"": {""even"": [""mean"", ""range""], ""odd"": [""range""]}, ""n_chunks"": 16, ""parameter_selection"": {""mean"": {""likelihood"": ""lognormal""}, ""range"": {""likelihood"": ""lognormal""}}, ""rem_profile_params"": {""rem_stage"": 2, ""step_size_hours"": 1, ""window_size_hours"": 3}, ""tau_threshold"": 5.0}",run_output_8day_rem_w3_s1_stage2,rem_w3_s1_stage2
108,0bbddd64eb17d5a1,pareto_filtered,"pareto_k_above_threshold_after_retries: k_max=1.08045, threshold=0.7",concat: range; even: mean; odd: range,mean=lognormal; range=lognormal,16,5.0,6,1,2,147.61601990059134,147.61601990059134,5.467259996318198,1.8224199987727323,0.0106433713793656,1.8224199987727323,0.0106433713793656,-296.4149450700573,1.01,798.0,706.0,1.0056270802780376,0,8,0.7304654715153692,0.9936423464489418,7.816877368077678,0.5027976030838425,8.0,8.0,8.0,0.9913595614114296,1.080446763321927,1,True,"pareto_k_above_threshold_after_retries: k_max=1.08045, threshold=0.7",False,3,3,27,3,"[27, 15, 2]",126.70774967700709,"(27, 152)",,[],"{""feature_selection"": {""concat"": [""range""], ""even"": [""mean""], ""odd"": [""range""]}, ""n_chunks"": 16, ""parameter_selection"": {""mean"": {""likelihood"": ""lognormal""}, ""range"": {""likelihood"": ""lognormal""}}, ""rem_profile_params"": {""rem_stage"": 2, ""step_size_hours"": 1, ""window_size_hours"": 6}, ""tau_threshold"": 5.0}",run_output_8day_rem_w6_s1_stage2,rem_w6_s1_stage2
116,8e05f760f68711e3,ok,,concat: range; even: range; odd: range,range=lognormal,16,5.0,2,1,2,151.2157550098487,151.2157550098487,5.400562678923167,1.800187559641056,0.0103111296921866,1.800187559641056,0.0103111296921866,-301.8769235472692,1.02,237.0,281.0,1.0501337591264652,0,8,0.2842969109842842,0.7814291514334338,6.6319050625531535,1.881465291947243,6.0,7.0,8.0,0.7448052850315577,0.6267247264980473,0,False,,False,3,3,28,2,"[15, 23]",96.23328704302548,"(28, 184)",,[],"{""feature_selection"": {""concat"": [""range""], ""even"": [""range""], ""odd"": [""range""]}, ""n_chunks"": 16, ""parameter_selection"": {""range"": {""likelihood"": ""lognormal""}}, ""rem_profile_params"": {""rem_stage"": 2, ""step_size_hours"": 1, ""window_size_hours"": 2}, ""tau_threshold"": 5.0}",run_output_8day_rem_w2_s1_stage2,rem_w2_s1_stage2
34,a67d69d4571c0949,ok,,concat: range; even: range,range=lognormal,16,5.0,2,2,2,104.20866272303198,104.20866272303198,3.593402162863172,1.7967010814315862,0.0104935590108853,1.7967010814315862,0.0104935590108853,-208.77623427740275,1.01,823.0,991.0,0.9806755886237134,0,7,0.2943056136204371,0.926490959473392,6.6248457039806095,0.9248539101354356,6.0,7.0,7.0,0.5848436636017663,0.5556834042834049,0,False,,False,2,2,29,1,[15],25.577104341005903,"(29, 96)",,[],"{""feature_selection"": {""concat"": [""range""], ""even"": [""range""]}, ""n_chunks"": 16, ""parameter_selection"": {""range"": {""likelihood"": ""lognormal""}}, ""rem_profile_params"": {""rem_stage"": 2, ""step_size_hours"": 2, ""window_size_hours"": 2}, ""tau_threshold"": 5.0}",run_output_8day_rem_w2_s2_stage2,rem_w2_s2_stage2
32,47d221d411a837b5,ok,,concat: range; even: mean,mean=student_t; range=lognormal,16,5.0,6,1,2,105.39227273655634,105.39227273655634,3.513075757885211,1.7565378789426056,0.0080959023620291,1.7565378789426056,0.0080959023620291,-211.2974227101427,1.01,1736.0,1355.0,0.975088708829826,0,7,0.6981967596707248,0.9782053094257476,7.016725038343047,0.4724080153293335,7.0,7.0,7.0,0.9506367760479926,0.5518209090314344,0,False,,False,2,2,30,0,[],15.08769722902798,"(30, 152)",,[],"{""feature_selection"": {""concat"": [""range""], ""even"": [""mean""]}, ""n_chunks"": 16, ""parameter_selection"": {""mean"": {""likelihood"": ""student_t""}, ""range"": {""likelihood"": ""lognormal""}}, ""rem_profile_params"": {""rem_stage"": 2, ""step_size_hours"": 1, ""window_size_hours"": 6}, ""tau_threshold"": 5.0}",run_output_8day_rem_w6_s1_stage2,rem_w6_s1_stage2
7,014c397a615b7ae8,ok,,even: range,range=beta,16,5.0,2,1,2,46.73729697805845,46.73729697805845,1.73101099918735,1.7310109991873504,0.0138897372010605,1.7310109991873504,0.0138897372010605,-93.67904986901962,1.01,490.0,688.0,1.0231744958733169,0,8,0.1028879125276611,0.7002540802110037,6.321141297589216,1.7759466319269268,5.0,7.0,8.0,0.5307887836824217,0.4917833080361684,0,False,,False,1,1,27,3,"[27, 26, 5]",49.02669035398867,"(27, 184)",,[],"{""feature_selection"": {""even"": [""range""]}, ""n_chunks"": 16, ""parameter_selection"": {""range"": {""likelihood"": ""beta""}}, ""rem_profile_params"": {""rem_stage"": 2, ""step_size_hours"": 1, ""window_size_hours"": 2}, ""tau_threshold"": 5.0}",run_output_8day_rem_w2_s1_stage2,rem_w2_s1_stage2
116,1daa9f5ddb69a4df,ok,,concat: range; even: range; odd: range,range=lognormal,16,5.0,3,1,2,153.85793046065507,153.85793046065507,5.128597682021836,1.709532560673945,0.0095257759671775,1.709532560673945,0.0095257759671775,-304.72040382740533,1.01,829.0,564.0,1.116925379826002,0,8,0.6640434431073954,0.9779243876138556,7.754480351994374,0.6280192256095452,8.0,8.0,8.0,0.9632395764814756,0.6970778453850185,0,False,,False,3,3,30,0,[],12.931141677021516,"(30, 176)",,[],"{""feature_selection"": {""concat"": [""range""], ""even"": [""range""], ""odd"": [""range""]}, ""n_chunks"": 16, ""parameter_selection"": {""range"": {""likelihood"": ""lognormal""}}, ""rem_profile_params"": {""rem_stage"": 2, ""step_size_hours"": 1, ""window_size_hours"": 3}, ""tau_threshold"": 5.0}",run_output_8day_rem_w3_s1_stage2,rem_w3_s1_stage2
34,261369998dd0b552,ok,,concat: range; even: range,range=lognormal,16,5.0,6,1,2,101.83064032453464,101.83064032453464,3.394354677484488,1.6971773387422435,0.0148950110951492,1.6971773387422435,0.0148950110951492,-204.30699642568436,1.0,1787.0,1368.0,1.015134673229136,0,7,0.7740873371008505,0.9821505565221594,6.993498030041967,0.4119567672654131,7.0,7.0,7.0,0.961767323735862,0.6804109124884479,0,False,,False,2,2,30,0,[],6.91386471799342,"(30, 152)",,[],"{""feature_selection"": {""concat"": [""range""], ""even"": [""range""]}, ""n_chunks"": 16, ""parameter_selection"": {""range"": {""likelihood"": ""lognormal""}}, ""rem_profile_params"": {""rem_stage"": 2, ""step_size_hours"": 1, ""window_size_hours"": 6}, ""tau_threshold"": 5.0}",run_output_8day_rem_w6_s1_stage2,rem_w6_s1_stage2
40,285f8e561e7a9748,ok,,concat: range; odd: range,range=lognormal,16,5.0,6,1,2,99.6812278051766,99.6812278051766,3.322707593505887,1.661353796752943,0.0106768915937731,1.661353796752943,0.0106768915937731,-199.5877610045604,1.01,1260.0,1182.0,0.994812180444936,0,7,0.6388619893021106,0.9812373280549108,6.879213235955252,0.4845626288319946,7.0,7.0,7.0,0.8546499437892241,0.5585971214035368,0,False,,False,2,2,30,0,[],7.368744909006637,"(30, 152)",,[],"{""feature_selection"": {""concat"": [""range""], ""odd"": [""range""]}, ""n_chunks"": 16, ""parameter_selection"": {""range"": {""likelihood"": ""lognormal""}}, ""rem_profile_params"": {""rem_stage"": 2, ""step_size_hours"": 1, ""window_size_hours"": 6}, ""tau_threshold"": 5.0}",run_output_8day_rem_w6_s1_stage2,rem_w6_s1_stage2
34,446a60fa5456da9b,ok,,concat: range; even: range,range=lognormal,16,5.0,2,1,2,99.1443076990985,99.1443076990985,3.3048102566366166,1.652405128318308,0.0103458721010205,1.652405128318308,0.0103458721010205,-198.58127361553605,1.01,413.0,522.0,1.064836730764,0,7,0.1583883669035823,0.7309037547549979,6.12331779865438,1.6391539031028362,5.0,7.0,7.0,0.6080899278394578,0.5907828017149704,0,False,,False,2,2,30,0,[],7.702536326018162,"(30, 184)",,[],"{""feature_selection"": {""concat"": [""range""], ""even"": [""range""]}, ""n_chunks"": 16, ""parameter_selection"": {""range"": {""likelihood"": ""lognormal""}}, ""rem_profile_params"": {""rem_stage"": 2, ""step_size_hours"": 1, ""window_size_hours"": 2}, ""tau_threshold"": 5.0}",run_output_8day_rem_w2_s1_stage2,rem_w2_s1_stage2
7,3c62c879f248bfbe,ok,,even: range,range=beta,16,5.0,3,1,2,49.24789846626799,49.24789846626799,1.6415966155422663,1.6415966155422663,0.0123803986391093,1.6415966155422663,0.0123803986391093,-98.6496925257838,1.01,502.0,521.0,0.960753835837067,0,5,0.0731854746753338,0.3640771821079359,5.343253760387997,1.7724232912037876,4.0,5.0,7.0,0.2988243924025994,0.4655545917072891,0,False,,False,1,1,30,0,[],9.722420362988489,"(30, 176)",,[],"{""feature_selection"": {""even"": [""range""]}, ""n_chunks"": 16, ""parameter_selection"": {""range"": {""likelihood"": ""beta""}}, ""rem_profile_params"": {""rem_stage"": 2, ""step_size_hours"": 1, ""window_size_hours"": 3}, ""tau_threshold"": 5.0}",run_output_8day_rem_w3_s1_stage2,rem_w3_s1_stage2
116,0bbcca81e0c63a78,ok,,concat: range; even: range; odd: range,range=lognormal,16,5.0,2,2,2,135.22350107487148,135.22350107487148,4.662879347409361,1.55429311580312,0.0098356726409629,1.55429311580312,0.0098356726409629,-270.7003608297932,1.0,841.0,820.0,1.074099103200079,0,8,0.4542875471825056,0.9560971008546816,7.436665738035799,0.9265667330873664,7.0,8.0,8.0,0.8186551195256259,0.6685177128059042,0,False,,False,3,3,29,1,[15],26.33411130699096,"(29, 96)",,[],"{""feature_selection"": {""concat"": [""range""], ""even"": [""range""], ""odd"": [""range""]}, ""n_chunks"": 16, ""parameter_selection"": {""range"": {""likelihood"": ""lognormal""}}, ""rem_profile_params"": {""rem_stage"": 2, ""step_size_hours"": 2, ""window_size_hours"": 2}, ""tau_threshold"": 5.0}",run_output_8day_rem_w2_s2_stage2,rem_w2_s2_stage2
7,0ee03993a84d032c,ok,,even: range,range=beta,16,5.0,2,2,2,45.685429464756766,45.685429464756766,1.5228476488252256,1.5228476488252254,0.0115161697621669,1.5228476488252254,0.0115161697621669,-91.48854204456046,1.01,732.0,922.0,1.0087932508919355,0,8,0.1912772420263321,0.879773945324215,6.670493863917783,1.3204358309592337,6.0,7.0,8.0,0.5661134019431712,0.4909286468025654,0,False,,False,1,1,30,0,[],9.939932028006297,"(30, 96)",,[],"{""feature_selection"": {""even"": [""range""]}, ""n_chunks"": 16, ""parameter_selection"": {""range"": {""likelihood"": ""beta""}}, ""rem_profile_params"": {""rem_stage"": 2, ""step_size_hours"": 2, ""window_size_hours"": 2}, ""tau_threshold"": 5.0}",run_output_8day_rem_w2_s2_stage2,rem_w2_s2_stage2
30,375e5de854570e7a,ok,,concat: range; even: mean,mean=lognormal; range=lognormal,16,5.0,6,1,2,89.03547764220505,89.03547764220505,2.9678492547401683,1.483924627370084,0.0099094899937663,1.483924627370084,0.0099094899937663,-178.18990129579976,1.01,986.0,895.0,1.0343817910978836,0,7,0.4879046788336483,0.8363595765664121,6.633937539336938,0.8772999406433021,7.0,7.0,7.0,0.7746808973624081,0.566038952853391,0,False,,False,2,2,30,0,[],7.138982030010084,"(30, 152)",,[],"{""feature_selection"": {""concat"": [""range""], ""even"": [""mean""]}, ""n_chunks"": 16, ""parameter_selection"": {""mean"": {""likelihood"": ""lognormal""}, ""range"": {""likelihood"": ""lognormal""}}, ""rem_profile_params"": {""rem_stage"": 2, ""step_size_hours"": 1, ""window_size_hours"": 6}, ""tau_threshold"": 5.0}",run_output_8day_rem_w6_s1_stage2,rem_w6_s1_stage2
55,fdd83130786140b6,ok,,even: range; odd: range,range=beta,16,5.0,2,2,2,88.78139846832698,88.78139846832698,2.9593799489442327,1.4796899744721164,0.0092333397301795,1.4796899744721164,0.0092333397301795,-177.16684477894754,1.01,666.0,609.0,0.985880325796039,0,6,0.4305880711646186,0.9997892180465598,6.700370970200803,0.729160259485408,6.0,7.0,7.0,0.5409536476895643,0.6025606237351704,0,False,,False,2,2,30,0,[],21.008086641988484,"(30, 96)",,[],"{""feature_selection"": {""even"": [""range""], ""odd"": [""range""]}, ""n_chunks"": 16, ""parameter_selection"": {""range"": {""likelihood"": ""beta""}}, ""rem_profile_params"": {""rem_stage"": 2, ""step_size_hours"": 2, ""window_size_hours"": 2}, ""tau_threshold"": 5.0}",run_output_8day_rem_w2_s2_stage2,rem_w2_s2_stage2
56,e5e0f38e16e87810,ok,,even: range; odd: range,range=lognormal,16,5.0,3,1,2,83.7522681826722,83.7522681826722,2.8880092476783514,1.4440046238391755,0.0114602408666918,1.4440046238391755,0.0114602408666918,-168.34340010018568,1.01,765.0,498.0,1.080051340051002,0,8,0.7808571490889078,0.9784721616930216,7.838561327893663,0.6405001427077232,8.0,8.0,8.0,0.9747288052567106,0.5988865858779284,0,False,,False,2,2,29,1,[23],28.985351013980107,"(29, 176)",,[],"{""feature_selection"": {""even"": [""range""], ""odd"": [""range""]}, ""n_chunks"": 16, ""parameter_selection"": {""range"": {""likelihood"": ""lognormal""}}, ""rem_profile_params"": {""rem_stage"": 2, ""step_size_hours"": 1, ""window_size_hours"": 3}, ""tau_threshold"": 5.0}",run_output_8day_rem_w3_s1_stage2,rem_w3_s1_stage2
12,4ec34f9eea69d348,ok,,odd: range,range=lognormal,16,5.0,2,2,2,37.59682297229456,37.59682297229456,1.2532274324098187,1.253227432409819,0.0131630916185872,1.253227432409819,0.0131630916185872,-75.50097353631493,1.01,799.0,925.0,0.979612611966404,0,8,0.3544471659212481,0.8005919782533001,7.056819099708863,1.508241862864799,6.0,8.0,8.0,0.7250155974344169,0.4521596624919443,0,False,,False,1,1,30,0,[],4.455803245014977,"(30, 96)",,[],"{""feature_selection"": {""odd"": [""range""]}, ""n_chunks"": 16, ""parameter_selection"": {""range"": {""likelihood"": ""lognormal""}}, ""rem_profile_params"": {""rem_stage"": 2, ""step_size_hours"": 2, ""window_size_hours"": 2}, ""tau_threshold"": 5.0}",run_output_8day_rem_w2_s2_stage2,rem_w2_s2_stage2
4,fd64752d1b314eb7,ok,,concat: range,range=lognormal,16,5.0,6,1,2,32.477202990197256,32.477202990197256,1.0825734330065753,1.0825734330065753,0.0119235430930896,1.0825734330065753,0.0119235430930896,-65.11799881722553,1.0,1457.0,1343.0,1.0809989959339468,0,7,0.5730281538144033,0.9216655466638972,6.764310324909557,0.6889129167685919,7.0,7.0,7.0,0.8247476121313991,0.6536496690328879,0,False,,False,1,1,30,0,[],4.2455976140045095,"(30, 152)",,[],"{""feature_selection"": {""concat"": [""range""]}, ""n_chunks"": 16, ""parameter_selection"": {""range"": {""likelihood"": ""lognormal""}}, ""rem_profile_params"": {""rem_stage"": 2, ""step_size_hours"": 1, ""window_size_hours"": 6}, ""tau_threshold"": 5.0}",run_output_8day_rem_w6_s1_stage2,rem_w6_s1_stage2
56,19fe92898819d40c,ok,,even: range; odd: range,range=lognormal,16,5.0,2,1,2,57.55709639461341,57.55709639461341,2.055610585521908,1.0278052927609536,0.0132653999386617,1.0278052927609536,0.0132653999386617,-115.12424506502543,1.01,292.0,702.0,0.9434752909274362,0,4,0.2793274422511747,0.5139892263807673,5.896791095690529,1.9198343607129424,4.0,6.0,8.0,0.4892785583428782,0.6936715545577348,0,False,,False,2,2,28,2,"[0, 15]",25.563874468003636,"(28, 184)",,[],"{""feature_selection"": {""even"": [""range""], ""odd"": [""range""]}, ""n_chunks"": 16, ""parameter_selection"": {""range"": {""likelihood"": ""lognormal""}}, ""rem_profile_params"": {""rem_stage"": 2, ""step_size_hours"": 1, ""window_size_hours"": 2}, ""tau_threshold"": 5.0}",run_output_8day_rem_w2_s1_stage2,rem_w2_s1_stage2
56,04fd5b4900af0a35,ok,,even: range; odd: range,range=lognormal,16,5.0,2,2,2,55.7583025906806,55.7583025906806,1.85861008635602,0.92930504317801,0.0126352940507668,0.92930504317801,0.0126352940507668,-110.86397288289996,1.01,1297.0,846.0,1.087905206480795,0,8,0.6143515037105403,0.9191122260112852,7.580294979899425,1.0578618636713133,8.0,8.0,8.0,0.8698964901603985,0.4326341587790579,0,False,,False,2,2,30,0,[],8.369663413002854,"(30, 96)",,[],"{""feature_selection"": {""even"": [""range""], ""odd"": [""range""]}, ""n_chunks"": 16, ""parameter_selection"": {""range"": {""likelihood"": ""lognormal""}}, ""rem_profile_params"": {""rem_stage"": 2, ""step_size_hours"": 2, ""window_size_hours"": 2}, ""tau_threshold"": 5.0}",run_output_8day_rem_w2_s2_stage2,rem_w2_s2_stage2
8,fcad37d18395c9d0,ok,,even: range,range=lognormal,16,5.0,3,1,2,22.26151778566327,22.26151778566327,0.7420505928554423,0.7420505928554421,0.0173061047925954,0.7420505928554421,0.0173061047925954,-44.546001335765126,1.01,575.0,732.0,0.9922714272585532,0,8,0.0768347418155234,0.6512577230942562,6.180598363179207,1.8363902919062645,5.0,7.0,8.0,0.567800761621522,0.6436094129312318,0,False,,False,1,1,30,0,[],4.30574853401049,"(30, 176)",,[],"{""feature_selection"": {""even"": [""range""]}, ""n_chunks"": 16, ""parameter_selection"": {""range"": {""likelihood"": ""lognormal""}}, ""rem_profile_params"": {""rem_stage"": 2, ""step_size_hours"": 1, ""window_size_hours"": 3}, ""tau_threshold"": 5.0}",run_output_8day_rem_w3_s1_stage2,rem_w3_s1_stage2
8,73f365ee485f9c7a,ok,,even: range,range=lognormal,16,5.0,2,2,2,18.387374361239637,18.387374361239637,0.6129124787079878,0.6129124787079878,0.0176483841498222,0.6129124787079878,0.0176483841498222,-37.26152039635715,1.01,863.0,993.0,1.1069125372238966,0,8,0.104489476216256,0.7285724075298168,6.443502073063765,1.6532270614864228,5.0,7.0,8.0,0.5560140641078134,0.6015821528091847,0,False,,False,1,1,30,0,[],4.4669772180204745,"(30, 96)",,[],"{""feature_selection"": {""even"": [""range""]}, ""n_chunks"": 16, ""parameter_selection"": {""range"": {""likelihood"": ""lognormal""}}, ""rem_profile_params"": {""rem_stage"": 2, ""step_size_hours"": 2, ""window_size_hours"": 2}, ""tau_threshold"": 5.0}",run_output_8day_rem_w2_s2_stage2,rem_w2_s2_stage2
8,18617bd5ffd5f7ac,ok,,even: range,range=lognormal,16,5.0,2,1,2,9.720774341866989,9.720774341866989,0.3351991152367926,0.3351991152367927,0.0188749034126765,0.3351991152367927,0.0188749034126765,-19.68461980280562,1.01,566.0,786.0,1.0554275633563095,0,3,0.0804519015393797,0.504519209517976,5.411197483822548,1.9446907919123668,3.0,6.0,7.0,0.4438107028279515,0.6941756020749709,0,False,,False,1,1,29,1,[25],8.866535006003687,"(29, 184)",,[],"{""feature_selection"": {""even"": [""range""]}, ""n_chunks"": 16, ""parameter_selection"": {""range"": {""likelihood"": ""lognormal""}}, ""rem_profile_params"": {""rem_stage"": 2, ""step_size_hours"": 1, ""window_size_hours"": 2}, ""tau_threshold"": 5.0}",run_output_8day_rem_w2_s1_stage2,rem_w2_s1_stage2