rank_by_loo,fingerprint,status,error,features,likelihoods,n_chunks,tau_threshold,window_size_hours,step_size_hours,rem_stage,loo,elpd_loo,elpd_loo_per_event,elpd_loo_per_feature,se_elpd_per_feature,elpd_loo_per_feature_event,se_elpd_per_feature_event,waic,r_hat_max,ess_min_bulk,ess_min_tail,bfmi,n_divergences,tau_map,tau_map_concentration,p_tau_gt_threshold,e_tau,tau_std,tau_q1,tau_q2,tau_q3,p_tau_gt_6,loo_pareto_k_max,loo_n_over_threshold,pareto_filtered,pareto_filter_reason,waic_warning_flag,n_feature_blocks,n_active_features,n_model_events,pareto_retry_count,removed_event_indices,elapsed_time,data_shape,data_output_dir,bad_sample_indices,config_json,source_run_dir,source_profile_dir
2,ad3ffc15b8281043,ok,,concat: mean,mean=student_t,16,5.0,2,1,2,231.2568706951813,231.2568706951813,7.974374851557976,7.974374851557977,0.0201186700695607,7.974374851557977,0.0201186700695607,-462.7672737600884,1.0,1413.0,1663.0,0.9781468664644772,0,7,0.0467679527026663,0.6849858488648175,5.972688922918378,1.6500955248488964,4.262002922497103,5.822983355171066,6.7850817391067055,0.4602111341606952,0.5718439006400564,0,False,,False,1,1,29,0,[],18.05454722995637,"(29, 184)",,[0],"{""feature_selection"": {""concat"": [""mean""]}, ""n_chunks"": 16, ""parameter_selection"": {""mean"": {""likelihood"": ""student_t""}}, ""rem_profile_params"": {""rem_stage"": 2, ""step_size_hours"": 1, ""window_size_hours"": 2}, ""tau_threshold"": 5.0}",run_output_8day_rem_w2_s1_stage2_no_pareto,rem_w2_s1_stage2
2,6ba779ebaf87db51,ok,,concat: mean,mean=student_t,16,5.0,2,2,2,220.6121642917325,220.6121642917325,7.607316010059741,7.607316010059741,0.0204733282318646,7.607316010059741,0.0204733282318646,-441.5432211356567,1.0,1578.0,1516.0,0.9467190374822194,0,8,0.0263005747643274,0.6368482371493336,5.881267065814846,1.74679286425367,3.841201817270832,5.705233993627013,6.886742910458474,0.442801667661774,0.5507462315508092,0,False,,False,1,1,29,0,[],18.017301300016697,"(29, 96)",,[0],"{""feature_selection"": {""concat"": [""mean""]}, ""n_chunks"": 16, ""parameter_selection"": {""mean"": {""likelihood"": ""student_t""}}, ""rem_profile_params"": {""rem_stage"": 2, ""step_size_hours"": 2, ""window_size_hours"": 2}, ""tau_threshold"": 5.0}",run_output_8day_rem_w2_s2_stage2_no_pareto,rem_w2_s2_stage2
1,84047078947410e4,ok,,concat: mean,mean=lognormal,16,5.0,2,1,2,214.2015590794768,214.2015590794768,7.3862606579129935,7.386260657912994,0.020967985005755,7.386260657912994,0.020967985005755,-428.7080856003296,1.0,2917.0,2683.0,1.0436814999041433,0,7,0.5902383102141697,0.9902902156532204,6.5774460997681805,0.5370243639529529,5.603185375932425,6.155402009736934,6.5780509542833325,0.5919214467125418,0.8621817435007524,1,False,,False,1,1,29,0,[],16.170084166980814,"(29, 184)",,[0],"{""feature_selection"": {""concat"": [""mean""]}, ""n_chunks"": 16, ""parameter_selection"": {""mean"": {""likelihood"": ""lognormal""}}, ""rem_profile_params"": {""rem_stage"": 2, ""step_size_hours"": 1, ""window_size_hours"": 2}, ""tau_threshold"": 5.0}",run_output_8day_rem_w2_s1_stage2_no_pareto,rem_w2_s1_stage2
1,1eb6aa5552e0b45f,ok,,concat: mean,mean=lognormal,16,5.0,2,2,2,204.2696187725473,204.2696187725473,7.043779957674046,7.043779957674045,0.021600003845781,7.043779957674045,0.021600003845781,-409.2244572818047,1.0,3016.0,2835.0,1.0938210836077216,0,7,0.6033124900599995,0.9934187543403312,6.601342975862273,0.5230185694693862,5.6382674105350015,6.183169078129253,6.591866223825898,0.6120445053616854,0.924322886352495,1,False,,False,1,1,29,0,[],16.69014279701514,"(29, 96)",,[0],"{""feature_selection"": {""concat"": [""mean""]}, ""n_chunks"": 16, ""parameter_selection"": {""mean"": {""likelihood"": ""lognormal""}}, ""rem_profile_params"": {""rem_stage"": 2, ""step_size_hours"": 2, ""window_size_hours"": 2}, ""tau_threshold"": 5.0}",run_output_8day_rem_w2_s2_stage2_no_pareto,rem_w2_s2_stage2
2,ba868fff732bda32,ok,,concat: mean,mean=student_t,16,5.0,3,1,2,203.26662737233048,203.26662737233048,7.00919404732174,7.009194047321739,0.0198148383876991,7.009194047321739,0.0198148383876991,-406.7579529128607,1.0,1966.0,2440.0,1.0329870951071316,0,6,0.1249548985073294,0.75533430630559,5.979387335099127,1.4192177658826768,5.01493263085253,5.714772028755252,6.504673848642399,0.3981094905132806,0.5455685719110086,0,False,,False,1,1,29,0,[],17.526803105021827,"(29, 176)",,[0],"{""feature_selection"": {""concat"": [""mean""]}, ""n_chunks"": 16, ""parameter_selection"": {""mean"": {""likelihood"": ""student_t""}}, ""rem_profile_params"": {""rem_stage"": 2, ""step_size_hours"": 1, ""window_size_hours"": 3}, ""tau_threshold"": 5.0}",run_output_8day_rem_w3_s1_stage2_no_pareto,rem_w3_s1_stage2
1,4366166189da4bc9,ok,,concat: mean,mean=lognormal,16,5.0,3,1,2,189.9104239357811,189.9104239357811,6.548635308130383,6.548635308130383,0.0197906494038913,6.548635308130383,0.0197906494038913,-379.9928433066084,1.0,2896.0,2745.0,1.085667752860456,0,6,0.5971232699349971,0.9929932675799114,6.402186630318072,0.5200309165006702,5.418594948236895,5.849260118928542,6.393974479824318,0.4124958951118744,0.6453242140565573,0,False,,False,1,1,29,0,[],16.032341765996534,"(29, 176)",,[0],"{""feature_selection"": {""concat"": [""mean""]}, ""n_chunks"": 16, ""parameter_selection"": {""mean"": {""likelihood"": ""lognormal""}}, ""rem_profile_params"": {""rem_stage"": 2, ""step_size_hours"": 1, ""window_size_hours"": 3}, ""tau_threshold"": 5.0}",run_output_8day_rem_w3_s1_stage2_no_pareto,rem_w3_s1_stage2
18,220b2831e7b61535,ok,,concat: mean; even: mean,mean=student_t,16,5.0,2,1,2,367.58591012965024,367.58591012965024,12.675376211367247,6.3376881056836245,0.0138089448102733,6.3376881056836245,0.0138089448102733,-735.6819275007617,1.0,1387.0,1793.0,0.9370753282640124,0,8,0.1567672148077523,0.806876924167228,6.638371987565971,1.5996314867592745,5.427228174168876,6.631611132935395,7.3729018818054755,0.6737468367663315,0.5760160174238738,0,False,,False,2,2,29,0,[],29.03699835500447,"(29, 184)",,[0],"{""feature_selection"": {""concat"": [""mean""], ""even"": [""mean""]}, ""n_chunks"": 16, ""parameter_selection"": {""mean"": {""likelihood"": ""student_t""}}, ""rem_profile_params"": {""rem_stage"": 2, ""step_size_hours"": 1, ""window_size_hours"": 2}, ""tau_threshold"": 5.0}",run_output_8day_rem_w2_s1_stage2_no_pareto,rem_w2_s1_stage2
15,116d855aceae2306,ok,,"concat: mean, range",mean=student_t; range=beta,16,5.0,2,1,2,353.31202800509027,353.31202800509027,12.183173379485872,6.091586689742936,0.015877217280264,6.091586689742936,0.015877217280264,-707.1473557493914,1.0,1311.0,1617.0,0.9782654120222368,0,6,0.2423040638449888,0.8894491297017468,6.348528548067451,1.1311717351473112,5.296102509587148,5.826945746508832,6.632628394701529,0.4185003022291969,0.8012963598734316,1,False,,False,2,2,29,0,[],30.56411193398526,"(29, 184)",,[0],"{""feature_selection"": {""concat"": [""mean"", ""range""]}, ""n_chunks"": 16, ""parameter_selection"": {""mean"": {""likelihood"": ""student_t""}, ""range"": {""likelihood"": ""beta""}}, ""rem_profile_params"": {""rem_stage"": 2, ""step_size_hours"": 1, ""window_size_hours"": 2}, ""tau_threshold"": 5.0}",run_output_8day_rem_w2_s1_stage2_no_pareto,rem_w2_s1_stage2
24,5f84c98f34908df9,ok,,concat: mean; odd: mean,mean=student_t,16,5.0,2,1,2,351.0076012897605,351.0076012897605,12.103710389302083,6.051855194651044,0.0224479550381501,6.051855194651044,0.0224479550381501,-702.395602501966,1.0,1075.0,1722.0,0.985117618564536,0,6,0.0771142471520147,0.7479495642945166,6.187521700518195,1.613074706276948,4.969271285113695,5.950279474355412,7.0154916192332175,0.4870267821175109,0.9296370897172628,1,False,,False,2,2,29,0,[],30.241836394998245,"(29, 184)",,[0],"{""feature_selection"": {""concat"": [""mean""], ""odd"": [""mean""]}, ""n_chunks"": 16, ""parameter_selection"": {""mean"": {""likelihood"": ""student_t""}}, ""rem_profile_params"": {""rem_stage"": 2, ""step_size_hours"": 1, ""window_size_hours"": 2}, ""tau_threshold"": 5.0}",run_output_8day_rem_w2_s1_stage2_no_pareto,rem_w2_s1_stage2
2,e422b61b4efb4aa9,ok,,concat: mean,mean=student_t,16,5.0,6,1,2,175.23880544284145,175.23880544284145,6.042717429063497,6.042717429063496,0.0168853588671278,6.042717429063496,0.0168853588671278,-350.7613865405981,1.0,1632.0,1952.0,1.018429197041124,0,7,0.0503607898688635,0.687451961143074,6.052048270067632,1.7249524451076843,4.173759139491684,6.00480633034127,6.978047542001154,0.5012346195073965,0.5848777132822207,0,False,,False,1,1,29,0,[],17.32896333798999,"(29, 152)",,[0],"{""feature_selection"": {""concat"": [""mean""]}, ""n_chunks"": 16, ""parameter_selection"": {""mean"": {""likelihood"": ""student_t""}}, ""rem_profile_params"": {""rem_stage"": 2, ""step_size_hours"": 1, ""window_size_hours"": 6}, ""tau_threshold"": 5.0}",run_output_8day_rem_w6_s1_stage2_no_pareto,rem_w6_s1_stage2
13,e6efd3a560499801,ok,,"concat: mean, range",mean=lognormal; range=beta,16,5.0,2,1,2,337.4665727571413,337.4665727571413,11.636778370935907,5.818389185467955,0.0153817654974647,5.818389185467955,0.0153817654974647,-675.6014792425037,1.0,2044.0,1608.0,0.9539853204138308,0,6,0.608530214711314,0.9970763211465944,6.411704565758051,0.5049365342866633,5.425109353899089,5.855249069358573,6.399020541739592,0.4158698177365459,0.9025298614771444,1,False,,False,2,2,29,0,[],23.52060776698636,"(29, 184)",,[0],"{""feature_selection"": {""concat"": [""mean"", ""range""]}, ""n_chunks"": 16, ""parameter_selection"": {""mean"": {""likelihood"": ""lognormal""}, ""range"": {""likelihood"": ""beta""}}, ""rem_profile_params"": {""rem_stage"": 2, ""step_size_hours"": 1, ""window_size_hours"": 2}, ""tau_threshold"": 5.0}",run_output_8day_rem_w2_s1_stage2_no_pareto,rem_w2_s1_stage2
18,e62cff90c8f3d250,ok,,concat: mean; even: mean,mean=student_t,16,5.0,2,2,2,332.65382289477327,332.65382289477327,11.470821479130112,5.735410739565054,0.0140986748695329,5.735410739565054,0.0140986748695329,-665.7547542149342,1.0,1141.0,1653.0,0.962770439540328,0,8,0.1462751506290407,0.7947591557639344,6.580043838513078,1.6519742542363942,5.299934412656125,6.605202436388694,7.382815764921898,0.6455293445943473,0.5247026079579764,0,False,,False,2,2,29,0,[],29.92490658297902,"(29, 96)",,[0],"{""feature_selection"": {""concat"": [""mean""], ""even"": [""mean""]}, ""n_chunks"": 16, ""parameter_selection"": {""mean"": {""likelihood"": ""student_t""}}, ""rem_profile_params"": {""rem_stage"": 2, ""step_size_hours"": 2, ""window_size_hours"": 2}, ""tau_threshold"": 5.0}",run_output_8day_rem_w2_s2_stage2_no_pareto,rem_w2_s2_stage2
16,fff2da0103a60f09,ok,,"concat: mean, range",mean=student_t; range=lognormal,16,5.0,2,1,2,328.41352511258503,328.41352511258503,11.32460431422707,5.662302157113534,0.0142635961150579,5.662302157113534,0.0142635961150579,-657.1952743590742,1.0,1881.0,2185.0,0.9677600171330905,0,7,0.372091980787899,0.9012646691153546,6.577573065143277,1.0094107151032856,5.758360444276066,6.318034100851986,6.712027034366857,0.7018019067085516,0.6628312400326662,0,False,,False,2,2,29,0,[],24.14777891198173,"(29, 184)",,[0],"{""feature_selection"": {""concat"": [""mean"", ""range""]}, ""n_chunks"": 16, ""parameter_selection"": {""mean"": {""likelihood"": ""student_t""}, ""range"": {""likelihood"": ""lognormal""}}, ""rem_profile_params"": {""rem_stage"": 2, ""step_size_hours"": 1, ""window_size_hours"": 2}, ""tau_threshold"": 5.0}",run_output_8day_rem_w2_s1_stage2_no_pareto,rem_w2_s1_stage2
17,48c5ba55b356ffa7,ok,,concat: mean; even: mean,mean=lognormal,16,5.0,2,1,2,327.9492981918688,327.9492981918688,11.308596489374786,5.654298244687393,0.0165882435406025,5.654298244687393,0.0165882435406025,-655.7141376102402,1.0,3240.0,2758.0,1.0572892612029925,0,7,0.6526355419331379,0.9924181624460764,6.728380542212529,0.4881695327444414,5.959566380175931,6.3245822237391005,6.662991679010708,0.7397851320958151,0.7455976604345168,1,False,,False,2,2,29,0,[],20.36638491501799,"(29, 184)",,[0],"{""feature_selection"": {""concat"": [""mean""], ""even"": [""mean""]}, ""n_chunks"": 16, ""parameter_selection"": {""mean"": {""likelihood"": ""lognormal""}}, ""rem_profile_params"": {""rem_stage"": 2, ""step_size_hours"": 1, ""window_size_hours"": 2}, ""tau_threshold"": 5.0}",run_output_8day_rem_w2_s1_stage2_no_pareto,rem_w2_s1_stage2
63,e2a0f11877dcbc64,ok,,"concat: mean, range; even: mean",mean=student_t; range=beta,16,5.0,2,1,2,489.5798072786197,489.5798072786197,16.882062319952404,5.6273541066508015,0.0125888259157786,5.6273541066508015,0.0125888259157786,-980.1857929873976,1.0,1591.0,1860.0,0.967188243702284,0,8,0.2566184591029964,0.9368128303166136,6.838744832336394,1.1251396010568877,5.613641158730997,6.450838301015268,7.261992294870956,0.6323794857493412,0.8962280823279101,1,False,,False,3,3,29,0,[],46.37438512203517,"(29, 184)",,[0],"{""feature_selection"": {""concat"": [""mean"", ""range""], ""even"": [""mean""]}, ""n_chunks"": 16, ""parameter_selection"": {""mean"": {""likelihood"": ""student_t""}, ""range"": {""likelihood"": ""beta""}}, ""rem_profile_params"": {""rem_stage"": 2, ""step_size_hours"": 1, ""window_size_hours"": 2}, ""tau_threshold"": 5.0}",run_output_8day_rem_w2_s1_stage2_no_pareto,rem_w2_s1_stage2
24,3f83b5b22482d95f,ok,,concat: mean; odd: mean,mean=student_t,16,5.0,2,2,2,326.0801058967265,326.0801058967265,11.24414158264574,5.622070791322869,0.0236307647153009,5.622070791322869,0.0236307647153009,-652.5355781692997,1.0,1088.0,1310.0,0.9455480028672127,0,6,0.1057045290596826,0.7510574999910508,6.051925044064336,1.507753299139828,5.002791884833004,5.6628119455022325,6.724316166092668,0.3722811340931539,0.7432628863999039,1,False,,False,2,2,29,0,[],30.64480586402351,"(29, 96)",,[0],"{""feature_selection"": {""concat"": [""mean""], ""odd"": [""mean""]}, ""n_chunks"": 16, ""parameter_selection"": {""mean"": {""likelihood"": ""student_t""}}, ""rem_profile_params"": {""rem_stage"": 2, ""step_size_hours"": 2, ""window_size_hours"": 2}, ""tau_threshold"": 5.0}",run_output_8day_rem_w2_s2_stage2_no_pareto,rem_w2_s2_stage2
82,d4780cd7d23ec7f1,ok,,concat: mean; even: mean; odd: mean,mean=student_t,16,5.0,2,1,2,487.0939806735981,487.0939806735981,16.796344161158558,5.598781387052851,0.0166248418875064,5.598781387052851,0.0166248418875064,-974.1252972222276,1.0,917.0,1047.0,1.0704909959621691,0,8,0.2299827163267085,0.8586081212135159,6.88552615283514,1.504478622561154,5.768826438528304,6.978652437840195,7.495213658592175,0.7173433106258171,0.6083554188436465,0,False,,False,3,3,29,0,[],47.88567767501809,"(29, 184)",,[0],"{""feature_selection"": {""concat"": [""mean""], ""even"": [""mean""], ""odd"": [""mean""]}, ""n_chunks"": 16, ""parameter_selection"": {""mean"": {""likelihood"": ""student_t""}}, ""rem_profile_params"": {""rem_stage"": 2, ""step_size_hours"": 1, ""window_size_hours"": 2}, ""tau_threshold"": 5.0}",run_output_8day_rem_w2_s1_stage2_no_pareto,rem_w2_s1_stage2
15,ede65a9494bcef0a,ok,,"concat: mean, range",mean=student_t; range=beta,16,5.0,2,2,2,317.15739964500835,317.15739964500835,10.936462056724428,5.468231028362213,0.0152108885257777,5.468231028362213,0.0152108885257777,-633.9836290999149,1.0,1520.0,1267.0,0.9029256079783232,0,7,0.6550374890016873,0.963752811494796,6.908779953094221,0.6448539345958896,6.191538705660301,6.48507078752581,6.778602869391319,0.9131326842052484,1.0187151509459662,1,False,,False,2,2,29,0,[],31.786497361958027,"(29, 96)",,[0],"{""feature_selection"": {""concat"": [""mean"", ""range""]}, ""n_chunks"": 16, ""parameter_selection"": {""mean"": {""likelihood"": ""student_t""}, ""range"": {""likelihood"": ""beta""}}, ""rem_profile_params"": {""rem_stage"": 2, ""step_size_hours"": 2, ""window_size_hours"": 2}, ""tau_threshold"": 5.0}",run_output_8day_rem_w2_s2_stage2_no_pareto,rem_w2_s2_stage2
71,9e197c518ee358f2,ok,,"concat: mean, range; odd: mean",mean=student_t; range=beta,16,5.0,2,1,2,473.44901033542266,473.44901033542266,16.32582794260078,5.441942647533595,0.0177838801969022,5.441942647533595,0.0177838801969022,-947.1892328812952,1.0,1170.0,1560.0,0.9025292453339412,0,6,0.2911145613389252,0.9233353189885448,6.446483190502431,1.0878560993841224,5.3367056338714285,5.822333196442331,6.747676803548269,0.4085375206994514,0.862785819280885,2,False,,False,3,3,29,0,[],46.76909105095547,"(29, 184)",,[0],"{""feature_selection"": {""concat"": [""mean"", ""range""], ""odd"": [""mean""]}, ""n_chunks"": 16, ""parameter_selection"": {""mean"": {""likelihood"": ""student_t""}, ""range"": {""likelihood"": ""beta""}}, ""rem_profile_params"": {""rem_stage"": 2, ""step_size_hours"": 1, ""window_size_hours"": 2}, ""tau_threshold"": 5.0}",run_output_8day_rem_w2_s1_stage2_no_pareto,rem_w2_s1_stage2
15,13b7d7374ef6e34d,ok,,"concat: mean, range",mean=student_t; range=beta,16,5.0,3,1,2,313.926711870584,313.926711870584,10.825059030020135,5.412529515010069,0.0142730267206079,5.412529515010069,0.0142730267206079,-627.9288360054329,1.0,2687.0,1981.0,0.9728637471026084,0,7,0.8402925368437474,0.9958834504798404,7.002195887715756,0.3066723478109909,6.239056548580956,6.505262841899902,6.771469135218847,0.9745030964524752,0.6150388315086229,0,False,,False,2,2,29,0,[],29.959461249993183,"(29, 176)",,[0],"{""feature_selection"": {""concat"": [""mean"", ""range""]}, ""n_chunks"": 16, ""parameter_selection"": {""mean"": {""likelihood"": ""student_t""}, ""range"": {""likelihood"": ""beta""}}, ""rem_profile_params"": {""rem_stage"": 2, ""step_size_hours"": 1, ""window_size_hours"": 3}, ""tau_threshold"": 5.0}",run_output_8day_rem_w3_s1_stage2_no_pareto,rem_w3_s1_stage2
14,e87438e7dbee238e,ok,,"concat: mean, range",mean=lognormal; range=lognormal,16,5.0,2,1,2,313.4141485770749,313.4141485770749,10.807384433692238,5.403692216846118,0.0144674055121911,5.403692216846118,0.0144674055121911,-626.654427044389,1.0,3697.0,2726.0,1.0223777835268382,0,7,0.7024634532704299,0.9973997114401508,6.785092703855355,0.4211607294349925,6.048554123462497,6.365756262090702,6.682958400718908,0.7882674937757969,0.8108914394738566,2,False,,False,2,2,29,0,[],19.98242558597121,"(29, 184)",,[0],"{""feature_selection"": {""concat"": [""mean"", ""range""]}, ""n_chunks"": 16, ""parameter_selection"": {""mean"": {""likelihood"": ""lognormal""}, ""range"": {""likelihood"": ""lognormal""}}, ""rem_profile_params"": {""rem_stage"": 2, ""step_size_hours"": 1, ""window_size_hours"": 2}, ""tau_threshold"": 5.0}",run_output_8day_rem_w2_s1_stage2_no_pareto,rem_w2_s1_stage2
1,044493dde32168a8,ok,,concat: mean,mean=lognormal,16,5.0,6,1,2,156.28221591046758,156.28221591046758,5.389041927947158,5.389041927947161,0.0193283718568866,5.389041927947161,0.0193283718568866,-313.6749514404191,1.0,3070.0,2792.0,1.063257936723415,0,7,0.8769258736792684,0.9974191824024424,6.947521654857699,0.2601569227344186,6.211459243186531,6.474835801179395,6.73821235917226,0.9507194991061624,0.9289301714539232,2,False,,False,1,1,29,0,[],16.09820872801356,"(29, 152)",,[0],"{""feature_selection"": {""concat"": [""mean""]}, ""n_chunks"": 16, ""parameter_selection"": {""mean"": {""likelihood"": ""lognormal""}}, ""rem_profile_params"": {""rem_stage"": 2, ""step_size_hours"": 1, ""window_size_hours"": 6}, ""tau_threshold"": 5.0}",run_output_8day_rem_w6_s1_stage2_no_pareto,rem_w6_s1_stage2
64,86f7923c78b828d6,ok,,"concat: mean, range; even: mean",mean=student_t; range=lognormal,16,5.0,2,1,2,466.2286526562738,466.2286526562738,16.07685009159565,5.358950030531885,0.0113931668773005,5.358950030531885,0.0113931668773005,-932.8234784688208,1.0,1608.0,1684.0,0.9944237855078644,0,7,0.4307883931456641,0.941208821394485,6.84294818155064,0.8958204433707893,6.103753294880526,6.47032567793696,6.836898060993392,0.8207590776584459,0.6153926657917119,0,False,,False,3,3,29,0,[],37.16414139501285,"(29, 184)",,[0],"{""feature_selection"": {""concat"": [""mean"", ""range""], ""even"": [""mean""]}, ""n_chunks"": 16, ""parameter_selection"": {""mean"": {""likelihood"": ""student_t""}, ""range"": {""likelihood"": ""lognormal""}}, ""rem_profile_params"": {""rem_stage"": 2, ""step_size_hours"": 1, ""window_size_hours"": 2}, ""tau_threshold"": 5.0}",run_output_8day_rem_w2_s1_stage2_no_pareto,rem_w2_s1_stage2
27,5ef0e1a17b2bd037,ok,,concat: mean; odd: range,mean=student_t; range=beta,16,5.0,2,1,2,309.2019814423021,309.2019814423021,10.662137291113863,5.3310686455569325,0.0130187011131096,5.3310686455569325,0.0130187011131096,-618.636862360621,1.0,1241.0,1646.0,0.931674074302506,0,6,0.1332456023826421,0.7927959821481219,6.221661133658347,1.263832754827361,5.121788997710181,5.833240117634563,6.64713771239843,0.4414014969914024,0.6003313879348832,0,False,,False,2,2,29,0,[],33.80204416299239,"(29, 184)",,[0],"{""feature_selection"": {""concat"": [""mean""], ""odd"": [""range""]}, ""n_chunks"": 16, ""parameter_selection"": {""mean"": {""likelihood"": ""student_t""}, ""range"": {""likelihood"": ""beta""}}, ""rem_profile_params"": {""rem_stage"": 2, ""step_size_hours"": 1, ""window_size_hours"": 2}, ""tau_threshold"": 5.0}",run_output_8day_rem_w2_s1_stage2_no_pareto,rem_w2_s1_stage2
24,e78c7ff3a681f72c,ok,,concat: mean; odd: mean,mean=student_t,16,5.0,3,1,2,307.7848425611015,307.7848425611015,10.613270433141432,5.306635216570717,0.0220079886617838,5.306635216570717,0.0220079886617838,-616.3065849729604,1.0,1423.0,1586.0,0.9517833435398824,0,6,0.16904560788453,0.7930245731493489,6.017446373160724,1.3309319511997098,5.100474708929761,5.684296357670986,6.430512770575132,0.3648116068453008,1.0802420959628811,2,False,,False,2,2,29,0,[],29.38783478102414,"(29, 176)",,[0],"{""feature_selection"": {""concat"": [""mean""], ""odd"": [""mean""]}, ""n_chunks"": 16, ""parameter_selection"": {""mean"": {""likelihood"": ""student_t""}}, ""rem_profile_params"": {""rem_stage"": 2, ""step_size_hours"": 1, ""window_size_hours"": 3}, ""tau_threshold"": 5.0}",run_output_8day_rem_w3_s1_stage2_no_pareto,rem_w3_s1_stage2
16,d10ca97cfeaa9e0c,ok,,"concat: mean, range",mean=student_t; range=lognormal,16,5.0,2,2,2,307.32000331287406,307.32000331287406,10.59724149354738,5.298620746773691,0.0141927904581681,5.298620746773691,0.0141927904581681,-615.0744470466659,1.0,2602.0,2766.0,1.0348200156530425,0,7,0.4665585632548816,0.9266251786855896,6.57283847395622,0.7138273457697927,5.627280331856071,6.231531118713773,6.630578989198371,0.6450522204470136,0.7610920069684883,1,False,,False,2,2,29,0,[],23.7219356779824,"(29, 96)",,[0],"{""feature_selection"": {""concat"": [""mean"", ""range""]}, ""n_chunks"": 16, ""parameter_selection"": {""mean"": {""likelihood"": ""student_t""}, ""range"": {""likelihood"": ""lognormal""}}, ""rem_profile_params"": {""rem_stage"": 2, ""step_size_hours"": 2, ""window_size_hours"": 2}, ""tau_threshold"": 5.0}",run_output_8day_rem_w2_s2_stage2_no_pareto,rem_w2_s2_stage2
143,0392ec3cfeadb75f,ok,,"concat: mean, range; even: mean; odd: mean",mean=student_t; range=beta,16,5.0,2,1,2,608.6746380036263,608.6746380036263,20.9887806208147,5.247195155203675,0.014652984072933,5.247195155203675,0.014652984072933,-1217.5998320189046,1.0,1124.0,1576.0,0.9345034411417994,0,8,0.3010529084586379,0.9532354179311456,6.973460095653711,1.115092131928504,5.669023279826524,6.673169198024861,7.415119117156879,0.649456126448428,0.9096855520057804,1,False,,False,4,4,29,0,[],79.951049108,"(29, 184)",,[0],"{""feature_selection"": {""concat"": [""mean"", ""range""], ""even"": [""mean""], ""odd"": [""mean""]}, ""n_chunks"": 16, ""parameter_selection"": {""mean"": {""likelihood"": ""student_t""}, ""range"": {""likelihood"": ""beta""}}, ""rem_profile_params"": {""rem_stage"": 2, ""step_size_hours"": 1, ""window_size_hours"": 2}, ""tau_threshold"": 5.0}",run_output_8day_rem_w2_s1_stage2_no_pareto,rem_w2_s1_stage2
18,daf5e30b90145309,ok,,concat: mean; even: mean,mean=student_t,16,5.0,3,1,2,304.2599806761417,304.2599806761417,10.491723471591094,5.245861735795547,0.0138368456205621,5.245861735795547,0.0138368456205621,-608.7245454824609,1.0,1409.0,1725.0,0.982970087326346,0,7,0.1424591805391382,0.8233485612577641,6.409231633350495,1.45388084177344,5.301047850253647,6.226057066168821,6.935105635186389,0.5797043658384492,0.5512951206785281,0,False,,False,2,2,29,0,[],27.29710869595874,"(29, 176)",,[0],"{""feature_selection"": {""concat"": [""mean""], ""even"": [""mean""]}, ""n_chunks"": 16, ""parameter_selection"": {""mean"": {""likelihood"": ""student_t""}}, ""rem_profile_params"": {""rem_stage"": 2, ""step_size_hours"": 1, ""window_size_hours"": 3}, ""tau_threshold"": 5.0}",run_output_8day_rem_w3_s1_stage2_no_pareto,rem_w3_s1_stage2
13,050d10a5decd7ee1,ok,,"concat: mean, range",mean=lognormal; range=beta,16,5.0,2,2,2,302.5258120757965,302.5258120757965,10.431924554337812,5.215962277168905,0.0149332581346953,5.215962277168905,0.0149332581346953,-606.0195059419899,1.0,1434.0,1115.0,0.8996443308323,0,7,0.8907802014769888,0.9996133491872162,6.952265825938768,0.2174638224634521,6.212691237756459,6.475211054013435,6.737730870270411,0.9525477931428424,0.9834177111807332,2,False,,False,2,2,29,0,[],24.28623362403596,"(29, 96)",,[0],"{""feature_selection"": {""concat"": [""mean"", ""range""]}, ""n_chunks"": 16, ""parameter_selection"": {""mean"": {""likelihood"": ""lognormal""}, ""range"": {""likelihood"": ""beta""}}, ""rem_profile_params"": {""rem_stage"": 2, ""step_size_hours"": 2, ""window_size_hours"": 2}, ""tau_threshold"": 5.0}",run_output_8day_rem_w2_s2_stage2_no_pareto,rem_w2_s2_stage2
61,0859546ed3c2a948,ok,,"concat: mean, range; even: mean",mean=lognormal; range=beta,16,5.0,2,1,2,450.80900025429065,450.80900025429065,15.545137939803126,5.181712646601042,0.0136639668671186,5.181712646601042,0.0136639668671186,-901.6020733320688,1.0,1929.0,2099.0,0.9717326856072308,0,7,0.6113400591461766,0.9979354367916335,6.579366736771996,0.5005231234465672,5.595503741637943,6.140358160678376,6.570431257036856,0.5815897122296297,0.7093929666758746,2,False,,False,3,3,29,0,[],32.81371726602083,"(29, 184)",,[0],"{""feature_selection"": {""concat"": [""mean"", ""range""], ""even"": [""mean""]}, ""n_chunks"": 16, ""parameter_selection"": {""mean"": {""likelihood"": ""lognormal""}, ""range"": {""likelihood"": ""beta""}}, ""rem_profile_params"": {""rem_stage"": 2, ""step_size_hours"": 1, ""window_size_hours"": 2}, ""tau_threshold"": 5.0}",run_output_8day_rem_w2_s1_stage2_no_pareto,rem_w2_s1_stage2
13,f1c8d9a56986aff4,ok,,"concat: mean, range",mean=lognormal; range=beta,16,5.0,3,1,2,299.71905738407565,299.71905738407565,10.335139909795712,5.167569954897855,0.0138562223894963,5.167569954897855,0.0138562223894963,-599.7989278046547,1.0,2779.0,1952.0,0.943607891958255,0,7,0.9225559528604484,0.9997883370923186,6.969141463994428,0.1746504903705511,6.226285634739946,6.48420270756422,6.742119780388494,0.9693395267149688,0.7291122677326546,1,False,,False,2,2,29,0,[],24.379435984999876,"(29, 176)",,[0],"{""feature_selection"": {""concat"": [""mean"", ""range""]}, ""n_chunks"": 16, ""parameter_selection"": {""mean"": {""likelihood"": ""lognormal""}, ""range"": {""likelihood"": ""beta""}}, ""rem_profile_params"": {""rem_stage"": 2, ""step_size_hours"": 1, ""window_size_hours"": 3}, ""tau_threshold"": 5.0}",run_output_8day_rem_w3_s1_stage2_no_pareto,rem_w3_s1_stage2
72,c84fe03134e46a81,ok,,"concat: mean, range; odd: mean",mean=student_t; range=lognormal,16,5.0,2,1,2,449.0758311039005,449.0758311039005,15.485373486341397,5.161791162113799,0.0174786433701625,5.161791162113799,0.0174786433701625,-897.3852993628273,1.01,1555.0,1440.0,0.9693838834492138,0,7,0.3432605268609813,0.9219780052119406,6.621551394233718,0.979076035138604,5.696692173357894,6.3049262887275015,6.740215242487938,0.6751286622904513,1.008675943394212,2,False,,False,3,3,29,0,[],38.5744160960312,"(29, 184)",,[0],"{""feature_selection"": {""concat"": [""mean"", ""range""], ""odd"": [""mean""]}, ""n_chunks"": 16, ""parameter_selection"": {""mean"": {""likelihood"": ""student_t""}, ""range"": {""likelihood"": ""lognormal""}}, ""rem_profile_params"": {""rem_stage"": 2, ""step_size_hours"": 1, ""window_size_hours"": 2}, ""tau_threshold"": 5.0}",run_output_8day_rem_w2_s1_stage2_no_pareto,rem_w2_s1_stage2
23,b9184ce441593c91,ok,,concat: mean; odd: mean,mean=lognormal,16,5.0,2,1,2,298.8980678503908,298.8980678503908,10.306829925875544,5.153414962937771,0.0267947905047084,5.153414962937771,0.0267947905047084,-593.0041732901342,1.0,3358.0,2900.0,0.9851497207283746,0,7,0.6130215809582777,0.992697035385653,6.657324731101675,0.5122154701288612,5.743804080397412,6.250531566481158,6.6269188972198325,0.6664054193784099,1.358321106176611,2,False,,False,2,2,29,0,[],19.47313487000065,"(29, 184)",,[0],"{""feature_selection"": {""concat"": [""mean""], ""odd"": [""mean""]}, ""n_chunks"": 16, ""parameter_selection"": {""mean"": {""likelihood"": ""lognormal""}}, ""rem_profile_params"": {""rem_stage"": 2, ""step_size_hours"": 1, ""window_size_hours"": 2}, ""tau_threshold"": 5.0}",run_output_8day_rem_w2_s1_stage2_no_pareto,rem_w2_s1_stage2
85,90380427f5c6559c,ok,,concat: mean; even: mean; odd: range,mean=student_t; range=beta,16,5.0,2,1,2,445.036428792648,445.036428792648,15.34608375147062,5.1153612504902055,0.0111993632324941,5.1153612504902055,0.0111993632324941,-890.4897085592422,1.0,1316.0,1366.0,0.9563731277667598,0,7,0.179453686929172,0.8673808944153478,6.729465248132735,1.281067789387576,5.555780220846571,6.468929177992604,7.2262996819529794,0.6561806933060821,0.5221471186713111,0,False,,False,3,3,29,0,[],50.1653786089737,"(29, 184)",,[0],"{""feature_selection"": {""concat"": [""mean""], ""even"": [""mean""], ""odd"": [""range""]}, ""n_chunks"": 16, ""parameter_selection"": {""mean"": {""likelihood"": ""student_t""}, ""range"": {""likelihood"": ""beta""}}, ""rem_profile_params"": {""rem_stage"": 2, ""step_size_hours"": 1, ""window_size_hours"": 2}, ""tau_threshold"": 5.0}",run_output_8day_rem_w2_s1_stage2_no_pareto,rem_w2_s1_stage2
25,0d98f310e876edb9,ok,,concat: mean; odd: range,mean=lognormal; range=beta,16,5.0,2,1,2,293.4280906104896,293.4280906104896,10.118210021051366,5.059105010525682,0.0129545771448289,5.059105010525682,0.0129545771448289,-586.8075256699491,1.0,2397.0,1848.0,0.9809387791112378,0,6,0.5861471398857749,0.992265158193798,6.481077224829545,0.5248969308798084,5.48288920343818,5.981195694390439,6.490804986056894,0.4905658937064888,0.6736440638516522,0,False,,False,2,2,29,0,[],24.49800018197857,"(29, 184)",,[0],"{""feature_selection"": {""concat"": [""mean""], ""odd"": [""range""]}, ""n_chunks"": 16, ""parameter_selection"": {""mean"": {""likelihood"": ""lognormal""}, ""range"": {""likelihood"": ""beta""}}, ""rem_profile_params"": {""rem_stage"": 2, ""step_size_hours"": 1, ""window_size_hours"": 2}, ""tau_threshold"": 5.0}",run_output_8day_rem_w2_s1_stage2_no_pareto,rem_w2_s1_stage2
14,7dc750066afe2e1e,ok,,"concat: mean, range",mean=lognormal; range=lognormal,16,5.0,2,2,2,293.2082981203801,293.2082981203801,10.11063096966828,5.055315484834139,0.0144298650101964,5.055315484834139,0.0144298650101964,-586.3241917158334,1.0,3712.0,2740.0,1.022360577041204,0,7,0.6860209829739705,0.9990886498822924,6.75447382476305,0.4328017784476408,6.007196198654613,6.3381332750531,6.6690703514515866,0.7554362287937998,0.7234018195629972,1,False,,False,2,2,29,0,[],20.19121333095245,"(29, 96)",,[0],"{""feature_selection"": {""concat"": [""mean"", ""range""]}, ""n_chunks"": 16, ""parameter_selection"": {""mean"": {""likelihood"": ""lognormal""}, ""range"": {""likelihood"": ""lognormal""}}, ""rem_profile_params"": {""rem_stage"": 2, ""step_size_hours"": 2, ""window_size_hours"": 2}, ""tau_threshold"": 5.0}",run_output_8day_rem_w2_s2_stage2_no_pareto,rem_w2_s2_stage2
144,38341efb57929e59,ok,,"concat: mean, range; even: mean; odd: mean",mean=student_t; range=lognormal,16,5.0,2,1,2,585.4250993285103,585.4250993285103,20.18707239063829,5.046768097659572,0.014373145464759,5.046768097659572,0.014373145464759,-1169.987613948668,1.0,1158.0,1345.0,0.9886721479502432,0,7,0.4024088968886276,0.961574076687803,6.939411560157236,0.8444762785850326,6.105060813739608,6.512454897957673,6.919848982175736,0.8144712440665763,1.1513015023592208,2,False,,False,4,4,29,0,[],69.80434843996773,"(29, 184)",,[0],"{""feature_selection"": {""concat"": [""mean"", ""range""], ""even"": [""mean""], ""odd"": [""mean""]}, ""n_chunks"": 16, ""parameter_selection"": {""mean"": {""likelihood"": ""student_t""}, ""range"": {""likelihood"": ""lognormal""}}, ""rem_profile_params"": {""rem_stage"": 2, ""step_size_hours"": 1, ""window_size_hours"": 2}, ""tau_threshold"": 5.0}",run_output_8day_rem_w2_s1_stage2_no_pareto,rem_w2_s1_stage2
82,920f7ef3e1b12bf1,ok,,concat: mean; even: mean; odd: mean,mean=student_t,16,5.0,2,2,2,437.59492647279865,437.59492647279865,15.089480223199953,5.029826741066652,0.0173480241351461,5.029826741066652,0.0173480241351461,-875.5313675244784,1.0,1006.0,1434.0,0.9582121851660118,0,8,0.1986475713540445,0.8750284206700045,6.692944307567558,1.400582530737851,5.426472425905452,6.419312714891444,7.353397556542268,0.5818595940933409,0.8228507197405167,2,False,,False,3,3,29,0,[],46.90536370303016,"(29, 96)",,[0],"{""feature_selection"": {""concat"": [""mean""], ""even"": [""mean""], ""odd"": [""mean""]}, ""n_chunks"": 16, ""parameter_selection"": {""mean"": {""likelihood"": ""student_t""}}, ""rem_profile_params"": {""rem_stage"": 2, ""step_size_hours"": 2, ""window_size_hours"": 2}, ""tau_threshold"": 5.0}",run_output_8day_rem_w2_s2_stage2_no_pareto,rem_w2_s2_stage2
17,aa036c6c5b3f05f1,ok,,concat: mean; even: mean,mean=lognormal,16,5.0,2,2,2,291.27767763967495,291.27767763967495,10.044057849643965,5.022028924821982,0.0168442196785226,5.022028924821982,0.0168442196785226,-583.3337799809365,1.0,2897.0,2794.0,1.0775273598338428,0,7,0.6688288646738081,0.9961663596438064,6.7425686896827,0.4641752656879742,5.995531998428074,6.332680110234693,6.666836936965073,0.7488951920344293,1.099413101940678,2,False,,False,2,2,29,0,[],19.959171563968997,"(29, 96)",,[0],"{""feature_selection"": {""concat"": [""mean""], ""even"": [""mean""]}, ""n_chunks"": 16, ""parameter_selection"": {""mean"": {""likelihood"": ""lognormal""}}, ""rem_profile_params"": {""rem_stage"": 2, ""step_size_hours"": 2, ""window_size_hours"": 2}, ""tau_threshold"": 5.0}",run_output_8day_rem_w2_s2_stage2_no_pareto,rem_w2_s2_stage2
75,0fd1deaa47c014e8,ok,,"concat: mean, range; odd: range",mean=student_t; range=beta,16,5.0,2,1,2,433.57507704919726,433.57507704919726,14.95086472583439,4.983621575278129,0.012868893770893,4.983621575278129,0.012868893770893,-868.1327161828293,1.0,1516.0,1677.0,0.9129315291839304,0,6,0.3890215678635756,0.9399943965944249,6.330956060891675,0.8335375932742538,5.312113465539416,5.7228011899327775,6.345204984823657,0.3312593768923331,0.7391104547619142,2,False,,False,3,3,29,0,[],48.51029181003105,"(29, 184)",,[0],"{""feature_selection"": {""concat"": [""mean"", ""range""], ""odd"": [""range""]}, ""n_chunks"": 16, ""parameter_selection"": {""mean"": {""likelihood"": ""student_t""}, ""range"": {""likelihood"": ""beta""}}, ""rem_profile_params"": {""rem_stage"": 2, ""step_size_hours"": 1, ""window_size_hours"": 2}, ""tau_threshold"": 5.0}",run_output_8day_rem_w2_s1_stage2_no_pareto,rem_w2_s1_stage2
16,182f78f896441d02,ok,,"concat: mean, range",mean=student_t; range=lognormal,16,5.0,3,1,2,287.3810393399305,287.3810393399305,9.909691011721742,4.95484550586087,0.0143812165328502,4.95484550586087,0.0143812165328502,-574.9551234711807,1.0,2592.0,2362.0,1.004366806442463,0,7,0.3704289321235863,0.8178283063521474,6.364129554682053,0.8744060411940081,5.270609413713995,6.121034987775708,6.571460774577171,0.5671780964380363,0.7276236317900862,1,False,,False,2,2,29,0,[],23.018317606998608,"(29, 176)",,[0],"{""feature_selection"": {""concat"": [""mean"", ""range""]}, ""n_chunks"": 16, ""parameter_selection"": {""mean"": {""likelihood"": ""student_t""}, ""range"": {""likelihood"": ""lognormal""}}, ""rem_profile_params"": {""rem_stage"": 2, ""step_size_hours"": 1, ""window_size_hours"": 3}, ""tau_threshold"": 5.0}",run_output_8day_rem_w3_s1_stage2_no_pareto,rem_w3_s1_stage2
28,3b1795bfa22e6061,ok,,concat: mean; odd: range,mean=student_t; range=lognormal,16,5.0,2,1,2,287.164862723162,287.164862723162,9.902236645626276,4.951118322813138,0.0127684762940351,4.951118322813138,0.0127684762940351,-574.9276740383866,1.0,1014.0,1352.0,1.0211574591798025,0,4,0.1970984800058015,0.4495998536135416,5.372311653495157,1.6056598487157276,3.449813928241672,3.98627685175203,6.435983157674819,0.3539043396251375,0.8115012685328237,1,False,,False,2,2,29,0,[],19.651740797038656,"(29, 184)",,[0],"{""feature_selection"": {""concat"": [""mean""], ""odd"": [""range""]}, ""n_chunks"": 16, ""parameter_selection"": {""mean"": {""likelihood"": ""student_t""}, ""range"": {""likelihood"": ""lognormal""}}, ""rem_profile_params"": {""rem_stage"": 2, ""step_size_hours"": 1, ""window_size_hours"": 2}, ""tau_threshold"": 5.0}",run_output_8day_rem_w2_s1_stage2_no_pareto,rem_w2_s1_stage2
63,f44da5d2fcdaa83c,ok,,"concat: mean, range; even: mean",mean=student_t; range=beta,16,5.0,2,2,2,429.2846909993536,429.2846909993536,14.802920379288055,4.934306793096019,0.0118489742323682,4.934306793096019,0.0118489742323682,-860.4305507941247,1.0,1869.0,1457.0,0.9079915934353838,0,7,0.682268263294225,0.984901736975389,7.024224247526181,0.537015710738017,6.237516432422272,6.532538172282139,6.827559912142007,0.9512702797216656,1.3264476674659176,1,False,,False,3,3,29,0,[],48.32797979202587,"(29, 96)",,[0],"{""feature_selection"": {""concat"": [""mean"", ""range""], ""even"": [""mean""]}, ""n_chunks"": 16, ""parameter_selection"": {""mean"": {""likelihood"": ""student_t""}, ""range"": {""likelihood"": ""beta""}}, ""rem_profile_params"": {""rem_stage"": 2, ""step_size_hours"": 2, ""window_size_hours"": 2}, ""tau_threshold"": 5.0}",run_output_8day_rem_w2_s2_stage2_no_pareto,rem_w2_s2_stage2
97,b36602c37eac3944,ok,,"concat: mean; odd: mean, range",mean=student_t; range=beta,16,5.0,2,1,2,429.2781287864557,429.2781287864557,14.80269409608468,4.93423136536156,0.0165129152065206,4.93423136536156,0.0165129152065206,-858.7431144601054,1.0,1261.0,1617.0,0.9157810846834656,0,6,0.169477191901648,0.843985823514254,6.371712791413431,1.2228978546894342,5.235434227749505,5.861683535747001,6.803985776948656,0.4447837855920026,1.041447997042922,1,False,,False,3,3,29,0,[],52.21950597403338,"(29, 184)",,[0],"{""feature_selection"": {""concat"": [""mean""], ""odd"": [""mean"", ""range""]}, ""n_chunks"": 16, ""parameter_selection"": {""mean"": {""likelihood"": ""student_t""}, ""range"": {""likelihood"": ""beta""}}, ""rem_profile_params"": {""rem_stage"": 2, ""step_size_hours"": 1, ""window_size_hours"": 2}, ""tau_threshold"": 5.0}",run_output_8day_rem_w2_s1_stage2_no_pareto,rem_w2_s1_stage2
62,1ffd10fd3d2236fd,ok,,"concat: mean, range; even: mean",mean=lognormal; range=lognormal,16,5.0,2,1,2,426.9792883118004,426.9792883118004,14.723423734889668,4.907807911629889,0.0129471507944065,4.907807911629889,0.0129471507944065,-854.4700052430926,1.0,3922.0,2391.0,1.035936383730482,0,7,0.7887567716654452,0.998425573224985,6.877120689026058,0.3354867699654669,6.146757131725353,6.4311843606382855,6.715611589551218,0.8789935674286989,0.8588035221525504,2,False,,False,3,3,29,0,[],27.26023102394538,"(29, 184)",,[0],"{""feature_selection"": {""concat"": [""mean"", ""range""], ""even"": [""mean""]}, ""n_chunks"": 16, ""parameter_selection"": {""mean"": {""likelihood"": ""lognormal""}, ""range"": {""likelihood"": ""lognormal""}}, ""rem_profile_params"": {""rem_stage"": 2, ""step_size_hours"": 1, ""window_size_hours"": 2}, ""tau_threshold"": 5.0}",run_output_8day_rem_w2_s1_stage2_no_pareto,rem_w2_s1_stage2
147,393acf8684b6c75a,ok,,"concat: mean, range; even: mean; odd: range",mean=student_t; range=beta,16,5.0,2,1,2,568.4846050860483,568.4846050860483,19.602917416760285,4.90072935419007,0.0111795514280492,4.90072935419007,0.0111795514280492,-1138.0014682507122,1.0,1323.0,1519.0,0.9304434136547144,0,6,0.3107698448085897,0.9618008814493556,6.728955867331614,0.9545345097218146,5.502371586707611,6.140974151466678,7.019793689597797,0.5401988500975554,0.8774344256005102,1,False,,False,4,4,29,0,[],78.34337109501939,"(29, 184)",,[0],"{""feature_selection"": {""concat"": [""mean"", ""range""], ""even"": [""mean""], ""odd"": [""range""]}, ""n_chunks"": 16, ""parameter_selection"": {""mean"": {""likelihood"": ""student_t""}, ""range"": {""likelihood"": ""beta""}}, ""rem_profile_params"": {""rem_stage"": 2, ""step_size_hours"": 1, ""window_size_hours"": 2}, ""tau_threshold"": 5.0}",run_output_8day_rem_w2_s1_stage2_no_pareto,rem_w2_s1_stage2
71,0f54240d069de8bd,ok,,"concat: mean, range; odd: mean",mean=student_t; range=beta,16,5.0,2,2,2,423.380555030072,423.380555030072,14.599329483795584,4.866443161265194,0.0175513249411407,4.866443161265194,0.0175513249411407,-845.9761012255517,1.0,1753.0,1336.0,0.9535862967026364,0,7,0.6027086291551111,0.9741351871148964,6.881920307858386,0.5933583354763055,6.140400070405699,6.452323236348482,6.764246402291265,0.8625277678409536,0.8486485318191345,3,False,,False,3,3,29,0,[],49.18565554899397,"(29, 96)",,[0],"{""feature_selection"": {""concat"": [""mean"", ""range""], ""odd"": [""mean""]}, ""n_chunks"": 16, ""parameter_selection"": {""mean"": {""likelihood"": ""student_t""}, ""range"": {""likelihood"": ""beta""}}, ""rem_profile_params"": {""rem_stage"": 2, ""step_size_hours"": 2, ""window_size_hours"": 2}, ""tau_threshold"": 5.0}",run_output_8day_rem_w2_s2_stage2_no_pareto,rem_w2_s2_stage2
86,71e8d4f715c13ad6,ok,,concat: mean; even: mean; odd: range,mean=student_t; range=lognormal,16,5.0,2,1,2,422.9707056985874,422.9707056985874,14.585196748227151,4.8617322494090525,0.0107617524978353,4.8617322494090525,0.0107617524978353,-846.4448892042658,1.01,600.0,739.0,1.0141845981748756,0,4,0.1948302756474053,0.5787713474341114,5.923977569784966,1.7456899865798452,3.599393526649576,6.06243491617709,7.025641632476091,0.5162100352306318,0.7140301193194556,1,False,,False,3,3,29,0,[],41.63250938599231,"(29, 184)",,[0],"{""feature_selection"": {""concat"": [""mean""], ""even"": [""mean""], ""odd"": [""range""]}, ""n_chunks"": 16, ""parameter_selection"": {""mean"": {""likelihood"": ""student_t""}, ""range"": {""likelihood"": ""lognormal""}}, ""rem_profile_params"": {""rem_stage"": 2, ""step_size_hours"": 1, ""window_size_hours"": 2}, ""tau_threshold"": 5.0}",run_output_8day_rem_w2_s1_stage2_no_pareto,rem_w2_s1_stage2
171,e70bd8a0d0e75ed4,ok,,"concat: mean; even: mean; odd: mean, range",mean=student_t; range=beta,16,5.0,2,1,2,563.2291987607814,563.2291987607814,19.42169650899246,4.855424127248116,0.0138817737341383,4.855424127248116,0.0138817737341383,-1126.8764926311155,1.0,1035.0,1477.0,0.9163975332684352,0,8,0.2395613278660624,0.908651648366547,6.939003442558546,1.2002665078810362,5.6975173583141405,6.712458847237614,7.414341084712009,0.6811997484597132,0.904905493778656,2,False,,False,4,4,29,0,[],89.04747660498833,"(29, 184)",,[0],"{""feature_selection"": {""concat"": [""mean""], ""even"": [""mean""], ""odd"": [""mean"", ""range""]}, ""n_chunks"": 16, ""parameter_selection"": {""mean"": {""likelihood"": ""student_t""}, ""range"": {""likelihood"": ""beta""}}, ""rem_profile_params"": {""rem_stage"": 2, ""step_size_hours"": 1, ""window_size_hours"": 2}, ""tau_threshold"": 5.0}",run_output_8day_rem_w2_s1_stage2_no_pareto,rem_w2_s1_stage2
64,4e3a1ca5c92de84a,ok,,"concat: mean, range; even: mean",mean=student_t; range=lognormal,16,5.0,2,2,2,421.5030065357531,421.5030065357531,14.534586432267348,4.844862144089117,0.0111039315369633,4.844862144089117,0.0111039315369633,-843.4103721873322,1.0,2235.0,2645.0,1.0093899390087655,0,7,0.5422570987017948,0.965832572608604,6.732553422595656,0.602047729048278,5.967358780916717,6.341325579502358,6.692892668788344,0.7427172436671843,0.8238841147143061,1,False,,False,3,3,29,0,[],36.03304290602682,"(29, 96)",,[0],"{""feature_selection"": {""concat"": [""mean"", ""range""], ""even"": [""mean""]}, ""n_chunks"": 16, ""parameter_selection"": {""mean"": {""likelihood"": ""student_t""}, ""range"": {""likelihood"": ""lognormal""}}, ""rem_profile_params"": {""rem_stage"": 2, ""step_size_hours"": 2, ""window_size_hours"": 2}, ""tau_threshold"": 5.0}",run_output_8day_rem_w2_s2_stage2_no_pareto,rem_w2_s2_stage2
69,3c44c97a3eba6885,ok,,"concat: mean, range; odd: mean",mean=lognormal; range=beta,16,5.0,2,1,2,420.026988489731,420.026988489731,14.483689258266589,4.827896419422194,0.0205447481366693,4.827896419422194,0.0205447481366693,-841.5678684231336,1.0,1891.0,1787.0,0.9631881208350338,0,6,0.6029767167367627,0.9980519436047742,6.476188069168635,0.5079306023448746,5.477236704964638,5.958221350790502,6.477922328672347,0.4782848321812007,1.6485477647627138,2,False,,False,3,3,29,0,[],32.56030692398781,"(29, 184)",,[0],"{""feature_selection"": {""concat"": [""mean"", ""range""], ""odd"": [""mean""]}, ""n_chunks"": 16, ""parameter_selection"": {""mean"": {""likelihood"": ""lognormal""}, ""range"": {""likelihood"": ""beta""}}, ""rem_profile_params"": {""rem_stage"": 2, ""step_size_hours"": 1, ""window_size_hours"": 2}, ""tau_threshold"": 5.0}",run_output_8day_rem_w2_s1_stage2_no_pareto,rem_w2_s1_stage2
71,3d0a709e782edb99,ok,,"concat: mean, range; odd: mean",mean=student_t; range=beta,16,5.0,3,1,2,418.8742378788394,418.8742378788394,14.44393923720136,4.814646412400453,0.016681394126772,4.814646412400453,0.016681394126772,-837.8935988697556,1.0,2376.0,1644.0,0.9321666490792188,0,7,0.8003134801512037,0.994816194245872,6.997200909065367,0.3453357858367193,6.23134149830475,6.503422406785804,6.775503315266857,0.9625668239608032,1.0908810299357234,2,False,,False,3,3,29,0,[],45.83116793597583,"(29, 176)",,[0],"{""feature_selection"": {""concat"": [""mean"", ""range""], ""odd"": [""mean""]}, ""n_chunks"": 16, ""parameter_selection"": {""mean"": {""likelihood"": ""student_t""}, ""range"": {""likelihood"": ""beta""}}, ""rem_profile_params"": {""rem_stage"": 2, ""step_size_hours"": 1, ""window_size_hours"": 3}, ""tau_threshold"": 5.0}",run_output_8day_rem_w3_s1_stage2_no_pareto,rem_w3_s1_stage2
73,e94bc6d542458103,ok,,"concat: mean, range; odd: range",mean=lognormal; range=beta,16,5.0,2,1,2,418.1840216966679,418.1840216966679,14.420138679195444,4.806712893065146,0.012368488104147,4.806712893065146,0.012368488104147,-836.594410602459,1.0,2247.0,1920.0,0.921234109435366,0,6,0.6482814321097656,0.9982551927506268,6.305392024516262,0.4651479057299413,5.359239151521835,5.721003136739548,6.186235471614179,0.3071969055373578,0.7045945448863743,2,False,,False,3,3,29,0,[],39.82570653600851,"(29, 184)",,[0],"{""feature_selection"": {""concat"": [""mean"", ""range""], ""odd"": [""range""]}, ""n_chunks"": 16, ""parameter_selection"": {""mean"": {""likelihood"": ""lognormal""}, ""range"": {""likelihood"": ""beta""}}, ""rem_profile_params"": {""rem_stage"": 2, ""step_size_hours"": 1, ""window_size_hours"": 2}, ""tau_threshold"": 5.0}",run_output_8day_rem_w2_s1_stage2_no_pareto,rem_w2_s1_stage2
159,917c59cb7d59fb3f,ok,,"concat: mean, range; odd: mean, range",mean=student_t; range=beta,16,5.0,2,1,2,553.747968660069,553.747968660069,19.09475754000238,4.773689385000594,0.0147626060491541,4.773689385000594,0.0147626060491541,-1107.8451571090743,1.0,1381.0,1192.0,0.8988478974521434,0,6,0.4136368460992579,0.958771525707991,6.398530682909117,0.8421460580895743,5.330867078048698,5.727074219954968,6.407479259309585,0.3277884525680777,0.7244760646403218,2,False,,False,4,4,29,0,[],81.1858304720372,"(29, 184)",,[0],"{""feature_selection"": {""concat"": [""mean"", ""range""], ""odd"": [""mean"", ""range""]}, ""n_chunks"": 16, ""parameter_selection"": {""mean"": {""likelihood"": ""student_t""}, ""range"": {""likelihood"": ""beta""}}, ""rem_profile_params"": {""rem_stage"": 2, ""step_size_hours"": 1, ""window_size_hours"": 2}, ""tau_threshold"": 5.0}",run_output_8day_rem_w2_s1_stage2_no_pareto,rem_w2_s1_stage2
63,da30e911a5a93df1,ok,,"concat: mean, range; even: mean",mean=student_t; range=beta,16,5.0,3,1,2,415.04597095599377,415.04597095599377,14.311930032965302,4.770643344321769,0.0115034048542321,4.770643344321769,0.0115034048542321,-830.2507218244093,1.0,2629.0,1625.0,0.9454738122615438,0,7,0.8006742583374735,0.9968905655241256,7.048781746743647,0.3315037740578109,6.2551690710806485,6.52975889147458,6.804348711868512,0.9823184001455136,0.5882125734711435,0,False,,False,3,3,29,0,[],45.49351233197376,"(29, 176)",,[0],"{""feature_selection"": {""concat"": [""mean"", ""range""], ""even"": [""mean""]}, ""n_chunks"": 16, ""parameter_selection"": {""mean"": {""likelihood"": ""student_t""}, ""range"": {""likelihood"": ""beta""}}, ""rem_profile_params"": {""rem_stage"": 2, ""step_size_hours"": 1, ""window_size_hours"": 3}, ""tau_threshold"": 5.0}",run_output_8day_rem_w3_s1_stage2_no_pareto,rem_w3_s1_stage2
72,fa84d48bdf098524,ok,,"concat: mean, range; odd: mean",mean=student_t; range=lognormal,16,5.0,2,2,2,414.5328948205295,414.5328948205295,14.29423775243205,4.76474591747735,0.0178309250275274,4.76474591747735,0.0178309250275274,-829.1589870805667,1.0,2211.0,2576.0,1.0024412460133143,0,6,0.4661381455768125,0.9410183580152368,6.379573088849942,0.653253667831476,5.378401205557122,5.873643141317739,6.439580310399296,0.4362145804109887,0.9548659217988404,3,False,,False,3,3,29,0,[],37.96197049802868,"(29, 96)",,[0],"{""feature_selection"": {""concat"": [""mean"", ""range""], ""odd"": [""mean""]}, ""n_chunks"": 16, ""parameter_selection"": {""mean"": {""likelihood"": ""student_t""}, ""range"": {""likelihood"": ""lognormal""}}, ""rem_profile_params"": {""rem_stage"": 2, ""step_size_hours"": 2, ""window_size_hours"": 2}, ""tau_threshold"": 5.0}",run_output_8day_rem_w2_s2_stage2_no_pareto,rem_w2_s2_stage2
14,56fb7eb266b8b5ff,ok,,"concat: mean, range",mean=lognormal; range=lognormal,16,5.0,3,1,2,274.9845828858191,274.9845828858191,9.482226996062728,4.741113498031364,0.0145002114488114,4.741113498031364,0.0145002114488114,-550.3407921073598,1.0,2998.0,2909.0,1.0891459095625942,0,7,0.6163501695929489,0.9914165861908188,6.643740104065207,0.4976126423347459,5.712463206398791,6.233802351841748,6.616912077849793,0.6525687916344086,0.7966018158866904,2,False,,False,2,2,29,0,[],19.890455144981388,"(29, 176)",,[0],"{""feature_selection"": {""concat"": [""mean"", ""range""]}, ""n_chunks"": 16, ""parameter_selection"": {""mean"": {""likelihood"": ""lognormal""}, ""range"": {""likelihood"": ""lognormal""}}, ""rem_profile_params"": {""rem_stage"": 2, ""step_size_hours"": 1, ""window_size_hours"": 3}, ""tau_threshold"": 5.0}",run_output_8day_rem_w3_s1_stage2_no_pareto,rem_w3_s1_stage2
81,1bc737d8a13ca006,ok,,concat: mean; even: mean; odd: mean,mean=lognormal,16,5.0,2,1,2,412.1919237837111,412.1919237837111,14.213514613231416,4.7378382044104725,0.0201759643077742,4.7378382044104725,0.0201759643077742,-821.9088770574702,1.0,3307.0,2726.0,1.070272840047003,0,7,0.7054381402658183,0.9957100890365312,6.798956717976473,0.43441466246013,6.068870608301991,6.379811673722488,6.690752739142984,0.8053727184674491,1.6940824297075203,3,False,,False,3,3,29,0,[],30.17448498500744,"(29, 184)",,[0],"{""feature_selection"": {""concat"": [""mean""], ""even"": [""mean""], ""odd"": [""mean""]}, ""n_chunks"": 16, ""parameter_selection"": {""mean"": {""likelihood"": ""lognormal""}}, ""rem_profile_params"": {""rem_stage"": 2, ""step_size_hours"": 1, ""window_size_hours"": 2}, ""tau_threshold"": 5.0}",run_output_8day_rem_w2_s1_stage2_no_pareto,rem_w2_s1_stage2
1,bd1479868aeb9e6e,ok,,"concat: mean, range; even: mean; odd: mean, range",mean=student_t; range=beta,16,5.0,2,1,2,683.7371676334461,683.7371676334461,23.57714371149814,4.715428742299628,0.0130028857619756,4.715428742299628,0.0130028857619756,-1366.6339436713126,1.02,462.0,547.0,1.0316690501344548,2644,8,0.2936981593562764,0.953391878732038,6.902465166316098,1.0592559514768063,5.5921613770192975,6.476979153861934,7.341189361133114,0.6099181456834033,0.9887444776819674,3,False,,False,5,5,29,0,[],84.57215115899453,"(29, 184)",,[0],"{""feature_selection"": {""concat"": [""mean"", ""range""], ""even"": [""mean""], ""odd"": [""mean"", ""range""]}, ""n_chunks"": 16, ""parameter_selection"": {""mean"": {""likelihood"": ""student_t""}, ""range"": {""likelihood"": ""beta""}}, ""rem_profile_params"": {""rem_stage"": 2, ""step_size_hours"": 1, ""window_size_hours"": 2}, ""tau_threshold"": 5.0}",run_output_8day_rem_w2_s1_stage2_no_pareto,rem_w2_s1_stage2
6,1a2a5c49478b9bc1,ok,,even: mean,mean=student_t,16,5.0,2,1,2,136.711213204228,136.711213204228,4.714179765663034,4.714179765663034,0.0129818673164248,4.714179765663034,0.0129818673164248,-273.5820349511503,1.0,1218.0,1603.0,1.0231355908033926,0,8,0.0827581940941142,0.662486984558165,6.231282065677066,1.828400774186011,4.019679646162656,6.335553445267615,7.340667243419479,0.5610199812579267,0.3583207689403461,0,False,,False,1,1,29,0,[],17.48137716698693,"(29, 184)",,[0],"{""feature_selection"": {""even"": [""mean""]}, ""n_chunks"": 16, ""parameter_selection"": {""mean"": {""likelihood"": ""student_t""}}, ""rem_profile_params"": {""rem_stage"": 2, ""step_size_hours"": 1, ""window_size_hours"": 2}, ""tau_threshold"": 5.0}",run_output_8day_rem_w2_s1_stage2_no_pareto,rem_w2_s1_stage2
82,82d74c17b887ea30,ok,,concat: mean; even: mean; odd: mean,mean=student_t,16,5.0,3,1,2,408.8907904045407,408.8907904045407,14.099682427742785,4.699894142580928,0.0168884651711516,4.699894142580928,0.0168884651711516,-818.1014720409612,1.0,1001.0,1583.0,0.9811389348178056,0,7,0.1700624101821476,0.8598790933600455,6.488259041009549,1.3528396299813428,5.373369128470127,6.198497578580719,6.955101838806318,0.5655883098389947,0.7322682984484693,1,False,,False,3,3,29,0,[],45.74117248901166,"(29, 176)",,[0],"{""feature_selection"": {""concat"": [""mean""], ""even"": [""mean""], ""odd"": [""mean""]}, ""n_chunks"": 16, ""parameter_selection"": {""mean"": {""likelihood"": ""student_t""}}, ""rem_profile_params"": {""rem_stage"": 2, ""step_size_hours"": 1, ""window_size_hours"": 3}, ""tau_threshold"": 5.0}",run_output_8day_rem_w3_s1_stage2_no_pareto,rem_w3_s1_stage2
17,9f6206e6f863c352,ok,,concat: mean; even: mean,mean=lognormal,16,5.0,3,1,2,271.91192008500275,271.91192008500275,9.376273106379404,4.688136553189703,0.0169728771932904,4.688136553189703,0.0169728771932904,-543.947468798399,1.0,3132.0,2946.0,1.019524889927622,0,7,0.6155993361479447,0.994891888936473,6.632712363654388,0.5076746753658445,5.690441243406238,6.21918068895003,6.610008284319278,0.640202925501557,1.002477097715143,1,False,,False,2,2,29,0,[],20.31994366500294,"(29, 176)",,[0],"{""feature_selection"": {""concat"": [""mean""], ""even"": [""mean""]}, ""n_chunks"": 16, ""parameter_selection"": {""mean"": {""likelihood"": ""lognormal""}}, ""rem_profile_params"": {""rem_stage"": 2, ""step_size_hours"": 1, ""window_size_hours"": 3}, ""tau_threshold"": 5.0}",run_output_8day_rem_w3_s1_stage2_no_pareto,rem_w3_s1_stage2
26,05def077b68675f6,ok,,concat: mean; odd: range,mean=lognormal; range=lognormal,16,5.0,2,1,2,271.7353643006421,271.7353643006421,9.37018497588421,4.6850924879421045,0.0126710904734384,4.6850924879421045,0.0126710904734384,-545.8368331092071,1.0,3429.0,2794.0,1.0203934127759622,0,7,0.6409912548690007,0.9840145314608608,6.716216427730678,0.5339701230351988,5.974737530375406,6.328025377371203,6.664206511641001,0.7439349980804918,1.2042040503490592,2,False,,False,2,2,29,0,[],20.171575019019656,"(29, 184)",,[0],"{""feature_selection"": {""concat"": [""mean""], ""odd"": [""range""]}, ""n_chunks"": 16, ""parameter_selection"": {""mean"": {""likelihood"": ""lognormal""}, ""range"": {""likelihood"": ""lognormal""}}, ""rem_profile_params"": {""rem_stage"": 2, ""step_size_hours"": 1, ""window_size_hours"": 2}, ""tau_threshold"": 5.0}",run_output_8day_rem_w2_s1_stage2_no_pareto,rem_w2_s1_stage2
98,35c65fc497c829b1,ok,,"concat: mean; odd: mean, range",mean=student_t; range=lognormal,16,5.0,2,1,2,407.0234209729496,407.0234209729496,14.035290378377573,4.678430126125857,0.0163356905003362,4.678430126125857,0.0163356905003362,-814.4132747661108,1.01,649.0,951.0,0.977803530149497,0,4,0.1523908335514201,0.532476690445057,5.650568175596695,1.6588453836924848,3.543576856069678,5.2622122799992885,6.679932638035671,0.4086202087991747,0.8662540412352608,3,False,,False,3,3,29,0,[],36.06819853797788,"(29, 184)",,[0],"{""feature_selection"": {""concat"": [""mean""], ""odd"": [""mean"", ""range""]}, ""n_chunks"": 16, ""parameter_selection"": {""mean"": {""likelihood"": ""student_t""}, ""range"": {""likelihood"": ""lognormal""}}, ""rem_profile_params"": {""rem_stage"": 2, ""step_size_hours"": 1, ""window_size_hours"": 2}, ""tau_threshold"": 5.0}",run_output_8day_rem_w2_s1_stage2_no_pareto,rem_w2_s1_stage2
172,99ff846550475526,ok,,"concat: mean; even: mean; odd: mean, range",mean=student_t; range=lognormal,16,5.0,2,1,2,541.9993750967362,541.9993750967362,18.689633624025387,4.672408406006348,0.0135343211416275,4.672408406006348,0.0135343211416275,-1083.278574772521,1.0,572.0,1213.0,0.9566872952843444,0,8,0.2092988980146169,0.687663853265245,6.369635209569239,1.7240569374886088,3.834350639307967,6.507172036988899,7.355215212242467,0.6155415300604684,0.7388671173210906,1,False,,False,4,4,29,0,[],76.25932559504872,"(29, 184)",,[0],"{""feature_selection"": {""concat"": [""mean""], ""even"": [""mean""], ""odd"": [""mean"", ""range""]}, ""n_chunks"": 16, ""parameter_selection"": {""mean"": {""likelihood"": ""student_t""}, ""range"": {""likelihood"": ""lognormal""}}, ""rem_profile_params"": {""rem_stage"": 2, ""step_size_hours"": 1, ""window_size_hours"": 2}, ""tau_threshold"": 5.0}",run_output_8day_rem_w2_s1_stage2_no_pareto,rem_w2_s1_stage2
83,f88b839a3b3f8604,ok,,concat: mean; even: mean; odd: range,mean=lognormal; range=beta,16,5.0,2,1,2,406.1777988612028,406.1777988612028,14.006130995213889,4.668710331737963,0.0127508721306052,4.668710331737963,0.0127508721306052,-812.3653117134737,1.0,2734.0,2170.0,1.016818395312465,0,7,0.6321656559006446,0.9950965806976422,6.675696480484259,0.4834676805050579,5.779617480306868,6.26573682933894,6.633353421305568,0.6807160198600776,0.9395534281775908,2,False,,False,3,3,29,0,[],34.05039611097891,"(29, 184)",,[0],"{""feature_selection"": {""concat"": [""mean""], ""even"": [""mean""], ""odd"": [""range""]}, ""n_chunks"": 16, ""parameter_selection"": {""mean"": {""likelihood"": ""lognormal""}, ""range"": {""likelihood"": ""beta""}}, ""rem_profile_params"": {""rem_stage"": 2, ""step_size_hours"": 1, ""window_size_hours"": 2}, ""tau_threshold"": 5.0}",run_output_8day_rem_w2_s1_stage2_no_pareto,rem_w2_s1_stage2
23,e3366e9e996708ed,ok,,concat: mean; odd: mean,mean=lognormal,16,5.0,2,2,2,270.6766208185611,270.6766208185611,9.333676579950383,4.666838289975191,0.0288839791220643,4.666838289975191,0.0288839791220643,-538.128217214506,1.0,2952.0,2580.0,1.020316116884625,0,7,0.5820836377464389,0.992778892994557,6.553051133833578,0.5376588497853603,5.563419865711918,6.110738244884836,6.558153682805125,0.5618766338280473,1.7390845402518165,3,False,,False,2,2,29,0,[],19.70871166797588,"(29, 96)",,[0],"{""feature_selection"": {""concat"": [""mean""], ""odd"": [""mean""]}, ""n_chunks"": 16, ""parameter_selection"": {""mean"": {""likelihood"": ""lognormal""}}, ""rem_profile_params"": {""rem_stage"": 2, ""step_size_hours"": 2, ""window_size_hours"": 2}, ""tau_threshold"": 5.0}",run_output_8day_rem_w2_s2_stage2_no_pareto,rem_w2_s2_stage2
143,e0d88deaf117d458,ok,,"concat: mean, range; even: mean; odd: mean",mean=student_t; range=beta,16,5.0,2,2,2,536.0434836916554,536.0434836916554,18.484258058332944,4.621064514583236,0.0141261602546844,4.621064514583236,0.0141261602546844,-1071.739044777661,1.0,1582.0,1247.0,0.9338503329820635,0,7,0.602836976707757,0.9860176512832736,6.9766577468920286,0.5545083665874236,6.184818174754014,6.5005863159667685,6.816354457179524,0.8963242729651189,0.9260366556363092,3,False,,False,4,4,29,0,[],78.12072225200245,"(29, 96)",,[0],"{""feature_selection"": {""concat"": [""mean"", ""range""], ""even"": [""mean""], ""odd"": [""mean""]}, ""n_chunks"": 16, ""parameter_selection"": {""mean"": {""likelihood"": ""student_t""}, ""range"": {""likelihood"": ""beta""}}, ""rem_profile_params"": {""rem_stage"": 2, ""step_size_hours"": 2, ""window_size_hours"": 2}, ""tau_threshold"": 5.0}",run_output_8day_rem_w2_s2_stage2_no_pareto,rem_w2_s2_stage2
141,c95902a64d4ad3f3,ok,,"concat: mean, range; even: mean; odd: mean",mean=lognormal; range=beta,16,5.0,2,1,2,534.9910731737202,534.9910731737202,18.44796804047311,4.611992010118279,0.0166028468658318,4.611992010118279,0.0166028468658318,-1065.415656829707,1.0,1645.0,1575.0,0.9901663722444872,0,7,0.627383485378004,0.997860963888101,6.646329439772422,0.490876735443522,5.711011843991996,6.230107884865866,6.615528032839009,0.649257820378594,1.528616630420431,3,False,,False,4,4,29,0,[],51.19570616801502,"(29, 184)",,[0],"{""feature_selection"": {""concat"": [""mean"", ""range""], ""even"": [""mean""], ""odd"": [""mean""]}, ""n_chunks"": 16, ""parameter_selection"": {""mean"": {""likelihood"": ""lognormal""}, ""range"": {""likelihood"": ""beta""}}, ""rem_profile_params"": {""rem_stage"": 2, ""step_size_hours"": 1, ""window_size_hours"": 2}, ""tau_threshold"": 5.0}",run_output_8day_rem_w2_s1_stage2_no_pareto,rem_w2_s1_stage2
70,705cb058a0df1e58,ok,,"concat: mean, range; odd: mean",mean=lognormal; range=lognormal,16,5.0,2,1,2,398.34701689054,398.34701689054,13.736104030708278,4.578701343569426,0.0203018662745499,4.578701343569426,0.0203018662745499,-789.3475142028393,1.0,3292.0,2702.0,1.0613819167922276,0,7,0.7369431054741036,0.9984650526214616,6.824916772544429,0.3872664980960124,6.093009798690308,6.395366246065472,6.697722693440637,0.8269040973805506,1.5332934308983046,2,False,,False,3,3,29,0,[],27.024624761019368,"(29, 184)",,[0],"{""feature_selection"": {""concat"": [""mean"", ""range""], ""odd"": [""mean""]}, ""n_chunks"": 16, ""parameter_selection"": {""mean"": {""likelihood"": ""lognormal""}, ""range"": {""likelihood"": ""lognormal""}}, ""rem_profile_params"": {""rem_stage"": 2, ""step_size_hours"": 1, ""window_size_hours"": 2}, ""tau_threshold"": 5.0}",run_output_8day_rem_w2_s1_stage2_no_pareto,rem_w2_s1_stage2
145,3940da8b584302a4,ok,,"concat: mean, range; even: mean; odd: range",mean=lognormal; range=beta,16,5.0,2,1,2,530.7768760414875,530.7768760414875,18.30265089798233,4.575662724495582,0.0118494530228402,4.575662724495582,0.0118494530228402,-1061.803177542996,1.0,2091.0,2102.0,0.9706093484208907,0,6,0.6078484274288039,0.9989181323817194,6.491444711350639,0.5029773543894959,5.491511777523369,5.985159802298066,6.492536312456078,0.4924844236393391,0.8615988648871375,3,False,,False,4,4,29,0,[],57.51398679497652,"(29, 184)",,[0],"{""feature_selection"": {""concat"": [""mean"", ""range""], ""even"": [""mean""], ""odd"": [""range""]}, ""n_chunks"": 16, ""parameter_selection"": {""mean"": {""likelihood"": ""lognormal""}, ""range"": {""likelihood"": ""beta""}}, ""rem_profile_params"": {""rem_stage"": 2, ""step_size_hours"": 1, ""window_size_hours"": 2}, ""tau_threshold"": 5.0}",run_output_8day_rem_w2_s1_stage2_no_pareto,rem_w2_s1_stage2
79,ed16744ff648c2db,ok,,"concat: mean; even: mean, range",mean=student_t; range=beta,16,5.0,2,1,2,396.6964788433779,396.6964788433779,13.67918892563372,4.559729641877907,0.0121460180690064,4.559729641877907,0.0121460180690064,-794.5972433695927,1.01,640.0,1327.0,0.9446470183218568,0,8,0.0285201145405028,0.5409199228262971,5.823013230402864,1.6917517233227926,3.9208510357945463,5.253851219482709,7.044373038397448,0.3797234436063726,1.1599095070866667,1,False,,False,3,3,29,0,[],49.6546176400152,"(29, 184)",,[0],"{""feature_selection"": {""concat"": [""mean""], ""even"": [""mean"", ""range""]}, ""n_chunks"": 16, ""parameter_selection"": {""mean"": {""likelihood"": ""student_t""}, ""range"": {""likelihood"": ""beta""}}, ""rem_profile_params"": {""rem_stage"": 2, ""step_size_hours"": 1, ""window_size_hours"": 2}, ""tau_threshold"": 5.0}",run_output_8day_rem_w2_s1_stage2_no_pareto,rem_w2_s1_stage2
21,a714441b03403ad8,ok,,concat: mean; even: range,mean=student_t; range=beta,16,5.0,2,2,2,264.2578889665286,264.2578889665286,9.112340998845813,4.556170499422906,0.0114967827635152,4.556170499422906,0.0114967827635152,-528.9221077086744,1.0,1442.0,1527.0,0.925339707859842,0,8,0.218295189163163,0.8924178708548287,6.79662850301899,1.3502391369362678,5.5276417560551225,6.581819415749675,7.393131344764804,0.622503920299425,0.5346991042366408,0,False,,False,2,2,29,0,[],32.23485248099314,"(29, 96)",,[0],"{""feature_selection"": {""concat"": [""mean""], ""even"": [""range""]}, ""n_chunks"": 16, ""parameter_selection"": {""mean"": {""likelihood"": ""student_t""}, ""range"": {""likelihood"": ""beta""}}, ""rem_profile_params"": {""rem_stage"": 2, ""step_size_hours"": 2, ""window_size_hours"": 2}, ""tau_threshold"": 5.0}",run_output_8day_rem_w2_s2_stage2_no_pareto,rem_w2_s2_stage2
144,a5a1d46773aa7e3e,ok,,"concat: mean, range; even: mean; odd: mean",mean=student_t; range=lognormal,16,5.0,2,2,2,528.1547781925152,528.1547781925152,18.212233730776383,4.553058432694097,0.0141812071706745,4.553058432694097,0.0141812071706745,-1055.6941072418888,1.0,1827.0,2208.0,0.9614639782419688,0,7,0.4787830546027981,0.9685989262460364,6.540507214446641,0.646189802258277,5.526539210092826,6.101841405306342,6.578295079598243,0.5534372021884905,0.919341802769688,2,False,,False,4,4,29,0,[],68.33259126299527,"(29, 96)",,[0],"{""feature_selection"": {""concat"": [""mean"", ""range""], ""even"": [""mean""], ""odd"": [""mean""]}, ""n_chunks"": 16, ""parameter_selection"": {""mean"": {""likelihood"": ""student_t""}, ""range"": {""likelihood"": ""lognormal""}}, ""rem_profile_params"": {""rem_stage"": 2, ""step_size_hours"": 2, ""window_size_hours"": 2}, ""tau_threshold"": 5.0}",run_output_8day_rem_w2_s2_stage2_no_pareto,rem_w2_s2_stage2
24,ddf9e5d177caa131,ok,,concat: mean; odd: mean,mean=student_t,16,5.0,6,1,2,263.18274241234025,263.18274241234025,9.07526697973587,4.537633489867935,0.0184001203613976,4.537633489867935,0.0184001203613976,-526.338606730224,1.01,968.0,1312.0,0.9949994744286816,0,8,0.0684218477344356,0.7273080418187814,6.177793786392236,1.6749298019989645,4.656398413195214,6.085256599963911,7.046263678628789,0.52217042160868,0.699210999838913,0,False,,False,2,2,29,0,[],29.119871745991983,"(29, 152)",,[0],"{""feature_selection"": {""concat"": [""mean""], ""odd"": [""mean""]}, ""n_chunks"": 16, ""parameter_selection"": {""mean"": {""likelihood"": ""student_t""}}, ""rem_profile_params"": {""rem_stage"": 2, ""step_size_hours"": 1, ""window_size_hours"": 6}, ""tau_threshold"": 5.0}",run_output_8day_rem_w6_s1_stage2_no_pareto,rem_w6_s1_stage2
72,3a002ac8c594e265,ok,,"concat: mean, range; odd: mean",mean=student_t; range=lognormal,16,5.0,3,1,2,394.218665453977,394.218665453977,13.593747084619896,4.531249028206632,0.017282629206856,4.531249028206632,0.017282629206856,-787.9330029685862,1.0,1995.0,2522.0,1.0227953956213045,0,7,0.3794029564867496,0.8516013735873775,6.37478193968955,0.8197613891930325,5.322826772343943,6.070323465210836,6.547063655309453,0.5368772481696423,0.9482015540530214,2,False,,False,3,3,29,0,[],37.65897061704891,"(29, 176)",,[0],"{""feature_selection"": {""concat"": [""mean"", ""range""], ""odd"": [""mean""]}, ""n_chunks"": 16, ""parameter_selection"": {""mean"": {""likelihood"": ""student_t""}, ""range"": {""likelihood"": ""lognormal""}}, ""rem_profile_params"": {""rem_stage"": 2, ""step_size_hours"": 1, ""window_size_hours"": 3}, ""tau_threshold"": 5.0}",run_output_8day_rem_w3_s1_stage2_no_pareto,rem_w3_s1_stage2
21,a35f545519825165,ok,,concat: mean; even: range,mean=student_t; range=beta,16,5.0,2,1,2,261.27342046515446,261.27342046515446,9.009428291901878,4.504714145950939,0.0145845569266841,4.504714145950939,0.0145845569266841,-521.5514661242794,1.01,820.0,1514.0,1.0178302538712858,0,5,0.0574828864175133,0.4094253941929612,5.309797914060757,1.4039533320033375,3.798112478156716,4.701178179655389,5.733326017178477,0.1920249604726882,0.9109909140692282,1,False,,False,2,2,29,0,[],32.35941289004404,"(29, 184)",,[0],"{""feature_selection"": {""concat"": [""mean""], ""even"": [""range""]}, ""n_chunks"": 16, ""parameter_selection"": {""mean"": {""likelihood"": ""student_t""}, ""range"": {""likelihood"": ""beta""}}, ""rem_profile_params"": {""rem_stage"": 2, ""step_size_hours"": 1, ""window_size_hours"": 2}, ""tau_threshold"": 5.0}",run_output_8day_rem_w2_s1_stage2_no_pareto,rem_w2_s1_stage2
148,24ed33ca140fe867,ok,,"concat: mean, range; even: mean; odd: range",mean=student_t; range=lognormal,16,5.0,2,1,2,522.0099615734853,522.0099615734853,18.000343502533976,4.500085875633493,0.0098883793133996,4.500085875633493,0.0098883793133996,-1044.8859679262555,1.0,782.0,712.0,0.9613692827972622,0,7,0.450438638279921,0.8739033179757837,6.653618687143861,1.0910659698676506,6.084090395832993,6.433038110762452,6.781985825691911,0.8102456988792663,1.0759862638300424,1,False,,False,4,4,29,0,[],60.75775934400736,"(29, 184)",,[0],"{""feature_selection"": {""concat"": [""mean"", ""range""], ""even"": [""mean""], ""odd"": [""range""]}, ""n_chunks"": 16, ""parameter_selection"": {""mean"": {""likelihood"": ""student_t""}, ""range"": {""likelihood"": ""lognormal""}}, ""rem_profile_params"": {""rem_stage"": 2, ""step_size_hours"": 1, ""window_size_hours"": 2}, ""tau_threshold"": 5.0}",run_output_8day_rem_w2_s1_stage2_no_pareto,rem_w2_s1_stage2
27,fab8ddd86f78ea26,ok,,concat: mean; odd: range,mean=student_t; range=beta,16,5.0,2,2,2,260.7335533042804,260.7335533042804,8.990812182906222,4.495406091453111,0.0133334562213075,4.495406091453111,0.0133334562213075,-522.4346752337472,1.0,1656.0,1807.0,0.950558282697,0,7,0.4161312298050676,0.9975881854376922,6.877708434701993,0.7194640302199296,5.802615005116015,6.382343618669108,6.887791521523994,0.6891112894669968,0.9317593483846632,2,False,,False,2,2,29,0,[],32.79384682700038,"(29, 96)",,[0],"{""feature_selection"": {""concat"": [""mean""], ""odd"": [""range""]}, ""n_chunks"": 16, ""parameter_selection"": {""mean"": {""likelihood"": ""student_t""}, ""range"": {""likelihood"": ""beta""}}, ""rem_profile_params"": {""rem_stage"": 2, ""step_size_hours"": 2, ""window_size_hours"": 2}, ""tau_threshold"": 5.0}",run_output_8day_rem_w2_s2_stage2_no_pareto,rem_w2_s2_stage2
143,65badb246895807f,ok,,"concat: mean, range; even: mean; odd: mean",mean=student_t; range=beta,16,5.0,3,1,2,519.4049934842138,519.4049934842138,17.91051701669703,4.477629254174257,0.0141340287122312,4.477629254174257,0.0141340287122312,-1039.9698018766037,1.0,2531.0,1933.0,0.98039936899738,0,7,0.7879740423353068,0.9969891984350424,7.044217467358251,0.3446012047268555,6.25118292195122,6.52762570298567,6.804068484020119,0.9771563404651892,1.0007456204377143,3,False,,False,4,4,29,0,[],77.97971128998324,"(29, 176)",,[0],"{""feature_selection"": {""concat"": [""mean"", ""range""], ""even"": [""mean""], ""odd"": [""mean""]}, ""n_chunks"": 16, ""parameter_selection"": {""mean"": {""likelihood"": ""student_t""}, ""range"": {""likelihood"": ""beta""}}, ""rem_profile_params"": {""rem_stage"": 2, ""step_size_hours"": 1, ""window_size_hours"": 3}, ""tau_threshold"": 5.0}",run_output_8day_rem_w3_s1_stage2_no_pareto,rem_w3_s1_stage2
64,fa2ed9a3c6b6fcab,ok,,"concat: mean, range; even: mean",mean=student_t; range=lognormal,16,5.0,3,1,2,389.39376785436815,389.39376785436815,13.42737130532304,4.4757904351076805,0.0111374739716877,4.4757904351076805,0.0111374739716877,-779.6810734125854,1.0,2075.0,2358.0,1.0410828504420049,0,7,0.4700159768242172,0.8988549571508346,6.628336959103159,0.7609058257783186,5.835099205394167,6.3188683246975295,6.680222137577755,0.7206067248577923,0.8578543985167167,2,False,,False,3,3,29,0,[],36.84368622902548,"(29, 176)",,[0],"{""feature_selection"": {""concat"": [""mean"", ""range""], ""even"": [""mean""]}, ""n_chunks"": 16, ""parameter_selection"": {""mean"": {""likelihood"": ""student_t""}, ""range"": {""likelihood"": ""lognormal""}}, ""rem_profile_params"": {""rem_stage"": 2, ""step_size_hours"": 1, ""window_size_hours"": 3}, ""tau_threshold"": 5.0}",run_output_8day_rem_w3_s1_stage2_no_pareto,rem_w3_s1_stage2
28,9ea5ba5aaf7ce955,ok,,concat: mean; odd: range,mean=student_t; range=lognormal,16,5.0,2,2,2,259.46602838720577,259.46602838720577,8.947104427145026,4.473552213572512,0.015261156219908,4.473552213572512,0.015261156219908,-518.9494003989581,1.0,2025.0,1510.0,1.022022569844982,0,8,0.6005856384242814,0.928227817440338,7.576600917002466,1.098276629882492,7.097165835085575,7.398110556723717,7.699055278361858,0.8840140139148446,0.6354501329927377,0,False,,False,2,2,29,0,[],24.825937129964583,"(29, 96)",,[0],"{""feature_selection"": {""concat"": [""mean""], ""odd"": [""range""]}, ""n_chunks"": 16, ""parameter_selection"": {""mean"": {""likelihood"": ""student_t""}, ""range"": {""likelihood"": ""lognormal""}}, ""rem_profile_params"": {""rem_stage"": 2, ""step_size_hours"": 2, ""window_size_hours"": 2}, ""tau_threshold"": 5.0}",run_output_8day_rem_w2_s2_stage2_no_pareto,rem_w2_s2_stage2
139,d5a2fe5d4589ae1a,ok,,"concat: mean, range; even: mean, range",mean=student_t; range=beta,16,5.0,2,1,2,518.8226078715421,518.8226078715421,17.89043475419111,4.472608688547777,0.0111699564839964,4.472608688547777,0.0111699564839964,-1038.8098468137,1.01,694.0,629.0,0.9143996519479344,0,6,0.1964962398405775,0.8456745574666926,6.471965141420419,1.2519431397555307,5.2305983437467205,5.833157555549187,7.140524066733711,0.4307775728995459,0.913325671915663,2,False,,False,4,4,29,0,[],79.7160419599968,"(29, 184)",,[0],"{""feature_selection"": {""concat"": [""mean"", ""range""], ""even"": [""mean"", ""range""]}, ""n_chunks"": 16, ""parameter_selection"": {""mean"": {""likelihood"": ""student_t""}, ""range"": {""likelihood"": ""beta""}}, ""rem_profile_params"": {""rem_stage"": 2, ""step_size_hours"": 1, ""window_size_hours"": 2}, ""tau_threshold"": 5.0}",run_output_8day_rem_w2_s1_stage2_no_pareto,rem_w2_s1_stage2
61,f428bf329e918da8,ok,,"concat: mean, range; even: mean",mean=lognormal; range=beta,16,5.0,2,2,2,388.8390826126262,388.8390826126262,13.408244228021594,4.469414742673864,0.0132053878445713,4.469414742673864,0.0132053878445713,-778.7018169977562,1.0,1915.0,1249.0,0.9575559140152062,0,7,0.9394545228969126,0.9997414691290332,6.977416402560773,0.1514653007519202,6.232923086240626,6.488620187126186,6.744317288011745,0.9777334054961322,1.1914215173938936,2,False,,False,3,3,29,0,[],32.20205238001654,"(29, 96)",,[0],"{""feature_selection"": {""concat"": [""mean"", ""range""], ""even"": [""mean""]}, ""n_chunks"": 16, ""parameter_selection"": {""mean"": {""likelihood"": ""lognormal""}, ""range"": {""likelihood"": ""beta""}}, ""rem_profile_params"": {""rem_stage"": 2, ""step_size_hours"": 2, ""window_size_hours"": 2}, ""tau_threshold"": 5.0}",run_output_8day_rem_w2_s2_stage2_no_pareto,rem_w2_s2_stage2
28,f575e5f4cfc64a95,ok,,concat: mean; odd: range,mean=student_t; range=lognormal,16,5.0,3,1,2,258.9409889251298,258.9409889251298,8.928999618107923,4.464499809053961,0.0129690270250339,4.464499809053961,0.0129690270250339,-517.4213214310171,1.01,352.0,725.0,1.0899832435270338,0,8,0.2838417042122384,0.7618141095727845,6.801389192256014,1.6546690635013364,5.12171527458707,7.15263014117715,7.576315070588575,0.6647506176415963,0.6102842717634981,0,False,,False,2,2,29,0,[],20.108050336013548,"(29, 176)",,[0],"{""feature_selection"": {""concat"": [""mean""], ""odd"": [""range""]}, ""n_chunks"": 16, ""parameter_selection"": {""mean"": {""likelihood"": ""student_t""}, ""range"": {""likelihood"": ""lognormal""}}, ""rem_profile_params"": {""rem_stage"": 2, ""step_size_hours"": 1, ""window_size_hours"": 3}, ""tau_threshold"": 5.0}",run_output_8day_rem_w3_s1_stage2_no_pareto,rem_w3_s1_stage2
163,80361b39aaa89b4a,ok,,"concat: mean; even: mean, range; odd: mean",mean=student_t; range=beta,16,5.0,2,1,2,515.5955714074662,515.5955714074662,17.779157634740212,4.444789408685054,0.0138764554045608,4.444789408685054,0.0138764554045608,-1032.5916929667048,1.01,482.0,1159.0,0.9386574689459666,0,8,0.086752433478112,0.6642910516767137,6.23660518335951,1.7041061512962792,4.348963445052236,5.8758785404207945,7.340723895016225,0.4767181815870044,0.8567138180932076,2,False,,False,4,4,29,0,[],83.0591123040067,"(29, 184)",,[0],"{""feature_selection"": {""concat"": [""mean""], ""even"": [""mean"", ""range""], ""odd"": [""mean""]}, ""n_chunks"": 16, ""parameter_selection"": {""mean"": {""likelihood"": ""student_t""}, ""range"": {""likelihood"": ""beta""}}, ""rem_profile_params"": {""rem_stage"": 2, ""step_size_hours"": 1, ""window_size_hours"": 2}, ""tau_threshold"": 5.0}",run_output_8day_rem_w2_s1_stage2_no_pareto,rem_w2_s1_stage2
31,01417cf4c0794cbb,ok,,concat: range; even: mean,mean=student_t; range=beta,16,5.0,2,1,2,257.3874635042533,257.3874635042533,8.875429776008733,4.437714888004367,0.0113169027186504,4.437714888004367,0.0113169027186504,-515.6533703956472,1.0,1481.0,1607.0,1.0065228224768683,0,8,0.186423761689998,0.8730320816509392,6.71861210397409,1.331551120980605,5.439408914795892,6.426414991186433,7.33307021919614,0.5930375765142185,0.8569290783877789,1,False,,False,2,2,29,0,[],35.42587002099026,"(29, 184)",,[0],"{""feature_selection"": {""concat"": [""range""], ""even"": [""mean""]}, ""n_chunks"": 16, ""parameter_selection"": {""mean"": {""likelihood"": ""student_t""}, ""range"": {""likelihood"": ""beta""}}, ""rem_profile_params"": {""rem_stage"": 2, ""step_size_hours"": 1, ""window_size_hours"": 2}, ""tau_threshold"": 5.0}",run_output_8day_rem_w2_s1_stage2_no_pareto,rem_w2_s1_stage2
84,b3583c979aacb0ec,ok,,concat: mean; even: mean; odd: range,mean=lognormal; range=lognormal,16,5.0,2,1,2,386.0386928968007,386.0386928968007,13.31167906540692,4.437226355135641,0.0123018061026908,4.437226355135641,0.0123018061026908,-773.5214193348023,1.0,3643.0,2364.0,1.0888195612678415,0,7,0.7345837163285163,0.9870784353110748,6.828470885935849,0.4576004068045119,6.11895002007881,6.412709841243618,6.706469662408428,0.8512306751201983,1.1363692824914209,1,False,,False,3,3,29,0,[],29.108075138006825,"(29, 184)",,[0],"{""feature_selection"": {""concat"": [""mean""], ""even"": [""mean""], ""odd"": [""range""]}, ""n_chunks"": 16, ""parameter_selection"": {""mean"": {""likelihood"": ""lognormal""}, ""range"": {""likelihood"": ""lognormal""}}, ""rem_profile_params"": {""rem_stage"": 2, ""step_size_hours"": 1, ""window_size_hours"": 2}, ""tau_threshold"": 5.0}",run_output_8day_rem_w2_s1_stage2_no_pareto,rem_w2_s1_stage2
142,dca029df4278ef3a,ok,,"concat: mean, range; even: mean; odd: mean",mean=lognormal; range=lognormal,16,5.0,2,1,2,514.3237052818827,514.3237052818827,17.735300182133884,4.433825045533471,0.0162079360580306,4.433825045533471,0.0162079360580306,-1022.9223003511196,1.0,3699.0,2760.0,1.0605933691930367,0,7,0.8351980281517144,0.9991546356421154,6.91441725414744,0.2837783980943967,6.180658426426613,6.453779874097646,6.726901321768679,0.9153645548227068,1.071286804767385,3,False,,False,4,4,29,0,[],42.024737943022046,"(29, 184)",,[0],"{""feature_selection"": {""concat"": [""mean"", ""range""], ""even"": [""mean""], ""odd"": [""mean""]}, ""n_chunks"": 16, ""parameter_selection"": {""mean"": {""likelihood"": ""lognormal""}, ""range"": {""likelihood"": ""lognormal""}}, ""rem_profile_params"": {""rem_stage"": 2, ""step_size_hours"": 1, ""window_size_hours"": 2}, ""tau_threshold"": 5.0}",run_output_8day_rem_w2_s1_stage2_no_pareto,rem_w2_s1_stage2
2,50723454d2ca413f,ok,,"concat: mean, range; even: mean; odd: mean, range",mean=student_t; range=lognormal,16,5.0,2,1,2,639.7158031651111,639.7158031651111,22.05916562638314,4.41183312527663,0.0123960752125362,4.41183312527663,0.0123960752125362,-1277.1474311810466,1.01,552.0,479.0,0.939053075297376,0,7,0.4158927130654983,0.9109582651827534,6.827105424659794,1.0089216666321252,6.124040369464197,6.50138166427861,6.878722959093024,0.8321804896315437,1.1261453831955544,3,False,,False,5,5,29,0,[],48.592316599038895,"(29, 184)",,[0],"{""feature_selection"": {""concat"": [""mean"", ""range""], ""even"": [""mean""], ""odd"": [""mean"", ""range""]}, ""n_chunks"": 16, ""parameter_selection"": {""mean"": {""likelihood"": ""student_t""}, ""range"": {""likelihood"": ""lognormal""}}, ""rem_profile_params"": {""rem_stage"": 2, ""step_size_hours"": 1, ""window_size_hours"": 2}, ""tau_threshold"": 5.0}",run_output_8day_rem_w2_s1_stage2_no_pareto,rem_w2_s1_stage2
76,e57da2027252e179,ok,,"concat: mean, range; odd: range",mean=student_t; range=lognormal,16,5.0,2,1,2,383.296404439714,383.296404439714,13.217117394472895,4.405705798157631,0.0115540181086822,4.405705798157631,0.0115540181086822,-767.6914090315231,1.0,914.0,1013.0,0.982948241554036,0,7,0.4042918830619997,0.8354864204683548,6.474768702198501,1.1386470579770624,5.81809040374571,6.341839247704368,6.7118090092363145,0.7309913425687162,1.280495076473464,3,False,,False,3,3,29,0,[],33.81768228800502,"(29, 184)",,[0],"{""feature_selection"": {""concat"": [""mean"", ""range""], ""odd"": [""range""]}, ""n_chunks"": 16, ""parameter_selection"": {""mean"": {""likelihood"": ""student_t""}, ""range"": {""likelihood"": ""lognormal""}}, ""rem_profile_params"": {""rem_stage"": 2, ""step_size_hours"": 1, ""window_size_hours"": 2}, ""tau_threshold"": 5.0}",run_output_8day_rem_w2_s1_stage2_no_pareto,rem_w2_s1_stage2
61,1f83203f2ca1f412,ok,,"concat: mean, range; even: mean",mean=lognormal; range=beta,16,5.0,3,1,2,383.29338675499287,383.29338675499287,13.217013336379065,4.405671112126356,0.0133824291715833,4.405671112126356,0.0133824291715833,-767.072148841372,1.0,2084.0,1522.0,0.9703301025184105,0,7,0.963292446962182,0.9999396387794556,6.987865975326473,0.1102900816379636,6.240839118996313,6.493894356628405,6.746949594260497,0.9879313714763532,0.9480441532870136,1,False,,False,3,3,29,0,[],33.05825924599776,"(29, 176)",,[0],"{""feature_selection"": {""concat"": [""mean"", ""range""], ""even"": [""mean""]}, ""n_chunks"": 16, ""parameter_selection"": {""mean"": {""likelihood"": ""lognormal""}, ""range"": {""likelihood"": ""beta""}}, ""rem_profile_params"": {""rem_stage"": 2, ""step_size_hours"": 1, ""window_size_hours"": 3}, ""tau_threshold"": 5.0}",run_output_8day_rem_w3_s1_stage2_no_pareto,rem_w3_s1_stage2
23,20de196d8262af7d,ok,,concat: mean; odd: mean,mean=lognormal,16,5.0,3,1,2,255.4615319127872,255.4615319127872,8.809018341820249,4.404509170910123,0.0254418386949639,4.404509170910123,0.0254418386949639,-507.13971950972393,1.0,3317.0,2901.0,1.0706952415978457,0,6,0.5927928603841932,0.9941944698202744,6.46583813292893,0.5246752247680632,5.470131079711056,5.951439153617345,6.473483651300464,0.4747766300757561,1.2830778865044812,1,False,,False,2,2,29,0,[],20.47144032799406,"(29, 176)",,[0],"{""feature_selection"": {""concat"": [""mean""], ""odd"": [""mean""]}, ""n_chunks"": 16, ""parameter_selection"": {""mean"": {""likelihood"": ""lognormal""}}, ""rem_profile_params"": {""rem_stage"": 2, ""step_size_hours"": 1, ""window_size_hours"": 3}, ""tau_threshold"": 5.0}",run_output_8day_rem_w3_s1_stage2_no_pareto,rem_w3_s1_stage2
199,a2d808357dcd6e79,ok,,"concat: mean, range; even: mean, range; odd: mean",mean=student_t; range=beta,16,5.0,2,1,2,638.0883269203756,638.0883269203756,22.00304575587502,4.400609151175004,0.0127204498555425,4.400609151175004,0.0127204498555425,-1277.5247481466815,1.01,522.0,383.0,0.938831098331216,0,6,0.2684384412660664,0.8910552547352357,6.605089271259335,1.2173326409313368,5.315865357606117,5.875690934822301,7.273251029638279,0.4444875912083884,1.1537006438286737,2,False,,False,5,5,29,0,[],116.26492561295164,"(29, 184)",,[0],"{""feature_selection"": {""concat"": [""mean"", ""range""], ""even"": [""mean"", ""range""], ""odd"": [""mean""]}, ""n_chunks"": 16, ""parameter_selection"": {""mean"": {""likelihood"": ""student_t""}, ""range"": {""likelihood"": ""beta""}}, ""rem_profile_params"": {""rem_stage"": 2, ""step_size_hours"": 1, ""window_size_hours"": 2}, ""tau_threshold"": 5.0}",run_output_8day_rem_w2_s1_stage2_no_pareto,rem_w2_s1_stage2
46,90a45432161d72be,ok,,even: mean; odd: mean,mean=student_t,16,5.0,2,1,2,255.193656453002,255.193656453002,8.799781257000069,4.399890628500035,0.0169490646292963,4.399890628500035,0.0169490646292963,-510.9410825520883,1.0,1190.0,1594.0,0.9998697642762484,0,8,0.1655691458112967,0.7537130567013146,6.600171286476776,1.737471383387398,5.0320132520081176,6.923387647305033,7.488305602572923,0.6377280670984792,0.7057903577740617,1,False,,False,2,2,29,0,[],30.12134554196382,"(29, 184)",,[0],"{""feature_selection"": {""even"": [""mean""], ""odd"": [""mean""]}, ""n_chunks"": 16, ""parameter_selection"": {""mean"": {""likelihood"": ""student_t""}}, ""rem_profile_params"": {""rem_stage"": 2, ""step_size_hours"": 1, ""window_size_hours"": 2}, ""tau_threshold"": 5.0}",run_output_8day_rem_w2_s1_stage2_no_pareto,rem_w2_s1_stage2
67,6ca63520d08bdb17,ok,,"concat: mean, range; even: range",mean=student_t; range=beta,16,5.0,2,1,2,382.6710761501555,382.6710761501555,13.195554350005365,4.398518116668454,0.0129256731352716,4.398518116668454,0.0129256731352716,-767.0076158675398,1.0,881.0,786.0,0.89165467853508,0,6,0.2740659942151324,0.8044492238023182,6.034715964518311,1.0494286132532518,5.093438742997519,5.522456534586045,5.951474326174569,0.2217228080181975,1.0217911072502313,1,False,,False,3,3,29,0,[],47.18168233399047,"(29, 184)",,[0],"{""feature_selection"": {""concat"": [""mean"", ""range""], ""even"": [""range""]}, ""n_chunks"": 16, ""parameter_selection"": {""mean"": {""likelihood"": ""student_t""}, ""range"": {""likelihood"": ""beta""}}, ""rem_profile_params"": {""rem_stage"": 2, ""step_size_hours"": 1, ""window_size_hours"": 2}, ""tau_threshold"": 5.0}",run_output_8day_rem_w2_s1_stage2_no_pareto,rem_w2_s1_stage2
27,f3c698bcf3e69a91,ok,,concat: mean; odd: range,mean=student_t; range=beta,16,5.0,3,1,2,255.10217822985456,255.10217822985456,8.796626835512226,4.398313417756113,0.0150745438068279,4.398313417756113,0.0150745438068279,-500.38615291233936,1.0,388.0,702.0,1.0051309152159296,0,8,0.1776985168743495,0.6792223631799233,6.032710412650228,2.058261848422848,2.3513601573218548,6.326827208955715,7.3069971203983375,0.5676068038790979,1.118011704583051,1,False,,False,2,2,29,0,[],35.82959833100904,"(29, 176)",,[0],"{""feature_selection"": {""concat"": [""mean""], ""odd"": [""range""]}, ""n_chunks"": 16, ""parameter_selection"": {""mean"": {""likelihood"": ""student_t""}, ""range"": {""likelihood"": ""beta""}}, ""rem_profile_params"": {""rem_stage"": 2, ""step_size_hours"": 1, ""window_size_hours"": 3}, ""tau_threshold"": 5.0}",run_output_8day_rem_w3_s1_stage2_no_pareto,rem_w3_s1_stage2
26,9fba83cf943d4d2f,ok,,concat: mean; odd: range,mean=lognormal; range=lognormal,16,5.0,3,1,2,253.6032076709697,253.6032076709697,8.744938195550679,4.37246909777534,0.0117777218505767,4.37246909777534,0.0117777218505767,-509.46568404272807,1.0,1646.0,1620.0,0.987846656925135,0,6,0.5416047022103438,0.9778778236533124,6.382698699023701,0.5759013765212507,5.399388576828484,5.837549441305695,6.3925994604548615,0.4073111202616584,1.204206138395129,2,False,,False,2,2,29,0,[],20.36539448297117,"(29, 176)",,[0],"{""feature_selection"": {""concat"": [""mean""], ""odd"": [""range""]}, ""n_chunks"": 16, ""parameter_selection"": {""mean"": {""likelihood"": ""lognormal""}, ""range"": {""likelihood"": ""lognormal""}}, ""rem_profile_params"": {""rem_stage"": 2, ""step_size_hours"": 1, ""window_size_hours"": 3}, ""tau_threshold"": 5.0}",run_output_8day_rem_w3_s1_stage2_no_pareto,rem_w3_s1_stage2
89,f6bd8c1943466483,ok,,concat: mean; even: range; odd: mean,mean=student_t; range=beta,16,5.0,2,1,2,380.1476264151904,380.1476264151904,13.108538841903115,4.36951294730104,0.0166166178560378,4.36951294730104,0.0166166178560378,-760.857903719495,1.01,620.0,1061.0,0.9102828469431232,0,6,0.0495962768645038,0.5279339454707932,5.646304218221784,1.5028051079138602,4.0817485217757055,5.104648576794751,6.127520538098016,0.2610029816070365,0.8757059000654943,2,False,,False,3,3,29,0,[],52.92965312197339,"(29, 184)",,[0],"{""feature_selection"": {""concat"": [""mean""], ""even"": [""range""], ""odd"": [""mean""]}, ""n_chunks"": 16, ""parameter_selection"": {""mean"": {""likelihood"": ""student_t""}, ""range"": {""likelihood"": ""beta""}}, ""rem_profile_params"": {""rem_stage"": 2, ""step_size_hours"": 1, ""window_size_hours"": 2}, ""tau_threshold"": 5.0}",run_output_8day_rem_w2_s1_stage2_no_pareto,rem_w2_s1_stage2
62,6873dcd2fac6401c,ok,,"concat: mean, range; even: mean",mean=lognormal; range=lognormal,16,5.0,2,2,2,379.0229813286444,379.0229813286444,13.069757976849807,4.356585992283269,0.0126008245537538,4.356585992283269,0.0126008245537538,-758.4849252837603,1.0,3128.0,2579.0,1.020621363007917,0,7,0.7666238904246544,0.9994642571274354,6.854202038992483,0.3550552453950122,6.122626100215556,6.415087833320104,6.707549566424653,0.854822346255228,1.0063881084292787,1,False,,False,3,3,29,0,[],27.15314159897389,"(29, 96)",,[0],"{""feature_selection"": {""concat"": [""mean"", ""range""], ""even"": [""mean""]}, ""n_chunks"": 16, ""parameter_selection"": {""mean"": {""likelihood"": ""lognormal""}, ""range"": {""likelihood"": ""lognormal""}}, ""rem_profile_params"": {""rem_stage"": 2, ""step_size_hours"": 2, ""window_size_hours"": 2}, ""tau_threshold"": 5.0}",run_output_8day_rem_w2_s2_stage2_no_pareto,rem_w2_s2_stage2
160,7b0623a1d4e67d7a,ok,,"concat: mean, range; odd: mean, range",mean=student_t; range=lognormal,16,5.0,2,1,2,504.700092663275,504.700092663275,17.403451471147413,4.350862867786854,0.0142233632407488,4.350862867786854,0.0142233632407488,-1007.6834432386668,1.0,956.0,1047.0,1.029704142966294,0,7,0.3847001764120019,0.8583538531032687,6.5095990318245125,1.100892893743681,5.792643391342042,6.335722047557924,6.714376749827189,0.7216544820029656,1.1239111995513718,3,False,,False,4,4,29,0,[],62.10285710101016,"(29, 184)",,[0],"{""feature_selection"": {""concat"": [""mean"", ""range""], ""odd"": [""mean"", ""range""]}, ""n_chunks"": 16, ""parameter_selection"": {""mean"": {""likelihood"": ""student_t""}, ""range"": {""likelihood"": ""lognormal""}}, ""rem_profile_params"": {""rem_stage"": 2, ""step_size_hours"": 1, ""window_size_hours"": 2}, ""tau_threshold"": 5.0}",run_output_8day_rem_w2_s1_stage2_no_pareto,rem_w2_s1_stage2
95,20fecf1bf442e085,ok,,"concat: mean; odd: mean, range",mean=lognormal; range=beta,16,5.0,2,1,2,377.6526135945185,377.6526135945185,13.022503917052363,4.340834639017454,0.0193590122903777,4.340834639017454,0.0193590122903777,-750.8033618425309,1.0,2272.0,2228.0,0.9839937941835332,0,7,0.5931497613944763,0.9929975508208496,6.570159910907786,0.5241355962725976,5.587610936263493,6.137357666651127,6.5695023062930105,0.5794627851712769,1.5267726819692244,3,False,,False,3,3,29,0,[],35.607483453000896,"(29, 184)",,[0],"{""feature_selection"": {""concat"": [""mean""], ""odd"": [""mean"", ""range""]}, ""n_chunks"": 16, ""parameter_selection"": {""mean"": {""likelihood"": ""lognormal""}, ""range"": {""likelihood"": ""beta""}}, ""rem_profile_params"": {""rem_stage"": 2, ""step_size_hours"": 1, ""window_size_hours"": 2}, ""tau_threshold"": 5.0}",run_output_8day_rem_w2_s1_stage2_no_pareto,rem_w2_s1_stage2
151,50f9b42eed2021fa,ok,,"concat: mean, range; even: range; odd: mean",mean=student_t; range=beta,16,5.0,2,1,2,503.10720387767617,503.10720387767617,17.348524271644006,4.337131067911002,0.0144360227843023,4.337131067911002,0.0144360227843023,-1005.2530244472728,1.0,601.0,459.0,0.8851934150998074,0,6,0.279562813746948,0.8040016313376703,6.070760856679655,1.0790484915833742,5.092896291425734,5.52295872252553,5.953021153625327,0.222690682225756,0.976022772534841,2,False,,False,4,4,29,0,[],80.20168838603422,"(29, 184)",,[0],"{""feature_selection"": {""concat"": [""mean"", ""range""], ""even"": [""range""], ""odd"": [""mean""]}, ""n_chunks"": 16, ""parameter_selection"": {""mean"": {""likelihood"": ""student_t""}, ""range"": {""likelihood"": ""beta""}}, ""rem_profile_params"": {""rem_stage"": 2, ""step_size_hours"": 1, ""window_size_hours"": 2}, ""tau_threshold"": 5.0}",run_output_8day_rem_w2_s1_stage2_no_pareto,rem_w2_s1_stage2
79,f3ca7c9aeaa84685,ok,,"concat: mean; even: mean, range",mean=student_t; range=beta,16,5.0,2,2,2,376.6661102790839,376.6661102790839,12.98848656134772,4.32949552044924,0.0105821214351751,4.32949552044924,0.0105821214351751,-753.8355574032183,1.0,1470.0,1903.0,0.9957470738267874,0,8,0.36787658618618,0.9496067425419608,7.245216252586058,1.1379073334237764,6.138725718274402,7.148362821152529,7.574181410576264,0.7762376329929825,0.5805820672923965,0,False,,False,3,3,29,0,[],48.83891401003348,"(29, 96)",,[0],"{""feature_selection"": {""concat"": [""mean""], ""even"": [""mean"", ""range""]}, ""n_chunks"": 16, ""parameter_selection"": {""mean"": {""likelihood"": ""student_t""}, ""range"": {""likelihood"": ""beta""}}, ""rem_profile_params"": {""rem_stage"": 2, ""step_size_hours"": 2, ""window_size_hours"": 2}, ""tau_threshold"": 5.0}",run_output_8day_rem_w2_s2_stage2_no_pareto,rem_w2_s2_stage2
157,3cc8fca9858cd4f1,ok,,"concat: mean, range; odd: mean, range",mean=lognormal; range=beta,16,5.0,2,1,2,501.8151639849032,501.8151639849032,17.303971171893213,4.325992792973305,0.0164380412418946,4.325992792973305,0.0164380412418946,-998.384673259555,1.0,1930.0,1977.0,0.9206765283995038,0,6,0.6128752643716646,0.9979830310725912,6.396046867703426,0.4992101609218003,5.413462840985921,5.830288580228629,6.373025217833904,0.3982120081645485,1.568651426407451,2,False,,False,4,4,29,0,[],62.61064573400654,"(29, 184)",,[0],"{""feature_selection"": {""concat"": [""mean"", ""range""], ""odd"": [""mean"", ""range""]}, ""n_chunks"": 16, ""parameter_selection"": {""mean"": {""likelihood"": ""lognormal""}, ""range"": {""likelihood"": ""beta""}}, ""rem_profile_params"": {""rem_stage"": 2, ""step_size_hours"": 1, ""window_size_hours"": 2}, ""tau_threshold"": 5.0}",run_output_8day_rem_w2_s1_stage2_no_pareto,rem_w2_s1_stage2
19,d5334c80a3ca0475,ok,,concat: mean; even: range,mean=lognormal; range=beta,16,5.0,2,2,2,250.7584029645041,250.7584029645041,8.646841481534626,4.323420740767313,0.0114086065337787,4.323420740767313,0.0114086065337787,-501.7236116474337,1.0,2184.0,2127.0,0.9716691189191912,0,7,0.6021394269130549,0.998183279340515,6.522244618760001,0.5112489941481232,5.523915021155612,6.046750886328461,6.524302783111836,0.5244742438692833,0.8753580016914,1,False,,False,2,2,29,0,[],24.408084910013716,"(29, 96)",,[0],"{""feature_selection"": {""concat"": [""mean""], ""even"": [""range""]}, ""n_chunks"": 16, ""parameter_selection"": {""mean"": {""likelihood"": ""lognormal""}, ""range"": {""likelihood"": ""beta""}}, ""rem_profile_params"": {""rem_stage"": 2, ""step_size_hours"": 2, ""window_size_hours"": 2}, ""tau_threshold"": 5.0}",run_output_8day_rem_w2_s2_stage2_no_pareto,rem_w2_s2_stage2
105,a356074de99c663e,ok,,concat: range; even: mean; odd: mean,mean=student_t; range=beta,16,5.0,2,1,2,376.08246548540114,376.08246548540114,12.968360878806935,4.322786959602312,0.0139366701590379,4.322786959602312,0.0139366701590379,-753.8575594662605,1.0,1248.0,1511.0,0.9580052855998156,0,8,0.2613456328460917,0.9125335025947732,6.918735694987123,1.2467740428112182,5.572471340398513,6.764356418473248,7.456932983345529,0.6286179750827251,0.9044580206321468,3,False,,False,3,3,29,0,[],57.89221261598868,"(29, 184)",,[0],"{""feature_selection"": {""concat"": [""range""], ""even"": [""mean""], ""odd"": [""mean""]}, ""n_chunks"": 16, ""parameter_selection"": {""mean"": {""likelihood"": ""student_t""}, ""range"": {""likelihood"": ""beta""}}, ""rem_profile_params"": {""rem_stage"": 2, ""step_size_hours"": 1, ""window_size_hours"": 2}, ""tau_threshold"": 5.0}",run_output_8day_rem_w2_s1_stage2_no_pareto,rem_w2_s1_stage2
21,36ffd2b47792462d,ok,,concat: mean; even: range,mean=student_t; range=beta,16,5.0,3,1,2,249.7454099652056,249.7454099652056,8.611910688455364,4.305955344227682,0.0121632396469275,4.305955344227682,0.0121632396469275,-499.90942047079886,1.0,1140.0,1622.0,0.9573966302030096,0,7,0.0359282586976172,0.5965511827203631,5.779467591430796,1.6643874762800983,4.158177479249283,5.485980545893976,6.657964901798219,0.3978782450151007,0.4955513976452415,0,False,,False,2,2,29,0,[],31.975447120028548,"(29, 176)",,[0],"{""feature_selection"": {""concat"": [""mean""], ""even"": [""range""]}, ""n_chunks"": 16, ""parameter_selection"": {""mean"": {""likelihood"": ""student_t""}, ""range"": {""likelihood"": ""beta""}}, ""rem_profile_params"": {""rem_stage"": 2, ""step_size_hours"": 1, ""window_size_hours"": 3}, ""tau_threshold"": 5.0}",run_output_8day_rem_w3_s1_stage2_no_pareto,rem_w3_s1_stage2
74,16490325aff58d9c,ok,,"concat: mean, range; odd: range",mean=lognormal; range=lognormal,16,5.0,2,1,2,373.7303085828757,373.7303085828757,12.887252020099162,4.295750673366387,0.01120467594676,4.295750673366387,0.01120467594676,-748.1887188755012,1.01,3604.0,2492.0,1.0647057267300324,0,7,0.7898343417026612,0.9971367665386636,6.878673337712485,0.3442901561507287,6.150671515752227,6.433784134020493,6.71689675228876,0.8830490995719732,0.8519603027748415,2,False,,False,3,3,29,0,[],27.723687527992297,"(29, 184)",,[0],"{""feature_selection"": {""concat"": [""mean"", ""range""], ""odd"": [""range""]}, ""n_chunks"": 16, ""parameter_selection"": {""mean"": {""likelihood"": ""lognormal""}, ""range"": {""likelihood"": ""lognormal""}}, ""rem_profile_params"": {""rem_stage"": 2, ""step_size_hours"": 1, ""window_size_hours"": 2}, ""tau_threshold"": 5.0}",run_output_8day_rem_w2_s1_stage2_no_pareto,rem_w2_s1_stage2
85,dbdc311e9bc090e9,ok,,concat: mean; even: mean; odd: range,mean=student_t; range=beta,16,5.0,2,2,2,373.59118372851935,373.59118372851935,12.882454611328251,4.294151537109417,0.0111736736050925,4.294151537109417,0.0111736736050925,-747.3041736795221,1.0,1737.0,2183.0,0.9693585186675204,0,7,0.4148647601904408,0.9996597430694052,7.108229849344364,0.7204115882946238,6.086788691320686,6.615258845755248,7.213819073114019,0.7910565717819705,0.5837842987973453,0,False,,False,3,3,29,0,[],49.93815208401065,"(29, 96)",,[0],"{""feature_selection"": {""concat"": [""mean""], ""even"": [""mean""], ""odd"": [""range""]}, ""n_chunks"": 16, ""parameter_selection"": {""mean"": {""likelihood"": ""student_t""}, ""range"": {""likelihood"": ""beta""}}, ""rem_profile_params"": {""rem_stage"": 2, ""step_size_hours"": 2, ""window_size_hours"": 2}, ""tau_threshold"": 5.0}",run_output_8day_rem_w2_s2_stage2_no_pareto,rem_w2_s2_stage2
25,778cb951395fac61,ok,,concat: mean; odd: range,mean=lognormal; range=beta,16,5.0,3,1,2,248.53690456914157,248.53690456914157,8.570238088591088,4.285119044295544,0.0143784842011126,4.285119044295544,0.0143784842011126,-497.2878346715274,1.0,2819.0,2302.0,1.0267389296995943,0,7,0.6049826161076665,0.9940782835503869,6.613891549107194,0.5334554169627702,5.661662476293481,6.200692800223356,6.601463164848546,0.6251918916279202,1.100092771393928,3,False,,False,2,2,29,0,[],24.744774981983937,"(29, 176)",,[0],"{""feature_selection"": {""concat"": [""mean""], ""odd"": [""range""]}, ""n_chunks"": 16, ""parameter_selection"": {""mean"": {""likelihood"": ""lognormal""}, ""range"": {""likelihood"": ""beta""}}, ""rem_profile_params"": {""rem_stage"": 2, ""step_size_hours"": 1, ""window_size_hours"": 3}, ""tau_threshold"": 5.0}",run_output_8day_rem_w3_s1_stage2_no_pareto,rem_w3_s1_stage2
75,e6311cc675e5df34,ok,,"concat: mean, range; odd: range",mean=student_t; range=beta,16,5.0,3,1,2,372.4053111637498,372.4053111637498,12.841562453922409,4.280520817974136,0.0143259252932989,4.280520817974136,0.0143259252932989,-744.8238872292045,1.01,1155.0,953.0,0.8870713483210695,0,7,0.7010219420113584,0.9903448297679974,7.105009088053422,0.5390392846970529,6.27802567434867,6.579441211717473,6.880856749086276,0.9805999856341888,1.2031645178376884,1,False,,False,3,3,29,0,[],48.99824098002864,"(29, 176)",,[0],"{""feature_selection"": {""concat"": [""mean"", ""range""], ""odd"": [""range""]}, ""n_chunks"": 16, ""parameter_selection"": {""mean"": {""likelihood"": ""student_t""}, ""range"": {""likelihood"": ""beta""}}, ""rem_profile_params"": {""rem_stage"": 2, ""step_size_hours"": 1, ""window_size_hours"": 3}, ""tau_threshold"": 5.0}",run_output_8day_rem_w3_s1_stage2_no_pareto,rem_w3_s1_stage2
80,c206a9f1a7d9cc68,ok,,"concat: mean; even: mean, range",mean=student_t; range=lognormal,16,5.0,2,1,2,372.37031064088166,372.37031064088166,12.840355539340749,4.280118513113581,0.0110031405026376,4.280118513113581,0.0110031405026376,-745.1809938167191,1.0,1112.0,1234.0,0.992270370669801,0,8,0.3060238815673373,0.888373417907089,7.081270274683276,1.347358782765264,6.238218714244128,7.0152099389466125,7.507604969473307,0.8257632840045425,0.8518825459913029,1,False,,False,3,3,29,0,[],42.51035731501179,"(29, 184)",,[0],"{""feature_selection"": {""concat"": [""mean""], ""even"": [""mean"", ""range""]}, ""n_chunks"": 16, ""parameter_selection"": {""mean"": {""likelihood"": ""student_t""}, ""range"": {""likelihood"": ""lognormal""}}, ""rem_profile_params"": {""rem_stage"": 2, ""step_size_hours"": 1, ""window_size_hours"": 2}, ""tau_threshold"": 5.0}",run_output_8day_rem_w2_s1_stage2_no_pareto,rem_w2_s1_stage2
86,0971ec4244da7c90,ok,,concat: mean; even: mean; odd: range,mean=student_t; range=lognormal,16,5.0,2,2,2,371.6743507091612,371.6743507091612,12.81635692100556,4.27211897366852,0.0126695482835055,4.27211897366852,0.0126695482835055,-743.3862643547163,1.0,2623.0,1522.0,0.995155548325414,0,8,0.7763759551107359,0.9740512531155976,7.818319211562102,0.7268317466910996,7.1827507942154565,7.455167196143638,7.727583598071819,0.9540744373501936,0.5546543300497958,0,False,,False,3,3,29,0,[],40.86393748596311,"(29, 96)",,[0],"{""feature_selection"": {""concat"": [""mean""], ""even"": [""mean""], ""odd"": [""range""]}, ""n_chunks"": 16, ""parameter_selection"": {""mean"": {""likelihood"": ""student_t""}, ""range"": {""likelihood"": ""lognormal""}}, ""rem_profile_params"": {""rem_stage"": 2, ""step_size_hours"": 2, ""window_size_hours"": 2}, ""tau_threshold"": 5.0}",run_output_8day_rem_w2_s2_stage2_no_pareto,rem_w2_s2_stage2
144,5ccc9e88096f5667,ok,,"concat: mean, range; even: mean; odd: mean",mean=student_t; range=lognormal,16,5.0,3,1,2,495.5286548421488,495.5286548421488,17.087194994556853,4.271798748639213,0.0143098008145605,4.271798748639213,0.0143098008145605,-991.83804439093,1.0,1376.0,1677.0,0.9862436399878816,0,7,0.4307156902233562,0.9045604964158568,6.598712644196621,0.7692943688408708,5.679694563624548,6.276674317415004,6.667096588387773,0.6771635085811363,1.1138580688724629,2,False,,False,4,4,29,0,[],65.21510017098626,"(29, 176)",,[0],"{""feature_selection"": {""concat"": [""mean"", ""range""], ""even"": [""mean""], ""odd"": [""mean""]}, ""n_chunks"": 16, ""parameter_selection"": {""mean"": {""likelihood"": ""student_t""}, ""range"": {""likelihood"": ""lognormal""}}, ""rem_profile_params"": {""rem_stage"": 2, ""step_size_hours"": 1, ""window_size_hours"": 3}, ""tau_threshold"": 5.0}",run_output_8day_rem_w3_s1_stage2_no_pareto,rem_w3_s1_stage2
89,724046da1715d8bf,ok,,concat: mean; even: range; odd: mean,mean=student_t; range=beta,16,5.0,2,2,2,369.5188158726818,369.5188158726818,12.742028133540751,4.24734271118025,0.0158122156511011,4.24734271118025,0.0158122156511011,-739.7840145130851,1.0,1061.0,1181.0,0.8600351261662276,0,6,0.3001682169542378,0.9309976808635064,6.65415661173701,1.1896690125994347,5.393457282138564,5.936913530115683,7.2478724504464225,0.470979048396655,0.8567412912437138,1,False,,False,3,3,29,0,[],51.43211989704287,"(29, 96)",,[0],"{""feature_selection"": {""concat"": [""mean""], ""even"": [""range""], ""odd"": [""mean""]}, ""n_chunks"": 16, ""parameter_selection"": {""mean"": {""likelihood"": ""student_t""}, ""range"": {""likelihood"": ""beta""}}, ""rem_profile_params"": {""rem_stage"": 2, ""step_size_hours"": 2, ""window_size_hours"": 2}, ""tau_threshold"": 5.0}",run_output_8day_rem_w2_s2_stage2_no_pareto,rem_w2_s2_stage2
205,c7c958ae4499aae3,ok,,"concat: mean, range; even: mean; odd: mean, range",mean=lognormal; range=beta,16,5.0,2,1,2,615.1903661752494,615.1903661752494,21.213460902594807,4.242692180518961,0.0143615641291724,4.242692180518961,0.0143615641291724,-1224.3589184696268,1.01,1919.0,2256.0,0.9057119282284176,0,7,0.6103444761959431,0.9986121432853023,6.563363831453541,0.4998654162463359,5.572452196579299,6.114071035145852,6.557452000717375,0.5643188612070955,1.5342592412361409,3,False,,False,5,5,29,0,[],85.25533654697938,"(29, 184)",,[0],"{""feature_selection"": {""concat"": [""mean"", ""range""], ""even"": [""mean""], ""odd"": [""mean"", ""range""]}, ""n_chunks"": 16, ""parameter_selection"": {""mean"": {""likelihood"": ""lognormal""}, ""range"": {""likelihood"": ""beta""}}, ""rem_profile_params"": {""rem_stage"": 2, ""step_size_hours"": 1, ""window_size_hours"": 2}, ""tau_threshold"": 5.0}",run_output_8day_rem_w2_s1_stage2_no_pareto,rem_w2_s1_stage2
65,fdabb969cb59f3a1,ok,,"concat: mean, range; even: range",mean=lognormal; range=beta,16,5.0,2,1,2,368.7179364297842,368.7179364297842,12.714411601027042,4.238137200342347,0.0123257303938845,4.238137200342347,0.0123257303938845,-738.6058959340758,1.0,1950.0,1766.0,0.8926978816918433,0,6,0.6868043051811797,0.986426384113737,6.172365110592748,0.4228662657002897,5.295703914817078,5.608384663124365,5.921065411431652,0.1868888323028647,0.8936783207655643,2,False,,False,3,3,29,0,[],38.32741615199484,"(29, 184)",,[0],"{""feature_selection"": {""concat"": [""mean"", ""range""], ""even"": [""range""]}, ""n_chunks"": 16, ""parameter_selection"": {""mean"": {""likelihood"": ""lognormal""}, ""range"": {""likelihood"": ""beta""}}, ""rem_profile_params"": {""rem_stage"": 2, ""step_size_hours"": 1, ""window_size_hours"": 2}, ""tau_threshold"": 5.0}",run_output_8day_rem_w2_s1_stage2_no_pareto,rem_w2_s1_stage2
169,67af0637425feee1,ok,,"concat: mean; even: mean; odd: mean, range",mean=lognormal; range=beta,16,5.0,2,1,2,491.4187168759072,491.4187168759072,16.945472995720937,4.2363682489302334,0.0160901858374655,4.2363682489302334,0.0160901858374655,-978.747252040455,1.0,2293.0,2483.0,0.9993920862352632,0,7,0.6579292669418322,0.9944763690401196,6.725617050792111,0.4687154817540278,5.935190565042277,6.317995359595306,6.659107775096359,0.7330575971034421,1.4814320308019329,3,False,,False,4,4,29,0,[],60.32478149997769,"(29, 184)",,[0],"{""feature_selection"": {""concat"": [""mean""], ""even"": [""mean""], ""odd"": [""mean"", ""range""]}, ""n_chunks"": 16, ""parameter_selection"": {""mean"": {""likelihood"": ""lognormal""}, ""range"": {""likelihood"": ""beta""}}, ""rem_profile_params"": {""rem_stage"": 2, ""step_size_hours"": 1, ""window_size_hours"": 2}, ""tau_threshold"": 5.0}",run_output_8day_rem_w2_s1_stage2_no_pareto,rem_w2_s1_stage2
26,a7dc9e6276f50f2a,ok,,concat: mean; odd: range,mean=lognormal; range=lognormal,16,5.0,2,2,2,245.70682846139235,245.70682846139235,8.472649257289392,4.236324628644696,0.0156360538960788,4.236324628644696,0.0156360538960788,-493.3798202155356,1.0,2537.0,2413.0,1.007262318710075,0,7,0.5837202225499429,0.9937048075002752,6.632668678647662,0.528070145059111,5.674491812018303,6.212648797010706,6.614210485268938,0.6323886237336706,1.07377294883556,3,False,,False,2,2,29,0,[],20.11541234800825,"(29, 96)",,[0],"{""feature_selection"": {""concat"": [""mean""], ""odd"": [""range""]}, ""n_chunks"": 16, ""parameter_selection"": {""mean"": {""likelihood"": ""lognormal""}, ""range"": {""likelihood"": ""lognormal""}}, ""rem_profile_params"": {""rem_stage"": 2, ""step_size_hours"": 2, ""window_size_hours"": 2}, ""tau_threshold"": 5.0}",run_output_8day_rem_w2_s2_stage2_no_pareto,rem_w2_s2_stage2
25,158069a0f35cdf5a,ok,,concat: mean; odd: range,mean=lognormal; range=beta,16,5.0,2,2,2,245.68114214917452,245.68114214917452,8.471763522385329,4.2358817611926645,0.0134450606288308,4.2358817611926645,0.0134450606288308,-491.2461852329884,1.0,2637.0,2180.0,0.9975070316281416,0,7,0.6558062415938375,0.999988143208145,6.694763156667449,0.4608564791130329,5.818737073339097,6.280269851674025,6.64022832969868,0.6946542926367942,0.8656977113450617,1,False,,False,2,2,29,0,[],24.304307881044224,"(29, 96)",,[0],"{""feature_selection"": {""concat"": [""mean""], ""odd"": [""range""]}, ""n_chunks"": 16, ""parameter_selection"": {""mean"": {""likelihood"": ""lognormal""}, ""range"": {""likelihood"": ""beta""}}, ""rem_profile_params"": {""rem_stage"": 2, ""step_size_hours"": 2, ""window_size_hours"": 2}, ""tau_threshold"": 5.0}",run_output_8day_rem_w2_s2_stage2_no_pareto,rem_w2_s2_stage2
69,3c23da2071f2f0ae,ok,,"concat: mean, range; odd: mean",mean=lognormal; range=beta,16,5.0,2,2,2,367.5335501454932,367.5335501454932,12.67357069467218,4.224523564890726,0.020531548520841,4.224523564890726,0.020531548520841,-731.0835943710773,1.01,2158.0,1650.0,0.9922863974015688,0,7,0.8877084099284547,0.9994415354238498,6.94990805545954,0.2261446194564009,6.211201422420985,6.474183152342463,6.737164882263942,0.9507757558709932,1.6120816716862152,3,False,,False,3,3,29,0,[],34.21274379402166,"(29, 96)",,[0],"{""feature_selection"": {""concat"": [""mean"", ""range""], ""odd"": [""mean""]}, ""n_chunks"": 16, ""parameter_selection"": {""mean"": {""likelihood"": ""lognormal""}, ""range"": {""likelihood"": ""beta""}}, ""rem_profile_params"": {""rem_stage"": 2, ""step_size_hours"": 2, ""window_size_hours"": 2}, ""tau_threshold"": 5.0}",run_output_8day_rem_w2_s2_stage2_no_pareto,rem_w2_s2_stage2
164,97028460124cfa25,ok,,"concat: mean; even: mean, range; odd: mean",mean=student_t; range=lognormal,16,5.0,2,1,2,489.31928810236894,489.31928810236894,16.873078900081687,4.218269725020423,0.0131289646931813,4.218269725020423,0.0131289646931813,-978.8064043638052,1.0,936.0,964.0,1.0370207257212172,0,8,0.3988351889858917,0.9212544945967908,7.30945397631763,1.228267355321759,6.483635620820805,7.205699874576728,7.602849937288364,0.8628764066481188,0.8794788606248506,2,False,,False,4,4,29,0,[],75.13890300301136,"(29, 184)",,[0],"{""feature_selection"": {""concat"": [""mean""], ""even"": [""mean"", ""range""], ""odd"": [""mean""]}, ""n_chunks"": 16, ""parameter_selection"": {""mean"": {""likelihood"": ""student_t""}, ""range"": {""likelihood"": ""lognormal""}}, ""rem_profile_params"": {""rem_stage"": 2, ""step_size_hours"": 1, ""window_size_hours"": 2}, ""tau_threshold"": 5.0}",run_output_8day_rem_w2_s1_stage2_no_pareto,rem_w2_s1_stage2
18,24fa522b53f06835,ok,,concat: mean; even: mean,mean=student_t,16,5.0,6,1,2,244.0594247993809,244.0594247993809,8.415842234461412,4.207921117230705,0.013770824493823,4.207921117230705,0.013770824493823,-488.0746370270075,1.0,1712.0,1450.0,1.054746461908853,0,8,0.4299720924956453,0.9240397621440466,7.364537288532015,1.197975048036349,6.586307297648841,7.240572380421262,7.620286190210631,0.8798337248056638,0.4788667469430173,0,False,,False,2,2,29,0,[],27.264135740988426,"(29, 152)",,[0],"{""feature_selection"": {""concat"": [""mean""], ""even"": [""mean""]}, ""n_chunks"": 16, ""parameter_selection"": {""mean"": {""likelihood"": ""student_t""}}, ""rem_profile_params"": {""rem_stage"": 2, ""step_size_hours"": 1, ""window_size_hours"": 6}, ""tau_threshold"": 5.0}",run_output_8day_rem_w6_s1_stage2_no_pareto,rem_w6_s1_stage2
146,7bd830964556ff49,ok,,"concat: mean, range; even: mean; odd: range",mean=lognormal; range=lognormal,16,5.0,2,1,2,487.7731954101927,487.7731954101927,16.819765358972163,4.20494133974304,0.0107410947201094,4.20494133974304,0.0107410947201094,-975.3276001316264,1.0,3810.0,2664.0,1.0879764787973667,0,7,0.8731184578566232,0.99779263142763,6.94003287502615,0.2593963866202062,6.205361285195505,6.470243621569413,6.735125957943319,0.9438231216233476,0.8072436100974685,1,False,,False,4,4,29,0,[],42.81885850202525,"(29, 184)",,[0],"{""feature_selection"": {""concat"": [""mean"", ""range""], ""even"": [""mean""], ""odd"": [""range""]}, ""n_chunks"": 16, ""parameter_selection"": {""mean"": {""likelihood"": ""lognormal""}, ""range"": {""likelihood"": ""lognormal""}}, ""rem_profile_params"": {""rem_stage"": 2, ""step_size_hours"": 1, ""window_size_hours"": 2}, ""tau_threshold"": 5.0}",run_output_8day_rem_w2_s1_stage2_no_pareto,rem_w2_s1_stage2
97,1843abd67b5c2d1a,ok,,"concat: mean; odd: mean, range",mean=student_t; range=beta,16,5.0,2,2,2,365.4300428845142,365.4300428845142,12.601035961534972,4.2003453205116585,0.0166746368100727,4.2003453205116585,0.0166746368100727,-732.8297709719645,1.0,1283.0,1246.0,0.955571919709298,0,6,0.440557841375795,0.9994255101806108,6.640006438929554,0.739192385431531,5.485700311151684,5.972519312544109,6.71397276277931,0.4858876259054755,0.9380015794768968,4,False,,False,3,3,29,0,[],55.09091589500895,"(29, 96)",,[0],"{""feature_selection"": {""concat"": [""mean""], ""odd"": [""mean"", ""range""]}, ""n_chunks"": 16, ""parameter_selection"": {""mean"": {""likelihood"": ""student_t""}, ""range"": {""likelihood"": ""beta""}}, ""rem_profile_params"": {""rem_stage"": 2, ""step_size_hours"": 2, ""window_size_hours"": 2}, ""tau_threshold"": 5.0}",run_output_8day_rem_w2_s2_stage2_no_pareto,rem_w2_s2_stage2
69,10c759c9acfa40bf,ok,,"concat: mean, range; odd: mean",mean=lognormal; range=beta,16,5.0,3,1,2,365.00094443706007,365.00094443706007,12.5862394633469,4.195413154448966,0.018441926478576,4.195413154448966,0.018441926478576,-727.6255500848557,1.0,2535.0,1793.0,0.9724503537541132,0,7,0.939927244763605,0.9998587121779852,6.977532007083623,0.1516564585612597,6.232978985927628,6.48865797738469,6.744336968841752,0.9778041936491616,1.2578704532405889,3,False,,False,3,3,29,0,[],34.06617087702034,"(29, 176)",,[0],"{""feature_selection"": {""concat"": [""mean"", ""range""], ""odd"": [""mean""]}, ""n_chunks"": 16, ""parameter_selection"": {""mean"": {""likelihood"": ""lognormal""}, ""range"": {""likelihood"": ""beta""}}, ""rem_profile_params"": {""rem_stage"": 2, ""step_size_hours"": 1, ""window_size_hours"": 3}, ""tau_threshold"": 5.0}",run_output_8day_rem_w3_s1_stage2_no_pareto,rem_w3_s1_stage2
19,cbd854d011be1f93,ok,,concat: mean; even: range,mean=lognormal; range=beta,16,5.0,2,1,2,243.1439935141798,243.1439935141798,8.384275638419993,4.1921378192099965,0.01468192062844,4.1921378192099965,0.01468192062844,-488.6741118070916,1.0,1465.0,1241.0,0.9092417171641216,0,6,0.5366332094887043,0.950636575447356,6.253123678074388,0.5809184519562665,5.314866988602453,5.707201970273166,6.202554560385539,0.3134259985688846,0.95494305009774,2,False,,False,2,2,29,0,[],25.44643011398148,"(29, 184)",,[0],"{""feature_selection"": {""concat"": [""mean""], ""even"": [""range""]}, ""n_chunks"": 16, ""parameter_selection"": {""mean"": {""likelihood"": ""lognormal""}, ""range"": {""likelihood"": ""beta""}}, ""rem_profile_params"": {""rem_stage"": 2, ""step_size_hours"": 1, ""window_size_hours"": 2}, ""tau_threshold"": 5.0}",run_output_8day_rem_w2_s1_stage2_no_pareto,rem_w2_s1_stage2
98,62bcd6fa2636cb46,ok,,"concat: mean; odd: mean, range",mean=student_t; range=lognormal,16,5.0,2,2,2,363.8334661547065,363.8334661547065,12.545981591541604,4.181993863847201,0.0185445540546089,4.181993863847201,0.0185445540546089,-727.7453080790873,1.0,1106.0,674.0,1.023529181280012,0,8,0.5914173848471156,0.9406317630587024,7.559256152490671,1.072987381568067,7.082474361383396,7.388316240922264,7.6941581204611325,0.8578927223620929,0.9563745462165556,2,False,,False,3,3,29,0,[],44.32355072797509,"(29, 96)",,[0],"{""feature_selection"": {""concat"": [""mean""], ""odd"": [""mean"", ""range""]}, ""n_chunks"": 16, ""parameter_selection"": {""mean"": {""likelihood"": ""student_t""}, ""range"": {""likelihood"": ""lognormal""}}, ""rem_profile_params"": {""rem_stage"": 2, ""step_size_hours"": 2, ""window_size_hours"": 2}, ""tau_threshold"": 5.0}",run_output_8day_rem_w2_s2_stage2_no_pareto,rem_w2_s2_stage2
98,25c58ced46a492c5,ok,,"concat: mean; odd: mean, range",mean=student_t; range=lognormal,16,5.0,3,1,2,363.20439885865454,363.20439885865454,12.524289615815674,4.174763205271891,0.0159247224814846,4.174763205271891,0.0159247224814846,-726.0370740812627,1.01,215.0,568.0,1.0476121124299411,0,8,0.2332129897625846,0.7402327644628477,6.641820862637885,1.6698459797342584,4.834345610262298,7.055606449789907,7.527803224894953,0.6024303215805845,1.0088066151332933,1,False,,False,3,3,29,0,[],45.359910767991096,"(29, 176)",,[0],"{""feature_selection"": {""concat"": [""mean""], ""odd"": [""mean"", ""range""]}, ""n_chunks"": 16, ""parameter_selection"": {""mean"": {""likelihood"": ""student_t""}, ""range"": {""likelihood"": ""lognormal""}}, ""rem_profile_params"": {""rem_stage"": 2, ""step_size_hours"": 1, ""window_size_hours"": 3}, ""tau_threshold"": 5.0}",run_output_8day_rem_w3_s1_stage2_no_pareto,rem_w3_s1_stage2
3,9e1471ef9a5ac8c8,ok,,concat: range,range=beta,16,5.0,2,1,2,121.06462527178266,121.06462527178266,4.174642250751126,4.174642250751127,0.016517625541729,4.174642250751127,0.016517625541729,-242.3869018610247,1.0,1277.0,1282.0,0.8973327988835222,0,6,0.1497721708768293,0.8005187481280457,6.1760366397118265,1.2847399517863372,5.117800401619216,5.700754285000477,6.602093564762049,0.3716683585398594,0.4450608824087646,0,False,,False,1,1,29,0,[],17.874973036989104,"(29, 184)",,[0],"{""feature_selection"": {""concat"": [""range""]}, ""n_chunks"": 16, ""parameter_selection"": {""range"": {""likelihood"": ""beta""}}, ""rem_profile_params"": {""rem_stage"": 2, ""step_size_hours"": 1, ""window_size_hours"": 2}, ""tau_threshold"": 5.0}",run_output_8day_rem_w2_s1_stage2_no_pareto,rem_w2_s1_stage2
75,c15f9e281a64ae32,ok,,"concat: mean, range; odd: range",mean=student_t; range=beta,16,5.0,2,2,2,363.0325318320619,363.0325318320619,12.518363166622825,4.172787722207608,0.0119925388194604,4.172787722207608,0.0119925388194604,-726.0862118411272,1.0,1902.0,1544.0,0.8863157345786946,0,7,0.840280031285698,0.9998634168034632,6.989223924998973,0.2573065161560385,6.22697045917768,6.494386826128184,6.761803193078688,0.962188264471196,0.9487869494099382,4,False,,False,3,3,29,0,[],48.3951202169992,"(29, 96)",,[0],"{""feature_selection"": {""concat"": [""mean"", ""range""], ""odd"": [""range""]}, ""n_chunks"": 16, ""parameter_selection"": {""mean"": {""likelihood"": ""student_t""}, ""range"": {""likelihood"": ""beta""}}, ""rem_profile_params"": {""rem_stage"": 2, ""step_size_hours"": 2, ""window_size_hours"": 2}, ""tau_threshold"": 5.0}",run_output_8day_rem_w2_s2_stage2_no_pareto,rem_w2_s2_stage2
67,3b21f8927469ee4d,ok,,"concat: mean, range; even: range",mean=student_t; range=beta,16,5.0,2,2,2,362.2184197950892,362.2184197950892,12.490290337761696,4.163430112587232,0.0097386326653966,4.163430112587232,0.0097386326653966,-725.7123861366913,1.0,1870.0,1561.0,0.9209813159770592,0,7,0.6362364791656481,0.9912717503798146,7.018991028174049,0.5011050725448735,6.212197239687404,6.520944391134149,6.829691542580895,0.9218212125140888,1.4040263206499248,1,False,,False,3,3,29,0,[],47.77818678104086,"(29, 96)",,[0],"{""feature_selection"": {""concat"": [""mean"", ""range""], ""even"": [""range""]}, ""n_chunks"": 16, ""parameter_selection"": {""mean"": {""likelihood"": ""student_t""}, ""range"": {""likelihood"": ""beta""}}, ""rem_profile_params"": {""rem_stage"": 2, ""step_size_hours"": 2, ""window_size_hours"": 2}, ""tau_threshold"": 5.0}",run_output_8day_rem_w2_s2_stage2_no_pareto,rem_w2_s2_stage2
73,63b009c27e716a8d,ok,,"concat: mean, range; odd: range",mean=lognormal; range=beta,16,5.0,3,1,2,361.8393719561213,361.8393719561213,12.477219722624874,4.1590732408749576,0.0138917897616332,4.1590732408749576,0.0138917897616332,-723.6535804064175,1.0,2758.0,1905.0,0.937816310079894,0,7,0.9565348535933064,0.9999224302376823,6.9858727793979885,0.1227183094303351,6.239225680112997,6.492913284180367,6.7466008882477375,0.9857482946323496,1.2156155042186154,3,False,,False,3,3,29,0,[],41.14976859797025,"(29, 176)",,[0],"{""feature_selection"": {""concat"": [""mean"", ""range""], ""odd"": [""range""]}, ""n_chunks"": 16, ""parameter_selection"": {""mean"": {""likelihood"": ""lognormal""}, ""range"": {""likelihood"": ""beta""}}, ""rem_profile_params"": {""rem_stage"": 2, ""step_size_hours"": 1, ""window_size_hours"": 3}, ""tau_threshold"": 5.0}",run_output_8day_rem_w3_s1_stage2_no_pareto,rem_w3_s1_stage2
137,c38345f8eb28e952,ok,,"concat: mean, range; even: mean, range",mean=lognormal; range=beta,16,5.0,2,1,2,482.0353503382877,482.0353503382877,16.62190863235475,4.155477158088687,0.011421610891617,4.155477158088687,0.011421610891617,-963.700161308143,1.0,1739.0,1856.0,0.9687617507180112,0,6,0.6241489406615522,0.9940475297700048,6.321594169502525,0.4847629509519505,5.366307410003008,5.741549284350417,6.237787828196943,0.327810584773448,0.7900675602793324,3,False,,False,4,4,29,0,[],56.6695216470398,"(29, 184)",,[0],"{""feature_selection"": {""concat"": [""mean"", ""range""], ""even"": [""mean"", ""range""]}, ""n_chunks"": 16, ""parameter_selection"": {""mean"": {""likelihood"": ""lognormal""}, ""range"": {""likelihood"": ""beta""}}, ""rem_profile_params"": {""rem_stage"": 2, ""step_size_hours"": 1, ""window_size_hours"": 2}, ""tau_threshold"": 5.0}",run_output_8day_rem_w2_s1_stage2_no_pareto,rem_w2_s1_stage2
163,92d379a824d05772,ok,,"concat: mean; even: mean, range; odd: mean",mean=student_t; range=beta,16,5.0,2,2,2,481.391818474448,481.391818474448,16.599717878429242,4.149929469607311,0.0133279737442928,4.149929469607311,0.0133279737442928,-963.3330614811548,1.0,976.0,1556.0,0.9274758695426788,0,8,0.37759195402441,0.9677428108251708,7.111878576946308,1.0885717165859607,5.707253922234879,7.047050974206564,7.5235254871032815,0.6598720391267732,0.9142827172118488,1,False,,False,4,4,29,0,[],87.21237355703488,"(29, 96)",,[0],"{""feature_selection"": {""concat"": [""mean""], ""even"": [""mean"", ""range""], ""odd"": [""mean""]}, ""n_chunks"": 16, ""parameter_selection"": {""mean"": {""likelihood"": ""student_t""}, ""range"": {""likelihood"": ""beta""}}, ""rem_profile_params"": {""rem_stage"": 2, ""step_size_hours"": 2, ""window_size_hours"": 2}, ""tau_threshold"": 5.0}",run_output_8day_rem_w2_s2_stage2_no_pareto,rem_w2_s2_stage2
37,bedec65364e9b2d1,ok,,concat: range; odd: mean,mean=student_t; range=beta,16,5.0,2,1,2,240.6734149277005,240.6734149277005,8.299083273368982,4.149541636684491,0.0182787982827811,4.149541636684491,0.0182787982827811,-482.5129539120024,1.0,1196.0,1506.0,0.9634764204800365,0,6,0.2045662901824545,0.8553927860434015,6.350541488917599,1.2468141755391633,5.227032520758537,5.765571564277709,6.870333945538488,0.391173890480447,0.9947368335948076,1,False,,False,2,2,29,0,[],30.836739425023552,"(29, 184)",,[0],"{""feature_selection"": {""concat"": [""range""], ""odd"": [""mean""]}, ""n_chunks"": 16, ""parameter_selection"": {""mean"": {""likelihood"": ""student_t""}, ""range"": {""likelihood"": ""beta""}}, ""rem_profile_params"": {""rem_stage"": 2, ""step_size_hours"": 1, ""window_size_hours"": 2}, ""tau_threshold"": 5.0}",run_output_8day_rem_w2_s1_stage2_no_pareto,rem_w2_s1_stage2
67,8c115c769aa4e36f,ok,,"concat: mean, range; even: range",mean=student_t; range=beta,16,5.0,3,1,2,360.1744276714494,360.1744276714494,12.419807850739634,4.139935950246545,0.0100077582234452,4.139935950246545,0.0100077582234452,-720.9006907354013,1.0,2006.0,1504.0,0.8742576123487699,0,7,0.7385677092651785,0.9839280721394577,7.012392586575639,0.4804402644496823,6.240148449123174,6.522584204435384,6.805019959747594,0.9625690927992712,0.7719136872422596,1,False,,False,3,3,29,0,[],46.13647481094813,"(29, 176)",,[0],"{""feature_selection"": {""concat"": [""mean"", ""range""], ""even"": [""range""]}, ""n_chunks"": 16, ""parameter_selection"": {""mean"": {""likelihood"": ""student_t""}, ""range"": {""likelihood"": ""beta""}}, ""rem_profile_params"": {""rem_stage"": 2, ""step_size_hours"": 1, ""window_size_hours"": 3}, ""tau_threshold"": 5.0}",run_output_8day_rem_w3_s1_stage2_no_pareto,rem_w3_s1_stage2
70,683d9c39a4f2dd89,ok,,"concat: mean, range; odd: mean",mean=lognormal; range=lognormal,16,5.0,2,2,2,360.1387686768127,360.1387686768127,12.41857823023492,4.139526076744974,0.0208180324023517,4.139526076744974,0.0208180324023517,-714.6339091500306,1.0,3583.0,2985.0,1.0397349849905946,0,7,0.6603009103100528,0.9988123527658058,6.710537517295987,0.4566617744032408,5.866971781691012,6.297580815400462,6.648796123664924,0.7118222130400328,1.744073089952174,2,False,,False,3,3,29,0,[],29.06138244998874,"(29, 96)",,[0],"{""feature_selection"": {""concat"": [""mean"", ""range""], ""odd"": [""mean""]}, ""n_chunks"": 16, ""parameter_selection"": {""mean"": {""likelihood"": ""lognormal""}, ""range"": {""likelihood"": ""lognormal""}}, ""rem_profile_params"": {""rem_stage"": 2, ""step_size_hours"": 2, ""window_size_hours"": 2}, ""tau_threshold"": 5.0}",run_output_8day_rem_w2_s2_stage2_no_pareto,rem_w2_s2_stage2
10,6014dd63ab4e6651,ok,,odd: mean,mean=student_t,16,5.0,2,1,2,119.80970763699928,119.80970763699928,4.131369228862044,4.131369228862044,0.0284493304168901,4.131369228862044,0.0284493304168901,-239.61742275656223,1.0,1511.0,1927.0,0.9928677874899096,0,8,0.0141126706191787,0.5854585619699679,5.768848409067123,1.7421554513615978,3.750618073935223,5.41904608394685,6.889759346523787,0.3815226101885713,0.6399956235072072,0,False,,False,1,1,29,0,[],17.61645982094342,"(29, 184)",,[0],"{""feature_selection"": {""odd"": [""mean""]}, ""n_chunks"": 16, ""parameter_selection"": {""mean"": {""likelihood"": ""student_t""}}, ""rem_profile_params"": {""rem_stage"": 2, ""step_size_hours"": 1, ""window_size_hours"": 2}, ""tau_threshold"": 5.0}",run_output_8day_rem_w2_s1_stage2_no_pareto,rem_w2_s1_stage2
97,4570bfac99f80c23,ok,,"concat: mean; odd: mean, range",mean=student_t; range=beta,16,5.0,3,1,2,359.2469730704986,359.2469730704986,12.3878266576034,4.129275552534467,0.0166307656861034,4.129275552534467,0.0166307656861034,-709.7658755841262,1.01,327.0,541.0,1.0466188189058796,0,8,0.1994668510122391,0.7612385706116147,6.391683303449983,1.9093575018246776,5.086750373006109,6.626761771065033,7.406992082799295,0.6316878814079706,0.930226492189242,2,False,,False,3,3,29,0,[],59.06461660302011,"(29, 176)",,[0],"{""feature_selection"": {""concat"": [""mean""], ""odd"": [""mean"", ""range""]}, ""n_chunks"": 16, ""parameter_selection"": {""mean"": {""likelihood"": ""student_t""}, ""range"": {""likelihood"": ""beta""}}, ""rem_profile_params"": {""rem_stage"": 2, ""step_size_hours"": 1, ""window_size_hours"": 3}, ""tau_threshold"": 5.0}",run_output_8day_rem_w3_s1_stage2_no_pareto,rem_w3_s1_stage2
86,33e3d9381f6193f4,ok,,concat: mean; even: mean; odd: range,mean=student_t; range=lognormal,16,5.0,3,1,2,358.8791749633519,358.8791749633519,12.375143964253514,4.125047988084504,0.0108568650309411,4.125047988084504,0.0108568650309411,-717.7449097031601,1.01,468.0,351.0,1.0405576987062717,0,8,0.5302817013634686,0.8896836655474694,7.417217113292038,1.2831780456364092,7.044308544809268,7.362872363206178,7.68143618160309,0.8461732359293912,0.5496764885178955,0,False,,False,3,3,29,0,[],40.30036849400494,"(29, 176)",,[0],"{""feature_selection"": {""concat"": [""mean""], ""even"": [""mean""], ""odd"": [""range""]}, ""n_chunks"": 16, ""parameter_selection"": {""mean"": {""likelihood"": ""student_t""}, ""range"": {""likelihood"": ""lognormal""}}, ""rem_profile_params"": {""rem_stage"": 2, ""step_size_hours"": 1, ""window_size_hours"": 3}, ""tau_threshold"": 5.0}",run_output_8day_rem_w3_s1_stage2_no_pareto,rem_w3_s1_stage2
81,eb50762d0f5ffe4d,ok,,concat: mean; even: mean; odd: mean,mean=lognormal,16,5.0,2,2,2,358.8305544179676,358.8305544179676,12.373467393723022,4.124489131241007,0.0205686455622287,4.124489131241007,0.0205686455622287,-710.5919931621925,1.0,3064.0,2692.0,1.042785689088385,0,7,0.6423830695565749,0.995941867782038,6.70094829773973,0.4834427211340687,5.849592703776872,6.292816238560678,6.647384372165419,0.7064597822030292,1.085100189016639,2,False,,False,3,3,29,0,[],28.871708079008386,"(29, 96)",,[0],"{""feature_selection"": {""concat"": [""mean""], ""even"": [""mean""], ""odd"": [""mean""]}, ""n_chunks"": 16, ""parameter_selection"": {""mean"": {""likelihood"": ""lognormal""}}, ""rem_profile_params"": {""rem_stage"": 2, ""step_size_hours"": 2, ""window_size_hours"": 2}, ""tau_threshold"": 5.0}",run_output_8day_rem_w2_s2_stage2_no_pareto,rem_w2_s2_stage2
22,4d7caea0f414614f,ok,,concat: mean; even: range,mean=student_t; range=lognormal,16,5.0,2,2,2,239.18540263251143,239.18540263251143,8.24777250456936,4.123886252284681,0.0136122597143132,4.123886252284681,0.0136122597143132,-479.2525473197183,1.0,1166.0,1481.0,0.9930136788416928,0,8,0.1583727301991111,0.7954338690691415,6.637939991963741,1.632867657371854,5.271719530895006,6.716970024895991,7.443680469940464,0.6282251707488969,0.714806787864148,1,False,,False,2,2,29,0,[],26.38124046003213,"(29, 96)",,[0],"{""feature_selection"": {""concat"": [""mean""], ""even"": [""range""]}, ""n_chunks"": 16, ""parameter_selection"": {""mean"": {""likelihood"": ""student_t""}, ""range"": {""likelihood"": ""lognormal""}}, ""rem_profile_params"": {""rem_stage"": 2, ""step_size_hours"": 2, ""window_size_hours"": 2}, ""tau_threshold"": 5.0}",run_output_8day_rem_w2_s2_stage2_no_pareto,rem_w2_s2_stage2
171,3fc15e79f19abc78,ok,,"concat: mean; even: mean; odd: mean, range",mean=student_t; range=beta,16,5.0,2,2,2,478.2513146711876,478.2513146711876,16.491424643834055,4.122856160958515,0.0136612695518884,4.122856160958515,0.0136612695518884,-956.048614959901,1.01,1174.0,1820.0,0.9494358449830104,0,6,0.3899496409968918,0.9996906030234414,6.895474508040591,0.8069692069265633,5.654956288007003,6.347616370652668,7.099701037156167,0.6184581336272978,0.8750055827155606,3,False,,False,4,4,29,0,[],88.40512593300082,"(29, 96)",,[0],"{""feature_selection"": {""concat"": [""mean""], ""even"": [""mean""], ""odd"": [""mean"", ""range""]}, ""n_chunks"": 16, ""parameter_selection"": {""mean"": {""likelihood"": ""student_t""}, ""range"": {""likelihood"": ""beta""}}, ""rem_profile_params"": {""rem_stage"": 2, ""step_size_hours"": 2, ""window_size_hours"": 2}, ""tau_threshold"": 5.0}",run_output_8day_rem_w2_s2_stage2_no_pareto,rem_w2_s2_stage2
203,7b57a5c8c3fe42e9,ok,,"concat: mean, range; even: mean, range; odd: range",mean=student_t; range=beta,16,5.0,2,1,2,597.7521924069334,597.7521924069334,20.612144565756324,4.122428913151265,0.0103092994457805,4.122428913151265,0.0103092994457805,-1197.560025105036,1.01,475.0,418.0,0.8864333400375048,0,6,0.2544173114097893,0.8414451890048942,6.309903555841792,1.085388223246354,5.177191423682348,5.661611177226914,6.602972399048486,0.3253638397809704,1.2907356995235528,2,False,,False,5,5,29,0,[],118.20572001300752,"(29, 184)",,[0],"{""feature_selection"": {""concat"": [""mean"", ""range""], ""even"": [""mean"", ""range""], ""odd"": [""range""]}, ""n_chunks"": 16, ""parameter_selection"": {""mean"": {""likelihood"": ""student_t""}, ""range"": {""likelihood"": ""beta""}}, ""rem_profile_params"": {""rem_stage"": 2, ""step_size_hours"": 1, ""window_size_hours"": 2}, ""tau_threshold"": 5.0}",run_output_8day_rem_w2_s1_stage2_no_pareto,rem_w2_s1_stage2
28,82ee902e4f63ed61,ok,,concat: mean; odd: range,mean=student_t; range=lognormal,16,5.0,6,1,2,238.9979417337492,238.9979417337492,8.241308335646524,4.120654167823261,0.0103250304221389,4.120654167823261,0.0103250304221389,-478.67985038398257,1.0,1344.0,1242.0,0.9549461233529296,0,6,0.2651102104582913,0.9211829457621498,6.548067899282235,1.0079910341996887,5.39976459202577,5.983591138306297,6.790162540994241,0.4929735716034834,0.6932036408717875,0,False,,False,2,2,29,0,[],23.092259740980808,"(29, 152)",,[0],"{""feature_selection"": {""concat"": [""mean""], ""odd"": [""range""]}, ""n_chunks"": 16, ""parameter_selection"": {""mean"": {""likelihood"": ""student_t""}, ""range"": {""likelihood"": ""lognormal""}}, ""rem_profile_params"": {""rem_stage"": 2, ""step_size_hours"": 1, ""window_size_hours"": 6}, ""tau_threshold"": 5.0}",run_output_8day_rem_w6_s1_stage2_no_pareto,rem_w6_s1_stage2
62,2fdc3f638b3d76fa,ok,,"concat: mean, range; even: mean",mean=lognormal; range=lognormal,16,5.0,3,1,2,357.70729482412344,357.70729482412344,12.33473430428012,4.111578101426707,0.0131085840761874,4.111578101426707,0.0131085840761874,-716.5616017449815,1.0,3112.0,2698.0,1.056962333691355,0,7,0.7331054270549839,0.9968151321963392,6.823014098820636,0.3904763458529958,6.0923197697193086,6.394885491253471,6.697451212787634,0.8262807574922899,1.0343608449082518,2,False,,False,3,3,29,0,[],26.597450270026457,"(29, 176)",,[0],"{""feature_selection"": {""concat"": [""mean"", ""range""], ""even"": [""mean""]}, ""n_chunks"": 16, ""parameter_selection"": {""mean"": {""likelihood"": ""lognormal""}, ""range"": {""likelihood"": ""lognormal""}}, ""rem_profile_params"": {""rem_stage"": 2, ""step_size_hours"": 1, ""window_size_hours"": 3}, ""tau_threshold"": 5.0}",run_output_8day_rem_w3_s1_stage2_no_pareto,rem_w3_s1_stage2
139,eb7d094c0a64f77c,ok,,"concat: mean, range; even: mean, range",mean=student_t; range=beta,16,5.0,2,2,2,476.5024389088469,476.5024389088469,16.431118583063686,4.107779645765921,0.0087533953693837,4.107779645765921,0.0087533953693837,-953.4419773909738,1.01,1586.0,1627.0,0.8854626733037853,0,7,0.6228705878505689,0.9941785607360446,7.1192658451882345,0.5128330389570059,6.261385088863207,6.58458922287525,6.907793356887293,0.9521826620985204,0.8705083874446065,1,False,,False,4,4,29,0,[],77.00369763403432,"(29, 96)",,[0],"{""feature_selection"": {""concat"": [""mean"", ""range""], ""even"": [""mean"", ""range""]}, ""n_chunks"": 16, ""parameter_selection"": {""mean"": {""likelihood"": ""student_t""}, ""range"": {""likelihood"": ""beta""}}, ""rem_profile_params"": {""rem_stage"": 2, ""step_size_hours"": 2, ""window_size_hours"": 2}, ""tau_threshold"": 5.0}",run_output_8day_rem_w2_s2_stage2_no_pareto,rem_w2_s2_stage2
147,73cbf7718a6f24d6,ok,,"concat: mean, range; even: mean; odd: range",mean=student_t; range=beta,16,5.0,2,2,2,475.790921691176,475.790921691176,16.406583506592277,4.101645876648068,0.0101523469044351,4.101645876648068,0.0101523469044351,-952.5057574069444,1.0,1953.0,1372.0,0.9592975377363372,0,7,0.8281399617141374,0.9999943015985938,7.007229179293257,0.2680370322746269,6.234543110008413,6.503899313457509,6.773255516906605,0.9676886099197808,1.1664558613584868,3,False,,False,4,4,29,0,[],80.12303342099767,"(29, 96)",,[0],"{""feature_selection"": {""concat"": [""mean"", ""range""], ""even"": [""mean""], ""odd"": [""range""]}, ""n_chunks"": 16, ""parameter_selection"": {""mean"": {""likelihood"": ""student_t""}, ""range"": {""likelihood"": ""beta""}}, ""rem_profile_params"": {""rem_stage"": 2, ""step_size_hours"": 2, ""window_size_hours"": 2}, ""tau_threshold"": 5.0}",run_output_8day_rem_w2_s2_stage2_no_pareto,rem_w2_s2_stage2
172,4f056af43b7d68cd,ok,,"concat: mean; even: mean; odd: mean, range",mean=student_t; range=lognormal,16,5.0,2,2,2,475.59951800266975,475.59951800266975,16.399983379402407,4.099995844850601,0.0151797473324156,4.099995844850601,0.0151797473324156,-950.628882988404,1.0,1440.0,852.0,0.9947383433507984,0,8,0.7363284496313179,0.9745262379575506,7.76674823505669,0.7989344330047667,7.162580115316962,7.441720076877975,7.720860038438987,0.9279208661620736,0.8318323762512452,2,False,,False,4,4,29,0,[],76.37539067398757,"(29, 96)",,[0],"{""feature_selection"": {""concat"": [""mean""], ""even"": [""mean""], ""odd"": [""mean"", ""range""]}, ""n_chunks"": 16, ""parameter_selection"": {""mean"": {""likelihood"": ""student_t""}, ""range"": {""likelihood"": ""lognormal""}}, ""rem_profile_params"": {""rem_stage"": 2, ""step_size_hours"": 2, ""window_size_hours"": 2}, ""tau_threshold"": 5.0}",run_output_8day_rem_w2_s2_stage2_no_pareto,rem_w2_s2_stage2
77,182a17710ae2ef02,ok,,"concat: mean; even: mean, range",mean=lognormal; range=beta,16,5.0,2,1,2,356.5056476161289,356.5056476161289,12.293298193659616,4.0977660645532055,0.0129264384028743,4.0977660645532055,0.0129264384028743,-714.2702136852519,1.0,1623.0,1299.0,0.9502378942238436,0,7,0.5214166985021542,0.961890545819716,6.448255728124077,0.6114416363647094,5.455347526629296,5.992591324916458,6.497149569530791,0.4965524613280033,1.0721148713477604,2,False,,False,3,3,29,0,[],33.935853547009174,"(29, 184)",,[0],"{""feature_selection"": {""concat"": [""mean""], ""even"": [""mean"", ""range""]}, ""n_chunks"": 16, ""parameter_selection"": {""mean"": {""likelihood"": ""lognormal""}, ""range"": {""likelihood"": ""beta""}}, ""rem_profile_params"": {""rem_stage"": 2, ""step_size_hours"": 1, ""window_size_hours"": 2}, ""tau_threshold"": 5.0}",run_output_8day_rem_w2_s1_stage2_no_pareto,rem_w2_s1_stage2
9,329659d540c3ece0,ok,,"concat: mean; even: mean, range; odd: mean, range",mean=student_t; range=beta,16,5.0,2,1,2,593.6999048795835,593.6999048795835,20.472410513089088,4.0944821026178175,0.0121286397972814,4.0944821026178175,0.0121286397972814,-1188.5314914655153,1.02,357.0,495.0,0.8801799475004966,0,8,0.1305223184403297,0.737757232909199,6.4077569663484,1.4265950543087274,4.917363258403621,5.858137073086513,7.273574259850789,0.4606951639625176,1.075786528732998,3,False,,False,5,5,29,0,[],67.63328848499805,"(29, 184)",,[0],"{""feature_selection"": {""concat"": [""mean""], ""even"": [""mean"", ""range""], ""odd"": [""mean"", ""range""]}, ""n_chunks"": 16, ""parameter_selection"": {""mean"": {""likelihood"": ""student_t""}, ""range"": {""likelihood"": ""beta""}}, ""rem_profile_params"": {""rem_stage"": 2, ""step_size_hours"": 1, ""window_size_hours"": 2}, ""tau_threshold"": 5.0}",run_output_8day_rem_w2_s1_stage2_no_pareto,rem_w2_s1_stage2
167,2cc71ddd886b99ed,ok,,"concat: mean; even: mean, range; odd: range",mean=student_t; range=beta,16,5.0,2,1,2,474.7669577674917,474.7669577674917,16.371274405775576,4.092818601443893,0.0104290094710574,4.092818601443893,0.0104290094710574,-949.2917559355166,1.0,488.0,818.0,0.9812967300791566,0,6,0.084399373787648,0.6586474648284362,6.133842953324617,1.4336028889602208,4.5281858171818925,5.594749058097705,7.025254809037352,0.3919005693631998,0.772941009942665,2,False,,False,4,4,29,0,[],88.22156466700835,"(29, 184)",,[0],"{""feature_selection"": {""concat"": [""mean""], ""even"": [""mean"", ""range""], ""odd"": [""range""]}, ""n_chunks"": 16, ""parameter_selection"": {""mean"": {""likelihood"": ""student_t""}, ""range"": {""likelihood"": ""beta""}}, ""rem_profile_params"": {""rem_stage"": 2, ""step_size_hours"": 1, ""window_size_hours"": 2}, ""tau_threshold"": 5.0}",run_output_8day_rem_w2_s1_stage2_no_pareto,rem_w2_s1_stage2
159,0aae62d097a5b597,ok,,"concat: mean, range; odd: mean, range",mean=student_t; range=beta,16,5.0,3,1,2,474.4902092513912,474.4902092513912,16.36173135349625,4.090432838374062,0.0152014062739299,4.090432838374062,0.0152014062739299,-950.2932565908692,1.0,900.0,687.0,0.8817703853124708,0,7,0.6768569174867214,0.9855406192278258,7.088186908091641,0.610319306037584,6.27267187025816,6.578637673021103,6.884603475784044,0.972796034553428,1.393016453338502,3,False,,False,4,4,29,0,[],85.17670554795768,"(29, 176)",,[0],"{""feature_selection"": {""concat"": [""mean"", ""range""], ""odd"": [""mean"", ""range""]}, ""n_chunks"": 16, ""parameter_selection"": {""mean"": {""likelihood"": ""student_t""}, ""range"": {""likelihood"": ""beta""}}, ""rem_profile_params"": {""rem_stage"": 2, ""step_size_hours"": 1, ""window_size_hours"": 3}, ""tau_threshold"": 5.0}",run_output_8day_rem_w3_s1_stage2_no_pareto,rem_w3_s1_stage2
15,d1015285ac276109,ok,,"concat: mean, range",mean=student_t; range=beta,16,5.0,6,1,2,236.9897690448056,236.9897690448056,8.17206100154502,4.086030500772511,0.0127869896216886,4.086030500772511,0.0127869896216886,-474.3029577061912,1.0,2183.0,1705.0,0.9616490013615,0,5,0.5309352265024821,0.312766553997978,5.247018547162024,0.666577208487315,4.323567486034905,4.71033599616963,5.208166603055848,0.0112457861294718,0.5663080918727633,0,False,,False,2,2,29,0,[],30.598461004032288,"(29, 152)",,[0],"{""feature_selection"": {""concat"": [""mean"", ""range""]}, ""n_chunks"": 16, ""parameter_selection"": {""mean"": {""likelihood"": ""student_t""}, ""range"": {""likelihood"": ""beta""}}, ""rem_profile_params"": {""rem_stage"": 2, ""step_size_hours"": 1, ""window_size_hours"": 6}, ""tau_threshold"": 5.0}",run_output_8day_rem_w6_s1_stage2_no_pareto,rem_w6_s1_stage2
96,de2778341a9e29ed,ok,,"concat: mean; odd: mean, range",mean=lognormal; range=lognormal,16,5.0,2,1,2,355.19277792549616,355.19277792549616,12.248026825017108,4.082675608339035,0.0194454984477095,4.082675608339035,0.0194454984477095,-707.6581499425185,1.01,2917.0,2552.0,1.008955214116012,0,7,0.6762093343497573,0.9836699851538508,6.762801366560429,0.5168482394134832,6.05316717618038,6.368834229327959,6.684501282475538,0.7921070045560971,1.6793199140918589,3,False,,False,3,3,29,0,[],30.293192698038183,"(29, 184)",,[0],"{""feature_selection"": {""concat"": [""mean""], ""odd"": [""mean"", ""range""]}, ""n_chunks"": 16, ""parameter_selection"": {""mean"": {""likelihood"": ""lognormal""}, ""range"": {""likelihood"": ""lognormal""}}, ""rem_profile_params"": {""rem_stage"": 2, ""step_size_hours"": 1, ""window_size_hours"": 2}, ""tau_threshold"": 5.0}",run_output_8day_rem_w2_s1_stage2_no_pareto,rem_w2_s1_stage2
85,4ccd74ae30cd66d8,ok,,concat: mean; even: mean; odd: range,mean=student_t; range=beta,16,5.0,3,1,2,354.9192701886003,354.9192701886003,12.238595523744838,4.079531841248278,0.0118403641350442,4.079531841248278,0.0118403641350442,-707.136480414227,1.01,444.0,457.0,1.0071059180949196,0,8,0.3534629379850889,0.8416756883475724,6.946772908743203,1.7208396399084729,6.19412277597281,7.168362474425051,7.584181237212526,0.7858378570423775,1.2483659804718876,1,False,,False,3,3,29,0,[],55.499797274998855,"(29, 176)",,[0],"{""feature_selection"": {""concat"": [""mean""], ""even"": [""mean""], ""odd"": [""range""]}, ""n_chunks"": 16, ""parameter_selection"": {""mean"": {""likelihood"": ""student_t""}, ""range"": {""likelihood"": ""beta""}}, ""rem_profile_params"": {""rem_stage"": 2, ""step_size_hours"": 1, ""window_size_hours"": 3}, ""tau_threshold"": 5.0}",run_output_8day_rem_w3_s1_stage2_no_pareto,rem_w3_s1_stage2
90,20bc6862f20eaf49,ok,,concat: mean; even: range; odd: mean,mean=student_t; range=lognormal,16,5.0,2,1,2,354.54641624498385,354.54641624498385,12.22573849120634,4.075246163735447,0.0153677461455025,4.075246163735447,0.0153677461455025,-709.6103175766682,1.0,910.0,1228.0,0.9677187009821024,0,8,0.1552668774465216,0.812064841641331,6.615191520832553,1.5795246198831825,5.4466475778953285,6.571130839067004,7.324344873843104,0.6731077651610555,0.8286277671184459,2,False,,False,3,3,29,0,[],42.56362551497296,"(29, 184)",,[0],"{""feature_selection"": {""concat"": [""mean""], ""even"": [""range""], ""odd"": [""mean""]}, ""n_chunks"": 16, ""parameter_selection"": {""mean"": {""likelihood"": ""student_t""}, ""range"": {""likelihood"": ""lognormal""}}, ""rem_profile_params"": {""rem_stage"": 2, ""step_size_hours"": 1, ""window_size_hours"": 2}, ""tau_threshold"": 5.0}",run_output_8day_rem_w2_s1_stage2_no_pareto,rem_w2_s1_stage2
19,7367b5374b6eb1ac,ok,,concat: mean; even: range,mean=lognormal; range=beta,16,5.0,3,1,2,236.12670144917988,236.12670144917988,8.14230004997172,4.071150024985859,0.011828708960611,4.071150024985859,0.011828708960611,-472.6709668439647,1.0,2282.0,2089.0,0.9604701139748876,0,6,0.5545599704693311,0.9781755057887882,6.458294768112429,0.5787311915718678,5.466334946802303,5.97727382386342,6.488683743899409,0.4888801884350145,0.8317077983538677,1,False,,False,2,2,29,0,[],24.7142520310008,"(29, 176)",,[0],"{""feature_selection"": {""concat"": [""mean""], ""even"": [""range""]}, ""n_chunks"": 16, ""parameter_selection"": {""mean"": {""likelihood"": ""lognormal""}, ""range"": {""likelihood"": ""beta""}}, ""rem_profile_params"": {""rem_stage"": 2, ""step_size_hours"": 1, ""window_size_hours"": 3}, ""tau_threshold"": 5.0}",run_output_8day_rem_w3_s1_stage2_no_pareto,rem_w3_s1_stage2
147,a716f40574693177,ok,,"concat: mean, range; even: mean; odd: range",mean=student_t; range=beta,16,5.0,3,1,2,471.9761177813312,471.9761177813312,16.275038544183833,4.068759636045958,0.0117032998197317,4.068759636045958,0.0117032998197317,-942.6476547280928,1.01,1256.0,1326.0,0.9462277448008036,0,7,0.6576665160650614,0.9958629217725168,7.225765370008445,0.5085030872725943,6.323656763433815,6.6589799767087,6.994303189983585,0.9913020860328084,1.0346007524496343,1,False,,False,4,4,29,0,[],78.9137401630287,"(29, 176)",,[0],"{""feature_selection"": {""concat"": [""mean"", ""range""], ""even"": [""mean""], ""odd"": [""range""]}, ""n_chunks"": 16, ""parameter_selection"": {""mean"": {""likelihood"": ""student_t""}, ""range"": {""likelihood"": ""beta""}}, ""rem_profile_params"": {""rem_stage"": 2, ""step_size_hours"": 1, ""window_size_hours"": 3}, ""tau_threshold"": 5.0}",run_output_8day_rem_w3_s1_stage2_no_pareto,rem_w3_s1_stage2
89,f0eeae1bb4cb958a,ok,,concat: mean; even: range; odd: mean,mean=student_t; range=beta,16,5.0,3,1,2,353.8726380152939,353.8726380152939,12.202504759148065,4.067501586382687,0.0152000570887309,4.067501586382687,0.0152000570887309,-709.89513331482,1.0,761.0,916.0,0.9973024992227584,0,6,0.0452531327659289,0.6388109958450456,5.855230960330582,1.611466520091859,4.314120843953676,5.551798520450238,6.651766645047964,0.3872499809083199,0.843492469684777,2,False,,False,3,3,29,0,[],50.06818980898242,"(29, 176)",,[0],"{""feature_selection"": {""concat"": [""mean""], ""even"": [""range""], ""odd"": [""mean""]}, ""n_chunks"": 16, ""parameter_selection"": {""mean"": {""likelihood"": ""student_t""}, ""range"": {""likelihood"": ""beta""}}, ""rem_profile_params"": {""rem_stage"": 2, ""step_size_hours"": 1, ""window_size_hours"": 3}, ""tau_threshold"": 5.0}",run_output_8day_rem_w3_s1_stage2_no_pareto,rem_w3_s1_stage2
22,e8cac652c778f994,ok,,concat: mean; even: range,mean=student_t; range=lognormal,16,5.0,2,1,2,235.68499315888613,235.68499315888613,8.127068729616763,4.0635343648083815,0.0124608612748293,4.0635343648083815,0.0124608612748293,-472.3178363385552,1.0,1206.0,1502.0,0.9747410139267352,0,7,0.1069187172424724,0.7476333069354963,6.331745936890895,1.6494454885178138,4.959726429339596,6.34325415491946,7.077484668941457,0.6196898583535149,0.7630388032371972,1,False,,False,2,2,29,0,[],25.260532334039453,"(29, 184)",,[0],"{""feature_selection"": {""concat"": [""mean""], ""even"": [""range""]}, ""n_chunks"": 16, ""parameter_selection"": {""mean"": {""likelihood"": ""student_t""}, ""range"": {""likelihood"": ""lognormal""}}, ""rem_profile_params"": {""rem_stage"": 2, ""step_size_hours"": 1, ""window_size_hours"": 2}, ""tau_threshold"": 5.0}",run_output_8day_rem_w2_s1_stage2_no_pareto,rem_w2_s1_stage2
200,e954e816a26a8978,ok,,"concat: mean, range; even: mean, range; odd: mean",mean=student_t; range=lognormal,16,5.0,2,1,2,589.0649284059455,589.0649284059455,20.31258373813605,4.06251674762721,0.0118191995082766,4.06251674762721,0.0118191995082766,-1179.3274665580443,1.01,918.0,1312.0,0.848711458428605,0,7,0.4829201856383249,0.9761308595944092,7.115996352045828,0.7388958467783515,6.242216898749075,6.625946175939647,7.024594145378802,0.907804546816468,1.025816727545594,3,False,,False,5,5,29,0,[],95.748347404995,"(29, 184)",,[0],"{""feature_selection"": {""concat"": [""mean"", ""range""], ""even"": [""mean"", ""range""], ""odd"": [""mean""]}, ""n_chunks"": 16, ""parameter_selection"": {""mean"": {""likelihood"": ""student_t""}, ""range"": {""likelihood"": ""lognormal""}}, ""rem_profile_params"": {""rem_stage"": 2, ""step_size_hours"": 1, ""window_size_hours"": 2}, ""tau_threshold"": 5.0}",run_output_8day_rem_w2_s1_stage2_no_pareto,rem_w2_s1_stage2
22,a0bf7cd3b962fe63,ok,,concat: mean; even: range,mean=student_t; range=lognormal,16,5.0,6,1,2,235.5248972505675,235.5248972505675,8.121548181054052,4.060774090527025,0.0164457874430414,4.060774090527025,0.0164457874430414,-470.8576354931282,1.0,1426.0,1394.0,1.0728445139433898,0,8,0.3734692315830515,0.9144468248370894,7.218144982474912,1.254266693430332,6.3748251619909455,7.09089857905179,7.545449289525894,0.8699143208883474,0.4924401276347765,0,False,,False,2,2,29,0,[],23.74667746399064,"(29, 152)",,[0],"{""feature_selection"": {""concat"": [""mean""], ""even"": [""range""]}, ""n_chunks"": 16, ""parameter_selection"": {""mean"": {""likelihood"": ""student_t""}, ""range"": {""likelihood"": ""lognormal""}}, ""rem_profile_params"": {""rem_stage"": 2, ""step_size_hours"": 1, ""window_size_hours"": 6}, ""tau_threshold"": 5.0}",run_output_8day_rem_w6_s1_stage2_no_pareto,rem_w6_s1_stage2
170,23bb08962cb4b825,ok,,"concat: mean; even: mean; odd: mean, range",mean=lognormal; range=lognormal,16,5.0,2,1,2,470.9485325078279,470.9485325078279,16.239604569235446,4.059901142308863,0.0159358884776882,4.059901142308863,0.0159358884776882,-937.2774676634896,1.0,2845.0,2215.0,1.024833944465931,0,7,0.7756354919985504,0.9899649929025438,6.865516289629384,0.4132174157850339,6.151284244739272,6.434276886005132,6.717269527270991,0.8836468009049274,1.8532588703091344,2,False,,False,4,4,29,0,[],46.88380795903504,"(29, 184)",,[0],"{""feature_selection"": {""concat"": [""mean""], ""even"": [""mean""], ""odd"": [""mean"", ""range""]}, ""n_chunks"": 16, ""parameter_selection"": {""mean"": {""likelihood"": ""lognormal""}, ""range"": {""likelihood"": ""lognormal""}}, ""rem_profile_params"": {""rem_stage"": 2, ""step_size_hours"": 1, ""window_size_hours"": 2}, ""tau_threshold"": 5.0}",run_output_8day_rem_w2_s1_stage2_no_pareto,rem_w2_s1_stage2
140,038dd72dfc19833e,ok,,"concat: mean, range; even: mean, range",mean=student_t; range=lognormal,16,5.0,2,1,2,470.5602935156909,470.5602935156909,16.226217017782446,4.056554254445612,0.0094677680064439,4.056554254445612,0.0094677680064439,-942.868072539908,1.0,1735.0,1572.0,0.9907057677290876,0,7,0.563498496047794,0.9777870444027958,7.05685254843594,0.652265298591149,6.233275556870114,6.565914277745833,6.89855299862155,0.9253220102097433,1.0543277684625645,2,False,,False,4,4,29,0,[],58.150900519045535,"(29, 184)",,[0],"{""feature_selection"": {""concat"": [""mean"", ""range""], ""even"": [""mean"", ""range""]}, ""n_chunks"": 16, ""parameter_selection"": {""mean"": {""likelihood"": ""student_t""}, ""range"": {""likelihood"": ""lognormal""}}, ""rem_profile_params"": {""rem_stage"": 2, ""step_size_hours"": 1, ""window_size_hours"": 2}, ""tau_threshold"": 5.0}",run_output_8day_rem_w2_s1_stage2_no_pareto,rem_w2_s1_stage2
106,3c6c364098ba4439,ok,,concat: range; even: mean; odd: mean,mean=student_t; range=lognormal,16,5.0,2,1,2,352.37728806031794,352.37728806031794,12.15094096759717,4.0503136558657244,0.013776502568332,4.0503136558657244,0.013776502568332,-705.2764112880628,1.0,1311.0,1652.0,0.979885564803404,0,7,0.2784579974635549,0.9059875781507232,6.833007884497236,1.0954148298169248,6.0191433846569815,6.507363843473727,6.995584302290473,0.7598026333755952,0.8595738619799558,1,False,,False,3,3,29,0,[],43.7694706019829,"(29, 184)",,[0],"{""feature_selection"": {""concat"": [""range""], ""even"": [""mean""], ""odd"": [""mean""]}, ""n_chunks"": 16, ""parameter_selection"": {""mean"": {""likelihood"": ""student_t""}, ""range"": {""likelihood"": ""lognormal""}}, ""rem_profile_params"": {""rem_stage"": 2, ""step_size_hours"": 1, ""window_size_hours"": 2}, ""tau_threshold"": 5.0}",run_output_8day_rem_w2_s1_stage2_no_pareto,rem_w2_s1_stage2
151,19f2f3f8d5cb51d9,ok,,"concat: mean, range; even: range; odd: mean",mean=student_t; range=beta,16,5.0,2,2,2,468.3318073735253,468.3318073735253,16.149372668052596,4.037343167013149,0.0127669779365124,4.037343167013149,0.0127669779365124,-937.8454306457204,1.01,1225.0,1499.0,0.971373174731558,0,7,0.5546888114057555,0.9925447564551804,6.927695025905379,0.5594459880135547,6.117380327250578,6.458983288441877,6.800586249633177,0.8359040615757743,1.1130572011198565,3,False,,False,4,4,29,0,[],83.63654950499767,"(29, 96)",,[0],"{""feature_selection"": {""concat"": [""mean"", ""range""], ""even"": [""range""], ""odd"": [""mean""]}, ""n_chunks"": 16, ""parameter_selection"": {""mean"": {""likelihood"": ""student_t""}, ""range"": {""likelihood"": ""beta""}}, ""rem_profile_params"": {""rem_stage"": 2, ""step_size_hours"": 2, ""window_size_hours"": 2}, ""tau_threshold"": 5.0}",run_output_8day_rem_w2_s2_stage2_no_pareto,rem_w2_s2_stage2
80,73808bd4df0e8626,ok,,"concat: mean; even: mean, range",mean=student_t; range=lognormal,16,5.0,2,2,2,350.6824828357199,350.6824828357199,12.092499408128273,4.030833136042757,0.0118698387810892,4.030833136042757,0.0118698387810892,-701.2604357844739,1.01,1263.0,1441.0,1.0222677070249897,0,8,0.3855356017522517,0.9119764293852322,7.271778182301633,1.2906422246115488,6.396685093841721,7.239346455196953,7.619673227598477,0.8109317175160139,0.6292182531833419,0,False,,False,3,3,29,0,[],41.18254757800605,"(29, 96)",,[0],"{""feature_selection"": {""concat"": [""mean""], ""even"": [""mean"", ""range""]}, ""n_chunks"": 16, ""parameter_selection"": {""mean"": {""likelihood"": ""student_t""}, ""range"": {""likelihood"": ""lognormal""}}, ""rem_profile_params"": {""rem_stage"": 2, ""step_size_hours"": 2, ""window_size_hours"": 2}, ""tau_threshold"": 5.0}",run_output_8day_rem_w2_s2_stage2_no_pareto,rem_w2_s2_stage2
5,e1ebebf295b4b622,ok,,"concat: mean, range; even: range; odd: mean, range",mean=student_t; range=beta,16,5.0,2,1,2,584.4504131865605,584.4504131865605,20.1534625236745,4.0306925047349,0.0127717662577339,4.0306925047349,0.0127717662577339,-1169.9537099497436,1.02,480.0,302.0,0.8995551181072209,0,6,0.4401223798768837,0.8609140819165161,6.032401538520976,0.8223042763248625,5.1553204957692165,5.505412416212025,5.855504336654833,0.146815911116712,0.9863378309925832,3,False,,False,5,5,29,0,[],62.505116165964864,"(29, 184)",,[0],"{""feature_selection"": {""concat"": [""mean"", ""range""], ""even"": [""range""], ""odd"": [""mean"", ""range""]}, ""n_chunks"": 16, ""parameter_selection"": {""mean"": {""likelihood"": ""student_t""}, ""range"": {""likelihood"": ""beta""}}, ""rem_profile_params"": {""rem_stage"": 2, ""step_size_hours"": 1, ""window_size_hours"": 2}, ""tau_threshold"": 5.0}",run_output_8day_rem_w2_s1_stage2_no_pareto,rem_w2_s1_stage2
159,d17de358fbbb110d,ok,,"concat: mean, range; odd: mean, range",mean=student_t; range=beta,16,5.0,2,2,2,467.523475403169,467.523475403169,16.121499151833415,4.030374787958354,0.0140376066566254,4.030374787958354,0.0140376066566254,-936.254527691708,1.0,1403.0,1180.0,0.960287025496344,0,7,0.7529873751575016,0.9999912669976616,6.9221456756463295,0.3475573070650589,6.169121809312692,6.455427313549816,6.741732817786939,0.8976760023906336,1.2751286301584357,4,False,,False,4,4,29,0,[],85.22610643802909,"(29, 96)",,[0],"{""feature_selection"": {""concat"": [""mean"", ""range""], ""odd"": [""mean"", ""range""]}, ""n_chunks"": 16, ""parameter_selection"": {""mean"": {""likelihood"": ""student_t""}, ""range"": {""likelihood"": ""beta""}}, ""rem_profile_params"": {""rem_stage"": 2, ""step_size_hours"": 2, ""window_size_hours"": 2}, ""tau_threshold"": 5.0}",run_output_8day_rem_w2_s2_stage2_no_pareto,rem_w2_s2_stage2
29,4c3a30dd58d438e8,ok,,concat: range; even: mean,mean=lognormal; range=beta,16,5.0,2,1,2,233.14550609706976,233.14550609706976,8.039500210243785,4.019750105121894,0.0137109455487917,4.019750105121894,0.0137109455487917,-467.7688975419727,1.0,1273.0,1476.0,0.96204907664817,0,7,0.1407922715416969,0.8343293215984618,6.470523279251261,1.3581954752940926,5.290616487705432,6.150805768701899,7.0054059157057385,0.5441554148656209,0.8399377933417239,2,False,,False,2,2,29,0,[],24.1519207439851,"(29, 184)",,[0],"{""feature_selection"": {""concat"": [""range""], ""even"": [""mean""]}, ""n_chunks"": 16, ""parameter_selection"": {""mean"": {""likelihood"": ""lognormal""}, ""range"": {""likelihood"": ""beta""}}, ""rem_profile_params"": {""rem_stage"": 2, ""step_size_hours"": 1, ""window_size_hours"": 2}, ""tau_threshold"": 5.0}",run_output_8day_rem_w2_s1_stage2_no_pareto,rem_w2_s1_stage2
32,01ae05e0cc6a21a8,ok,,concat: range; even: mean,mean=student_t; range=lognormal,16,5.0,2,1,2,233.11823065030728,233.11823065030728,8.038559677596803,4.0192798387984014,0.0095445183467597,4.0192798387984014,0.0095445183467597,-466.9287482581698,1.0,1702.0,1996.0,1.0327964612194591,0,7,0.2678615100322387,0.8592751529549401,6.639969588368919,1.1867206138859867,5.862479872074914,6.412011692087286,6.854889549713579,0.7325763667072669,0.6057543749843831,0,False,,False,2,2,29,0,[],23.51205765700433,"(29, 184)",,[0],"{""feature_selection"": {""concat"": [""range""], ""even"": [""mean""]}, ""n_chunks"": 16, ""parameter_selection"": {""mean"": {""likelihood"": ""student_t""}, ""range"": {""likelihood"": ""lognormal""}}, ""rem_profile_params"": {""rem_stage"": 2, ""step_size_hours"": 1, ""window_size_hours"": 2}, ""tau_threshold"": 5.0}",run_output_8day_rem_w2_s1_stage2_no_pareto,rem_w2_s1_stage2
79,70ba092125f94d20,ok,,"concat: mean; even: mean, range",mean=student_t; range=beta,16,5.0,3,1,2,348.94546863739515,348.94546863739515,12.03260236680673,4.010867455602243,0.01067081528901,4.010867455602243,0.01067081528901,-698.823266664753,1.0,623.0,1058.0,0.963510819543792,0,8,0.1017753070344421,0.6981835950412411,6.262132037884085,1.810886436765927,4.485097675741463,6.345397216076633,7.282931959757857,0.579863163286398,0.6272000946292338,0,False,,False,3,3,29,0,[],51.118240600975696,"(29, 176)",,[0],"{""feature_selection"": {""concat"": [""mean""], ""even"": [""mean"", ""range""]}, ""n_chunks"": 16, ""parameter_selection"": {""mean"": {""likelihood"": ""student_t""}, ""range"": {""likelihood"": ""beta""}}, ""rem_profile_params"": {""rem_stage"": 2, ""step_size_hours"": 1, ""window_size_hours"": 3}, ""tau_threshold"": 5.0}",run_output_8day_rem_w3_s1_stage2_no_pareto,rem_w3_s1_stage2
65,a36c7327169886e3,ok,,"concat: mean, range; even: range",mean=lognormal; range=beta,16,5.0,2,2,2,348.2276771074704,348.2276771074704,12.00785093474036,4.0026169782467855,0.0093133852094674,4.0026169782467855,0.0093133852094674,-698.6604995396677,1.0,1522.0,1009.0,0.9361362011723936,0,7,0.8703335710854541,0.999937568645383,6.940228174639122,0.2395588142515136,6.202066833639276,6.468223004091648,6.734379174544021,0.9398010041396312,1.1794445079074938,2,False,,False,3,3,29,0,[],38.042929469025694,"(29, 96)",,[0],"{""feature_selection"": {""concat"": [""mean"", ""range""], ""even"": [""range""]}, ""n_chunks"": 16, ""parameter_selection"": {""mean"": {""likelihood"": ""lognormal""}, ""range"": {""likelihood"": ""beta""}}, ""rem_profile_params"": {""rem_stage"": 2, ""step_size_hours"": 2, ""window_size_hours"": 2}, ""tau_threshold"": 5.0}",run_output_8day_rem_w2_s2_stage2_no_pareto,rem_w2_s2_stage2
3,13efaed53ff51e18,ok,,"concat: mean, range; even: mean; odd: mean, range",mean=student_t; range=beta,16,5.0,2,2,2,580.2649085639868,580.2649085639868,20.009134778068507,4.001826955613702,0.0119429504902475,4.001826955613702,0.0119429504902475,-1160.6938514031117,1.0,1934.0,1549.0,0.9259199979423386,0,7,0.7523895532011721,0.9999754709404978,6.994179403047231,0.3430472354255336,6.213412111337721,6.496722454665617,6.780032797993512,0.938320084638354,0.9678371644692736,5,False,,False,5,5,29,0,[],64.3457073350437,"(29, 96)",,[0],"{""feature_selection"": {""concat"": [""mean"", ""range""], ""even"": [""mean""], ""odd"": [""mean"", ""range""]}, ""n_chunks"": 16, ""parameter_selection"": {""mean"": {""likelihood"": ""student_t""}, ""range"": {""likelihood"": ""beta""}}, ""rem_profile_params"": {""rem_stage"": 2, ""step_size_hours"": 2, ""window_size_hours"": 2}, ""tau_threshold"": 5.0}",run_output_8day_rem_w2_s2_stage2_no_pareto,rem_w2_s2_stage2
151,8bfd4247e9c95ff9,ok,,"concat: mean, range; even: range; odd: mean",mean=student_t; range=beta,16,5.0,3,1,2,464.1213966373098,464.1213966373098,16.004186090941715,4.00104652273543,0.0125021922641539,4.00104652273543,0.0125021922641539,-928.845146150214,1.0,1891.0,1632.0,0.9307315342938952,0,7,0.7373782796626855,0.9905787904830528,7.047200617097922,0.4359510884308558,6.250766130511078,6.5361731755672166,6.821580220623355,0.9696565701993732,0.8684592159734633,2,False,,False,4,4,29,0,[],80.14088749798248,"(29, 176)",,[0],"{""feature_selection"": {""concat"": [""mean"", ""range""], ""even"": [""range""], ""odd"": [""mean""]}, ""n_chunks"": 16, ""parameter_selection"": {""mean"": {""likelihood"": ""student_t""}, ""range"": {""likelihood"": ""beta""}}, ""rem_profile_params"": {""rem_stage"": 2, ""step_size_hours"": 1, ""window_size_hours"": 3}, ""tau_threshold"": 5.0}",run_output_8day_rem_w3_s1_stage2_no_pareto,rem_w3_s1_stage2
199,b61d3ad0913d6f96,ok,,"concat: mean, range; even: mean, range; odd: mean",mean=student_t; range=beta,16,5.0,2,2,2,579.906083965712,579.906083965712,19.996761516059035,3.999352303211808,0.0111479289596765,3.999352303211808,0.0111479289596765,-1161.2237240348031,1.0,879.0,986.0,0.9103850541489228,0,7,0.5132751283949999,0.9951300567304135,7.076413078977093,0.6079496710432108,6.1931144339330295,6.564639834863447,6.936165235793864,0.8799469924865229,1.1312986557347424,3,False,,False,5,5,29,0,[],120.09529017400928,"(29, 96)",,[0],"{""feature_selection"": {""concat"": [""mean"", ""range""], ""even"": [""mean"", ""range""], ""odd"": [""mean""]}, ""n_chunks"": 16, ""parameter_selection"": {""mean"": {""likelihood"": ""student_t""}, ""range"": {""likelihood"": ""beta""}}, ""rem_profile_params"": {""rem_stage"": 2, ""step_size_hours"": 2, ""window_size_hours"": 2}, ""tau_threshold"": 5.0}",run_output_8day_rem_w2_s2_stage2_no_pareto,rem_w2_s2_stage2
172,ee698d654fc379aa,ok,,"concat: mean; even: mean; odd: mean, range",mean=student_t; range=lognormal,16,5.0,3,1,2,463.08232803309255,463.08232803309255,15.968356139072156,3.992089034768039,0.0135063973984559,3.992089034768039,0.0135063973984559,-927.311104243511,1.01,364.0,241.0,1.0457541564621116,0,8,0.5501450371740775,0.9055058461985722,7.466540838016878,1.211955587688014,7.057366565959783,7.371577710639856,7.685788855319927,0.8523396346116804,0.8208118896142251,1,False,,False,4,4,29,0,[],76.08028904499952,"(29, 176)",,[0],"{""feature_selection"": {""concat"": [""mean""], ""even"": [""mean""], ""odd"": [""mean"", ""range""]}, ""n_chunks"": 16, ""parameter_selection"": {""mean"": {""likelihood"": ""student_t""}, ""range"": {""likelihood"": ""lognormal""}}, ""rem_profile_params"": {""rem_stage"": 2, ""step_size_hours"": 1, ""window_size_hours"": 3}, ""tau_threshold"": 5.0}",run_output_8day_rem_w3_s1_stage2_no_pareto,rem_w3_s1_stage2
73,740e6e58b456c445,ok,,"concat: mean, range; odd: range",mean=lognormal; range=beta,16,5.0,2,2,2,347.0809996659738,347.0809996659738,11.968310333309445,3.989436777769814,0.0118631727403537,3.989436777769814,0.0118631727403537,-694.1138199041943,1.0,2271.0,1367.0,0.8998388207088445,0,7,0.9256923268718196,0.9999988677714768,6.970477398101852,0.1693010593653166,6.227184122052305,6.484790528586763,6.742396935121221,0.9704760016536282,0.876765599769282,2,False,,False,3,3,29,0,[],39.06653850298608,"(29, 96)",,[0],"{""feature_selection"": {""concat"": [""mean"", ""range""], ""odd"": [""range""]}, ""n_chunks"": 16, ""parameter_selection"": {""mean"": {""likelihood"": ""lognormal""}, ""range"": {""likelihood"": ""beta""}}, ""rem_profile_params"": {""rem_stage"": 2, ""step_size_hours"": 2, ""window_size_hours"": 2}, ""tau_threshold"": 5.0}",run_output_8day_rem_w2_s2_stage2_no_pareto,rem_w2_s2_stage2
65,2757856ae4c89628,ok,,"concat: mean, range; even: range",mean=lognormal; range=beta,16,5.0,3,1,2,347.0319493364952,347.0319493364952,11.966618942637766,3.988872980879254,0.0095131032643795,3.988872980879254,0.0095131032643795,-694.6808291642756,1.01,2121.0,1407.0,0.8992758436030113,0,7,0.9342201885167248,0.9996198286556248,6.9749274911023145,0.1606582299909022,6.231090013932532,6.487400969028927,6.743711924125323,0.9754000554186428,0.7300946237515297,1,False,,False,3,3,29,0,[],38.380424792994745,"(29, 176)",,[0],"{""feature_selection"": {""concat"": [""mean"", ""range""], ""even"": [""range""]}, ""n_chunks"": 16, ""parameter_selection"": {""mean"": {""likelihood"": ""lognormal""}, ""range"": {""likelihood"": ""beta""}}, ""rem_profile_params"": {""rem_stage"": 2, ""step_size_hours"": 1, ""window_size_hours"": 3}, ""tau_threshold"": 5.0}",run_output_8day_rem_w3_s1_stage2_no_pareto,rem_w3_s1_stage2
155,54ec190f1cc392e4,ok,,"concat: mean, range; even: range; odd: range",mean=student_t; range=beta,16,5.0,2,1,2,462.6261268919687,462.6261268919687,15.9526250652403,3.988156266310076,0.011314051586662,3.988156266310076,0.011314051586662,-925.4477527509164,1.0,535.0,514.0,0.938148307419402,0,6,0.3641337339106917,0.798750457821685,5.948329687708997,0.8727911115215526,5.075361289946591,5.461825814147785,5.848290338348979,0.1518605511304051,1.1290826078877725,2,False,,False,4,4,29,0,[],80.24947858898668,"(29, 184)",,[0],"{""feature_selection"": {""concat"": [""mean"", ""range""], ""even"": [""range""], ""odd"": [""range""]}, ""n_chunks"": 16, ""parameter_selection"": {""mean"": {""likelihood"": ""student_t""}, ""range"": {""likelihood"": ""beta""}}, ""rem_profile_params"": {""rem_stage"": 2, ""step_size_hours"": 1, ""window_size_hours"": 2}, ""tau_threshold"": 5.0}",run_output_8day_rem_w2_s1_stage2_no_pareto,rem_w2_s1_stage2
76,cd88120a7737775b,ok,,"concat: mean, range; odd: range",mean=student_t; range=lognormal,16,5.0,3,1,2,346.3767680633642,346.3767680633642,11.944026484943592,3.9813421616478646,0.0118459532915944,3.9813421616478646,0.0118459532915944,-692.8810419284804,1.01,416.0,316.0,0.9654707686750252,0,7,0.1227646233421911,0.6111698464571749,6.091711532462401,1.3155959830515518,4.45585471331779,5.730241424508894,6.695114606066127,0.4589327331874925,1.0057658770371618,2,False,,False,3,3,29,0,[],33.638135451998096,"(29, 176)",,[0],"{""feature_selection"": {""concat"": [""mean"", ""range""], ""odd"": [""range""]}, ""n_chunks"": 16, ""parameter_selection"": {""mean"": {""likelihood"": ""student_t""}, ""range"": {""likelihood"": ""lognormal""}}, ""rem_profile_params"": {""rem_stage"": 2, ""step_size_hours"": 1, ""window_size_hours"": 3}, ""tau_threshold"": 5.0}",run_output_8day_rem_w3_s1_stage2_no_pareto,rem_w3_s1_stage2
139,7808690b7064816e,ok,,"concat: mean, range; even: mean, range",mean=student_t; range=beta,16,5.0,3,1,2,461.5415858703898,461.5415858703898,15.915227098978958,3.97880677474474,0.0090847920532375,3.97880677474474,0.0090847920532375,-924.163480870621,1.0,2217.0,1511.0,0.9139867114449938,0,7,0.7232071520867367,0.9930229834644656,7.107995273196519,0.4387430593459651,6.275979835599051,6.570940862360951,6.865901889122851,0.9839121193643566,0.8083014883746007,2,False,,False,4,4,29,0,[],75.30115740100155,"(29, 176)",,[0],"{""feature_selection"": {""concat"": [""mean"", ""range""], ""even"": [""mean"", ""range""]}, ""n_chunks"": 16, ""parameter_selection"": {""mean"": {""likelihood"": ""student_t""}, ""range"": {""likelihood"": ""beta""}}, ""rem_profile_params"": {""rem_stage"": 2, ""step_size_hours"": 1, ""window_size_hours"": 3}, ""tau_threshold"": 5.0}",run_output_8day_rem_w3_s1_stage2_no_pareto,rem_w3_s1_stage2
76,76dfab5bc938162a,ok,,"concat: mean, range; odd: range",mean=student_t; range=lognormal,16,5.0,2,2,2,345.465677803186,345.465677803186,11.912609579420208,3.970869859806736,0.012226929085045,3.970869859806736,0.012226929085045,-692.8235100425045,1.0,1148.0,1319.0,0.967031527526514,0,7,0.3288750172254758,0.9353280383688444,6.8549744203141705,0.8470580892872276,5.870398003311248,6.432157407737055,6.917935569072322,0.7224047117253979,1.1301754225250362,2,False,,False,3,3,29,0,[],33.134434014966246,"(29, 96)",,[0],"{""feature_selection"": {""concat"": [""mean"", ""range""], ""odd"": [""range""]}, ""n_chunks"": 16, ""parameter_selection"": {""mean"": {""likelihood"": ""student_t""}, ""range"": {""likelihood"": ""lognormal""}}, ""rem_profile_params"": {""rem_stage"": 2, ""step_size_hours"": 2, ""window_size_hours"": 2}, ""tau_threshold"": 5.0}",run_output_8day_rem_w2_s2_stage2_no_pareto,rem_w2_s2_stage2
158,397274a94d98d6e9,ok,,"concat: mean, range; odd: mean, range",mean=lognormal; range=lognormal,16,5.0,2,1,2,459.81469378594255,459.81469378594255,15.855679096066984,3.963919774016746,0.0160336172674149,3.963919774016746,0.0160336172674149,-915.3488195561793,1.0,3539.0,2479.0,1.0595276302187604,0,7,0.8300286024481268,0.9978687082121844,6.910560142571998,0.3034341863040487,6.17962511497592,6.453090354556871,6.726555594137823,0.9142120176326352,1.4981821472738277,2,False,,False,4,4,29,0,[],46.1479170480161,"(29, 184)",,[0],"{""feature_selection"": {""concat"": [""mean"", ""range""], ""odd"": [""mean"", ""range""]}, ""n_chunks"": 16, ""parameter_selection"": {""mean"": {""likelihood"": ""lognormal""}, ""range"": {""likelihood"": ""lognormal""}}, ""rem_profile_params"": {""rem_stage"": 2, ""step_size_hours"": 1, ""window_size_hours"": 2}, ""tau_threshold"": 5.0}",run_output_8day_rem_w2_s1_stage2_no_pareto,rem_w2_s1_stage2
2,6c4c3033be4d62e1,ok,,"concat: mean, range; even: mean; odd: mean, range",mean=student_t; range=beta,16,5.0,3,1,2,573.5193696456794,573.5193696456794,19.776529987782048,3.9553059975564087,0.0131493350814288,3.9553059975564087,0.0131493350814288,-1147.1600451773963,1.01,679.0,953.0,0.8832090419908127,0,7,0.63264833388645,0.9930708681022976,7.248341269385801,0.5716378147123051,6.336806700613479,6.688934212280422,7.104432472275623,0.9891226824475204,1.3553626116239377,4,False,,False,5,5,29,0,[],62.95208597701276,"(29, 176)",,[0],"{""feature_selection"": {""concat"": [""mean"", ""range""], ""even"": [""mean""], ""odd"": [""mean"", ""range""]}, ""n_chunks"": 16, ""parameter_selection"": {""mean"": {""likelihood"": ""student_t""}, ""range"": {""likelihood"": ""beta""}}, ""rem_profile_params"": {""rem_stage"": 2, ""step_size_hours"": 1, ""window_size_hours"": 3}, ""tau_threshold"": 5.0}",run_output_8day_rem_w3_s1_stage2_no_pareto,rem_w3_s1_stage2
90,9d10876d3d45f384,ok,,concat: mean; even: range; odd: mean,mean=student_t; range=lognormal,16,5.0,2,2,2,344.0597112392113,344.0597112392113,11.864127973765909,3.9547093245886353,0.0165523284395225,3.9547093245886353,0.0165523284395225,-689.1705341505777,1.01,625.0,1357.0,0.9185904536765416,0,8,0.2080888638934304,0.8574084483803153,6.681955609706696,1.437452090766002,5.353242329565394,6.401999972168147,7.405678198425062,0.5533439595279646,0.8801337312573013,2,False,,False,3,3,29,0,[],42.194742445019074,"(29, 96)",,[0],"{""feature_selection"": {""concat"": [""mean""], ""even"": [""range""], ""odd"": [""mean""]}, ""n_chunks"": 16, ""parameter_selection"": {""mean"": {""likelihood"": ""student_t""}, ""range"": {""likelihood"": ""lognormal""}}, ""rem_profile_params"": {""rem_stage"": 2, ""step_size_hours"": 2, ""window_size_hours"": 2}, ""tau_threshold"": 5.0}",run_output_8day_rem_w2_s2_stage2_no_pareto,rem_w2_s2_stage2
171,f5e7ff58614db1e6,ok,,"concat: mean; even: mean; odd: mean, range",mean=student_t; range=beta,16,5.0,3,1,2,458.6348713111463,458.6348713111463,15.81499556245332,3.95374889061333,0.0139472775268162,3.95374889061333,0.0139472775268162,-914.0490888992832,1.01,324.0,243.0,0.9811422084620532,0,8,0.383251759740032,0.8699884225559962,7.070474578667531,1.6137932526836658,6.317595073006991,7.205344355573974,7.602672177786987,0.8062194333424135,1.0368628005717588,3,False,,False,4,4,29,0,[],92.87852197303437,"(29, 176)",,[0],"{""feature_selection"": {""concat"": [""mean""], ""even"": [""mean""], ""odd"": [""mean"", ""range""]}, ""n_chunks"": 16, ""parameter_selection"": {""mean"": {""likelihood"": ""student_t""}, ""range"": {""likelihood"": ""beta""}}, ""rem_profile_params"": {""rem_stage"": 2, ""step_size_hours"": 1, ""window_size_hours"": 3}, ""tau_threshold"": 5.0}",run_output_8day_rem_w3_s1_stage2_no_pareto,rem_w3_s1_stage2
175,9e98a3ee6c7091b8,ok,,"concat: mean; even: range; odd: mean, range",mean=student_t; range=beta,16,5.0,2,1,2,458.3264207662576,458.3264207662576,15.804359336767504,3.951089834191876,0.0137440583720177,3.951089834191876,0.0137440583720177,-915.7087734454178,1.01,500.0,816.0,0.9489498883678644,0,6,0.1483836610999953,0.6041798360740438,5.762737506831466,1.2114886619190297,4.413475021798883,5.262635588758408,5.8928813221356044,0.2075091618270878,1.014539543893717,3,False,,False,4,4,29,0,[],92.286562082998,"(29, 184)",,[0],"{""feature_selection"": {""concat"": [""mean""], ""even"": [""range""], ""odd"": [""mean"", ""range""]}, ""n_chunks"": 16, ""parameter_selection"": {""mean"": {""likelihood"": ""student_t""}, ""range"": {""likelihood"": ""beta""}}, ""rem_profile_params"": {""rem_stage"": 2, ""step_size_hours"": 1, ""window_size_hours"": 2}, ""tau_threshold"": 5.0}",run_output_8day_rem_w2_s1_stage2_no_pareto,rem_w2_s1_stage2
206,1ccc802643320ef2,ok,,"concat: mean, range; even: mean; odd: mean, range",mean=lognormal; range=lognormal,16,5.0,2,1,2,571.4761299954718,571.4761299954718,19.70607344811972,3.9412146896239433,0.0141490528048614,3.9412146896239433,0.0141490528048614,-1140.310281795299,1.01,3455.0,2613.0,0.9922786613367846,0,7,0.9010759875497576,0.9993631648137696,6.957417567247647,0.2078968603810094,6.217381870773075,6.478261164385114,6.739140457997153,0.9583165242469854,1.598521475310309,2,False,,False,5,5,29,0,[],65.83611266303342,"(29, 184)",,[0],"{""feature_selection"": {""concat"": [""mean"", ""range""], ""even"": [""mean""], ""odd"": [""mean"", ""range""]}, ""n_chunks"": 16, ""parameter_selection"": {""mean"": {""likelihood"": ""lognormal""}, ""range"": {""likelihood"": ""lognormal""}}, ""rem_profile_params"": {""rem_stage"": 2, ""step_size_hours"": 1, ""window_size_hours"": 2}, ""tau_threshold"": 5.0}",run_output_8day_rem_w2_s1_stage2_no_pareto,rem_w2_s1_stage2
148,f68bb61274b8c3ed,ok,,"concat: mean, range; even: mean; odd: range",mean=student_t; range=lognormal,16,5.0,2,2,2,457.01958412919726,457.01958412919726,15.759296004455075,3.939824001113769,0.0105708406074069,3.939824001113769,0.0105708406074069,-914.6389603481896,1.0,978.0,1712.0,0.9781014787424256,0,7,0.374684109348343,0.9708636026377532,7.1394575503048525,0.7889895009732139,6.154391617185959,6.683560652843367,7.286736830208401,0.8229405949623223,1.0045600074392576,2,False,,False,4,4,29,0,[],63.66750417201547,"(29, 96)",,[0],"{""feature_selection"": {""concat"": [""mean"", ""range""], ""even"": [""mean""], ""odd"": [""range""]}, ""n_chunks"": 16, ""parameter_selection"": {""mean"": {""likelihood"": ""student_t""}, ""range"": {""likelihood"": ""lognormal""}}, ""rem_profile_params"": {""rem_stage"": 2, ""step_size_hours"": 2, ""window_size_hours"": 2}, ""tau_threshold"": 5.0}",run_output_8day_rem_w2_s2_stage2_no_pareto,rem_w2_s2_stage2
141,2c09fc161f0f7d30,ok,,"concat: mean, range; even: mean; odd: mean",mean=lognormal; range=beta,16,5.0,2,2,2,455.4202008250581,455.4202008250581,15.704144856036486,3.926036214009121,0.0163757249903051,3.926036214009121,0.0163757249903051,-905.2438260132552,1.0,2006.0,1579.0,1.02107181733271,0,7,0.9256186097591612,0.9998090338877,6.971548800696141,0.1702453595714794,6.228095764699585,6.485495437732437,6.742895110765289,0.9715385144161328,1.506120040169525,4,False,,False,4,4,29,0,[],50.82598786102608,"(29, 96)",,[0],"{""feature_selection"": {""concat"": [""mean"", ""range""], ""even"": [""mean""], ""odd"": [""mean""]}, ""n_chunks"": 16, ""parameter_selection"": {""mean"": {""likelihood"": ""lognormal""}, ""range"": {""likelihood"": ""beta""}}, ""rem_profile_params"": {""rem_stage"": 2, ""step_size_hours"": 2, ""window_size_hours"": 2}, ""tau_threshold"": 5.0}",run_output_8day_rem_w2_s2_stage2_no_pareto,rem_w2_s2_stage2
164,06ee7d42fabafc0b,ok,,"concat: mean; even: mean, range; odd: mean",mean=student_t; range=lognormal,16,5.0,2,2,2,455.2888598162869,455.2888598162869,15.699615855734027,3.924903963933507,0.0138590218825795,3.924903963933507,0.0138590218825795,-912.519267639748,1.01,971.0,1201.0,0.9836607277526376,0,8,0.3861764335222678,0.9407868740148642,7.240329102920865,1.1879014815828062,5.989435049103701,7.19709166609514,7.59854583304757,0.747962823373347,0.8261635624845508,3,False,,False,4,4,29,0,[],73.77213117602514,"(29, 96)",,[0],"{""feature_selection"": {""concat"": [""mean""], ""even"": [""mean"", ""range""], ""odd"": [""mean""]}, ""n_chunks"": 16, ""parameter_selection"": {""mean"": {""likelihood"": ""student_t""}, ""range"": {""likelihood"": ""lognormal""}}, ""rem_profile_params"": {""rem_stage"": 2, ""step_size_hours"": 2, ""window_size_hours"": 2}, ""tau_threshold"": 5.0}",run_output_8day_rem_w2_s2_stage2_no_pareto,rem_w2_s2_stage2
187,409ff372ca678de6,ok,,"concat: range; even: mean; odd: mean, range",mean=student_t; range=beta,16,5.0,2,1,2,454.759305735973,454.759305735973,15.681355370205964,3.920338842551491,0.0119774211296057,3.920338842551491,0.0119774211296057,-910.0952040181846,1.01,815.0,1493.0,0.8933112494483414,0,6,0.2752306426911853,0.9290688474773487,6.755781721294669,1.1156317167600174,5.445090757616626,6.151154176879678,7.285273227819117,0.526748996046985,0.7432233811228276,2,False,,False,4,4,29,0,[],92.15793089004,"(29, 184)",,[0],"{""feature_selection"": {""concat"": [""range""], ""even"": [""mean""], ""odd"": [""mean"", ""range""]}, ""n_chunks"": 16, ""parameter_selection"": {""mean"": {""likelihood"": ""student_t""}, ""range"": {""likelihood"": ""beta""}}, ""rem_profile_params"": {""rem_stage"": 2, ""step_size_hours"": 1, ""window_size_hours"": 2}, ""tau_threshold"": 5.0}",run_output_8day_rem_w2_s1_stage2_no_pareto,rem_w2_s1_stage2
149,141e38fdf3aa1b6e,ok,,"concat: mean, range; even: range; odd: mean",mean=lognormal; range=beta,16,5.0,2,1,2,454.00745737562073,454.00745737562073,15.655429564676576,3.913857391169144,0.0155540726697869,3.913857391169144,0.0155540726697869,-902.646270177188,1.0,2114.0,2138.0,0.9868751283325388,0,6,0.6554568725381047,0.9891808817534484,6.227831346874007,0.45672286191563,5.319522516502265,5.6534983281974,5.987474139892536,0.2406236771729906,1.29859190206718,2,False,,False,4,4,29,0,[],59.72234780504368,"(29, 184)",,[0],"{""feature_selection"": {""concat"": [""mean"", ""range""], ""even"": [""range""], ""odd"": [""mean""]}, ""n_chunks"": 16, ""parameter_selection"": {""mean"": {""likelihood"": ""lognormal""}, ""range"": {""likelihood"": ""beta""}}, ""rem_profile_params"": {""rem_stage"": 2, ""step_size_hours"": 1, ""window_size_hours"": 2}, ""tau_threshold"": 5.0}",run_output_8day_rem_w2_s1_stage2_no_pareto,rem_w2_s1_stage2
74,ddcba0dbc392a3c6,ok,,"concat: mean, range; odd: range",mean=lognormal; range=lognormal,16,5.0,3,1,2,340.39243262004953,340.39243262004953,11.737670090346535,3.91255669678218,0.0110231619631657,3.91255669678218,0.0110231619631657,-680.6231484986073,1.0,2898.0,2698.0,1.0376261396127635,0,7,0.5818835949911363,0.9782244742348432,6.605896159057235,0.5395927444701795,5.655097876839076,6.206153339900072,6.603083818016886,0.6298422212865462,0.9137350165513604,2,False,,False,3,3,29,0,[],29.564204073045403,"(29, 176)",,[0],"{""feature_selection"": {""concat"": [""mean"", ""range""], ""odd"": [""range""]}, ""n_chunks"": 16, ""parameter_selection"": {""mean"": {""likelihood"": ""lognormal""}, ""range"": {""likelihood"": ""lognormal""}}, ""rem_profile_params"": {""rem_stage"": 2, ""step_size_hours"": 1, ""window_size_hours"": 3}, ""tau_threshold"": 5.0}",run_output_8day_rem_w3_s1_stage2_no_pareto,rem_w3_s1_stage2
70,c0b68ecba74cdaf2,ok,,"concat: mean, range; odd: mean",mean=lognormal; range=lognormal,16,5.0,3,1,2,339.8225811393009,339.8225811393009,11.71802003928624,3.906006679762081,0.0200756131569446,3.906006679762081,0.0200756131569446,-678.4920821148652,1.0,3012.0,2593.0,1.002901080664032,0,7,0.6415459986763232,0.9932710143203098,6.696406219769551,0.4786227251444384,5.841169132800269,6.289840387144917,6.6449234739670695,0.7040651877697616,1.6019951671384598,2,False,,False,3,3,29,0,[],27.10393468599068,"(29, 176)",,[0],"{""feature_selection"": {""concat"": [""mean"", ""range""], ""odd"": [""mean""]}, ""n_chunks"": 16, ""parameter_selection"": {""mean"": {""likelihood"": ""lognormal""}, ""range"": {""likelihood"": ""lognormal""}}, ""rem_profile_params"": {""rem_stage"": 2, ""step_size_hours"": 1, ""window_size_hours"": 3}, ""tau_threshold"": 5.0}",run_output_8day_rem_w3_s1_stage2_no_pareto,rem_w3_s1_stage2
152,6a55799084eb99dc,ok,,"concat: mean, range; even: range; odd: mean",mean=student_t; range=lognormal,16,5.0,2,1,2,452.6757186782688,452.6757186782688,15.60950754062996,3.90237688515749,0.0133949018690845,3.90237688515749,0.0133949018690845,-906.8245535784724,1.0,1186.0,1078.0,0.9529786527898362,0,7,0.4468486015204199,0.9518512166380628,6.8643473269334745,0.8337362403471236,6.104573318091074,6.468624478910946,6.832675639730818,0.8218122405210622,1.286316284343247,3,False,,False,4,4,29,0,[],62.06272585102124,"(29, 184)",,[0],"{""feature_selection"": {""concat"": [""mean"", ""range""], ""even"": [""range""], ""odd"": [""mean""]}, ""n_chunks"": 16, ""parameter_selection"": {""mean"": {""likelihood"": ""student_t""}, ""range"": {""likelihood"": ""lognormal""}}, ""rem_profile_params"": {""rem_stage"": 2, ""step_size_hours"": 1, ""window_size_hours"": 2}, ""tau_threshold"": 5.0}",run_output_8day_rem_w2_s1_stage2_no_pareto,rem_w2_s1_stage2
163,b0e7531ee6a13313,ok,,"concat: mean; even: mean, range; odd: mean",mean=student_t; range=beta,16,5.0,3,1,2,452.26554219719935,452.26554219719935,15.595363524041357,3.8988408810103374,0.0132479120771485,3.8988408810103374,0.0132479120771485,-907.4808368881368,1.01,627.0,695.0,0.9492610395134196,0,8,0.1155159708819988,0.7473973705687634,6.424076210917438,1.7033651293242524,4.971390254154507,6.427147019222412,7.321068907343281,0.5982571861568687,0.8555338884239213,1,False,,False,4,4,29,0,[],90.14927172800526,"(29, 176)",,[0],"{""feature_selection"": {""concat"": [""mean""], ""even"": [""mean"", ""range""], ""odd"": [""mean""]}, ""n_chunks"": 16, ""parameter_selection"": {""mean"": {""likelihood"": ""student_t""}, ""range"": {""likelihood"": ""beta""}}, ""rem_profile_params"": {""rem_stage"": 2, ""step_size_hours"": 1, ""window_size_hours"": 3}, ""tau_threshold"": 5.0}",run_output_8day_rem_w3_s1_stage2_no_pareto,rem_w3_s1_stage2
160,9d6f8d089589d36a,ok,,"concat: mean, range; odd: mean, range",mean=student_t; range=lognormal,16,5.0,2,2,2,452.1011398359297,452.1011398359297,15.589694477101023,3.8974236192752567,0.0152333084349541,3.8974236192752567,0.0152333084349541,-904.4307418997704,1.0,698.0,719.0,0.9737422320755464,0,6,0.3159194182177762,0.9470556189398952,6.694743875826886,0.8575140793391837,5.509406309782773,6.164336518496203,6.846550779524605,0.5602217396659499,1.0047939698048718,3,False,,False,4,4,29,0,[],65.63795947399922,"(29, 96)",,[0],"{""feature_selection"": {""concat"": [""mean"", ""range""], ""odd"": [""mean"", ""range""]}, ""n_chunks"": 16, ""parameter_selection"": {""mean"": {""likelihood"": ""student_t""}, ""range"": {""likelihood"": ""lognormal""}}, ""rem_profile_params"": {""rem_stage"": 2, ""step_size_hours"": 2, ""window_size_hours"": 2}, ""tau_threshold"": 5.0}",run_output_8day_rem_w2_s2_stage2_no_pareto,rem_w2_s2_stage2
199,f9ac5424c38cf1e1,ok,,"concat: mean, range; even: mean, range; odd: mean",mean=student_t; range=beta,16,5.0,3,1,2,564.5188550204244,564.5188550204244,19.466167414497395,3.89323348289948,0.0113585683846418,3.89323348289948,0.0113585683846418,-1130.0135059389258,1.0,1803.0,1526.0,0.8760360234992549,0,7,0.6952020496258886,0.9946040206165644,7.136165425716305,0.4509253238569253,6.283691977025395,6.588959169294082,6.894226361562769,0.9823308762047528,0.8459295813915685,2,False,,False,5,5,29,0,[],112.34084501100006,"(29, 176)",,[0],"{""feature_selection"": {""concat"": [""mean"", ""range""], ""even"": [""mean"", ""range""], ""odd"": [""mean""]}, ""n_chunks"": 16, ""parameter_selection"": {""mean"": {""likelihood"": ""student_t""}, ""range"": {""likelihood"": ""beta""}}, ""rem_profile_params"": {""rem_stage"": 2, ""step_size_hours"": 1, ""window_size_hours"": 3}, ""tau_threshold"": 5.0}",run_output_8day_rem_w3_s1_stage2_no_pareto,rem_w3_s1_stage2
93,6d540082585694ca,ok,,concat: mean; even: range; odd: range,mean=student_t; range=beta,16,5.0,2,1,2,338.6132908811811,338.6132908811811,11.67632037521314,3.8921067917377137,0.0115864226364241,3.8921067917377137,0.0115864226364241,-676.748723683638,1.0,700.0,1378.0,0.9290302994431072,0,5,0.1404444272432762,0.4744110750886673,5.496293020588424,1.1740692388775888,4.183910807835613,4.924224657917717,5.728691887870776,0.166446791659642,1.1488330187280733,1,False,,False,3,3,29,0,[],52.956229472009,"(29, 184)",,[0],"{""feature_selection"": {""concat"": [""mean""], ""even"": [""range""], ""odd"": [""range""]}, ""n_chunks"": 16, ""parameter_selection"": {""mean"": {""likelihood"": ""student_t""}, ""range"": {""likelihood"": ""beta""}}, ""rem_profile_params"": {""rem_stage"": 2, ""step_size_hours"": 1, ""window_size_hours"": 2}, ""tau_threshold"": 5.0}",run_output_8day_rem_w2_s1_stage2_no_pareto,rem_w2_s1_stage2
22,5902eef06c51493b,ok,,concat: mean; even: range,mean=student_t; range=lognormal,16,5.0,3,1,2,225.71805766863815,225.71805766863815,7.783381298918558,3.891690649459279,0.013830111365789,3.891690649459279,0.013830111365789,-451.7907477173155,1.0,1214.0,1388.0,0.9902105995948334,0,7,0.171578274384114,0.8283310837241146,6.477926599297361,1.437895648176605,5.429456363161383,6.341482699944185,6.926473091281157,0.6459351747486574,0.5171008039556135,0,False,,False,2,2,29,0,[],25.69251759798499,"(29, 176)",,[0],"{""feature_selection"": {""concat"": [""mean""], ""even"": [""range""]}, ""n_chunks"": 16, ""parameter_selection"": {""mean"": {""likelihood"": ""student_t""}, ""range"": {""likelihood"": ""lognormal""}}, ""rem_profile_params"": {""rem_stage"": 2, ""step_size_hours"": 1, ""window_size_hours"": 3}, ""tau_threshold"": 5.0}",run_output_8day_rem_w3_s1_stage2_no_pareto,rem_w3_s1_stage2
197,6b6616f57be8d5d3,ok,,"concat: mean, range; even: mean, range; odd: mean",mean=lognormal; range=beta,16,5.0,2,1,2,564.1610476984499,564.1610476984499,19.453829230981032,3.890765846196208,0.0139662033984477,3.890765846196208,0.0139662033984477,-1125.3234238703226,1.0,1648.0,1870.0,0.9511266119063202,0,6,0.6022763355728369,0.9953688035277272,6.393257539751455,0.5034129962842515,5.409496535323045,5.826722084614168,6.370881443337679,0.3961725164720643,1.5204161105750045,3,False,,False,5,5,29,0,[],78.3732272759662,"(29, 184)",,[0],"{""feature_selection"": {""concat"": [""mean"", ""range""], ""even"": [""mean"", ""range""], ""odd"": [""mean""]}, ""n_chunks"": 16, ""parameter_selection"": {""mean"": {""likelihood"": ""lognormal""}, ""range"": {""likelihood"": ""beta""}}, ""rem_profile_params"": {""rem_stage"": 2, ""step_size_hours"": 1, ""window_size_hours"": 2}, ""tau_threshold"": 5.0}",run_output_8day_rem_w2_s1_stage2_no_pareto,rem_w2_s1_stage2
20,1db7c25c2c8e447f,ok,,concat: mean; even: range,mean=lognormal; range=lognormal,16,5.0,2,2,2,225.37890321381573,225.37890321381573,7.771686317717783,3.885843158858892,0.0134558358126271,3.885843158858892,0.0134558358126271,-451.1353781779808,1.0,3290.0,2686.0,1.0527939753678444,0,7,0.6064096169487032,0.99569187064446,6.596886162488143,0.5108990598075018,5.625252247635246,6.170664949065147,6.58593452507164,0.6027434701010213,0.7638176631473763,1,False,,False,2,2,29,0,[],19.18467408500146,"(29, 96)",,[0],"{""feature_selection"": {""concat"": [""mean""], ""even"": [""range""]}, ""n_chunks"": 16, ""parameter_selection"": {""mean"": {""likelihood"": ""lognormal""}, ""range"": {""likelihood"": ""lognormal""}}, ""rem_profile_params"": {""rem_stage"": 2, ""step_size_hours"": 2, ""window_size_hours"": 2}, ""tau_threshold"": 5.0}",run_output_8day_rem_w2_s2_stage2_no_pareto,rem_w2_s2_stage2
77,87b03b3e19f09a80,ok,,"concat: mean; even: mean, range",mean=lognormal; range=beta,16,5.0,2,2,2,337.9293556217347,337.9293556217347,11.652736400749474,3.884245466916492,0.0120691572541011,3.884245466916492,0.0120691572541011,-676.1148666570647,1.0,2185.0,2282.0,0.9704298279252972,0,7,0.640852964308356,0.998908789087299,6.676107602798364,0.4751879230019748,5.773468787223142,6.261860663088608,6.631510800053444,0.6771003422578992,0.913030477432044,2,False,,False,3,3,29,0,[],34.674693430017214,"(29, 96)",,[0],"{""feature_selection"": {""concat"": [""mean""], ""even"": [""mean"", ""range""]}, ""n_chunks"": 16, ""parameter_selection"": {""mean"": {""likelihood"": ""lognormal""}, ""range"": {""likelihood"": ""beta""}}, ""rem_profile_params"": {""rem_stage"": 2, ""step_size_hours"": 2, ""window_size_hours"": 2}, ""tau_threshold"": 5.0}",run_output_8day_rem_w2_s2_stage2_no_pareto,rem_w2_s2_stage2
6,edb32ab89a92ef07,ok,,even: mean,mean=student_t,16,5.0,2,2,2,112.5825763087426,112.5825763087426,3.882157803749745,3.8821578037497457,0.0132537392541024,3.8821578037497457,0.0132537392541024,-225.42146247089516,1.0,1589.0,2025.0,1.0143531554525511,0,8,0.0692184889864868,0.6942246237210518,6.250331706159258,1.7510646426587668,4.336232934757877,6.241556795773749,7.272227425215663,0.5498393013311036,0.4839277144001505,0,False,,False,1,1,29,0,[],17.079995280015282,"(29, 96)",,[0],"{""feature_selection"": {""even"": [""mean""]}, ""n_chunks"": 16, ""parameter_selection"": {""mean"": {""likelihood"": ""student_t""}}, ""rem_profile_params"": {""rem_stage"": 2, ""step_size_hours"": 2, ""window_size_hours"": 2}, ""tau_threshold"": 5.0}",run_output_8day_rem_w2_s2_stage2_no_pareto,rem_w2_s2_stage2
153,0885b11d927b8399,ok,,"concat: mean, range; even: range; odd: range",mean=lognormal; range=beta,16,5.0,2,1,2,449.98098898286696,449.98098898286696,15.516585826995412,3.879146456748853,0.0107386077155356,3.879146456748853,0.0107386077155356,-900.4689772966889,1.0,1772.0,1492.0,0.9858989994584584,0,6,0.7519700956727262,0.991816961614336,6.126202506071651,0.3592727511871616,5.2821706671247615,5.573889934087085,5.865609201049409,0.134828657059573,0.8128704249981445,1,False,,False,4,4,29,0,[],67.8643210179871,"(29, 184)",,[0],"{""feature_selection"": {""concat"": [""mean"", ""range""], ""even"": [""range""], ""odd"": [""range""]}, ""n_chunks"": 16, ""parameter_selection"": {""mean"": {""likelihood"": ""lognormal""}, ""range"": {""likelihood"": ""beta""}}, ""rem_profile_params"": {""rem_stage"": 2, ""step_size_hours"": 1, ""window_size_hours"": 2}, ""tau_threshold"": 5.0}",run_output_8day_rem_w2_s1_stage2_no_pareto,rem_w2_s1_stage2
4,39c19857fa9190fe,ok,,"concat: mean, range; even: mean; odd: mean, range",mean=student_t; range=lognormal,16,5.0,2,2,2,562.4396592847987,562.4396592847987,19.394471009820645,3.87889420196413,0.0131067645647188,3.87889420196413,0.0131067645647188,-1124.2455475715417,1.0,608.0,1175.0,0.904399489168106,0,7,0.3373922369665707,0.9752126861209692,6.994268704289548,0.8451533961470357,5.824079687518431,6.529764733440173,7.220618653637767,0.7019227488344952,1.1576427394535411,3,False,,False,5,5,29,0,[],50.47678713098867,"(29, 96)",,[0],"{""feature_selection"": {""concat"": [""mean"", ""range""], ""even"": [""mean""], ""odd"": [""mean"", ""range""]}, ""n_chunks"": 16, ""parameter_selection"": {""mean"": {""likelihood"": ""student_t""}, ""range"": {""likelihood"": ""lognormal""}}, ""rem_profile_params"": {""rem_stage"": 2, ""step_size_hours"": 2, ""window_size_hours"": 2}, ""tau_threshold"": 5.0}",run_output_8day_rem_w2_s2_stage2_no_pareto,rem_w2_s2_stage2
21,0a2692d21dc692e2,ok,,concat: mean; even: range,mean=student_t; range=beta,16,5.0,6,1,2,224.88748309092645,224.88748309092645,7.754740796238843,3.877370398119422,0.0138520568914507,3.877370398119422,0.0138520568914507,-450.40284989025184,1.01,803.0,708.0,0.937983905871946,0,8,0.2667206312612185,0.7866123865801011,6.706719244071571,1.8403687011450296,5.564818801176861,7.072062230703135,7.536031115351567,0.721790913739935,0.8265560089498243,1,False,,False,2,2,29,0,[],32.57578646199545,"(29, 152)",,[0],"{""feature_selection"": {""concat"": [""mean""], ""even"": [""range""]}, ""n_chunks"": 16, ""parameter_selection"": {""mean"": {""likelihood"": ""student_t""}, ""range"": {""likelihood"": ""beta""}}, ""rem_profile_params"": {""rem_stage"": 2, ""step_size_hours"": 1, ""window_size_hours"": 6}, ""tau_threshold"": 5.0}",run_output_8day_rem_w6_s1_stage2_no_pareto,rem_w6_s1_stage2
141,d39b794a49fbb929,ok,,"concat: mean, range; even: mean; odd: mean",mean=lognormal; range=beta,16,5.0,3,1,2,449.6143565682012,449.6143565682012,15.503943329937972,3.875985832484493,0.0157713655727447,3.875985832484493,0.0157713655727447,-894.6158556775018,1.0,3573.0,2242.0,1.0662289482294742,0,7,0.9675938094753732,0.999975082980256,6.9895717852838,0.1019150498658405,6.242116365932454,6.494745087700299,6.747373809468144,0.989597030217084,1.3951591318511092,2,False,,False,4,4,29,0,[],49.96267567999894,"(29, 176)",,[0],"{""feature_selection"": {""concat"": [""mean"", ""range""], ""even"": [""mean""], ""odd"": [""mean""]}, ""n_chunks"": 16, ""parameter_selection"": {""mean"": {""likelihood"": ""lognormal""}, ""range"": {""likelihood"": ""beta""}}, ""rem_profile_params"": {""rem_stage"": 2, ""step_size_hours"": 1, ""window_size_hours"": 3}, ""tau_threshold"": 5.0}",run_output_8day_rem_w3_s1_stage2_no_pareto,rem_w3_s1_stage2
84,79a5415a466e2843,ok,,concat: mean; even: mean; odd: range,mean=lognormal; range=lognormal,16,5.0,3,1,2,337.18830570696343,337.18830570696343,11.627182955412533,3.8757276518041768,0.0123467329492689,3.8757276518041768,0.0123467329492689,-675.4844438457045,1.0,2730.0,2727.0,1.0023453968876148,0,7,0.5878009885339162,0.9883797944031156,6.603093784400912,0.5379264332367876,5.6443551080550725,6.192029024725475,6.597397013749197,0.6184288288204212,0.9077296892860808,2,False,,False,3,3,29,0,[],30.078660874976777,"(29, 176)",,[0],"{""feature_selection"": {""concat"": [""mean""], ""even"": [""mean""], ""odd"": [""range""]}, ""n_chunks"": 16, ""parameter_selection"": {""mean"": {""likelihood"": ""lognormal""}, ""range"": {""likelihood"": ""lognormal""}}, ""rem_profile_params"": {""rem_stage"": 2, ""step_size_hours"": 1, ""window_size_hours"": 3}, ""tau_threshold"": 5.0}",run_output_8day_rem_w3_s1_stage2_no_pareto,rem_w3_s1_stage2
201,3fc1e0b605f4fd5c,ok,,"concat: mean, range; even: mean, range; odd: range",mean=lognormal; range=beta,16,5.0,2,1,2,561.8920681699263,561.8920681699263,19.37558855758367,3.8751177115167335,0.0104399422742551,3.8751177115167335,0.0104399422742551,-1125.1152779293525,1.0,1715.0,1652.0,0.9238302725365616,0,6,0.6714203829068949,0.9950781369795124,6.24083910198658,0.439656396376176,5.327060710681044,5.660689726626666,5.994318742572288,0.2457428332397818,0.8060941299281095,3,False,,False,5,5,29,0,[],92.50981123297242,"(29, 184)",,[0],"{""feature_selection"": {""concat"": [""mean"", ""range""], ""even"": [""mean"", ""range""], ""odd"": [""range""]}, ""n_chunks"": 16, ""parameter_selection"": {""mean"": {""likelihood"": ""lognormal""}, ""range"": {""likelihood"": ""beta""}}, ""rem_profile_params"": {""rem_stage"": 2, ""step_size_hours"": 1, ""window_size_hours"": 2}, ""tau_threshold"": 5.0}",run_output_8day_rem_w2_s1_stage2_no_pareto,rem_w2_s1_stage2
160,2189ce0c8293966a,ok,,"concat: mean, range; odd: mean, range",mean=student_t; range=lognormal,16,5.0,3,1,2,449.4429955859968,449.4429955859968,15.498034330551617,3.874508582637903,0.0143178618141748,3.874508582637903,0.0143178618141748,-896.1162572948127,1.0,284.0,332.0,0.9298250112905871,0,7,0.1181786999184171,0.6710983329310914,6.227528836176234,1.302219003058788,4.6278557181718645,5.928022656533788,6.795845218904945,0.4867296305869564,1.3206671106109014,3,False,,False,4,4,29,0,[],64.6167039310094,"(29, 176)",,[0],"{""feature_selection"": {""concat"": [""mean"", ""range""], ""odd"": [""mean"", ""range""]}, ""n_chunks"": 16, ""parameter_selection"": {""mean"": {""likelihood"": ""student_t""}, ""range"": {""likelihood"": ""lognormal""}}, ""rem_profile_params"": {""rem_stage"": 2, ""step_size_hours"": 1, ""window_size_hours"": 3}, ""tau_threshold"": 5.0}",run_output_8day_rem_w3_s1_stage2_no_pareto,rem_w3_s1_stage2
81,c6b68572b7eb7e05,ok,,concat: mean; even: mean; odd: mean,mean=lognormal,16,5.0,3,1,2,336.68310331919383,336.68310331919383,11.609762183420475,3.869920727806825,0.0199096335516477,3.869920727806825,0.0199096335516477,-671.320242233144,1.0,2647.0,2554.0,1.018446979515338,0,7,0.64385642106474,0.9970915630030048,6.692415458429767,0.480064625829559,5.82269925506675,6.282662027789582,6.641827713777972,0.6967490484313136,1.561847669990981,3,False,,False,3,3,29,0,[],27.97309979400597,"(29, 176)",,[0],"{""feature_selection"": {""concat"": [""mean""], ""even"": [""mean""], ""odd"": [""mean""]}, ""n_chunks"": 16, ""parameter_selection"": {""mean"": {""likelihood"": ""lognormal""}}, ""rem_profile_params"": {""rem_stage"": 2, ""step_size_hours"": 1, ""window_size_hours"": 3}, ""tau_threshold"": 5.0}",run_output_8day_rem_w3_s1_stage2_no_pareto,rem_w3_s1_stage2
74,20d9b46fed558c47,ok,,"concat: mean, range; odd: range",mean=lognormal; range=lognormal,16,5.0,2,2,2,336.6110487217687,336.6110487217687,11.607277542129957,3.8690925140433183,0.0121833476656295,3.8690925140433183,0.0121833476656295,-672.9453235122922,1.01,3238.0,2560.0,1.0653322114661086,0,7,0.6864756935155385,0.9988293584372312,6.770429630712002,0.4292578443150857,6.025748359756112,6.351392245589159,6.677036131422208,0.7697672679238575,0.8504792218982362,3,False,,False,3,3,29,0,[],27.957537223992404,"(29, 96)",,[0],"{""feature_selection"": {""concat"": [""mean"", ""range""], ""odd"": [""range""]}, ""n_chunks"": 16, ""parameter_selection"": {""mean"": {""likelihood"": ""lognormal""}, ""range"": {""likelihood"": ""lognormal""}}, ""rem_profile_params"": {""rem_stage"": 2, ""step_size_hours"": 2, ""window_size_hours"": 2}, ""tau_threshold"": 5.0}",run_output_8day_rem_w2_s2_stage2_no_pareto,rem_w2_s2_stage2
109,2489cc767c6bb6af,ok,,concat: range; even: mean; odd: range,mean=student_t; range=beta,16,5.0,2,1,2,336.2890834926936,336.2890834926936,11.596175292851502,3.865391764283834,0.0099918832277347,3.865391764283834,0.0099918832277347,-673.519555633467,1.0,1445.0,1899.0,0.9298823415835208,0,6,0.2481315343957363,0.9147090008860164,6.6482576738296055,1.0774409261196294,5.400889035687511,6.016982708125709,7.098019676903206,0.5038496701898147,0.6615767406986898,0,False,,False,3,3,29,0,[],57.458944877027534,"(29, 184)",,[0],"{""feature_selection"": {""concat"": [""range""], ""even"": [""mean""], ""odd"": [""range""]}, ""n_chunks"": 16, ""parameter_selection"": {""mean"": {""likelihood"": ""student_t""}, ""range"": {""likelihood"": ""beta""}}, ""rem_profile_params"": {""rem_stage"": 2, ""step_size_hours"": 1, ""window_size_hours"": 2}, ""tau_threshold"": 5.0}",run_output_8day_rem_w2_s1_stage2_no_pareto,rem_w2_s1_stage2
5,88b0b4da3cc32e9e,ok,,even: mean,mean=lognormal,16,5.0,2,1,2,111.96436632058185,111.96436632058185,3.8608402179510977,3.860840217951097,0.0194416058473237,3.860840217951097,0.0194416058473237,-224.80463871493023,1.0,1268.0,1875.0,1.03733751523528,0,8,0.0329240774179162,0.5861624605244212,5.82107410422082,1.83916849776318,3.614781899302656,5.7635056370240125,6.952787652528715,0.473311348042443,0.7907384762696562,1,False,,False,1,1,29,0,[],14.627386623993516,"(29, 184)",,[0],"{""feature_selection"": {""even"": [""mean""]}, ""n_chunks"": 16, ""parameter_selection"": {""mean"": {""likelihood"": ""lognormal""}}, ""rem_profile_params"": {""rem_stage"": 2, ""step_size_hours"": 1, ""window_size_hours"": 2}, ""tau_threshold"": 5.0}",run_output_8day_rem_w2_s1_stage2_no_pareto,rem_w2_s1_stage2
142,634486c7be6f9100,ok,,"concat: mean, range; even: mean; odd: mean",mean=lognormal; range=lognormal,16,5.0,2,2,2,446.8416102587149,446.8416102587149,15.408331388231549,3.852082847057888,0.0163913582452686,3.852082847057888,0.0163913582452686,-885.8593787358642,1.0,2843.0,2738.0,1.0126590142291116,0,7,0.7353462498742591,0.9993316523330718,6.820754147510591,0.3855243270136928,6.086933233273337,6.391305287894572,6.695677342515808,0.8214037573041306,1.3508946394228365,2,False,,False,4,4,29,0,[],41.4671046010335,"(29, 96)",,[0],"{""feature_selection"": {""concat"": [""mean"", ""range""], ""even"": [""mean""], ""odd"": [""mean""]}, ""n_chunks"": 16, ""parameter_selection"": {""mean"": {""likelihood"": ""lognormal""}, ""range"": {""likelihood"": ""lognormal""}}, ""rem_profile_params"": {""rem_stage"": 2, ""step_size_hours"": 2, ""window_size_hours"": 2}, ""tau_threshold"": 5.0}",run_output_8day_rem_w2_s2_stage2_no_pareto,rem_w2_s2_stage2
145,6ba72dc76722a3f6,ok,,"concat: mean, range; even: mean; odd: range",mean=lognormal; range=beta,16,5.0,3,1,2,445.6984507936048,445.6984507936048,15.3689120963312,3.8422280240828,0.012878048674912,3.8422280240828,0.012878048674912,-890.9342338898443,1.0,2944.0,1967.0,1.0008746419285228,0,7,0.9796100038088036,0.9999947013715031,6.994094468308403,0.0769492565254359,6.245539041933135,6.497032442369854,6.748525842806574,0.9940809992496376,1.1183274639290348,2,False,,False,4,4,29,0,[],56.38134796201484,"(29, 176)",,[0],"{""feature_selection"": {""concat"": [""mean"", ""range""], ""even"": [""mean""], ""odd"": [""range""]}, ""n_chunks"": 16, ""parameter_selection"": {""mean"": {""likelihood"": ""lognormal""}, ""range"": {""likelihood"": ""beta""}}, ""rem_profile_params"": {""rem_stage"": 2, ""step_size_hours"": 1, ""window_size_hours"": 3}, ""tau_threshold"": 5.0}",run_output_8day_rem_w3_s1_stage2_no_pareto,rem_w3_s1_stage2
78,a40492f40590f688,ok,,"concat: mean; even: mean, range",mean=lognormal; range=lognormal,16,5.0,2,1,2,334.24154697586255,334.24154697586255,11.52557058537457,3.841856861791524,0.0134108729990595,3.841856861791524,0.0134108729990595,-667.5870391851191,1.0,4007.0,2839.0,1.036259416394566,0,7,0.777144962559055,0.9963561921563584,6.873486079430148,0.3583920936298981,6.145817843129514,6.430966815447842,6.716115787766171,0.8778435636151692,0.6990480360274794,0,False,,False,3,3,29,0,[],28.463663869944867,"(29, 184)",,[0],"{""feature_selection"": {""concat"": [""mean""], ""even"": [""mean"", ""range""]}, ""n_chunks"": 16, ""parameter_selection"": {""mean"": {""likelihood"": ""lognormal""}, ""range"": {""likelihood"": ""lognormal""}}, ""rem_profile_params"": {""rem_stage"": 2, ""step_size_hours"": 1, ""window_size_hours"": 2}, ""tau_threshold"": 5.0}",run_output_8day_rem_w2_s1_stage2_no_pareto,rem_w2_s1_stage2
68,276c8643d4299a4d,ok,,"concat: mean, range; even: range",mean=student_t; range=lognormal,16,5.0,2,1,2,333.8253292740511,333.8253292740511,11.511218250829348,3.83707275027645,0.0103320796743662,3.83707275027645,0.0103320796743662,-668.1337665225442,1.0,1671.0,1808.0,0.999406220420929,0,7,0.5108607483084364,0.9413914515281786,6.81600564682418,0.8424723850626972,6.125164630263795,6.4547686009753145,6.784372571686834,0.8449356207645197,0.660601354113201,0,False,,False,3,3,29,0,[],31.525907925970387,"(29, 184)",,[0],"{""feature_selection"": {""concat"": [""mean"", ""range""], ""even"": [""range""]}, ""n_chunks"": 16, ""parameter_selection"": {""mean"": {""likelihood"": ""student_t""}, ""range"": {""likelihood"": ""lognormal""}}, ""rem_profile_params"": {""rem_stage"": 2, ""step_size_hours"": 1, ""window_size_hours"": 2}, ""tau_threshold"": 5.0}",run_output_8day_rem_w2_s1_stage2_no_pareto,rem_w2_s1_stage2
26,b3d1ed2332bc8437,ok,,concat: mean; odd: range,mean=lognormal; range=lognormal,16,5.0,6,1,2,222.19430376375263,222.19430376375263,7.661872543577677,3.8309362717888393,0.0106832681118266,3.8309362717888393,0.0106832681118266,-444.9791121074528,1.0,3934.0,2545.0,1.0641038145715482,0,7,0.8324832268877191,0.9990745951487968,6.913784880042234,0.2875162654877893,6.180129056709692,6.45353534834874,6.726941639987787,0.914708221992473,0.7945449321544141,1,False,,False,2,2,29,0,[],9.74474186002044,"(29, 152)",,[0],"{""feature_selection"": {""concat"": [""mean""], ""odd"": [""range""]}, ""n_chunks"": 16, ""parameter_selection"": {""mean"": {""likelihood"": ""lognormal""}, ""range"": {""likelihood"": ""lognormal""}}, ""rem_profile_params"": {""rem_stage"": 2, ""step_size_hours"": 1, ""window_size_hours"": 6}, ""tau_threshold"": 5.0}",run_output_8day_rem_w6_s1_stage2_no_pareto,rem_w6_s1_stage2
131,998e1a5a049bb198,ok,,"even: mean; odd: mean, range",mean=student_t; range=beta,16,5.0,2,1,2,332.6675964402231,332.6675964402231,11.471296428973211,3.8237654763244047,0.0129059420275512,3.8237654763244047,0.0129059420275512,-666.2635391002993,1.0,1170.0,1201.0,0.9881815971946796,0,8,0.1490941085277023,0.8069172435178807,6.657616831532717,1.4412781489025317,5.2653615992706815,6.495769247012564,7.384228301442294,0.592427868739044,0.8075311951457558,1,False,,False,3,3,29,0,[],60.78949138504686,"(29, 184)",,[0],"{""feature_selection"": {""even"": [""mean""], ""odd"": [""mean"", ""range""]}, ""n_chunks"": 16, ""parameter_selection"": {""mean"": {""likelihood"": ""student_t""}, ""range"": {""likelihood"": ""beta""}}, ""rem_profile_params"": {""rem_stage"": 2, ""step_size_hours"": 1, ""window_size_hours"": 2}, ""tau_threshold"": 5.0}",run_output_8day_rem_w2_s1_stage2_no_pareto,rem_w2_s1_stage2
83,409d4bab26755ff6,ok,,concat: mean; even: mean; odd: range,mean=lognormal; range=beta,16,5.0,2,2,2,332.23364011494874,332.23364011494874,11.456332417756853,3.818777472585617,0.0129214043690586,3.818777472585617,0.0129214043690586,-665.215825556527,1.0,2190.0,1936.0,0.979365046562962,0,7,0.7252785602450822,0.9999882795820216,6.806383296009881,0.3953758244962928,6.06988493346646,6.379947674231017,6.690010414995576,0.8063474131833258,0.9480903644761866,2,False,,False,3,3,29,0,[],34.90833700296935,"(29, 96)",,[0],"{""feature_selection"": {""concat"": [""mean""], ""even"": [""mean""], ""odd"": [""range""]}, ""n_chunks"": 16, ""parameter_selection"": {""mean"": {""likelihood"": ""lognormal""}, ""range"": {""likelihood"": ""beta""}}, ""rem_profile_params"": {""rem_stage"": 2, ""step_size_hours"": 2, ""window_size_hours"": 2}, ""tau_threshold"": 5.0}",run_output_8day_rem_w2_s2_stage2_no_pareto,rem_w2_s2_stage2
84,f18c2112e745dd74,ok,,concat: mean; even: mean; odd: range,mean=lognormal; range=lognormal,16,5.0,2,2,2,332.1799486581528,332.1799486581528,11.454480988212165,3.818160329404056,0.0140722018431353,3.818160329404056,0.0140722018431353,-667.6915910211831,1.0,2207.0,2351.0,0.9962868967868154,0,7,0.6472415775933746,0.9963082434705222,6.76576846082404,0.4699463596465252,6.014112136915032,6.347783414433117,6.681454691951202,0.7605733830463334,1.2303462881835734,3,False,,False,3,3,29,0,[],29.11460592300864,"(29, 96)",,[0],"{""feature_selection"": {""concat"": [""mean""], ""even"": [""mean""], ""odd"": [""range""]}, ""n_chunks"": 16, ""parameter_selection"": {""mean"": {""likelihood"": ""lognormal""}, ""range"": {""likelihood"": ""lognormal""}}, ""rem_profile_params"": {""rem_stage"": 2, ""step_size_hours"": 2, ""window_size_hours"": 2}, ""tau_threshold"": 5.0}",run_output_8day_rem_w2_s2_stage2_no_pareto,rem_w2_s2_stage2
140,9bdf025e61405b2a,ok,,"concat: mean, range; even: mean, range",mean=student_t; range=lognormal,16,5.0,2,2,2,442.2719144687949,442.2719144687949,15.250755671337757,3.8126889178344383,0.009157452895857,3.8126889178344383,0.009157452895857,-884.664774079056,1.0,1734.0,1770.0,0.9621190037195426,0,7,0.5000766241254666,0.976590809413782,6.813893112948578,0.6172301503408657,6.015815313029695,6.38359245740494,6.751369601780184,0.7607506089431965,0.5845565809928557,0,False,,False,4,4,29,0,[],58.82580314698862,"(29, 96)",,[0],"{""feature_selection"": {""concat"": [""mean"", ""range""], ""even"": [""mean"", ""range""]}, ""n_chunks"": 16, ""parameter_selection"": {""mean"": {""likelihood"": ""student_t""}, ""range"": {""likelihood"": ""lognormal""}}, ""rem_profile_params"": {""rem_stage"": 2, ""step_size_hours"": 2, ""window_size_hours"": 2}, ""tau_threshold"": 5.0}",run_output_8day_rem_w2_s2_stage2_no_pareto,rem_w2_s2_stage2
82,b302903ba10423c5,ok,,concat: mean; even: mean; odd: mean,mean=student_t,16,5.0,6,1,2,331.4857455930875,331.4857455930875,11.430542951485776,3.810180983828592,0.0150152970829456,3.810180983828592,0.0150152970829456,-662.3161383735093,1.01,865.0,842.0,1.0138392646522738,0,8,0.4005125608235995,0.921106890069312,7.311822142410223,1.221453410929662,6.4874062583791945,7.202255858541004,7.601127929270501,0.8671773056884768,0.6207730209536401,0,False,,False,3,3,29,0,[],44.39374415698694,"(29, 152)",,[0],"{""feature_selection"": {""concat"": [""mean""], ""even"": [""mean""], ""odd"": [""mean""]}, ""n_chunks"": 16, ""parameter_selection"": {""mean"": {""likelihood"": ""student_t""}}, ""rem_profile_params"": {""rem_stage"": 2, ""step_size_hours"": 1, ""window_size_hours"": 6}, ""tau_threshold"": 5.0}",run_output_8day_rem_w6_s1_stage2_no_pareto,rem_w6_s1_stage2
148,4cbb6103b0688cc0,ok,,"concat: mean, range; even: mean; odd: range",mean=student_t; range=lognormal,16,5.0,3,1,2,441.47531549664666,441.47531549664666,15.223286741263678,3.80582168531592,0.0100545478296845,3.80582168531592,0.0100545478296845,-879.811436256145,1.02,332.0,863.0,0.9529856832381756,0,8,0.2276631312711665,0.8226632975183248,6.875098441721699,1.2220264996422177,5.780785855886033,6.66880890257039,7.3528406759135905,0.729598986772241,0.8467907419346656,2,False,,False,4,4,29,0,[],59.45423887600191,"(29, 176)",,[0],"{""feature_selection"": {""concat"": [""mean"", ""range""], ""even"": [""mean""], ""odd"": [""range""]}, ""n_chunks"": 16, ""parameter_selection"": {""mean"": {""likelihood"": ""student_t""}, ""range"": {""likelihood"": ""lognormal""}}, ""rem_profile_params"": {""rem_stage"": 2, ""step_size_hours"": 1, ""window_size_hours"": 3}, ""tau_threshold"": 5.0}",run_output_8day_rem_w3_s1_stage2_no_pareto,rem_w3_s1_stage2
83,fdf9aa97e2391b50,ok,,concat: mean; even: mean; odd: range,mean=lognormal; range=beta,16,5.0,3,1,2,330.8715389273877,330.8715389273877,11.409363411289233,3.80312113709641,0.0136284432774112,3.80312113709641,0.0136284432774112,-665.2587442128091,1.0,2660.0,2422.0,0.9916480036748826,0,7,0.6953269999715934,0.99449487594302,6.78634956622906,0.4724161454705289,6.060477143284129,6.374439599838495,6.68840205639286,0.7981563496061331,1.1432871579966202,4,False,,False,3,3,29,0,[],35.257624535996,"(29, 176)",,[0],"{""feature_selection"": {""concat"": [""mean""], ""even"": [""mean""], ""odd"": [""range""]}, ""n_chunks"": 16, ""parameter_selection"": {""mean"": {""likelihood"": ""lognormal""}, ""range"": {""likelihood"": ""beta""}}, ""rem_profile_params"": {""rem_stage"": 2, ""step_size_hours"": 1, ""window_size_hours"": 3}, ""tau_threshold"": 5.0}",run_output_8day_rem_w3_s1_stage2_no_pareto,rem_w3_s1_stage2
161,3ac1e83b4c651ec8,ok,,"concat: mean; even: mean, range; odd: mean",mean=lognormal; range=beta,16,5.0,2,1,2,441.0775242794044,441.0775242794044,15.209569802738084,3.8023924506845206,0.015780413172008,3.8023924506845206,0.015780413172008,-878.4703391218468,1.0,1374.0,1616.0,0.982279683299114,0,7,0.5533958636802773,0.97542915296316,6.548347331810072,0.5849487668077487,5.571597267411035,6.139758951352608,6.570876546587811,0.5810445646949064,1.6401062167184732,4,False,,False,4,4,29,0,[],52.03191883303225,"(29, 184)",,[0],"{""feature_selection"": {""concat"": [""mean""], ""even"": [""mean"", ""range""], ""odd"": [""mean""]}, ""n_chunks"": 16, ""parameter_selection"": {""mean"": {""likelihood"": ""lognormal""}, ""range"": {""likelihood"": ""beta""}}, ""rem_profile_params"": {""rem_stage"": 2, ""step_size_hours"": 1, ""window_size_hours"": 2}, ""tau_threshold"": 5.0}",run_output_8day_rem_w2_s1_stage2_no_pareto,rem_w2_s1_stage2
20,30d004f3ac80a783,ok,,concat: mean; even: range,mean=lognormal; range=lognormal,16,5.0,2,1,2,220.23474707986784,220.23474707986784,7.594301623443719,3.79715081172186,0.0127317702167912,3.79715081172186,0.0127317702167912,-440.8106647932626,1.0,3612.0,2653.0,1.064849881516809,0,7,0.6763717972767218,0.9931461460005367,6.759921170477539,0.4598053805629539,6.025468021810105,6.350478654449587,6.67548928708907,0.769590145100234,0.7569685342497213,1,False,,False,2,2,29,0,[],19.419279243040364,"(29, 184)",,[0],"{""feature_selection"": {""concat"": [""mean""], ""even"": [""range""]}, ""n_chunks"": 16, ""parameter_selection"": {""mean"": {""likelihood"": ""lognormal""}, ""range"": {""likelihood"": ""lognormal""}}, ""rem_profile_params"": {""rem_stage"": 2, ""step_size_hours"": 1, ""window_size_hours"": 2}, ""tau_threshold"": 5.0}",run_output_8day_rem_w2_s1_stage2_no_pareto,rem_w2_s1_stage2
90,24788e49bab83468,ok,,concat: mean; even: range; odd: mean,mean=student_t; range=lognormal,16,5.0,3,1,2,330.0869836217497,330.0869836217497,11.382309780060336,3.794103260020112,0.0155308443414814,3.794103260020112,0.0155308443414814,-659.9685360880587,1.0,1073.0,1402.0,1.0089272117020054,0,7,0.1777181697610974,0.8497709075618821,6.496125575211471,1.369462768514264,5.432028839366833,6.293206829690641,6.910042065607676,0.6188351494117941,1.0682679131803157,1,False,,False,3,3,29,0,[],41.25114416296128,"(29, 176)",,[0],"{""feature_selection"": {""concat"": [""mean""], ""even"": [""range""], ""odd"": [""mean""]}, ""n_chunks"": 16, ""parameter_selection"": {""mean"": {""likelihood"": ""student_t""}, ""range"": {""likelihood"": ""lognormal""}}, ""rem_profile_params"": {""rem_stage"": 2, ""step_size_hours"": 1, ""window_size_hours"": 3}, ""tau_threshold"": 5.0}",run_output_8day_rem_w3_s1_stage2_no_pareto,rem_w3_s1_stage2
200,2b7c5cff87a510bc,ok,,"concat: mean, range; even: mean, range; odd: mean",mean=student_t; range=lognormal,16,5.0,2,2,2,549.1759656386178,549.1759656386178,18.93710226340061,3.7874204526801223,0.0115086751339083,3.7874204526801223,0.0115086751339083,-1098.7092066451537,1.01,1431.0,1448.0,0.9374226304564758,0,7,0.4524228768383901,0.9776318146654496,6.601480293435079,0.655775247263027,5.549518183296577,6.126957170708789,6.627632981550945,0.5633929021332399,1.0607449951080894,3,False,,False,5,5,29,0,[],98.56831256102303,"(29, 96)",,[0],"{""feature_selection"": {""concat"": [""mean"", ""range""], ""even"": [""mean"", ""range""], ""odd"": [""mean""]}, ""n_chunks"": 16, ""parameter_selection"": {""mean"": {""likelihood"": ""student_t""}, ""range"": {""likelihood"": ""lognormal""}}, ""rem_profile_params"": {""rem_stage"": 2, ""step_size_hours"": 2, ""window_size_hours"": 2}, ""tau_threshold"": 5.0}",run_output_8day_rem_w2_s2_stage2_no_pareto,rem_w2_s2_stage2
20,7278ac5e7bf3bb8b,ok,,concat: mean; even: range,mean=lognormal; range=lognormal,16,5.0,6,1,2,218.9908344179919,218.9908344179919,7.551408083379031,3.775704041689516,0.0163196483175292,3.775704041689516,0.0163196483175292,-442.9129598688767,1.0,4562.0,2796.0,1.0579143825938755,0,7,0.949000544681606,0.9993181335390364,6.992032985430847,0.1425025120169002,6.242685142280847,6.49656703918882,6.750448936096794,0.9889744456344732,1.7183902283087544,2,False,,False,2,2,29,0,[],9.696469107992016,"(29, 152)",,[0],"{""feature_selection"": {""concat"": [""mean""], ""even"": [""range""]}, ""n_chunks"": 16, ""parameter_selection"": {""mean"": {""likelihood"": ""lognormal""}, ""range"": {""likelihood"": ""lognormal""}}, ""rem_profile_params"": {""rem_stage"": 2, ""step_size_hours"": 1, ""window_size_hours"": 6}, ""tau_threshold"": 5.0}",run_output_8day_rem_w6_s1_stage2_no_pareto,rem_w6_s1_stage2
68,e3bc74f57563eca2,ok,,"concat: mean, range; even: range",mean=student_t; range=lognormal,16,5.0,2,2,2,328.33854390057644,328.33854390057644,11.32201875519229,3.774006251730764,0.0099372670639857,3.774006251730764,0.0099372670639857,-656.9748491386255,1.0,1901.0,2200.0,0.9642265973160562,0,7,0.4448121409608425,0.9421398782770328,6.626850939945149,0.6941467823442866,5.652565177151294,6.245376584056448,6.660700196762694,0.647702042786332,0.6322471182494518,0,False,,False,3,3,29,0,[],33.91341407800792,"(29, 96)",,[0],"{""feature_selection"": {""concat"": [""mean"", ""range""], ""even"": [""range""]}, ""n_chunks"": 16, ""parameter_selection"": {""mean"": {""likelihood"": ""student_t""}, ""range"": {""likelihood"": ""lognormal""}}, ""rem_profile_params"": {""rem_stage"": 2, ""step_size_hours"": 2, ""window_size_hours"": 2}, ""tau_threshold"": 5.0}",run_output_8day_rem_w2_s2_stage2_no_pareto,rem_w2_s2_stage2
71,36ab69d38550b150,ok,,"concat: mean, range; odd: mean",mean=student_t; range=beta,16,5.0,6,1,2,328.32430365275616,328.32430365275616,11.321527712164006,3.773842570721335,0.0142815489763009,3.773842570721335,0.0142815489763009,-657.0069468346815,1.0,1950.0,1723.0,0.9652844820874668,0,5,0.4961303406676849,0.3637686083485718,5.297409292162755,0.7121178205484815,4.347011285604976,4.769678065487243,5.32636308527345,0.0151733980377972,0.6497363869984218,0,False,,False,3,3,29,0,[],47.956716805987526,"(29, 152)",,[0],"{""feature_selection"": {""concat"": [""mean"", ""range""], ""odd"": [""mean""]}, ""n_chunks"": 16, ""parameter_selection"": {""mean"": {""likelihood"": ""student_t""}, ""range"": {""likelihood"": ""beta""}}, ""rem_profile_params"": {""rem_stage"": 2, ""step_size_hours"": 1, ""window_size_hours"": 6}, ""tau_threshold"": 5.0}",run_output_8day_rem_w6_s1_stage2_no_pareto,rem_w6_s1_stage2
98,14a852fe50715501,ok,,"concat: mean; odd: mean, range",mean=student_t; range=lognormal,16,5.0,6,1,2,328.04016050244536,328.04016050244536,11.311729672498116,3.770576557499372,0.0121594912828324,3.770576557499372,0.0121594912828324,-656.6816920204423,1.01,896.0,1035.0,0.9332469509541084,0,6,0.2848135943119785,0.9360640917441844,6.581345020242707,0.9806954694155832,5.425062638352931,5.996186591352607,6.809389321485299,0.4983307438659485,1.1098584906661018,1,False,,False,3,3,29,0,[],41.52080922300229,"(29, 152)",,[0],"{""feature_selection"": {""concat"": [""mean""], ""odd"": [""mean"", ""range""]}, ""n_chunks"": 16, ""parameter_selection"": {""mean"": {""likelihood"": ""student_t""}, ""range"": {""likelihood"": ""lognormal""}}, ""rem_profile_params"": {""rem_stage"": 2, ""step_size_hours"": 1, ""window_size_hours"": 6}, ""tau_threshold"": 5.0}",run_output_8day_rem_w6_s1_stage2_no_pareto,rem_w6_s1_stage2
17,0d3e8baab5e11028,ok,,"concat: mean, range; even: mean, range; odd: mean, range",mean=student_t; range=beta,16,5.0,2,1,2,656.0472840858856,656.0472840858856,22.622320140892608,3.770386690148768,0.0116867724355921,3.770386690148768,0.0116867724355921,-1267.001198926605,3.25,4.0,4.0,1.5201357673576694,3998,3,0.601145561777034,0.5000000165846468,5.497392035064395,2.497312656625012,4.1143417911691,5.00005579620342,7.49720495563287,0.4997027804720846,1.2994722852431733,8,False,,False,6,6,29,0,[],114.06549603800522,"(29, 184)",,[0],"{""feature_selection"": {""concat"": [""mean"", ""range""], ""even"": [""mean"", ""range""], ""odd"": [""mean"", ""range""]}, ""n_chunks"": 16, ""parameter_selection"": {""mean"": {""likelihood"": ""student_t""}, ""range"": {""likelihood"": ""beta""}}, ""rem_profile_params"": {""rem_stage"": 2, ""step_size_hours"": 1, ""window_size_hours"": 2}, ""tau_threshold"": 5.0}",run_output_8day_rem_w2_s1_stage2_no_pareto,rem_w2_s1_stage2
27,3ddd523887ac26a2,ok,,concat: mean; odd: range,mean=student_t; range=beta,16,5.0,6,1,2,218.5327504049513,218.5327504049513,7.535612082929354,3.7678060414646777,0.012329353438578,3.7678060414646777,0.012329353438578,-439.1462745566711,1.0,2442.0,1967.0,0.9817927889876168,0,5,0.9029130726624156,0.0368024441517202,5.041319272970982,0.2243026891390829,4.259421688511135,4.519019574614383,4.77861746071763,0.0047123882739172,1.3389412936569318,2,False,,False,2,2,29,0,[],30.495722843974363,"(29, 152)",,[0],"{""feature_selection"": {""concat"": [""mean""], ""odd"": [""range""]}, ""n_chunks"": 16, ""parameter_selection"": {""mean"": {""likelihood"": ""student_t""}, ""range"": {""likelihood"": ""beta""}}, ""rem_profile_params"": {""rem_stage"": 2, ""step_size_hours"": 1, ""window_size_hours"": 6}, ""tau_threshold"": 5.0}",run_output_8day_rem_w6_s1_stage2_no_pareto,rem_w6_s1_stage2
10,c8b17caac673fa21,ok,,"concat: mean; even: mean, range; odd: mean, range",mean=student_t; range=lognormal,16,5.0,2,1,2,545.8628491539579,545.8628491539579,18.82285686737786,3.764571373475572,0.011529025395715,3.764571373475572,0.011529025395715,-1090.9696561870292,1.0,457.0,623.0,0.9500402231180436,0,8,0.2860607515638665,0.7674347665190293,6.716598040367167,1.608006590588343,5.4701757356327,6.8498177468797685,7.455683116030682,0.7303533835430069,0.8659024056090217,4,False,,False,5,5,29,0,[],56.75301327602938,"(29, 184)",,[0],"{""feature_selection"": {""concat"": [""mean""], ""even"": [""mean"", ""range""], ""odd"": [""mean"", ""range""]}, ""n_chunks"": 16, ""parameter_selection"": {""mean"": {""likelihood"": ""student_t""}, ""range"": {""likelihood"": ""lognormal""}}, ""rem_profile_params"": {""rem_stage"": 2, ""step_size_hours"": 1, ""window_size_hours"": 2}, ""tau_threshold"": 5.0}",run_output_8day_rem_w2_s1_stage2_no_pareto,rem_w2_s1_stage2
3,bb35549582dc24f6,ok,,"concat: mean, range; even: mean; odd: mean, range",mean=student_t; range=lognormal,16,5.0,3,1,2,545.2953706162162,545.2953706162162,18.80328864193849,3.7606577283876983,0.0125930971377159,3.7606577283876983,0.0125930971377159,-1082.2974627043227,1.03,255.0,709.0,0.965153346731112,0,8,0.2233418999735645,0.8339039273205273,6.885946563513574,1.2148767756438543,5.759003029185585,6.674893191364103,7.362902156196868,0.7233590097191356,1.1911801197441134,2,False,,False,5,5,29,0,[],48.984014114015736,"(29, 176)",,[0],"{""feature_selection"": {""concat"": [""mean"", ""range""], ""even"": [""mean""], ""odd"": [""mean"", ""range""]}, ""n_chunks"": 16, ""parameter_selection"": {""mean"": {""likelihood"": ""student_t""}, ""range"": {""likelihood"": ""lognormal""}}, ""rem_profile_params"": {""rem_stage"": 2, ""step_size_hours"": 1, ""window_size_hours"": 3}, ""tau_threshold"": 5.0}",run_output_8day_rem_w3_s1_stage2_no_pareto,rem_w3_s1_stage2
165,38f0bce543c02bb1,ok,,"concat: mean; even: mean, range; odd: range",mean=lognormal; range=beta,16,5.0,2,1,2,436.2222691984635,436.2222691984635,15.04214721374012,3.760536803435031,0.0109388029079594,3.760536803435031,0.0109388029079594,-873.0962530557495,1.01,1363.0,1548.0,0.9439177631503436,0,6,0.5623670622129464,0.9770503077322356,6.376349100979095,0.5418767236243418,5.394523395531773,5.828924255271019,6.377940869620526,0.4015450010667155,1.0764566010050436,2,False,,False,4,4,29,0,[],62.6971019100165,"(29, 184)",,[0],"{""feature_selection"": {""concat"": [""mean""], ""even"": [""mean"", ""range""], ""odd"": [""range""]}, ""n_chunks"": 16, ""parameter_selection"": {""mean"": {""likelihood"": ""lognormal""}, ""range"": {""likelihood"": ""beta""}}, ""rem_profile_params"": {""rem_stage"": 2, ""step_size_hours"": 1, ""window_size_hours"": 2}, ""tau_threshold"": 5.0}",run_output_8day_rem_w2_s1_stage2_no_pareto,rem_w2_s1_stage2
80,c067e19d4beebd19,ok,,"concat: mean; even: mean, range",mean=student_t; range=lognormal,16,5.0,3,1,2,327.06572988919066,327.06572988919066,11.278128616868644,3.75937620562288,0.0117332459099444,3.75937620562288,0.0117332459099444,-653.9045498798887,1.01,922.0,720.0,1.0046727476687034,0,7,0.2927002833545908,0.9068470207261335,6.99938957362297,1.2682463920609754,6.153244103564796,6.768669872409551,7.384279553567781,0.8122512540596314,0.7308243670850417,1,False,,False,3,3,29,0,[],39.13873286900344,"(29, 176)",,[0],"{""feature_selection"": {""concat"": [""mean""], ""even"": [""mean"", ""range""]}, ""n_chunks"": 16, ""parameter_selection"": {""mean"": {""likelihood"": ""student_t""}, ""range"": {""likelihood"": ""lognormal""}}, ""rem_profile_params"": {""rem_stage"": 2, ""step_size_hours"": 1, ""window_size_hours"": 3}, ""tau_threshold"": 5.0}",run_output_8day_rem_w3_s1_stage2_no_pareto,rem_w3_s1_stage2
87,e992b5f68fd14b24,ok,,concat: mean; even: range; odd: mean,mean=lognormal; range=beta,16,5.0,2,1,2,326.53495301781606,326.53495301781606,11.259825966131588,3.753275322043863,0.0194536095328418,3.753275322043863,0.0194536095328418,-652.9235662831297,1.0,1719.0,1806.0,0.9909229092325822,0,6,0.544941389741747,0.9698125728517386,6.364524790222154,0.570113231657813,5.386823897661884,5.826771318143143,6.377905047949344,0.4015628494495077,1.7230650034763206,3,False,,False,3,3,29,0,[],34.66571709496202,"(29, 184)",,[0],"{""feature_selection"": {""concat"": [""mean""], ""even"": [""range""], ""odd"": [""mean""]}, ""n_chunks"": 16, ""parameter_selection"": {""mean"": {""likelihood"": ""lognormal""}, ""range"": {""likelihood"": ""beta""}}, ""rem_profile_params"": {""rem_stage"": 2, ""step_size_hours"": 1, ""window_size_hours"": 2}, ""tau_threshold"": 5.0}",run_output_8day_rem_w2_s1_stage2_no_pareto,rem_w2_s1_stage2
137,1d04ce51a0c0b0fa,ok,,"concat: mean, range; even: mean, range",mean=lognormal; range=beta,16,5.0,2,2,2,435.1464481043385,435.1464481043385,15.005049934632362,3.7512624836580906,0.0098399683571522,3.7512624836580906,0.0098399683571522,-872.2580452430474,1.0,2535.0,1927.0,0.9570207547984814,0,7,0.930326522360825,0.999976662681111,6.973889261514966,0.1614952728585965,6.229746729026466,6.486599829087875,6.743452929149283,0.9736168543143324,1.216463788683288,4,False,,False,4,4,29,0,[],54.97203587804688,"(29, 96)",,[0],"{""feature_selection"": {""concat"": [""mean"", ""range""], ""even"": [""mean"", ""range""]}, ""n_chunks"": 16, ""parameter_selection"": {""mean"": {""likelihood"": ""lognormal""}, ""range"": {""likelihood"": ""beta""}}, ""rem_profile_params"": {""rem_stage"": 2, ""step_size_hours"": 2, ""window_size_hours"": 2}, ""tau_threshold"": 5.0}",run_output_8day_rem_w2_s2_stage2_no_pareto,rem_w2_s2_stage2
152,6d613cdf6f1485a0,ok,,"concat: mean, range; even: range; odd: mean",mean=student_t; range=lognormal,16,5.0,2,2,2,435.00475961360513,435.00475961360513,15.000164124607071,3.750041031151768,0.013255245134576,3.750041031151768,0.013255245134576,-870.7591292262754,1.0,1359.0,1562.0,0.9313153468285484,0,6,0.4352870571755424,0.9556596942798626,6.460646652338111,0.6776380613523776,5.417905829559536,5.925912309661135,6.513013468995509,0.4635399875587965,0.8006208554098612,2,False,,False,4,4,29,0,[],61.8439579270198,"(29, 96)",,[0],"{""feature_selection"": {""concat"": [""mean"", ""range""], ""even"": [""range""], ""odd"": [""mean""]}, ""n_chunks"": 16, ""parameter_selection"": {""mean"": {""likelihood"": ""student_t""}, ""range"": {""likelihood"": ""lognormal""}}, ""rem_profile_params"": {""rem_stage"": 2, ""step_size_hours"": 2, ""window_size_hours"": 2}, ""tau_threshold"": 5.0}",run_output_8day_rem_w2_s2_stage2_no_pareto,rem_w2_s2_stage2
46,bf245072e1d43d88,ok,,even: mean; odd: mean,mean=student_t,16,5.0,2,2,2,217.4760211945692,217.4760211945692,7.499173144640317,3.749586572320159,0.0172490374061328,3.749586572320159,0.0172490374061328,-435.3817129396911,1.0,1320.0,2087.0,0.977315044164656,0,8,0.118468747946059,0.7894196900636932,6.39351679640954,1.5339946447655255,5.133549433372162,5.9805210429686415,7.237060436882839,0.4942504102821585,0.6051040628865763,0,False,,False,2,2,29,0,[],28.58931158203632,"(29, 96)",,[0],"{""feature_selection"": {""even"": [""mean""], ""odd"": [""mean""]}, ""n_chunks"": 16, ""parameter_selection"": {""mean"": {""likelihood"": ""student_t""}}, ""rem_profile_params"": {""rem_stage"": 2, ""step_size_hours"": 2, ""window_size_hours"": 2}, ""tau_threshold"": 5.0}",run_output_8day_rem_w2_s2_stage2_no_pareto,rem_w2_s2_stage2
138,e053ae8e93bd09f5,ok,,"concat: mean, range; even: mean, range",mean=lognormal; range=lognormal,16,5.0,2,1,2,434.2007161428669,434.2007161428669,14.972438487685066,3.743109621921267,0.0111010419670169,3.743109621921267,0.0111010419670169,-868.9958544874398,1.0,4562.0,2680.0,1.0294095589761008,0,7,0.8849290667956115,0.9982529471807632,6.948162621967202,0.2345334648943913,6.210853712640095,6.47390806179145,6.736962410942805,0.950389875058457,0.985894332040489,2,False,,False,4,4,29,0,[],41.35018422600115,"(29, 184)",,[0],"{""feature_selection"": {""concat"": [""mean"", ""range""], ""even"": [""mean"", ""range""]}, ""n_chunks"": 16, ""parameter_selection"": {""mean"": {""likelihood"": ""lognormal""}, ""range"": {""likelihood"": ""lognormal""}}, ""rem_profile_params"": {""rem_stage"": 2, ""step_size_hours"": 1, ""window_size_hours"": 2}, ""tau_threshold"": 5.0}",run_output_8day_rem_w2_s1_stage2_no_pareto,rem_w2_s1_stage2
145,2b3354d6c037e310,ok,,"concat: mean, range; even: mean; odd: range",mean=lognormal; range=beta,16,5.0,2,2,2,433.6130988298176,433.6130988298176,14.952175821717848,3.738043955429463,0.0113255956980865,3.738043955429463,0.0113255956980865,-867.9292133424993,1.0,2222.0,1655.0,0.9698255042089612,0,7,0.9545483525838308,0.9999999616945164,6.984159533843392,0.1248866147746921,6.23792659699797,6.491952253101997,6.745977909206023,0.9841560697520018,1.031089232724964,2,False,,False,4,4,29,0,[],58.34459727595095,"(29, 96)",,[0],"{""feature_selection"": {""concat"": [""mean"", ""range""], ""even"": [""mean""], ""odd"": [""range""]}, ""n_chunks"": 16, ""parameter_selection"": {""mean"": {""likelihood"": ""lognormal""}, ""range"": {""likelihood"": ""beta""}}, ""rem_profile_params"": {""rem_stage"": 2, ""step_size_hours"": 2, ""window_size_hours"": 2}, ""tau_threshold"": 5.0}",run_output_8day_rem_w2_s2_stage2_no_pareto,rem_w2_s2_stage2
3,48271194c54d9b41,ok,,concat: range,range=beta,16,5.0,3,1,2,108.33013306160012,108.33013306160012,3.735521829710349,3.735521829710349,0.0167755807707582,3.735521829710349,0.0167755807707582,-217.3023341149823,1.0,1108.0,878.0,0.7788404890661151,0,7,0.6962182090177611,0.9772131389824226,7.014971234491791,0.5773851340002728,6.243286983006199,6.534414162477333,6.825541341948466,0.9589181293963678,0.8425557042520802,1,False,,False,1,1,29,0,[],17.074060661019757,"(29, 176)",,[0],"{""feature_selection"": {""concat"": [""range""]}, ""n_chunks"": 16, ""parameter_selection"": {""range"": {""likelihood"": ""beta""}}, ""rem_profile_params"": {""rem_stage"": 2, ""step_size_hours"": 1, ""window_size_hours"": 3}, ""tau_threshold"": 5.0}",run_output_8day_rem_w3_s1_stage2_no_pareto,rem_w3_s1_stage2
38,da25d95105296032,ok,,concat: range; odd: mean,mean=student_t; range=lognormal,16,5.0,2,1,2,215.9390499412995,215.9390499412995,7.446174135906879,3.72308706795344,0.0186164354329679,3.72308706795344,0.0186164354329679,-432.459951523406,1.0,1631.0,1909.0,0.9618177965492936,0,7,0.2136654749691819,0.8347099137422109,6.409236517235431,1.1742910057945954,5.346142585878368,6.187445271091839,6.708216706059449,0.5899844243105893,0.8079039237887053,1,False,,False,2,2,29,0,[],23.78038303903304,"(29, 184)",,[0],"{""feature_selection"": {""concat"": [""range""], ""odd"": [""mean""]}, ""n_chunks"": 16, ""parameter_selection"": {""mean"": {""likelihood"": ""student_t""}, ""range"": {""likelihood"": ""lognormal""}}, ""rem_profile_params"": {""rem_stage"": 2, ""step_size_hours"": 1, ""window_size_hours"": 2}, ""tau_threshold"": 5.0}",run_output_8day_rem_w2_s1_stage2_no_pareto,rem_w2_s1_stage2
137,d3950d0518d190a2,ok,,"concat: mean, range; even: mean, range",mean=lognormal; range=beta,16,5.0,3,1,2,431.6510172205436,431.6510172205436,14.884517835191158,3.721129458797789,0.0103869683697139,3.721129458797789,0.0103869683697139,-863.1193862371929,1.0,2518.0,1908.0,0.9545568292868912,0,7,0.970492718099215,0.9996290336900432,6.990691625340404,0.1001244642672834,6.243233286332491,6.495494223523904,6.747755160715317,0.9910532611990658,0.6109030899977792,0,False,,False,4,4,29,0,[],53.637715371034574,"(29, 176)",,[0],"{""feature_selection"": {""concat"": [""mean"", ""range""], ""even"": [""mean"", ""range""]}, ""n_chunks"": 16, ""parameter_selection"": {""mean"": {""likelihood"": ""lognormal""}, ""range"": {""likelihood"": ""beta""}}, ""rem_profile_params"": {""rem_stage"": 2, ""step_size_hours"": 1, ""window_size_hours"": 3}, ""tau_threshold"": 5.0}",run_output_8day_rem_w3_s1_stage2_no_pareto,rem_w3_s1_stage2
91,f49d95fb5279eae1,ok,,concat: mean; even: range; odd: range,mean=lognormal; range=beta,16,5.0,2,1,2,323.6568654002032,323.6568654002032,11.160581565524248,3.7201938551747498,0.0112466802224451,3.7201938551747498,0.0112466802224451,-648.7691702746832,1.0,1953.0,1477.0,0.9726903180141592,0,6,0.6072322528005549,0.9703649264943264,6.217102737667672,0.5001548847106881,5.306533747144865,5.654290706500143,6.005856786550759,0.2514720523920045,0.9101332456002124,2,False,,False,3,3,29,0,[],40.91773106897017,"(29, 184)",,[0],"{""feature_selection"": {""concat"": [""mean""], ""even"": [""range""], ""odd"": [""range""]}, ""n_chunks"": 16, ""parameter_selection"": {""mean"": {""likelihood"": ""lognormal""}, ""range"": {""likelihood"": ""beta""}}, ""rem_profile_params"": {""rem_stage"": 2, ""step_size_hours"": 1, ""window_size_hours"": 2}, ""tau_threshold"": 5.0}",run_output_8day_rem_w2_s1_stage2_no_pareto,rem_w2_s1_stage2
90,ba10eb38d5a49ea0,ok,,concat: mean; even: range; odd: mean,mean=student_t; range=lognormal,16,5.0,6,1,2,323.5312272680648,323.5312272680648,11.156249216140166,3.718749738713389,0.0140817836086062,3.718749738713389,0.0140817836086062,-645.7098894630133,1.01,827.0,1091.0,1.0030023308297942,0,8,0.3430837644601123,0.9048823240771424,7.144315760898468,1.3087177102550125,6.303902556701927,7.04145028537426,7.52072514268713,0.8497056591571949,0.7608493942608702,1,False,,False,3,3,29,0,[],41.0425326229888,"(29, 152)",,[0],"{""feature_selection"": {""concat"": [""mean""], ""even"": [""range""], ""odd"": [""mean""]}, ""n_chunks"": 16, ""parameter_selection"": {""mean"": {""likelihood"": ""student_t""}, ""range"": {""likelihood"": ""lognormal""}}, ""rem_profile_params"": {""rem_stage"": 2, ""step_size_hours"": 1, ""window_size_hours"": 6}, ""tau_threshold"": 5.0}",run_output_8day_rem_w6_s1_stage2_no_pareto,rem_w6_s1_stage2
18,7c6b22371c41a16d,ok,,"concat: mean, range; even: mean, range; odd: mean, range",mean=student_t; range=lognormal,16,5.0,2,1,2,645.7477665019175,645.7477665019175,22.267164362135084,3.7111940603558486,0.0107269888995136,3.7111940603558486,0.0107269888995136,-1291.9181160276114,1.0,753.0,830.0,0.9307516817484652,0,7,0.5414045957965432,0.95068846475019,6.988662582976772,0.8135681232603073,6.222257150233962,6.558853970344617,6.895450790455273,0.9150766859301398,0.9612822399884507,5,False,,False,6,6,29,0,[],61.74280732596526,"(29, 184)",,[0],"{""feature_selection"": {""concat"": [""mean"", ""range""], ""even"": [""mean"", ""range""], ""odd"": [""mean"", ""range""]}, ""n_chunks"": 16, ""parameter_selection"": {""mean"": {""likelihood"": ""student_t""}, ""range"": {""likelihood"": ""lognormal""}}, ""rem_profile_params"": {""rem_stage"": 2, ""step_size_hours"": 1, ""window_size_hours"": 2}, ""tau_threshold"": 5.0}",run_output_8day_rem_w2_s1_stage2_no_pareto,rem_w2_s1_stage2
13,114b012c80fd1c02,ok,,"concat: mean, range",mean=lognormal; range=beta,16,5.0,6,1,2,214.92974116101013,214.92974116101013,7.411370384862418,3.7056851924312086,0.0138839977101869,3.7056851924312086,0.0138839977101869,-429.54762600557706,1.0,1779.0,1238.0,0.967344263831303,0,6,0.5006597259927977,0.909504479182198,6.205048111335909,0.6083042152092439,5.262040147654395,5.672749848406864,6.168896720999654,0.300802031828335,0.6420654767760418,0,False,,False,2,2,29,0,[],19.21318029303802,"(29, 152)",,[0],"{""feature_selection"": {""concat"": [""mean"", ""range""]}, ""n_chunks"": 16, ""parameter_selection"": {""mean"": {""likelihood"": ""lognormal""}, ""range"": {""likelihood"": ""beta""}}, ""rem_profile_params"": {""rem_stage"": 2, ""step_size_hours"": 1, ""window_size_hours"": 6}, ""tau_threshold"": 5.0}",run_output_8day_rem_w6_s1_stage2_no_pareto,rem_w6_s1_stage2
15,860ec7c96591dba9,ok,,"concat: mean, range; even: mean, range; odd: mean, range",mean=lognormal; range=beta,16,5.0,2,1,2,644.5560114185539,644.5560114185539,22.22606935926048,3.704344893210081,0.0127198832208762,3.704344893210081,0.0127198832208762,-1293.8714479519056,1.0,1506.0,1935.0,0.9284311325693536,0,6,0.6566165898724454,0.9993143352981362,6.294738666851884,0.4609313335497668,5.354389811754652,5.709754266962236,6.154981574878831,0.295811223671611,2.1217765799431105,4,False,,False,6,6,29,0,[],59.14349108497845,"(29, 184)",,[0],"{""feature_selection"": {""concat"": [""mean"", ""range""], ""even"": [""mean"", ""range""], ""odd"": [""mean"", ""range""]}, ""n_chunks"": 16, ""parameter_selection"": {""mean"": {""likelihood"": ""lognormal""}, ""range"": {""likelihood"": ""beta""}}, ""rem_profile_params"": {""rem_stage"": 2, ""step_size_hours"": 1, ""window_size_hours"": 2}, ""tau_threshold"": 5.0}",run_output_8day_rem_w2_s1_stage2_no_pareto,rem_w2_s1_stage2
164,360adcc35abf67fd,ok,,"concat: mean; even: mean, range; odd: mean",mean=student_t; range=lognormal,16,5.0,3,1,2,429.525035511458,429.525035511458,14.81120812108476,3.7028020302711897,0.0135913855328304,3.7028020302711897,0.0135913855328304,-859.0717323225703,1.01,743.0,773.0,0.9673439415352876,0,8,0.2881604908793702,0.9155316733853418,7.029451124833306,1.2480760957128354,6.126487521607241,6.813740507178604,7.421624218451491,0.7960119942229436,0.988218791901764,2,False,,False,4,4,29,0,[],75.49364988098387,"(29, 176)",,[0],"{""feature_selection"": {""concat"": [""mean""], ""even"": [""mean"", ""range""], ""odd"": [""mean""]}, ""n_chunks"": 16, ""parameter_selection"": {""mean"": {""likelihood"": ""student_t""}, ""range"": {""likelihood"": ""lognormal""}}, ""rem_profile_params"": {""rem_stage"": 2, ""step_size_hours"": 1, ""window_size_hours"": 3}, ""tau_threshold"": 5.0}",run_output_8day_rem_w3_s1_stage2_no_pareto,rem_w3_s1_stage2
157,0726771d186dc92e,ok,,"concat: mean, range; odd: mean, range",mean=lognormal; range=beta,16,5.0,3,1,2,428.3199322234732,428.3199322234732,14.76965283529218,3.692413208823045,0.0154609654331021,3.692413208823045,0.0154609654331021,-853.2965369805313,1.01,2938.0,1788.0,0.9861021951471935,0,7,0.9670170925303396,0.9997673828561804,6.9892977031192975,0.110649281252444,6.242228509657817,6.494835010081102,6.747441510504388,0.989729093720789,1.3715987665766267,3,False,,False,4,4,29,0,[],61.927236345014535,"(29, 176)",,[0],"{""feature_selection"": {""concat"": [""mean"", ""range""], ""odd"": [""mean"", ""range""]}, ""n_chunks"": 16, ""parameter_selection"": {""mean"": {""likelihood"": ""lognormal""}, ""range"": {""likelihood"": ""beta""}}, ""rem_profile_params"": {""rem_stage"": 2, ""step_size_hours"": 1, ""window_size_hours"": 3}, ""tau_threshold"": 5.0}",run_output_8day_rem_w3_s1_stage2_no_pareto,rem_w3_s1_stage2
3,efc95485dee71fc8,ok,,"concat: mean, range; even: range; odd: mean, range",mean=lognormal; range=beta,16,5.0,2,1,2,535.1524703746355,535.1524703746355,18.45353346119433,3.690706692238866,0.0135618618908375,3.690706692238866,0.0135618618908375,-1066.8343705972484,1.0,1532.0,1849.0,0.9479259784424564,0,6,0.711239969243358,0.994133003784638,6.177480024510657,0.4043166134347488,5.301563558827912,5.610374283057087,5.919185007286263,0.1845756264492915,1.3187726436107867,4,False,,False,5,5,29,0,[],48.42392130201915,"(29, 184)",,[0],"{""feature_selection"": {""concat"": [""mean"", ""range""], ""even"": [""range""], ""odd"": [""mean"", ""range""]}, ""n_chunks"": 16, ""parameter_selection"": {""mean"": {""likelihood"": ""lognormal""}, ""range"": {""likelihood"": ""beta""}}, ""rem_profile_params"": {""rem_stage"": 2, ""step_size_hours"": 1, ""window_size_hours"": 2}, ""tau_threshold"": 5.0}",run_output_8day_rem_w2_s1_stage2_no_pareto,rem_w2_s1_stage2
168,8bf413806599e050,ok,,"concat: mean; even: mean, range; odd: range",mean=student_t; range=lognormal,16,5.0,2,1,2,428.0126481645684,428.0126481645684,14.75905683326098,3.6897642083152458,0.0097658430132892,3.6897642083152458,0.0097658430132892,-856.4399555457665,1.01,456.0,1168.0,0.9916699888926072,0,7,0.2504144602224262,0.6656493793802385,6.27462039351376,1.7083423966761075,3.764408836623806,6.424218771130621,7.210961934651256,0.6349458303689706,0.766313349698118,1,False,,False,4,4,29,0,[],52.5211948719807,"(29, 184)",,[0],"{""feature_selection"": {""concat"": [""mean""], ""even"": [""mean"", ""range""], ""odd"": [""range""]}, ""n_chunks"": 16, ""parameter_selection"": {""mean"": {""likelihood"": ""student_t""}, ""range"": {""likelihood"": ""lognormal""}}, ""rem_profile_params"": {""rem_stage"": 2, ""step_size_hours"": 1, ""window_size_hours"": 2}, ""tau_threshold"": 5.0}",run_output_8day_rem_w2_s1_stage2_no_pareto,rem_w2_s1_stage2
119,75e0e321e66efa5a,ok,,"concat: range; odd: mean, range",mean=student_t; range=beta,16,5.0,2,1,2,320.89404698293305,320.89404698293305,11.065311964928728,3.688437321642908,0.0141629686524374,3.688437321642908,0.0141629686524374,-642.5205037318877,1.0,1213.0,1301.0,0.8975101267980276,0,6,0.3399089722904095,0.9073099622248764,6.3106039553486255,0.9674702209209852,5.259875312046173,5.672874127204935,6.349391316227603,0.3019813491054964,0.7894044238250034,1,False,,False,3,3,29,0,[],55.95532673801063,"(29, 184)",,[0],"{""feature_selection"": {""concat"": [""range""], ""odd"": [""mean"", ""range""]}, ""n_chunks"": 16, ""parameter_selection"": {""mean"": {""likelihood"": ""student_t""}, ""range"": {""likelihood"": ""beta""}}, ""rem_profile_params"": {""rem_stage"": 2, ""step_size_hours"": 1, ""window_size_hours"": 2}, ""tau_threshold"": 5.0}",run_output_8day_rem_w2_s1_stage2_no_pareto,rem_w2_s1_stage2
20,31c45adc3adff17c,ok,,concat: mean; even: range,mean=lognormal; range=lognormal,16,5.0,3,1,2,213.4606748416976,213.4606748416976,7.360712925575778,3.6803564627878895,0.0137006827689261,3.6803564627878895,0.0137006827689261,-427.3489061603472,1.0,3085.0,2788.0,1.1017444299365826,0,7,0.6277134478340043,0.9948061583111668,6.662960431686895,0.4996171006405965,5.756227785653536,6.255036450265201,6.627709273415811,0.671086026684948,0.8140694235403442,2,False,,False,2,2,29,0,[],19.357967852964062,"(29, 176)",,[0],"{""feature_selection"": {""concat"": [""mean""], ""even"": [""range""]}, ""n_chunks"": 16, ""parameter_selection"": {""mean"": {""likelihood"": ""lognormal""}, ""range"": {""likelihood"": ""lognormal""}}, ""rem_profile_params"": {""rem_stage"": 2, ""step_size_hours"": 1, ""window_size_hours"": 3}, ""tau_threshold"": 5.0}",run_output_8day_rem_w3_s1_stage2_no_pareto,rem_w3_s1_stage2
16,0563a5181fc659f2,ok,,"concat: mean, range",mean=student_t; range=lognormal,16,5.0,6,1,2,213.43397928804723,213.43397928804723,7.359792389243009,3.679896194621504,0.0111410699276371,3.679896194621504,0.0111410699276371,-427.7103573194058,1.01,2950.0,2831.0,1.0208469328238892,0,7,0.6564118920141986,0.9366759034896782,6.813321327048112,0.5911887831598998,6.133658016102579,6.430723540725545,6.727789065348509,0.8624819316144295,0.8132360696786779,2,False,,False,2,2,29,0,[],22.90189067297615,"(29, 152)",,[0],"{""feature_selection"": {""concat"": [""mean"", ""range""]}, ""n_chunks"": 16, ""parameter_selection"": {""mean"": {""likelihood"": ""student_t""}, ""range"": {""likelihood"": ""lognormal""}}, ""rem_profile_params"": {""rem_stage"": 2, ""step_size_hours"": 1, ""window_size_hours"": 6}, ""tau_threshold"": 5.0}",run_output_8day_rem_w6_s1_stage2_no_pareto,rem_w6_s1_stage2
23,d53f21cd6cb09238,ok,,concat: mean; odd: mean,mean=lognormal,16,5.0,6,1,2,213.0146782756643,213.0146782756643,7.345333733643597,3.672666866821799,0.0225653775044135,3.672666866821799,0.0225653775044135,-427.4506029413254,1.0,4352.0,2781.0,0.9941991728068542,0,7,0.9436491968155016,0.9986528491573948,6.9782272415913145,0.1730826780054887,6.235395192400126,6.490269902613527,6.745144612826929,0.9808930456488152,1.632538389521424,2,False,,False,2,2,29,0,[],19.561234196997248,"(29, 152)",,[0],"{""feature_selection"": {""concat"": [""mean""], ""odd"": [""mean""]}, ""n_chunks"": 16, ""parameter_selection"": {""mean"": {""likelihood"": ""lognormal""}}, ""rem_profile_params"": {""rem_stage"": 2, ""step_size_hours"": 1, ""window_size_hours"": 6}, ""tau_threshold"": 5.0}",run_output_8day_rem_w6_s1_stage2_no_pareto,rem_w6_s1_stage2
37,4cc362f63696c88a,ok,,concat: range; odd: mean,mean=student_t; range=beta,16,5.0,3,1,2,212.99730445460253,212.99730445460253,7.344734636365604,3.672367318182802,0.0184309998883144,3.672367318182802,0.0184309998883144,-425.7792525598732,1.0,2182.0,1478.0,0.9560912305978077,0,7,0.6688943077815225,0.9759495961711604,7.013889323446228,0.5707076414361346,6.235928273667711,6.532525553736883,6.829122833806053,0.9488624723840088,0.7628012566376224,2,False,,False,2,2,29,0,[],31.676544725953136,"(29, 176)",,[0],"{""feature_selection"": {""concat"": [""range""], ""odd"": [""mean""]}, ""n_chunks"": 16, ""parameter_selection"": {""mean"": {""likelihood"": ""student_t""}, ""range"": {""likelihood"": ""beta""}}, ""rem_profile_params"": {""rem_stage"": 2, ""step_size_hours"": 1, ""window_size_hours"": 3}, ""tau_threshold"": 5.0}",run_output_8day_rem_w3_s1_stage2_no_pareto,rem_w3_s1_stage2
49,6470b2140e451f86,ok,,even: mean; odd: range,mean=student_t; range=beta,16,5.0,2,1,2,212.989051890903,212.989051890903,7.344450065203552,3.672225032601775,0.0094587838258932,3.672225032601775,0.0094587838258932,-426.4385733530769,1.0,1155.0,1573.0,1.0057378870290508,0,8,0.0894144049311612,0.7421339963877185,6.4298472643946285,1.520541870818929,4.923806405626714,6.256143895486226,7.240695426543485,0.5587975518687429,0.4637700743793395,0,False,,False,2,2,29,0,[],32.88064130599378,"(29, 184)",,[0],"{""feature_selection"": {""even"": [""mean""], ""odd"": [""range""]}, ""n_chunks"": 16, ""parameter_selection"": {""mean"": {""likelihood"": ""student_t""}, ""range"": {""likelihood"": ""beta""}}, ""rem_profile_params"": {""rem_stage"": 2, ""step_size_hours"": 1, ""window_size_hours"": 2}, ""tau_threshold"": 5.0}",run_output_8day_rem_w2_s1_stage2_no_pareto,rem_w2_s1_stage2
17,b43b9ec560cf360b,ok,,concat: mean; even: mean,mean=lognormal,16,5.0,6,1,2,212.95884387257416,212.95884387257416,7.343408409399109,3.6717042046995543,0.0165349443033,3.6717042046995543,0.0165349443033,-427.4156739862189,1.0,3514.0,2648.0,0.9758774346584298,0,7,0.8915189573139822,0.9957466875902572,6.959743163960787,0.2570575075135701,6.222443649355054,6.482705374988328,6.7429671006216,0.9636730331878433,1.1916143127255188,2,False,,False,2,2,29,0,[],21.172747584001627,"(29, 152)",,[0],"{""feature_selection"": {""concat"": [""mean""], ""even"": [""mean""]}, ""n_chunks"": 16, ""parameter_selection"": {""mean"": {""likelihood"": ""lognormal""}}, ""rem_profile_params"": {""rem_stage"": 2, ""step_size_hours"": 1, ""window_size_hours"": 6}, ""tau_threshold"": 5.0}",run_output_8day_rem_w6_s1_stage2_no_pareto,rem_w6_s1_stage2
66,c74493ab8acf46ee,ok,,"concat: mean, range; even: range",mean=lognormal; range=lognormal,16,5.0,2,1,2,319.1368912316049,319.1368912316049,11.004720387296722,3.668240129098906,0.0106388407873456,3.668240129098906,0.0106388407873456,-639.6660920139407,1.0,4284.0,2723.0,1.061681286911637,0,7,0.8147676847768905,0.9985883680573586,6.901282762687169,0.3099387614096027,6.169389350034127,6.446457805400475,6.723526260766823,0.9028407030404768,1.0119601851737134,2,False,,False,3,3,29,0,[],27.216257979976945,"(29, 184)",,[0],"{""feature_selection"": {""concat"": [""mean"", ""range""], ""even"": [""range""]}, ""n_chunks"": 16, ""parameter_selection"": {""mean"": {""likelihood"": ""lognormal""}, ""range"": {""likelihood"": ""lognormal""}}, ""rem_profile_params"": {""rem_stage"": 2, ""step_size_hours"": 1, ""window_size_hours"": 2}, ""tau_threshold"": 5.0}",run_output_8day_rem_w2_s1_stage2_no_pareto,rem_w2_s1_stage2
96,277b8fc7428c0f12,ok,,"concat: mean; odd: mean, range",mean=lognormal; range=lognormal,16,5.0,3,1,2,319.0709211724211,319.0709211724211,11.002445557669692,3.667481852556564,0.0174639686698577,3.667481852556564,0.0174639686698577,-635.3503432358626,1.0,1963.0,2100.0,1.0151385690300798,0,6,0.5483775960725674,0.9817920163832824,6.434488402928367,0.5739808926332475,5.442127925009599,5.918986373273099,6.458035690551174,0.4575274240071054,1.4107102634993656,3,False,,False,3,3,29,0,[],30.00734834600007,"(29, 176)",,[0],"{""feature_selection"": {""concat"": [""mean""], ""odd"": [""mean"", ""range""]}, ""n_chunks"": 16, ""parameter_selection"": {""mean"": {""likelihood"": ""lognormal""}, ""range"": {""likelihood"": ""lognormal""}}, ""rem_profile_params"": {""rem_stage"": 2, ""step_size_hours"": 1, ""window_size_hours"": 3}, ""tau_threshold"": 5.0}",run_output_8day_rem_w3_s1_stage2_no_pareto,rem_w3_s1_stage2
77,d84a27536b554d70,ok,,"concat: mean; even: mean, range",mean=lognormal; range=beta,16,5.0,3,1,2,318.7881592569292,318.7881592569292,10.992695146790664,3.664231715596888,0.0124551972767138,3.664231715596888,0.0124551972767138,-637.8915379338055,1.0,2320.0,1998.0,1.003028002747146,0,7,0.6148614935868105,0.98390273378711,6.673581051986711,0.5720204683493211,5.834951698760862,6.289859050182674,6.645490772865921,0.7037634944344131,0.8546295773129899,3,False,,False,3,3,29,0,[],35.2305613749777,"(29, 176)",,[0],"{""feature_selection"": {""concat"": [""mean""], ""even"": [""mean"", ""range""]}, ""n_chunks"": 16, ""parameter_selection"": {""mean"": {""likelihood"": ""lognormal""}, ""range"": {""likelihood"": ""beta""}}, ""rem_profile_params"": {""rem_stage"": 2, ""step_size_hours"": 1, ""window_size_hours"": 3}, ""tau_threshold"": 5.0}",run_output_8day_rem_w3_s1_stage2_no_pareto,rem_w3_s1_stage2
142,2a8698ee919a6d5f,ok,,"concat: mean, range; even: mean; odd: mean",mean=lognormal; range=lognormal,16,5.0,3,1,2,424.1403854609218,424.1403854609218,14.625530533135231,3.656382633283808,0.0165205401203733,3.656382633283808,0.0165205401203733,-844.1576131811047,1.0,2765.0,2500.0,1.0090660262511868,0,7,0.7544278553388664,0.9969307589125592,6.845911869350328,0.3705737742624602,6.116785211197901,6.411194007383985,6.705602803570069,0.8491692611691583,1.5224428584969507,2,False,,False,4,4,29,0,[],40.93158015998779,"(29, 176)",,[0],"{""feature_selection"": {""concat"": [""mean"", ""range""], ""even"": [""mean""], ""odd"": [""mean""]}, ""n_chunks"": 16, ""parameter_selection"": {""mean"": {""likelihood"": ""lognormal""}, ""range"": {""likelihood"": ""lognormal""}}, ""rem_profile_params"": {""rem_stage"": 2, ""step_size_hours"": 1, ""window_size_hours"": 3}, ""tau_threshold"": 5.0}",run_output_8day_rem_w3_s1_stage2_no_pareto,rem_w3_s1_stage2
146,7ead3aca9e39fcb2,ok,,"concat: mean, range; even: mean; odd: range",mean=lognormal; range=lognormal,16,5.0,3,1,2,423.26829770499376,423.26829770499376,14.595458541551508,3.648864635387877,0.0107531733570521,3.648864635387877,0.0107531733570521,-846.5738207323367,1.0,2747.0,2437.0,1.0335336652929326,0,7,0.6980242178351836,0.988390515838806,6.792446633245418,0.4381945326327413,6.068442605749572,6.378969630660178,6.689496655570785,0.8051019720177933,1.0086823413985753,2,False,,False,4,4,29,0,[],42.15509212005418,"(29, 176)",,[0],"{""feature_selection"": {""concat"": [""mean"", ""range""], ""even"": [""mean""], ""odd"": [""range""]}, ""n_chunks"": 16, ""parameter_selection"": {""mean"": {""likelihood"": ""lognormal""}, ""range"": {""likelihood"": ""lognormal""}}, ""rem_profile_params"": {""rem_stage"": 2, ""step_size_hours"": 1, ""window_size_hours"": 3}, ""tau_threshold"": 5.0}",run_output_8day_rem_w3_s1_stage2_no_pareto,rem_w3_s1_stage2
146,f2358c754d0a0e97,ok,,"concat: mean, range; even: mean; odd: range",mean=lognormal; range=lognormal,16,5.0,2,2,2,423.1222001739861,423.1222001739861,14.590420695654696,3.647605173913673,0.0111713544922026,3.647605173913673,0.0111713544922026,-845.692165001711,1.0,3378.0,2554.0,1.059295676475504,0,7,0.7740990420143049,0.9992951017707372,6.86242267080647,0.3468516305191612,6.131009755898872,6.420706842624034,6.710403929349195,0.8630575365633226,0.8195070087586533,1,False,,False,4,4,29,0,[],42.242847743968014,"(29, 96)",,[0],"{""feature_selection"": {""concat"": [""mean"", ""range""], ""even"": [""mean""], ""odd"": [""range""]}, ""n_chunks"": 16, ""parameter_selection"": {""mean"": {""likelihood"": ""lognormal""}, ""range"": {""likelihood"": ""lognormal""}}, ""rem_profile_params"": {""rem_stage"": 2, ""step_size_hours"": 2, ""window_size_hours"": 2}, ""tau_threshold"": 5.0}",run_output_8day_rem_w2_s2_stage2_no_pareto,rem_w2_s2_stage2
204,6fdf68f8cafc41be,ok,,"concat: mean, range; even: mean, range; odd: range",mean=student_t; range=lognormal,16,5.0,2,1,2,528.4762163231908,528.4762163231908,18.22331780424796,3.644663560849591,0.0089112481450959,3.644663560849591,0.0089112481450959,-1058.5982635859314,1.01,560.0,442.0,0.979945213079834,0,7,0.5587460227117023,0.9140451058881708,6.8194764644716335,0.9424558162461616,6.174157260391567,6.494412819402287,6.814668378413008,0.8859517856064263,0.8499658198971939,2,False,,False,5,5,29,0,[],88.51439152198145,"(29, 184)",,[0],"{""feature_selection"": {""concat"": [""mean"", ""range""], ""even"": [""mean"", ""range""], ""odd"": [""range""]}, ""n_chunks"": 16, ""parameter_selection"": {""mean"": {""likelihood"": ""student_t""}, ""range"": {""likelihood"": ""lognormal""}}, ""rem_profile_params"": {""rem_stage"": 2, ""step_size_hours"": 1, ""window_size_hours"": 2}, ""tau_threshold"": 5.0}",run_output_8day_rem_w2_s1_stage2_no_pareto,rem_w2_s1_stage2
10,91865e093a312670,ok,,odd: mean,mean=student_t,16,5.0,2,2,2,105.66136003841596,105.66136003841596,3.6434951737384815,3.643495173738482,0.0300703000203474,3.643495173738482,0.0300703000203474,-211.2882533641944,1.0,1919.0,1946.0,1.021482316872686,0,6,0.0546560515773936,0.6264679764285722,5.729428490733364,1.533639070679925,4.210812873309632,5.375368184990856,6.300429594200149,0.2895508335128695,0.5655153159867546,0,False,,False,1,1,29,0,[],18.02469582000049,"(29, 96)",,[0],"{""feature_selection"": {""odd"": [""mean""]}, ""n_chunks"": 16, ""parameter_selection"": {""mean"": {""likelihood"": ""student_t""}}, ""rem_profile_params"": {""rem_stage"": 2, ""step_size_hours"": 2, ""window_size_hours"": 2}, ""tau_threshold"": 5.0}",run_output_8day_rem_w2_s2_stage2_no_pareto,rem_w2_s2_stage2
87,bda266a4257d6c27,ok,,concat: mean; even: range; odd: mean,mean=lognormal; range=beta,16,5.0,2,2,2,315.95831150252127,315.95831150252127,10.895114189742111,3.6317047299140377,0.0192558681009912,3.6317047299140377,0.0192558681009912,-630.9579988619179,1.0,2047.0,2050.0,1.0028021134800058,0,6,0.6015843697403136,0.9985149315866207,6.476864292837539,0.5094307894602715,5.477237043662899,5.95732594678838,6.478230618225994,0.4777780464546238,1.7060265896393652,2,False,,False,3,3,29,0,[],34.906801973003894,"(29, 96)",,[0],"{""feature_selection"": {""concat"": [""mean""], ""even"": [""range""], ""odd"": [""mean""]}, ""n_chunks"": 16, ""parameter_selection"": {""mean"": {""likelihood"": ""lognormal""}, ""range"": {""likelihood"": ""beta""}}, ""rem_profile_params"": {""rem_stage"": 2, ""step_size_hours"": 2, ""window_size_hours"": 2}, ""tau_threshold"": 5.0}",run_output_8day_rem_w2_s2_stage2_no_pareto,rem_w2_s2_stage2
19,51516530ece887da,ok,,concat: mean; even: range,mean=lognormal; range=beta,16,5.0,6,1,2,210.1399851945469,210.1399851945469,7.24620638601886,3.623103193009431,0.0133686357129339,3.623103193009431,0.0133686357129339,-422.0301021794383,1.0,2103.0,1791.0,0.950986765810778,0,7,0.9088389422948704,0.9978793421066994,6.97073644761658,0.2269812272692193,6.228916392429917,6.487216049073687,6.745515705717457,0.9715608756553862,1.100230951990402,2,False,,False,2,2,29,0,[],19.241158329998143,"(29, 152)",,[0],"{""feature_selection"": {""concat"": [""mean""], ""even"": [""range""]}, ""n_chunks"": 16, ""parameter_selection"": {""mean"": {""likelihood"": ""lognormal""}, ""range"": {""likelihood"": ""beta""}}, ""rem_profile_params"": {""rem_stage"": 2, ""step_size_hours"": 1, ""window_size_hours"": 6}, ""tau_threshold"": 5.0}",run_output_8day_rem_w6_s1_stage2_no_pareto,rem_w6_s1_stage2
66,56b5c3fced57b938,ok,,"concat: mean, range; even: range",mean=lognormal; range=lognormal,16,5.0,2,2,2,314.4219394567693,314.4219394567693,10.842135843336871,3.6140452811122903,0.0099279861400768,3.6140452811122903,0.0099279861400768,-628.3313733310954,1.0,3249.0,2645.0,1.0556774868522392,0,7,0.6846462539712475,0.9990852728889792,6.752548097123969,0.4339294399142871,6.004609122189042,6.336420206293014,6.668231290396985,0.7534727005891689,0.5248517082841114,0,False,,False,3,3,29,0,[],28.268808163004,"(29, 96)",,[0],"{""feature_selection"": {""concat"": [""mean"", ""range""], ""even"": [""range""]}, ""n_chunks"": 16, ""parameter_selection"": {""mean"": {""likelihood"": ""lognormal""}, ""range"": {""likelihood"": ""lognormal""}}, ""rem_profile_params"": {""rem_stage"": 2, ""step_size_hours"": 2, ""window_size_hours"": 2}, ""tau_threshold"": 5.0}",run_output_8day_rem_w2_s2_stage2_no_pareto,rem_w2_s2_stage2
167,29ff8454bad73a98,ok,,"concat: mean; even: mean, range; odd: range",mean=student_t; range=beta,16,5.0,2,2,2,418.8150845085274,418.8150845085274,14.441899465811291,3.6104748664528232,0.0093028653967638,3.6104748664528232,0.0093028653967638,-837.2494202472571,1.01,1109.0,1315.0,0.9480539660211956,0,8,0.4076650644848169,0.9995734913378505,7.225688480076418,0.7805476703849402,6.10518758240009,6.828058028694639,7.432508197160319,0.7863784350775731,0.7534211956805887,2,False,,False,4,4,29,0,[],84.75150509300875,"(29, 96)",,[0],"{""feature_selection"": {""concat"": [""mean""], ""even"": [""mean"", ""range""], ""odd"": [""range""]}, ""n_chunks"": 16, ""parameter_selection"": {""mean"": {""likelihood"": ""student_t""}, ""range"": {""likelihood"": ""beta""}}, ""rem_profile_params"": {""rem_stage"": 2, ""step_size_hours"": 2, ""window_size_hours"": 2}, ""tau_threshold"": 5.0}",run_output_8day_rem_w2_s2_stage2_no_pareto,rem_w2_s2_stage2
162,e7f7ab3661c05e0b,ok,,"concat: mean; even: mean, range; odd: mean",mean=lognormal; range=lognormal,16,5.0,2,1,2,418.65168760073647,418.65168760073647,14.436265089680568,3.609066272420141,0.0158200581716955,3.609066272420141,0.0158200581716955,-833.7081157604223,1.0,3438.0,2589.0,1.0581479234451951,0,7,0.8061263332171867,0.9975593397629342,6.905405419069616,0.3215908122798976,6.17274981316831,6.449721317127987,6.726692821087665,0.905927424571319,1.5217878138024643,3,False,,False,4,4,29,0,[],43.5016118089552,"(29, 184)",,[0],"{""feature_selection"": {""concat"": [""mean""], ""even"": [""mean"", ""range""], ""odd"": [""mean""]}, ""n_chunks"": 16, ""parameter_selection"": {""mean"": {""likelihood"": ""lognormal""}, ""range"": {""likelihood"": ""lognormal""}}, ""rem_profile_params"": {""rem_stage"": 2, ""step_size_hours"": 1, ""window_size_hours"": 2}, ""tau_threshold"": 5.0}",run_output_8day_rem_w2_s1_stage2_no_pareto,rem_w2_s1_stage2
105,9dfe1901a6b7c55f,ok,,concat: range; even: mean; odd: mean,mean=student_t; range=beta,16,5.0,2,2,2,313.8716477380668,313.8716477380668,10.823160266829891,3.607720088943296,0.0128860540574231,3.607720088943296,0.0128860540574231,-629.0991755014619,1.0,1240.0,1420.0,0.924529259151296,0,7,0.5345094695211766,0.966170203343666,6.909156531671499,0.6812651059572257,6.145882970237468,6.476905318102257,6.807927665967045,0.8601760735932673,1.2713002172020522,1,False,,False,3,3,29,0,[],55.52408329496393,"(29, 96)",,[0],"{""feature_selection"": {""concat"": [""range""], ""even"": [""mean""], ""odd"": [""mean""]}, ""n_chunks"": 16, ""parameter_selection"": {""mean"": {""likelihood"": ""student_t""}, ""range"": {""likelihood"": ""beta""}}, ""rem_profile_params"": {""rem_stage"": 2, ""step_size_hours"": 2, ""window_size_hours"": 2}, ""tau_threshold"": 5.0}",run_output_8day_rem_w2_s2_stage2_no_pareto,rem_w2_s2_stage2
11,ed7faa2c9cba237e,ok,,"concat: mean; even: mean, range; odd: mean, range",mean=student_t; range=beta,16,5.0,2,2,2,523.0191603650185,523.0191603650185,18.035143460862702,3.6070286921725407,0.0112654407962931,3.6070286921725407,0.0112654407962931,-1045.3104863830767,1.0,702.0,1091.0,0.896477573292219,0,6,0.3989998717986137,0.9999171293717518,6.96181562407106,0.8725082878747558,5.624873651928957,6.420108563231493,7.309409929759584,0.5999688700712216,0.8722061564302783,3,False,,False,5,5,29,0,[],66.70688366796821,"(29, 96)",,[0],"{""feature_selection"": {""concat"": [""mean""], ""even"": [""mean"", ""range""], ""odd"": [""mean"", ""range""]}, ""n_chunks"": 16, ""parameter_selection"": {""mean"": {""likelihood"": ""student_t""}, ""range"": {""likelihood"": ""beta""}}, ""rem_profile_params"": {""rem_stage"": 2, ""step_size_hours"": 2, ""window_size_hours"": 2}, ""tau_threshold"": 5.0}",run_output_8day_rem_w2_s2_stage2_no_pareto,rem_w2_s2_stage2
31,b0d33d1b911befc5,ok,,concat: range; even: mean,mean=student_t; range=beta,16,5.0,3,1,2,209.17219402201837,209.17219402201837,7.212834276621322,3.6064171383106616,0.0106431677371487,3.6064171383106616,0.0106431677371487,-418.9616449160077,1.0,2333.0,1767.0,0.9121606715523072,0,7,0.6624983996662016,0.98822993672913,7.14476254032399,0.5386606113911144,6.2903122761169215,6.606214072173557,6.922115868230193,0.9797488331348972,0.8766403973464523,1,False,,False,2,2,29,0,[],36.333432280051056,"(29, 176)",,[0],"{""feature_selection"": {""concat"": [""range""], ""even"": [""mean""]}, ""n_chunks"": 16, ""parameter_selection"": {""mean"": {""likelihood"": ""student_t""}, ""range"": {""likelihood"": ""beta""}}, ""rem_profile_params"": {""rem_stage"": 2, ""step_size_hours"": 1, ""window_size_hours"": 3}, ""tau_threshold"": 5.0}",run_output_8day_rem_w3_s1_stage2_no_pareto,rem_w3_s1_stage2
105,4b9e337f02c8059e,ok,,concat: range; even: mean; odd: mean,mean=student_t; range=beta,16,5.0,3,1,2,313.7420748899327,313.7420748899327,10.818692237583887,3.606230745861296,0.0141831108165106,3.606230745861296,0.0141831108165106,-627.7650066903624,1.0,2183.0,1663.0,0.9138848966841594,0,7,0.66770409048356,0.9910839840206508,7.144494438454704,0.5115945756270004,6.28804946926377,6.601953566091006,6.915857662918243,0.979408816399029,0.7765224477981555,2,False,,False,3,3,29,0,[],53.55391276802402,"(29, 176)",,[0],"{""feature_selection"": {""concat"": [""range""], ""even"": [""mean""], ""odd"": [""mean""]}, ""n_chunks"": 16, ""parameter_selection"": {""mean"": {""likelihood"": ""student_t""}, ""range"": {""likelihood"": ""beta""}}, ""rem_profile_params"": {""rem_stage"": 2, ""step_size_hours"": 1, ""window_size_hours"": 3}, ""tau_threshold"": 5.0}",run_output_8day_rem_w3_s1_stage2_no_pareto,rem_w3_s1_stage2
103,be155b15d06ff127,ok,,concat: range; even: mean; odd: mean,mean=lognormal; range=beta,16,5.0,2,1,2,313.6844958611388,313.6844958611388,10.81670675383237,3.605568917944124,0.0171424097700353,3.605568917944124,0.0171424097700353,-624.4945327929541,1.0,958.0,1178.0,0.9594671100524552,0,8,0.214684464153118,0.8891874311144443,6.871268789137194,1.3107448065282574,5.690010948911555,6.68126559002725,7.393632327109933,0.6874697173100432,1.3877918289681828,4,False,,False,3,3,29,0,[],36.4729265869828,"(29, 184)",,[0],"{""feature_selection"": {""concat"": [""range""], ""even"": [""mean""], ""odd"": [""mean""]}, ""n_chunks"": 16, ""parameter_selection"": {""mean"": {""likelihood"": ""lognormal""}, ""range"": {""likelihood"": ""beta""}}, ""rem_profile_params"": {""rem_stage"": 2, ""step_size_hours"": 1, ""window_size_hours"": 2}, ""tau_threshold"": 5.0}",run_output_8day_rem_w2_s1_stage2_no_pareto,rem_w2_s1_stage2
95,d870f950da91814c,ok,,"concat: mean; odd: mean, range",mean=lognormal; range=beta,16,5.0,2,2,2,313.48638563982706,313.48638563982706,10.809875366890587,3.60329178896353,0.0194612290278784,3.60329178896353,0.0194612290278784,-620.2842036936311,1.0,2335.0,2021.0,1.0563856665146891,0,7,0.6390659409582291,0.9999750253113576,6.653330046040652,0.4764061959436665,5.721044736385433,6.234682239719186,6.617423151106848,0.6532905372385758,1.168882786843445,4,False,,False,3,3,29,0,[],36.753520812955685,"(29, 96)",,[0],"{""feature_selection"": {""concat"": [""mean""], ""odd"": [""mean"", ""range""]}, ""n_chunks"": 16, ""parameter_selection"": {""mean"": {""likelihood"": ""lognormal""}, ""range"": {""likelihood"": ""beta""}}, ""rem_profile_params"": {""rem_stage"": 2, ""step_size_hours"": 2, ""window_size_hours"": 2}, ""tau_threshold"": 5.0}",run_output_8day_rem_w2_s2_stage2_no_pareto,rem_w2_s2_stage2
152,e3962fce6dfafba0,ok,,"concat: mean, range; even: range; odd: mean",mean=student_t; range=lognormal,16,5.0,3,1,2,417.8563071442936,417.8563071442936,14.408838177389434,3.602209544347358,0.0129241867537645,3.602209544347358,0.0129241867537645,-835.6920002295568,1.0,1548.0,1885.0,1.033892601545467,0,7,0.5064876938413364,0.9098134887902404,6.675052801332729,0.7146311941250211,6.000221921281822,6.34644608196798,6.692670242654138,0.7501602439308269,1.03220682085076,2,False,,False,4,4,29,0,[],57.88951386901317,"(29, 176)",,[0],"{""feature_selection"": {""concat"": [""mean"", ""range""], ""even"": [""range""], ""odd"": [""mean""]}, ""n_chunks"": 16, ""parameter_selection"": {""mean"": {""likelihood"": ""student_t""}, ""range"": {""likelihood"": ""lognormal""}}, ""rem_profile_params"": {""rem_stage"": 2, ""step_size_hours"": 1, ""window_size_hours"": 3}, ""tau_threshold"": 5.0}",run_output_8day_rem_w3_s1_stage2_no_pareto,rem_w3_s1_stage2
31,974289860b375906,ok,,concat: range; even: mean,mean=student_t; range=beta,16,5.0,2,2,2,208.8433604634222,208.8433604634222,7.201495188393869,3.6007475941969345,0.01000124088985,3.6007475941969345,0.01000124088985,-418.1276378514837,1.0,1627.0,1223.0,0.8993685952740598,0,7,0.6261706968838191,0.9618822676998844,6.940295619785507,0.6858993685931478,6.205847588644197,6.507116747063512,6.808385905482828,0.9208170110444002,1.2595629123624372,1,False,,False,2,2,29,0,[],31.55790731700836,"(29, 96)",,[0],"{""feature_selection"": {""concat"": [""range""], ""even"": [""mean""]}, ""n_chunks"": 16, ""parameter_selection"": {""mean"": {""likelihood"": ""student_t""}, ""range"": {""likelihood"": ""beta""}}, ""rem_profile_params"": {""rem_stage"": 2, ""step_size_hours"": 2, ""window_size_hours"": 2}, ""tau_threshold"": 5.0}",run_output_8day_rem_w2_s2_stage2_no_pareto,rem_w2_s2_stage2
19,7bd83eba07e13f05,ok,,"concat: mean, range; even: mean, range; odd: mean, range",mean=student_t; range=beta,16,5.0,2,2,2,626.4234750675741,626.4234750675741,21.600809485088764,3.6001349141814614,0.0099192272514125,3.6001349141814614,0.0099192272514125,-1251.759397537122,1.0,1069.0,999.0,0.9154607103074176,0,7,0.6717309487223796,0.999998727744504,6.984894969999474,0.4200808002270178,6.187175409148135,6.490827694141734,6.794479979135334,0.9041034090621785,1.1771099122494468,4,False,,False,6,6,29,0,[],83.62902502302313,"(29, 96)",,[0],"{""feature_selection"": {""concat"": [""mean"", ""range""], ""even"": [""mean"", ""range""], ""odd"": [""mean"", ""range""]}, ""n_chunks"": 16, ""parameter_selection"": {""mean"": {""likelihood"": ""student_t""}, ""range"": {""likelihood"": ""beta""}}, ""rem_profile_params"": {""rem_stage"": 2, ""step_size_hours"": 2, ""window_size_hours"": 2}, ""tau_threshold"": 5.0}",run_output_8day_rem_w2_s2_stage2_no_pareto,rem_w2_s2_stage2
203,ee5875a556402209,ok,,"concat: mean, range; even: mean, range; odd: range",mean=student_t; range=beta,16,5.0,2,2,2,521.9013520840265,521.9013520840265,17.99659834772505,3.5993196695450096,0.00820964624643,3.5993196695450096,0.00820964624643,-1044.914058418498,1.0,1660.0,1430.0,0.907747529857581,0,7,0.7551635760456374,0.9999978350677564,7.050552428545116,0.3424947361391858,6.244681546044013,6.528720318219862,6.81275909039571,0.9653592836724858,1.3052584008156072,2,False,,False,5,5,29,0,[],117.95413719501812,"(29, 96)",,[0],"{""feature_selection"": {""concat"": [""mean"", ""range""], ""even"": [""mean"", ""range""], ""odd"": [""range""]}, ""n_chunks"": 16, ""parameter_selection"": {""mean"": {""likelihood"": ""student_t""}, ""range"": {""likelihood"": ""beta""}}, ""rem_profile_params"": {""rem_stage"": 2, ""step_size_hours"": 2, ""window_size_hours"": 2}, ""tau_threshold"": 5.0}",run_output_8day_rem_w2_s2_stage2_no_pareto,rem_w2_s2_stage2
89,a9e5de30ff6ad1d0,ok,,concat: mean; even: range; odd: mean,mean=student_t; range=beta,16,5.0,6,1,2,313.13357076244256,313.13357076244256,10.79770933663595,3.5992364455453165,0.0132048063102857,3.5992364455453165,0.0132048063102857,-625.8408726805314,1.0,630.0,621.0,1.0161586606927293,0,8,0.2516117918032242,0.7870571970883733,6.6819209672360245,1.8360424415624652,5.47318802155971,7.051508731377801,7.525754365688899,0.7087433019770257,0.8129358198357435,3,False,,False,3,3,29,0,[],50.80517937301192,"(29, 152)",,[0],"{""feature_selection"": {""concat"": [""mean""], ""even"": [""range""], ""odd"": [""mean""]}, ""n_chunks"": 16, ""parameter_selection"": {""mean"": {""likelihood"": ""student_t""}, ""range"": {""likelihood"": ""beta""}}, ""rem_profile_params"": {""rem_stage"": 2, ""step_size_hours"": 1, ""window_size_hours"": 6}, ""tau_threshold"": 5.0}",run_output_8day_rem_w6_s1_stage2_no_pareto,rem_w6_s1_stage2
95,6b6a3e87702f2532,ok,,"concat: mean; odd: mean, range",mean=lognormal; range=beta,16,5.0,3,1,2,313.042465914457,313.042465914457,10.79456779015369,3.598189263384564,0.0180910974308166,3.598189263384564,0.0180910974308166,-624.9820473660818,1.0,2030.0,1537.0,0.9791155840551792,0,7,0.6094234127901978,0.9873977373224888,6.649330183631591,0.5979003786087009,5.77441458482862,6.266257638178885,6.634328924651477,0.6808465153113152,1.593496363559796,3,False,,False,3,3,29,0,[],34.85707037203247,"(29, 176)",,[0],"{""feature_selection"": {""concat"": [""mean""], ""odd"": [""mean"", ""range""]}, ""n_chunks"": 16, ""parameter_selection"": {""mean"": {""likelihood"": ""lognormal""}, ""range"": {""likelihood"": ""beta""}}, ""rem_profile_params"": {""rem_stage"": 2, ""step_size_hours"": 1, ""window_size_hours"": 3}, ""tau_threshold"": 5.0}",run_output_8day_rem_w3_s1_stage2_no_pareto,rem_w3_s1_stage2
30,afb3a892fc9d94bb,ok,,concat: range; even: mean,mean=lognormal; range=lognormal,16,5.0,2,1,2,208.2632679201131,208.2632679201131,7.18149199724528,3.59074599862264,0.0120536953833588,3.59074599862264,0.0120536953833588,-417.2818380827013,1.01,1725.0,2037.0,1.0458060899472408,0,7,0.324389747384272,0.8498879931599437,6.561266336001813,1.1696536024932973,5.877620202846064,6.373231204867662,6.768484143268507,0.7360711133342359,0.8142681289735193,2,False,,False,2,2,29,0,[],20.697495934029572,"(29, 184)",,[0],"{""feature_selection"": {""concat"": [""range""], ""even"": [""mean""]}, ""n_chunks"": 16, ""parameter_selection"": {""mean"": {""likelihood"": ""lognormal""}, ""range"": {""likelihood"": ""lognormal""}}, ""rem_profile_params"": {""rem_stage"": 2, ""step_size_hours"": 1, ""window_size_hours"": 2}, ""tau_threshold"": 5.0}",run_output_8day_rem_w2_s1_stage2_no_pareto,rem_w2_s1_stage2
78,3f4e248ae5fd016a,ok,,"concat: mean; even: mean, range",mean=lognormal; range=lognormal,16,5.0,2,2,2,312.38459637907613,312.38459637907613,10.771882633761246,3.590627544587081,0.0141041152504459,3.590627544587081,0.0141041152504459,-625.0061416447118,1.0,3047.0,2802.0,1.021528016029012,0,7,0.6630709614034369,0.99683565698434,6.73461139160121,0.463722585062505,5.957156683720267,6.3239073281640215,6.662791461021065,0.7389513824631179,0.8920322784298113,2,False,,False,3,3,29,0,[],27.995900472975336,"(29, 96)",,[0],"{""feature_selection"": {""concat"": [""mean""], ""even"": [""mean"", ""range""]}, ""n_chunks"": 16, ""parameter_selection"": {""mean"": {""likelihood"": ""lognormal""}, ""range"": {""likelihood"": ""lognormal""}}, ""rem_profile_params"": {""rem_stage"": 2, ""step_size_hours"": 2, ""window_size_hours"": 2}, ""tau_threshold"": 5.0}",run_output_8day_rem_w2_s2_stage2_no_pareto,rem_w2_s2_stage2
149,cd25abdc48a6affb,ok,,"concat: mean, range; even: range; odd: mean",mean=lognormal; range=beta,16,5.0,2,2,2,416.0613209358711,416.0613209358711,14.346942101236934,3.586735525309233,0.0144387527574554,3.586735525309233,0.0144387527574554,-826.5035125615683,1.01,2117.0,1539.0,0.9488796610501988,0,7,0.8576383655997819,0.999652557612786,6.930547410332505,0.261204420573115,6.19461698923931,6.46315532656272,6.731693663886132,0.931181755256164,1.492273441181987,3,False,,False,4,4,29,0,[],60.88301869604038,"(29, 96)",,[0],"{""feature_selection"": {""concat"": [""mean"", ""range""], ""even"": [""range""], ""odd"": [""mean""]}, ""n_chunks"": 16, ""parameter_selection"": {""mean"": {""likelihood"": ""lognormal""}, ""range"": {""likelihood"": ""beta""}}, ""rem_profile_params"": {""rem_stage"": 2, ""step_size_hours"": 2, ""window_size_hours"": 2}, ""tau_threshold"": 5.0}",run_output_8day_rem_w2_s2_stage2_no_pareto,rem_w2_s2_stage2
7,611ceeabd2cd3a8b,ok,,"concat: mean; even: mean, range; odd: mean, range",mean=lognormal; range=beta,16,5.0,2,1,2,519.7233723024831,519.7233723024831,17.92149559663735,3.5842991193274707,0.0136075727841069,3.5842991193274707,0.0136075727841069,-1037.438132012648,1.01,1310.0,1994.0,0.9301916980139638,0,7,0.5608643794672415,0.9829331511976368,6.484141158695501,0.5456936685704743,5.484117418836981,6.003566408051242,6.503613152272971,0.5017830373322363,1.600661192231915,4,False,,False,5,5,29,0,[],44.83934225898702,"(29, 184)",,[0],"{""feature_selection"": {""concat"": [""mean""], ""even"": [""mean"", ""range""], ""odd"": [""mean"", ""range""]}, ""n_chunks"": 16, ""parameter_selection"": {""mean"": {""likelihood"": ""lognormal""}, ""range"": {""likelihood"": ""beta""}}, ""rem_profile_params"": {""rem_stage"": 2, ""step_size_hours"": 1, ""window_size_hours"": 2}, ""tau_threshold"": 5.0}",run_output_8day_rem_w2_s1_stage2_no_pareto,rem_w2_s1_stage2
6,d4a3c8443be2973b,ok,,"concat: mean, range; even: range; odd: mean, range",mean=student_t; range=beta,16,5.0,3,1,2,519.538198014258,519.538198014258,17.915110276353722,3.583022055270745,0.0120108789427945,3.583022055270745,0.0120108789427945,-1035.9440338472589,1.0,751.0,1180.0,0.8725320013289172,0,7,0.5857661371003573,0.9830110935098564,7.241987928039549,0.7048902536185588,6.340819832276369,6.715708529581557,7.19462935865143,0.9772806800566975,1.286726667930262,4,False,,False,5,5,29,0,[],65.67176817398285,"(29, 176)",,[0],"{""feature_selection"": {""concat"": [""mean"", ""range""], ""even"": [""range""], ""odd"": [""mean"", ""range""]}, ""n_chunks"": 16, ""parameter_selection"": {""mean"": {""likelihood"": ""student_t""}, ""range"": {""likelihood"": ""beta""}}, ""rem_profile_params"": {""rem_stage"": 2, ""step_size_hours"": 1, ""window_size_hours"": 3}, ""tau_threshold"": 5.0}",run_output_8day_rem_w3_s1_stage2_no_pareto,rem_w3_s1_stage2
155,c7b00608436f69e1,ok,,"concat: mean, range; even: range; odd: range",mean=student_t; range=beta,16,5.0,3,1,2,415.62934335468935,415.62934335468935,14.332046322575495,3.583011580643874,0.0109763587278949,3.583011580643874,0.0109763587278949,-830.8429526696781,1.01,788.0,839.0,0.910595062215262,0,7,0.5688511330495605,0.9724265242210892,7.17912008043216,0.8159666837233811,6.31866848248541,6.689047188187594,7.138262582453038,0.965096384848354,1.2864357892852083,2,False,,False,4,4,29,0,[],81.85517538600834,"(29, 176)",,[0],"{""feature_selection"": {""concat"": [""mean"", ""range""], ""even"": [""range""], ""odd"": [""range""]}, ""n_chunks"": 16, ""parameter_selection"": {""mean"": {""likelihood"": ""student_t""}, ""range"": {""likelihood"": ""beta""}}, ""rem_profile_params"": {""rem_stage"": 2, ""step_size_hours"": 1, ""window_size_hours"": 3}, ""tau_threshold"": 5.0}",run_output_8day_rem_w3_s1_stage2_no_pareto,rem_w3_s1_stage2
107,ff38a60135154019,ok,,concat: range; even: mean; odd: range,mean=lognormal; range=beta,16,5.0,2,1,2,311.5694077730515,311.5694077730515,10.743772681829364,3.5812575606097874,0.0115253813856003,3.5812575606097874,0.0115253813856003,-624.7297792114247,1.0,1339.0,1616.0,0.901019839399588,0,6,0.2137781056589346,0.8782955192244569,6.450132727969089,1.0935408095544747,5.310081965989009,5.9143157846434855,6.760320271440023,0.4645484029893765,0.9634966007439076,2,False,,False,3,3,29,0,[],45.71849226398626,"(29, 184)",,[0],"{""feature_selection"": {""concat"": [""range""], ""even"": [""mean""], ""odd"": [""range""]}, ""n_chunks"": 16, ""parameter_selection"": {""mean"": {""likelihood"": ""lognormal""}, ""range"": {""likelihood"": ""beta""}}, ""rem_profile_params"": {""rem_stage"": 2, ""step_size_hours"": 1, ""window_size_hours"": 2}, ""tau_threshold"": 5.0}",run_output_8day_rem_w2_s1_stage2_no_pareto,rem_w2_s1_stage2
10,c43faacaacfda7a9,ok,,odd: mean,mean=student_t,16,5.0,3,1,2,103.82217067453712,103.82217067453712,3.5800748508461075,3.5800748508461075,0.0297589013381347,3.5800748508461075,0.0297589013381347,-207.4140783546829,1.0,1483.0,1696.0,1.0191393557210922,0,6,0.0047204444001154,0.5521092470385982,5.626458668768171,1.6825113309275477,3.669541728993156,5.248954798363175,6.569290478604444,0.3427971655635457,0.610937384107086,0,False,,False,1,1,29,0,[],17.8855254430091,"(29, 176)",,[0],"{""feature_selection"": {""odd"": [""mean""]}, ""n_chunks"": 16, ""parameter_selection"": {""mean"": {""likelihood"": ""student_t""}}, ""rem_profile_params"": {""rem_stage"": 2, ""step_size_hours"": 1, ""window_size_hours"": 3}, ""tau_threshold"": 5.0}",run_output_8day_rem_w3_s1_stage2_no_pareto,rem_w3_s1_stage2
68,f23bc02b957c9ade,ok,,"concat: mean, range; even: range",mean=student_t; range=lognormal,16,5.0,3,1,2,311.42082062762444,311.42082062762444,10.738648987159465,3.5795496623864884,0.0102264908698274,3.5795496623864884,0.0102264908698274,-623.2775327230562,1.0,2082.0,1972.0,1.0196170081126985,0,7,0.5153206115521043,0.8971451445597473,6.678403839077111,0.7497077039472926,6.028600166830167,6.36522411023418,6.701848053638194,0.7712404430749608,0.655462164199065,0,False,,False,3,3,29,0,[],31.82861422502901,"(29, 176)",,[0],"{""feature_selection"": {""concat"": [""mean"", ""range""], ""even"": [""range""]}, ""n_chunks"": 16, ""parameter_selection"": {""mean"": {""likelihood"": ""student_t""}, ""range"": {""likelihood"": ""lognormal""}}, ""rem_profile_params"": {""rem_stage"": 2, ""step_size_hours"": 1, ""window_size_hours"": 3}, ""tau_threshold"": 5.0}",run_output_8day_rem_w3_s1_stage2_no_pareto,rem_w3_s1_stage2
198,a61d1fcccf2cf485,ok,,"concat: mean, range; even: mean, range; odd: mean",mean=lognormal; range=lognormal,16,5.0,2,1,2,518.9908986344192,518.9908986344192,17.89623788394549,3.579247576789098,0.0138672413112245,3.579247576789098,0.0138672413112245,-1036.5135598121,1.0,3567.0,2625.0,1.0752191395329298,0,7,0.9143257419360422,0.9977287083046152,6.961104899619312,0.2492674260238318,6.224717830856322,6.483159657280542,6.741601483704763,0.9673775758025503,1.5495416143328933,4,False,,False,5,5,29,0,[],62.60780020902166,"(29, 184)",,[0],"{""feature_selection"": {""concat"": [""mean"", ""range""], ""even"": [""mean"", ""range""], ""odd"": [""mean""]}, ""n_chunks"": 16, ""parameter_selection"": {""mean"": {""likelihood"": ""lognormal""}, ""range"": {""likelihood"": ""lognormal""}}, ""rem_profile_params"": {""rem_stage"": 2, ""step_size_hours"": 1, ""window_size_hours"": 2}, ""tau_threshold"": 5.0}",run_output_8day_rem_w2_s1_stage2_no_pareto,rem_w2_s1_stage2
132,9cc4d57896750bf6,ok,,"even: mean; odd: mean, range",mean=student_t; range=lognormal,16,5.0,2,1,2,311.06115814591385,311.06115814591385,10.726246832617718,3.575415610872572,0.0128109209695417,3.575415610872572,0.0128109209695417,-623.9551322110481,1.0,477.0,804.0,0.9565141493831087,0,4,0.2592899540278013,0.4383738871642917,5.532937076132541,1.8124271561145493,3.4374385458562493,3.940775607385379,7.0615656729455285,0.3903087013972851,0.716239601933289,3,False,,False,3,3,29,0,[],41.21444826095831,"(29, 184)",,[0],"{""feature_selection"": {""even"": [""mean""], ""odd"": [""mean"", ""range""]}, ""n_chunks"": 16, ""parameter_selection"": {""mean"": {""likelihood"": ""student_t""}, ""range"": {""likelihood"": ""lognormal""}}, ""rem_profile_params"": {""rem_stage"": 2, ""step_size_hours"": 1, ""window_size_hours"": 2}, ""tau_threshold"": 5.0}",run_output_8day_rem_w2_s1_stage2_no_pareto,rem_w2_s1_stage2
200,47149afc01744faa,ok,,"concat: mean, range; even: mean, range; odd: mean",mean=student_t; range=lognormal,16,5.0,3,1,2,518.1402101956078,518.1402101956078,17.866903799848544,3.5733807599697087,0.0116501726424622,3.5733807599697087,0.0116501726424622,-1038.4144362488166,1.0,1214.0,1119.0,0.9501168414198052,0,7,0.5754329595186667,0.9552983734502344,6.8883652156414925,0.6163324909924224,6.14679410969624,6.463293243601411,6.779792377506582,0.8659514308025104,1.198831679366334,3,False,,False,5,5,29,0,[],89.67639068799326,"(29, 176)",,[0],"{""feature_selection"": {""concat"": [""mean"", ""range""], ""even"": [""mean"", ""range""], ""odd"": [""mean""]}, ""n_chunks"": 16, ""parameter_selection"": {""mean"": {""likelihood"": ""student_t""}, ""range"": {""likelihood"": ""lognormal""}}, ""rem_profile_params"": {""rem_stage"": 2, ""step_size_hours"": 1, ""window_size_hours"": 3}, ""tau_threshold"": 5.0}",run_output_8day_rem_w3_s1_stage2_no_pareto,rem_w3_s1_stage2
140,fc452ff272280905,ok,,"concat: mean, range; even: mean, range",mean=student_t; range=lognormal,16,5.0,3,1,2,413.65667242182695,413.65667242182695,14.26402318695955,3.566005796739888,0.0091200343591155,3.566005796739888,0.0091200343591155,-829.5097754472799,1.0,1669.0,1813.0,0.9731046078033178,0,7,0.6079566451281269,0.951439386858408,6.8786333857597,0.6099731570634067,6.155849921969469,6.461966409306405,6.7680828966433415,0.8772799150131427,0.9933669278880246,4,False,,False,4,4,29,0,[],59.09397276100936,"(29, 176)",,[0],"{""feature_selection"": {""concat"": [""mean"", ""range""], ""even"": [""mean"", ""range""]}, ""n_chunks"": 16, ""parameter_selection"": {""mean"": {""likelihood"": ""student_t""}, ""range"": {""likelihood"": ""lognormal""}}, ""rem_profile_params"": {""rem_stage"": 2, ""step_size_hours"": 1, ""window_size_hours"": 3}, ""tau_threshold"": 5.0}",run_output_8day_rem_w3_s1_stage2_no_pareto,rem_w3_s1_stage2
96,9dcc72c9be573985,ok,,"concat: mean; odd: mean, range",mean=lognormal; range=lognormal,16,5.0,2,2,2,310.1382409951784,310.1382409951784,10.694422103282015,3.564807367760672,0.022568631773884,3.564807367760672,0.022568631773884,-619.8308669285045,1.01,751.0,510.0,0.9831997892899276,0,7,0.5261887818078008,0.9938372660025624,6.615123555422204,0.5764260735384178,5.601436200696284,6.159925555686121,6.612140915273271,0.588412275421232,1.842327005858804,3,False,,False,3,3,29,0,[],31.61992523400113,"(29, 96)",,[0],"{""feature_selection"": {""concat"": [""mean""], ""odd"": [""mean"", ""range""]}, ""n_chunks"": 16, ""parameter_selection"": {""mean"": {""likelihood"": ""lognormal""}, ""range"": {""likelihood"": ""lognormal""}}, ""rem_profile_params"": {""rem_stage"": 2, ""step_size_hours"": 2, ""window_size_hours"": 2}, ""tau_threshold"": 5.0}",run_output_8day_rem_w2_s2_stage2_no_pareto,rem_w2_s2_stage2
149,cf0e9a6f9df96a46,ok,,"concat: mean, range; even: range; odd: mean",mean=lognormal; range=beta,16,5.0,3,1,2,412.9653235487776,412.9653235487776,14.240183570647504,3.5600458926618748,0.0135620454477743,3.5600458926618748,0.0135620454477743,-824.3911290000232,1.0,3178.0,2125.0,0.9746663278124248,0,7,0.958565429319608,0.9999125262723094,6.985952414336265,0.1185729795230871,6.239376128226283,6.492921853055959,6.746467577885636,0.9860285589385178,1.459368712407312,2,False,,False,4,4,29,0,[],57.27822121599456,"(29, 176)",,[0],"{""feature_selection"": {""concat"": [""mean"", ""range""], ""even"": [""range""], ""odd"": [""mean""]}, ""n_chunks"": 16, ""parameter_selection"": {""mean"": {""likelihood"": ""lognormal""}, ""range"": {""likelihood"": ""beta""}}, ""rem_profile_params"": {""rem_stage"": 2, ""step_size_hours"": 1, ""window_size_hours"": 3}, ""tau_threshold"": 5.0}",run_output_8day_rem_w3_s1_stage2_no_pareto,rem_w3_s1_stage2
157,f42cfd5b2315da5d,ok,,"concat: mean, range; odd: mean, range",mean=lognormal; range=beta,16,5.0,2,2,2,411.9892695989836,411.9892695989836,14.206526537895986,3.5516316344739973,0.0162864683596178,3.5516316344739973,0.0162864683596178,-822.251918696084,1.0,2059.0,1604.0,0.9447488888968388,0,7,0.9229176378928252,0.9999999544377202,6.969108555975953,0.1731316453490524,6.226082404145017,6.48406134530957,6.742040286474123,0.9690899799073226,1.7479131533278027,5,False,,False,4,4,29,0,[],61.11178112600464,"(29, 96)",,[0],"{""feature_selection"": {""concat"": [""mean"", ""range""], ""odd"": [""mean"", ""range""]}, ""n_chunks"": 16, ""parameter_selection"": {""mean"": {""likelihood"": ""lognormal""}, ""range"": {""likelihood"": ""beta""}}, ""rem_profile_params"": {""rem_stage"": 2, ""step_size_hours"": 2, ""window_size_hours"": 2}, ""tau_threshold"": 5.0}",run_output_8day_rem_w2_s2_stage2_no_pareto,rem_w2_s2_stage2
203,0d40e3db54d3ee00,ok,,"concat: mean, range; even: mean, range; odd: range",mean=student_t; range=beta,16,5.0,3,1,2,514.7866621678321,514.7866621678321,17.751264212683864,3.550252842536773,0.0096908202145691,3.550252842536773,0.0096908202145691,-1028.6367849536605,1.01,1006.0,1534.0,0.9344292599133835,0,7,0.5898809660952166,0.9963849551342356,7.440599185598312,0.553057254633243,6.4522214677164325,6.91754098753625,7.45139061884167,0.992962871991456,1.4747393535843325,3,False,,False,5,5,29,0,[],123.5816041349899,"(29, 176)",,[0],"{""feature_selection"": {""concat"": [""mean"", ""range""], ""even"": [""mean"", ""range""], ""odd"": [""range""]}, ""n_chunks"": 16, ""parameter_selection"": {""mean"": {""likelihood"": ""student_t""}, ""range"": {""likelihood"": ""beta""}}, ""rem_profile_params"": {""rem_stage"": 2, ""step_size_hours"": 1, ""window_size_hours"": 3}, ""tau_threshold"": 5.0}",run_output_8day_rem_w3_s1_stage2_no_pareto,rem_w3_s1_stage2
97,7f96c3e09be55648,ok,,"concat: mean; odd: mean, range",mean=student_t; range=beta,16,5.0,6,1,2,308.6652991260781,308.6652991260781,10.64363100434752,3.5478770014491734,0.0133790444578295,3.5478770014491734,0.0133790444578295,-618.8996569971694,1.0,3148.0,2279.0,0.97952377236679,0,5,0.8758485705453565,0.0506331889003969,5.057968422337587,0.2651501117659015,4.263319308215965,4.526657759545162,4.789996210874359,0.0069157749395316,1.2920380734985375,3,False,,False,3,3,29,0,[],52.12893059203634,"(29, 152)",,[0],"{""feature_selection"": {""concat"": [""mean""], ""odd"": [""mean"", ""range""]}, ""n_chunks"": 16, ""parameter_selection"": {""mean"": {""likelihood"": ""student_t""}, ""range"": {""likelihood"": ""beta""}}, ""rem_profile_params"": {""rem_stage"": 2, ""step_size_hours"": 1, ""window_size_hours"": 6}, ""tau_threshold"": 5.0}",run_output_8day_rem_w6_s1_stage2_no_pareto,rem_w6_s1_stage2
175,484d76cfa2b5d960,ok,,"concat: mean; even: range; odd: mean, range",mean=student_t; range=beta,16,5.0,2,2,2,411.1968872617096,411.1968872617096,14.17920300902447,3.5448007522561173,0.0125623723578097,3.5448007522561173,0.0125623723578097,-821.9247001307775,1.01,871.0,1093.0,0.9310539731894087,0,6,0.4414811128758722,0.9999685841137248,6.665632675952458,0.8076414735792471,5.4552684219844005,5.910594061802875,6.8508291529801255,0.4509109907401834,0.8433446607613229,2,False,,False,4,4,29,0,[],89.62785794003867,"(29, 96)",,[0],"{""feature_selection"": {""concat"": [""mean""], ""even"": [""range""], ""odd"": [""mean"", ""range""]}, ""n_chunks"": 16, ""parameter_selection"": {""mean"": {""likelihood"": ""student_t""}, ""range"": {""likelihood"": ""beta""}}, ""rem_profile_params"": {""rem_stage"": 2, ""step_size_hours"": 2, ""window_size_hours"": 2}, ""tau_threshold"": 5.0}",run_output_8day_rem_w2_s2_stage2_no_pareto,rem_w2_s2_stage2
7,0b80d2435865009d,ok,,"concat: mean, range; even: range; odd: mean, range",mean=student_t; range=beta,16,5.0,2,2,2,513.9498263972597,513.9498263972597,17.72240780680206,3.5444815613604117,0.01090929136727,3.5444815613604117,0.01090929136727,-1026.2428745691466,1.01,1185.0,1051.0,0.9303481364660404,0,7,0.6785019525192365,0.9999922139544712,6.93783822731966,0.4148992531061679,6.158907212158535,6.462289770739421,6.7656723293203065,0.8809462324579946,0.8564599103402954,3,False,,False,5,5,29,0,[],65.83157883200329,"(29, 96)",,[0],"{""feature_selection"": {""concat"": [""mean"", ""range""], ""even"": [""range""], ""odd"": [""mean"", ""range""]}, ""n_chunks"": 16, ""parameter_selection"": {""mean"": {""likelihood"": ""student_t""}, ""range"": {""likelihood"": ""beta""}}, ""rem_profile_params"": {""rem_stage"": 2, ""step_size_hours"": 2, ""window_size_hours"": 2}, ""tau_threshold"": 5.0}",run_output_8day_rem_w2_s2_stage2_no_pareto,rem_w2_s2_stage2
18,3291b46d9683c8f2,ok,,"concat: mean, range; even: mean, range; odd: mean, range",mean=student_t; range=beta,16,5.0,3,1,2,616.4195400629848,616.4195400629848,21.25584620906844,3.54264103484474,0.0110445785436583,3.54264103484474,0.0110445785436583,-1229.0104748749422,1.01,614.0,1247.0,0.9328481899086248,0,8,0.5917610522090846,0.9976389538244214,7.499674317814253,0.5331789617677312,6.504011375950181,7.019422535440752,7.509711267720376,0.9939800035636884,1.3744893021514024,5,False,,False,6,6,29,0,[],88.28914921201067,"(29, 176)",,[0],"{""feature_selection"": {""concat"": [""mean"", ""range""], ""even"": [""mean"", ""range""], ""odd"": [""mean"", ""range""]}, ""n_chunks"": 16, ""parameter_selection"": {""mean"": {""likelihood"": ""student_t""}, ""range"": {""likelihood"": ""beta""}}, ""rem_profile_params"": {""rem_stage"": 2, ""step_size_hours"": 1, ""window_size_hours"": 3}, ""tau_threshold"": 5.0}",run_output_8day_rem_w3_s1_stage2_no_pareto,rem_w3_s1_stage2
176,913b40e258a4ed11,ok,,"concat: mean; even: range; odd: mean, range",mean=student_t; range=lognormal,16,5.0,2,1,2,410.932168500726,410.932168500726,14.170074775887104,3.5425186939717754,0.0129257413338779,3.5425186939717754,0.0129257413338779,-822.268924941322,1.0,400.0,1087.0,0.9413413084586344,0,4,0.2017557381368412,0.5976003968450885,5.974464774426588,1.7195976945790608,3.6324861064258913,6.125330811333298,6.9916994459162165,0.5361655553797936,0.967400956601875,1,False,,False,4,4,29,0,[],68.0596115179942,"(29, 184)",,[0],"{""feature_selection"": {""concat"": [""mean""], ""even"": [""range""], ""odd"": [""mean"", ""range""]}, ""n_chunks"": 16, ""parameter_selection"": {""mean"": {""likelihood"": ""student_t""}, ""range"": {""likelihood"": ""lognormal""}}, ""rem_profile_params"": {""rem_stage"": 2, ""step_size_hours"": 1, ""window_size_hours"": 2}, ""tau_threshold"": 5.0}",run_output_8day_rem_w2_s1_stage2_no_pareto,rem_w2_s1_stage2
153,5ed87c9cfef64c34,ok,,"concat: mean, range; even: range; odd: range",mean=lognormal; range=beta,16,5.0,3,1,2,410.14318352388136,410.14318352388136,14.14286839737522,3.5357170993438047,0.0103562248895969,3.5357170993438047,0.0103562248895969,-819.5659845061805,1.0,2663.0,1823.0,0.9505031657669788,0,7,0.9703634990574408,0.9999715426336128,6.990929288091558,0.0960888938726218,6.243110561127927,6.495437512071301,6.747764463014676,0.9908686034319856,1.1905685267470718,2,False,,False,4,4,29,0,[],70.37903048400767,"(29, 176)",,[0],"{""feature_selection"": {""concat"": [""mean"", ""range""], ""even"": [""range""], ""odd"": [""range""]}, ""n_chunks"": 16, ""parameter_selection"": {""mean"": {""likelihood"": ""lognormal""}, ""range"": {""likelihood"": ""beta""}}, ""rem_profile_params"": {""rem_stage"": 2, ""step_size_hours"": 1, ""window_size_hours"": 3}, ""tau_threshold"": 5.0}",run_output_8day_rem_w3_s1_stage2_no_pareto,rem_w3_s1_stage2
205,09f6b9482be403e9,ok,,"concat: mean, range; even: mean; odd: mean, range",mean=lognormal; range=beta,16,5.0,3,1,2,511.6928515966474,511.6928515966474,17.644581089539567,3.5289162179079137,0.0141836187603133,3.5289162179079137,0.0141836187603133,-1022.6384326024707,1.0,3044.0,1893.0,0.9487172061342668,0,7,0.9871170875780798,0.9999778771706664,6.996564331268634,0.0591797515917819,6.247429390830765,6.498289251923445,6.749149113016126,0.9965812882071162,1.4481631084376676,4,False,,False,5,5,29,0,[],81.8899506200105,"(29, 176)",,[0],"{""feature_selection"": {""concat"": [""mean"", ""range""], ""even"": [""mean""], ""odd"": [""mean"", ""range""]}, ""n_chunks"": 16, ""parameter_selection"": {""mean"": {""likelihood"": ""lognormal""}, ""range"": {""likelihood"": ""beta""}}, ""rem_profile_params"": {""rem_stage"": 2, ""step_size_hours"": 1, ""window_size_hours"": 3}, ""tau_threshold"": 5.0}",run_output_8day_rem_w3_s1_stage2_no_pareto,rem_w3_s1_stage2
80,c0cebbf43cd9af6f,ok,,"concat: mean; even: mean, range",mean=student_t; range=lognormal,16,5.0,6,1,2,306.9897839512776,306.9897839512776,10.58585461900957,3.528618206336523,0.0132842621175978,3.528618206336523,0.0132842621175978,-613.3433330677904,1.0,2266.0,1818.0,1.044552505931984,0,8,0.6801637212478501,0.9855144073161968,7.75833878575173,0.6509948733183881,7.079348748069129,7.386232498712753,7.693116249356376,0.978545091219328,0.5640794723399223,0,False,,False,3,3,29,0,[],39.54275248397608,"(29, 152)",,[0],"{""feature_selection"": {""concat"": [""mean""], ""even"": [""mean"", ""range""]}, ""n_chunks"": 16, ""parameter_selection"": {""mean"": {""likelihood"": ""student_t""}, ""range"": {""likelihood"": ""lognormal""}}, ""rem_profile_params"": {""rem_stage"": 2, ""step_size_hours"": 1, ""window_size_hours"": 6}, ""tau_threshold"": 5.0}",run_output_8day_rem_w6_s1_stage2_no_pareto,rem_w6_s1_stage2
63,e3c9d63718eea3cc,ok,,"concat: mean, range; even: mean",mean=student_t; range=beta,16,5.0,6,1,2,306.38029635945696,306.38029635945696,10.564837805498517,3.521612601832839,0.0106894727552005,3.521612601832839,0.0106894727552005,-613.3422608824823,1.0,1610.0,1588.0,1.0041351924950117,0,5,0.4319849417840801,0.3703061910160434,5.340465022838052,0.8062003009078974,4.346770300272305,4.776873243928213,5.373711627030121,0.0483836648904472,0.6192873543920299,0,False,,False,3,3,29,0,[],44.32892917498248,"(29, 152)",,[0],"{""feature_selection"": {""concat"": [""mean"", ""range""], ""even"": [""mean""]}, ""n_chunks"": 16, ""parameter_selection"": {""mean"": {""likelihood"": ""student_t""}, ""range"": {""likelihood"": ""beta""}}, ""rem_profile_params"": {""rem_stage"": 2, ""step_size_hours"": 1, ""window_size_hours"": 6}, ""tau_threshold"": 5.0}",run_output_8day_rem_w6_s1_stage2_no_pareto,rem_w6_s1_stage2
155,d09732efb535969a,ok,,"concat: mean, range; even: range; odd: range",mean=student_t; range=beta,16,5.0,2,2,2,408.18643197749424,408.18643197749424,14.07539420612049,3.518848551530122,0.0089132874010964,3.518848551530122,0.0089132874010964,-817.9179068668851,1.0,1964.0,1690.0,0.9297104521088232,0,7,0.7858637405187412,0.9999981991933344,7.00001542708934,0.3103539192668642,6.22336592603425,6.500009834602493,6.776653743170735,0.9518532842366482,1.3218724498366268,3,False,,False,4,4,29,0,[],79.3256048259791,"(29, 96)",,[0],"{""feature_selection"": {""concat"": [""mean"", ""range""], ""even"": [""range""], ""odd"": [""range""]}, ""n_chunks"": 16, ""parameter_selection"": {""mean"": {""likelihood"": ""student_t""}, ""range"": {""likelihood"": ""beta""}}, ""rem_profile_params"": {""rem_stage"": 2, ""step_size_hours"": 2, ""window_size_hours"": 2}, ""tau_threshold"": 5.0}",run_output_8day_rem_w2_s2_stage2_no_pareto,rem_w2_s2_stage2
106,8fa0b9fc44f63627,ok,,concat: range; even: mean; odd: mean,mean=student_t; range=lognormal,16,5.0,2,2,2,306.0674605298521,306.0674605298521,10.554050363098348,3.51801678769945,0.0134979392240835,3.51801678769945,0.0134979392240835,-612.794719801968,1.0,1991.0,2253.0,1.0000859517420255,0,7,0.4339114462388118,0.9363121385179932,6.455340500011776,0.6955756949641578,5.432510734773265,6.011551905001118,6.532535109235975,0.5055433192985962,0.8630563702703413,2,False,,False,3,3,29,0,[],43.30066416098271,"(29, 96)",,[0],"{""feature_selection"": {""concat"": [""range""], ""even"": [""mean""], ""odd"": [""mean""]}, ""n_chunks"": 16, ""parameter_selection"": {""mean"": {""likelihood"": ""student_t""}, ""range"": {""likelihood"": ""lognormal""}}, ""rem_profile_params"": {""rem_stage"": 2, ""step_size_hours"": 2, ""window_size_hours"": 2}, ""tau_threshold"": 5.0}",run_output_8day_rem_w2_s2_stage2_no_pareto,rem_w2_s2_stage2
93,bfe8d8c7744d0e96,ok,,concat: mean; even: range; odd: range,mean=student_t; range=beta,16,5.0,2,2,2,306.0395741190911,306.0395741190911,10.55308876272728,3.517696254242427,0.0098244702834745,3.517696254242427,0.0098244702834745,-611.8759850693962,1.0,1273.0,1923.0,0.9785751538755786,0,7,0.3871342995982285,0.9997881429709026,6.984332840641125,0.7978729991708012,5.769383971231766,6.479248532597028,7.192781985206775,0.6751282172240773,0.8386853233000642,2,False,,False,3,3,29,0,[],52.979764803953,"(29, 96)",,[0],"{""feature_selection"": {""concat"": [""mean""], ""even"": [""range""], ""odd"": [""range""]}, ""n_chunks"": 16, ""parameter_selection"": {""mean"": {""likelihood"": ""student_t""}, ""range"": {""likelihood"": ""beta""}}, ""rem_profile_params"": {""rem_stage"": 2, ""step_size_hours"": 2, ""window_size_hours"": 2}, ""tau_threshold"": 5.0}",run_output_8day_rem_w2_s2_stage2_no_pareto,rem_w2_s2_stage2
6,69479f2d839793bd,ok,,"concat: mean, range; even: range; odd: mean, range",mean=student_t; range=lognormal,16,5.0,2,1,2,509.7110357931491,509.7110357931491,17.576242613556865,3.515248522711374,0.0117834876142402,3.515248522711374,0.0117834876142402,-1020.269730798437,1.0,798.0,633.0,0.928212111462571,0,7,0.4677058734391663,0.8850913195036239,6.6956666316568985,1.0443151494071266,6.100114355514604,6.4447859087362165,6.789457461957828,0.8226157660668865,1.0228288892606718,4,False,,False,5,5,29,0,[],46.124988903990015,"(29, 184)",,[0],"{""feature_selection"": {""concat"": [""mean"", ""range""], ""even"": [""range""], ""odd"": [""mean"", ""range""]}, ""n_chunks"": 16, ""parameter_selection"": {""mean"": {""likelihood"": ""student_t""}, ""range"": {""likelihood"": ""lognormal""}}, ""rem_profile_params"": {""rem_stage"": 2, ""step_size_hours"": 1, ""window_size_hours"": 2}, ""tau_threshold"": 5.0}",run_output_8day_rem_w2_s1_stage2_no_pareto,rem_w2_s1_stage2
158,3db3d311d8ff6bc1,ok,,"concat: mean, range; odd: mean, range",mean=lognormal; range=lognormal,16,5.0,3,1,2,407.66343883221225,407.66343883221225,14.057359959731455,3.514339989932865,0.014999378374686,3.514339989932865,0.014999378374686,-808.4800796556369,1.01,2157.0,2647.0,0.9899962044940404,0,7,0.6122311652956327,0.982988624554954,6.667678079845816,0.5163851607372072,5.788117661103866,6.272583004816657,6.636294852438412,0.6873619230436315,1.431191464683309,2,False,,False,4,4,29,0,[],45.54755549598485,"(29, 176)",,[0],"{""feature_selection"": {""concat"": [""mean"", ""range""], ""odd"": [""mean"", ""range""]}, ""n_chunks"": 16, ""parameter_selection"": {""mean"": {""likelihood"": ""lognormal""}, ""range"": {""likelihood"": ""lognormal""}}, ""rem_profile_params"": {""rem_stage"": 2, ""step_size_hours"": 1, ""window_size_hours"": 3}, ""tau_threshold"": 5.0}",run_output_8day_rem_w3_s1_stage2_no_pareto,rem_w3_s1_stage2
86,01a38bb238018333,ok,,concat: mean; even: mean; odd: range,mean=student_t; range=lognormal,16,5.0,6,1,2,305.706689592745,305.706689592745,10.541609985956724,3.513869995318907,0.009301487807852,3.513869995318907,0.009301487807852,-611.5666762103182,1.0,1447.0,2254.0,1.05640038452243,0,8,0.405735645594989,0.9762268740770402,7.356341591788486,0.8577157357428968,6.336335403861383,7.08049892148052,7.5402494607402595,0.8545127169889475,0.5654919131901981,0,False,,False,3,3,29,0,[],41.14221992000239,"(29, 152)",,[0],"{""feature_selection"": {""concat"": [""mean""], ""even"": [""mean""], ""odd"": [""range""]}, ""n_chunks"": 16, ""parameter_selection"": {""mean"": {""likelihood"": ""student_t""}, ""range"": {""likelihood"": ""lognormal""}}, ""rem_profile_params"": {""rem_stage"": 2, ""step_size_hours"": 1, ""window_size_hours"": 6}, ""tau_threshold"": 5.0}",run_output_8day_rem_w6_s1_stage2_no_pareto,rem_w6_s1_stage2
188,f1d755e6b77bf079,ok,,"concat: range; even: mean; odd: mean, range",mean=student_t; range=lognormal,16,5.0,2,1,2,406.7619613583151,406.7619613583151,14.026274529597073,3.506568632399268,0.0117924437398848,3.506568632399268,0.0117924437398848,-812.0854488721353,1.01,640.0,798.0,0.9563030540102592,0,7,0.2848207035659124,0.7955354289934152,6.516411352833852,1.3538513895178457,5.657802980542132,6.420024333871069,6.884012630984419,0.7263119223503063,0.881936148884883,2,False,,False,4,4,29,0,[],68.75904372800142,"(29, 184)",,[0],"{""feature_selection"": {""concat"": [""range""], ""even"": [""mean""], ""odd"": [""mean"", ""range""]}, ""n_chunks"": 16, ""parameter_selection"": {""mean"": {""likelihood"": ""student_t""}, ""range"": {""likelihood"": ""lognormal""}}, ""rem_profile_params"": {""rem_stage"": 2, ""step_size_hours"": 1, ""window_size_hours"": 2}, ""tau_threshold"": 5.0}",run_output_8day_rem_w2_s1_stage2_no_pareto,rem_w2_s1_stage2
179,e0314e2eab56a56e,ok,,"concat: range; even: mean, range; odd: mean",mean=student_t; range=beta,16,5.0,2,1,2,406.23175003595793,406.23175003595793,14.007991380550273,3.501997845137568,0.0116856478728156,3.501997845137568,0.0116856478728156,-812.3088683220985,1.01,368.0,521.0,0.943540856232407,0,8,0.1703885654172294,0.7655307927169613,6.408075497092242,1.4048738991576522,5.045281826902653,5.774185813451917,7.282227193583222,0.4225500920851318,0.9951644605184552,1,False,,False,4,4,29,0,[],90.61430193000706,"(29, 184)",,[0],"{""feature_selection"": {""concat"": [""range""], ""even"": [""mean"", ""range""], ""odd"": [""mean""]}, ""n_chunks"": 16, ""parameter_selection"": {""mean"": {""likelihood"": ""student_t""}, ""range"": {""likelihood"": ""beta""}}, ""rem_profile_params"": {""rem_stage"": 2, ""step_size_hours"": 1, ""window_size_hours"": 2}, ""tau_threshold"": 5.0}",run_output_8day_rem_w2_s1_stage2_no_pareto,rem_w2_s1_stage2
72,978c0c0c19c8527b,ok,,"concat: mean, range; odd: mean",mean=student_t; range=lognormal,16,5.0,6,1,2,304.6728589068075,304.6728589068075,10.50596065195888,3.501986883986293,0.0135931628573212,3.501986883986293,0.0135931628573212,-610.3859068138116,1.0,2396.0,2456.0,0.9998397848601018,0,7,0.664295215564179,0.9457711145020504,6.823412972013816,0.5652002917670798,6.135015703828348,6.431085220383428,6.727154736938509,0.8640067587836505,1.056518929220252,2,False,,False,3,3,29,0,[],39.12642705498729,"(29, 152)",,[0],"{""feature_selection"": {""concat"": [""mean"", ""range""], ""odd"": [""mean""]}, ""n_chunks"": 16, ""parameter_selection"": {""mean"": {""likelihood"": ""student_t""}, ""range"": {""likelihood"": ""lognormal""}}, ""rem_profile_params"": {""rem_stage"": 2, ""step_size_hours"": 1, ""window_size_hours"": 6}, ""tau_threshold"": 5.0}",run_output_8day_rem_w6_s1_stage2_no_pareto,rem_w6_s1_stage2
88,4ffb16f9ed65dc73,ok,,concat: mean; even: range; odd: mean,mean=lognormal; range=lognormal,16,5.0,2,1,2,304.5395928141188,304.5395928141188,10.501365269452371,3.500455089817457,0.0180856784728425,3.500455089817457,0.0180856784728425,-606.9465315491866,1.0,2995.0,2697.0,1.0346215519581865,0,7,0.7045351772122905,0.995160677298292,6.808572043086866,0.42908695247745,6.078027509479214,6.38664960620516,6.695271702931105,0.8132063535849978,1.3760556871040646,3,False,,False,3,3,29,0,[],29.796177516051102,"(29, 184)",,[0],"{""feature_selection"": {""concat"": [""mean""], ""even"": [""range""], ""odd"": [""mean""]}, ""n_chunks"": 16, ""parameter_selection"": {""mean"": {""likelihood"": ""lognormal""}, ""range"": {""likelihood"": ""lognormal""}}, ""rem_profile_params"": {""rem_stage"": 2, ""step_size_hours"": 1, ""window_size_hours"": 2}, ""tau_threshold"": 5.0}",run_output_8day_rem_w2_s1_stage2_no_pareto,rem_w2_s1_stage2
173,0d21a443d9ac27db,ok,,"concat: mean; even: range; odd: mean, range",mean=lognormal; range=beta,16,5.0,2,1,2,405.8667445722645,405.8667445722645,13.9954049852505,3.4988512463126256,0.0158185540622773,3.4988512463126256,0.0158185540622773,-812.398775183663,1.0,1742.0,1620.0,0.9955146283213082,0,6,0.5920668427345138,0.979051425172277,6.290034519397007,0.5187316527058541,5.345454709929558,5.72250400101095,6.2089702087775,0.3160081416721541,1.7364802576487686,2,False,,False,4,4,29,0,[],64.54762163595296,"(29, 184)",,[0],"{""feature_selection"": {""concat"": [""mean""], ""even"": [""range""], ""odd"": [""mean"", ""range""]}, ""n_chunks"": 16, ""parameter_selection"": {""mean"": {""likelihood"": ""lognormal""}, ""range"": {""likelihood"": ""beta""}}, ""rem_profile_params"": {""rem_stage"": 2, ""step_size_hours"": 1, ""window_size_hours"": 2}, ""tau_threshold"": 5.0}",run_output_8day_rem_w2_s1_stage2_no_pareto,rem_w2_s1_stage2
46,59b4b6b54162698a,ok,,even: mean; odd: mean,mean=student_t,16,5.0,3,1,2,202.7601921606253,202.7601921606253,6.9917307641594935,3.495865382079747,0.0185534379753175,3.495865382079747,0.0185534379753175,-406.421744794315,1.0,1173.0,1679.0,1.0272659844716532,0,8,0.0944695366619524,0.706560816260765,6.352044088502451,1.7685573483073311,4.471562137076657,6.417430087671271,7.3656846027557314,0.5758623426464557,0.9589931347361408,1,False,,False,2,2,29,0,[],29.753538416000083,"(29, 176)",,[0],"{""feature_selection"": {""even"": [""mean""], ""odd"": [""mean""]}, ""n_chunks"": 16, ""parameter_selection"": {""mean"": {""likelihood"": ""student_t""}}, ""rem_profile_params"": {""rem_stage"": 2, ""step_size_hours"": 1, ""window_size_hours"": 3}, ""tau_threshold"": 5.0}",run_output_8day_rem_w3_s1_stage2_no_pareto,rem_w3_s1_stage2
158,66765ab369201038,ok,,"concat: mean, range; odd: mean, range",mean=lognormal; range=lognormal,16,5.0,2,2,2,404.6654967424641,404.6654967424641,13.953982646291864,3.4884956615729665,0.017213396429234,3.4884956615729665,0.017213396429234,-801.021806951185,1.0,2900.0,2601.0,1.0724917129499638,0,7,0.6643821268148888,0.998561076883388,6.719976901880759,0.4530579012981594,5.897308633739795,6.307063320416731,6.6535518555841895,0.721553737895199,1.1721832964613168,2,False,,False,4,4,29,0,[],43.75822467100807,"(29, 96)",,[0],"{""feature_selection"": {""concat"": [""mean"", ""range""], ""odd"": [""mean"", ""range""]}, ""n_chunks"": 16, ""parameter_selection"": {""mean"": {""likelihood"": ""lognormal""}, ""range"": {""likelihood"": ""lognormal""}}, ""rem_profile_params"": {""rem_stage"": 2, ""step_size_hours"": 2, ""window_size_hours"": 2}, ""tau_threshold"": 5.0}",run_output_8day_rem_w2_s2_stage2_no_pareto,rem_w2_s2_stage2
87,cd5ce931f690e1b8,ok,,concat: mean; even: range; odd: mean,mean=lognormal; range=beta,16,5.0,3,1,2,303.3313617742364,303.3313617742364,10.459702130146084,3.48656737671536,0.0167817554302466,3.48656737671536,0.0167817554302466,-601.6703438478697,1.0,2416.0,2200.0,1.0138553573654283,0,7,0.572033791977026,0.9847768184081984,6.528960775045406,0.5551363006012207,5.539814661616456,6.090702071929217,6.545525423246615,0.5498556591622318,1.0620915125348982,1,False,,False,3,3,29,0,[],34.62144875602098,"(29, 176)",,[0],"{""feature_selection"": {""concat"": [""mean""], ""even"": [""range""], ""odd"": [""mean""]}, ""n_chunks"": 16, ""parameter_selection"": {""mean"": {""likelihood"": ""lognormal""}, ""range"": {""likelihood"": ""beta""}}, ""rem_profile_params"": {""rem_stage"": 2, ""step_size_hours"": 1, ""window_size_hours"": 3}, ""tau_threshold"": 5.0}",run_output_8day_rem_w3_s1_stage2_no_pareto,rem_w3_s1_stage2
161,12b598b2bcdceea3,ok,,"concat: mean; even: mean, range; odd: mean",mean=lognormal; range=beta,16,5.0,2,2,2,404.3407490145773,404.3407490145773,13.942784448778529,3.4856961121946317,0.0156170025408566,3.4856961121946317,0.0156170025408566,-801.0892850350142,1.0,2254.0,2017.0,1.028116891695138,0,7,0.6134934000316841,0.9987994476167296,6.630285781511695,0.4957633963478651,5.671335720036462,6.20533159700201,6.605757257711986,0.6281958283080227,1.461973591407836,2,False,,False,4,4,29,0,[],54.636182421993,"(29, 96)",,[0],"{""feature_selection"": {""concat"": [""mean""], ""even"": [""mean"", ""range""], ""odd"": [""mean""]}, ""n_chunks"": 16, ""parameter_selection"": {""mean"": {""likelihood"": ""lognormal""}, ""range"": {""likelihood"": ""beta""}}, ""rem_profile_params"": {""rem_stage"": 2, ""step_size_hours"": 2, ""window_size_hours"": 2}, ""tau_threshold"": 5.0}",run_output_8day_rem_w2_s2_stage2_no_pareto,rem_w2_s2_stage2
150,a117eb609ca0c59d,ok,,"concat: mean, range; even: range; odd: mean",mean=lognormal; range=lognormal,16,5.0,2,1,2,403.7937939549204,403.7937939549204,13.923923929480017,3.480980982370004,0.0153133919969115,3.480980982370004,0.0153133919969115,-805.4768064325688,1.0,3317.0,2420.0,1.0582862496848229,0,7,0.8468158482040415,0.9986557805388556,6.923084943277307,0.2777549778792111,6.189334268776651,6.459571628592627,6.729808988408603,0.9251555270758852,1.806729309352908,3,False,,False,4,4,29,0,[],43.85431372997118,"(29, 184)",,[0],"{""feature_selection"": {""concat"": [""mean"", ""range""], ""even"": [""range""], ""odd"": [""mean""]}, ""n_chunks"": 16, ""parameter_selection"": {""mean"": {""likelihood"": ""lognormal""}, ""range"": {""likelihood"": ""lognormal""}}, ""rem_profile_params"": {""rem_stage"": 2, ""step_size_hours"": 1, ""window_size_hours"": 2}, ""tau_threshold"": 5.0}",run_output_8day_rem_w2_s1_stage2_no_pareto,rem_w2_s1_stage2
175,b1a8dc695cf32c9b,ok,,"concat: mean; even: range; odd: mean, range",mean=student_t; range=beta,16,5.0,3,1,2,403.5923608736081,403.5923608736081,13.9169779611589,3.4792444902897257,0.0126723213164044,3.4792444902897257,0.0126723213164044,-800.7465105061169,1.01,212.0,525.0,0.9541161390970112,0,8,0.2601871741058391,0.6619547808621714,6.149361779082977,2.170238509299498,1.3516006861316343,6.824581480152035,7.476803160314072,0.6042057893458108,1.099474732584498,2,False,,False,4,4,29,0,[],94.87252455495764,"(29, 176)",,[0],"{""feature_selection"": {""concat"": [""mean""], ""even"": [""range""], ""odd"": [""mean"", ""range""]}, ""n_chunks"": 16, ""parameter_selection"": {""mean"": {""likelihood"": ""student_t""}, ""range"": {""likelihood"": ""beta""}}, ""rem_profile_params"": {""rem_stage"": 2, ""step_size_hours"": 1, ""window_size_hours"": 3}, ""tau_threshold"": 5.0}",run_output_8day_rem_w3_s1_stage2_no_pareto,rem_w3_s1_stage2
10,f62255214f318d72,ok,,"concat: mean; even: mean, range; odd: mean, range",mean=student_t; range=beta,16,5.0,3,1,2,503.7902581994381,503.7902581994381,17.372077868946143,3.474415573789228,0.0112772669309338,3.474415573789228,0.0112772669309338,-1005.0241453683548,1.01,227.0,200.0,1.0120457655603576,0,8,0.4866899606666461,0.8240035182308866,7.011670574993707,1.839494253139968,6.575342377996156,7.298866757906857,7.649433378953428,0.7999512407217511,1.205729464293124,2,False,,False,5,5,29,0,[],72.06299880199367,"(29, 176)",,[0],"{""feature_selection"": {""concat"": [""mean""], ""even"": [""mean"", ""range""], ""odd"": [""mean"", ""range""]}, ""n_chunks"": 16, ""parameter_selection"": {""mean"": {""likelihood"": ""student_t""}, ""range"": {""likelihood"": ""beta""}}, ""rem_profile_params"": {""rem_stage"": 2, ""step_size_hours"": 1, ""window_size_hours"": 3}, ""tau_threshold"": 5.0}",run_output_8day_rem_w3_s1_stage2_no_pareto,rem_w3_s1_stage2
35,8dc2e6656db75324,ok,,concat: range; odd: mean,mean=lognormal; range=beta,16,5.0,2,1,2,201.4623236185693,201.4623236185693,6.946976676502389,3.4734883382511943,0.023060115457618,3.4734883382511943,0.023060115457618,-402.9974850542612,1.0,927.0,1370.0,0.9511904881953818,0,6,0.1677709212693409,0.8571594570434562,6.542728357735937,1.3128567529109247,5.311918827008684,6.06382002488566,7.167637692487022,0.5136102776908651,1.3851478019349162,2,False,,False,2,2,29,0,[],24.55446137400577,"(29, 184)",,[0],"{""feature_selection"": {""concat"": [""range""], ""odd"": [""mean""]}, ""n_chunks"": 16, ""parameter_selection"": {""mean"": {""likelihood"": ""lognormal""}, ""range"": {""likelihood"": ""beta""}}, ""rem_profile_params"": {""rem_stage"": 2, ""step_size_hours"": 1, ""window_size_hours"": 2}, ""tau_threshold"": 5.0}",run_output_8day_rem_w2_s1_stage2_no_pareto,rem_w2_s1_stage2
37,bc5a31e07b7e3e7c,ok,,concat: range; odd: mean,mean=student_t; range=beta,16,5.0,2,2,2,201.4074019042376,201.4074019042376,6.945082824284055,3.472541412142028,0.0180292451386027,3.472541412142028,0.0180292451386027,-402.7865963340347,1.0,1514.0,1520.0,0.9219290588066864,0,7,0.5204294407882057,0.9424465074290062,6.795227279037655,0.7349962219283205,6.090954927084826,6.42183749822936,6.752720069373894,0.8187214551451056,1.0526231692180388,1,False,,False,2,2,29,0,[],32.88927851099288,"(29, 96)",,[0],"{""feature_selection"": {""concat"": [""range""], ""odd"": [""mean""]}, ""n_chunks"": 16, ""parameter_selection"": {""mean"": {""likelihood"": ""student_t""}, ""range"": {""likelihood"": ""beta""}}, ""rem_profile_params"": {""rem_stage"": 2, ""step_size_hours"": 2, ""window_size_hours"": 2}, ""tau_threshold"": 5.0}",run_output_8day_rem_w2_s2_stage2_no_pareto,rem_w2_s2_stage2
170,113bd554df4c197c,ok,,"concat: mean; even: mean; odd: mean, range",mean=lognormal; range=lognormal,16,5.0,3,1,2,401.7517447279051,401.7517447279051,13.85350843889328,3.4633771097233192,0.0152879165712613,3.4633771097233192,0.0152879165712613,-799.8298689654204,1.0,2164.0,2695.0,1.0127934178543028,0,7,0.6016951649596162,0.9903236280047342,6.659032578773151,0.5269238127392243,5.750113652316552,6.255347015246337,6.630988422493592,0.6699406736850113,1.477897306831688,2,False,,False,4,4,29,0,[],44.11634703999152,"(29, 176)",,[0],"{""feature_selection"": {""concat"": [""mean""], ""even"": [""mean""], ""odd"": [""mean"", ""range""]}, ""n_chunks"": 16, ""parameter_selection"": {""mean"": {""likelihood"": ""lognormal""}, ""range"": {""likelihood"": ""lognormal""}}, ""rem_profile_params"": {""rem_stage"": 2, ""step_size_hours"": 1, ""window_size_hours"": 3}, ""tau_threshold"": 5.0}",run_output_8day_rem_w3_s1_stage2_no_pareto,rem_w3_s1_stage2
167,e407f13bec59c884,ok,,"concat: mean; even: mean, range; odd: range",mean=student_t; range=beta,16,5.0,3,1,2,401.3344120479279,401.3344120479279,13.8391176568251,3.4597794142062748,0.0093817748778527,3.4597794142062748,0.0093817748778527,-801.0167951794097,1.01,322.0,209.0,0.9640737956238512,0,8,0.5033994676725796,0.8469154618039134,7.135665993057161,1.7234476136472168,6.812483551446071,7.316442192525397,7.658221096262698,0.83030086175921,1.0580427607646248,1,False,,False,4,4,29,0,[],90.45475204399554,"(29, 176)",,[0],"{""feature_selection"": {""concat"": [""mean""], ""even"": [""mean"", ""range""], ""odd"": [""range""]}, ""n_chunks"": 16, ""parameter_selection"": {""mean"": {""likelihood"": ""student_t""}, ""range"": {""likelihood"": ""beta""}}, ""rem_profile_params"": {""rem_stage"": 2, ""step_size_hours"": 1, ""window_size_hours"": 3}, ""tau_threshold"": 5.0}",run_output_8day_rem_w3_s1_stage2_no_pareto,rem_w3_s1_stage2
197,29d3df6742ca5fc5,ok,,"concat: mean, range; even: mean, range; odd: mean",mean=lognormal; range=beta,16,5.0,2,2,2,501.5160499345928,501.5160499345928,17.2936568942963,3.4587313788592606,0.0129651390195983,3.4587313788592606,0.0129651390195983,-1002.7640559814052,1.0,1981.0,1588.0,0.9334500641578706,0,7,0.9100935890030863,0.9996648925843508,6.961974445396298,0.2002901866131281,6.221075476583862,6.480723769555972,6.740372062528082,0.962860514172154,1.530068219803321,4,False,,False,5,5,29,0,[],78.61310000397498,"(29, 96)",,[0],"{""feature_selection"": {""concat"": [""mean"", ""range""], ""even"": [""mean"", ""range""], ""odd"": [""mean""]}, ""n_chunks"": 16, ""parameter_selection"": {""mean"": {""likelihood"": ""lognormal""}, ""range"": {""likelihood"": ""beta""}}, ""rem_profile_params"": {""rem_stage"": 2, ""step_size_hours"": 2, ""window_size_hours"": 2}, ""tau_threshold"": 5.0}",run_output_8day_rem_w2_s2_stage2_no_pareto,rem_w2_s2_stage2
138,e0f934f1df01498d,ok,,"concat: mean, range; even: mean, range",mean=lognormal; range=lognormal,16,5.0,2,2,2,401.0901775002856,401.0901775002856,13.830695775871916,3.45767394396798,0.0107557042042091,3.45767394396798,0.0107557042042091,-802.4036217888985,1.0,3262.0,2428.0,1.037978837147358,0,7,0.7610864754197024,0.9996928136384656,6.848122422808885,0.3598708158093383,6.115987743151446,6.410671524468121,6.705355305784796,0.84840017546368,0.9188289558260532,2,False,,False,4,4,29,0,[],41.41831686696969,"(29, 96)",,[0],"{""feature_selection"": {""concat"": [""mean"", ""range""], ""even"": [""mean"", ""range""]}, ""n_chunks"": 16, ""parameter_selection"": {""mean"": {""likelihood"": ""lognormal""}, ""range"": {""likelihood"": ""lognormal""}}, ""rem_profile_params"": {""rem_stage"": 2, ""step_size_hours"": 2, ""window_size_hours"": 2}, ""tau_threshold"": 5.0}",run_output_8day_rem_w2_s2_stage2_no_pareto,rem_w2_s2_stage2
6,c3f43c6601fa138f,ok,,even: mean,mean=student_t,16,5.0,3,1,2,100.23280372226095,100.23280372226095,3.456303576629689,3.456303576629689,0.0126304010831002,3.456303576629689,0.0126304010831002,-200.70240796083803,1.0,1472.0,2047.0,1.0085716285669588,0,8,0.0845146185420111,0.6754905478043609,6.260623384895844,1.8175956036305372,4.172940766551619,6.365206354155496,7.337252761434393,0.5706384986318384,0.5092340151784303,0,False,,False,1,1,29,0,[],17.442543747951277,"(29, 176)",,[0],"{""feature_selection"": {""even"": [""mean""]}, ""n_chunks"": 16, ""parameter_selection"": {""mean"": {""likelihood"": ""student_t""}}, ""rem_profile_params"": {""rem_stage"": 2, ""step_size_hours"": 1, ""window_size_hours"": 3}, ""tau_threshold"": 5.0}",run_output_8day_rem_w3_s1_stage2_no_pareto,rem_w3_s1_stage2
93,8c26d7a9382b0199,ok,,concat: mean; even: range; odd: range,mean=student_t; range=beta,16,5.0,3,1,2,300.57307128460155,300.57307128460155,10.36458866498626,3.454862888328753,0.0106245674097186,3.454862888328753,0.0106245674097186,-592.2980007694924,1.01,338.0,716.0,0.9741178301367251,0,8,0.2730987668444631,0.6178392184100446,5.9865926732100565,2.2406535375240795,3.0220013289902372,6.686853765724979,7.462490591622694,0.5765316784843328,0.8939509306232566,2,False,,False,3,3,29,0,[],58.0126503270003,"(29, 176)",,[0],"{""feature_selection"": {""concat"": [""mean""], ""even"": [""range""], ""odd"": [""range""]}, ""n_chunks"": 16, ""parameter_selection"": {""mean"": {""likelihood"": ""student_t""}, ""range"": {""likelihood"": ""beta""}}, ""rem_profile_params"": {""rem_stage"": 2, ""step_size_hours"": 1, ""window_size_hours"": 3}, ""tau_threshold"": 5.0}",run_output_8day_rem_w3_s1_stage2_no_pareto,rem_w3_s1_stage2
39,c3d5f681dab86709,ok,,concat: range; odd: range,range=beta,16,5.0,2,1,2,200.33582087387384,200.33582087387384,6.908131754271512,3.454065877135756,0.0119771309363896,3.454065877135756,0.0119771309363896,-401.2316707497288,1.0,2011.0,1615.0,0.9326613364115438,0,6,0.2977149301835468,0.8686669806260385,6.2059620453157205,0.965431064680426,5.207199399807236,5.643713834391599,6.243911267146951,0.2959482336777436,0.7164627071464065,1,False,,False,2,2,29,0,[],28.004020314954687,"(29, 184)",,[0],"{""feature_selection"": {""concat"": [""range""], ""odd"": [""range""]}, ""n_chunks"": 16, ""parameter_selection"": {""range"": {""likelihood"": ""beta""}}, ""rem_profile_params"": {""rem_stage"": 2, ""step_size_hours"": 1, ""window_size_hours"": 2}, ""tau_threshold"": 5.0}",run_output_8day_rem_w2_s1_stage2_no_pareto,rem_w2_s1_stage2
66,470e0301e6427d5d,ok,,"concat: mean, range; even: range",mean=lognormal; range=lognormal,16,5.0,3,1,2,300.0500639516748,300.0500639516748,10.346553929368095,3.448851309789365,0.0103359583370258,3.448851309789365,0.0103359583370258,-600.7660094584107,1.0,3128.0,2800.0,1.038424412848155,0,7,0.7397646770095809,0.9945192170329428,6.833340610265038,0.3886151509324129,6.106186610982224,6.404126793983768,6.7020669769853125,0.8391006123380762,0.9094292292894546,2,False,,False,3,3,29,0,[],26.998280976025853,"(29, 176)",,[0],"{""feature_selection"": {""concat"": [""mean"", ""range""], ""even"": [""range""]}, ""n_chunks"": 16, ""parameter_selection"": {""mean"": {""likelihood"": ""lognormal""}, ""range"": {""likelihood"": ""lognormal""}}, ""rem_profile_params"": {""rem_stage"": 2, ""step_size_hours"": 1, ""window_size_hours"": 3}, ""tau_threshold"": 5.0}",run_output_8day_rem_w3_s1_stage2_no_pareto,rem_w3_s1_stage2
1,6b598749cb7a0ea8,ok,,"concat: mean, range; even: mean; odd: mean, range",mean=lognormal; range=beta,16,5.0,2,2,2,499.1658982349977,499.1658982349977,17.212617180517164,3.4425234361034334,0.0138412768661801,3.4425234361034334,0.0138412768661801,-996.5815760906634,1.01,2384.0,1685.0,0.9521472790744022,0,7,0.9402630885524976,0.9999998479119362,6.977790010703704,0.1475984419041102,6.232945650336035,6.488642059684008,6.744338469031979,0.9777560828191216,1.3755439942776178,6,False,,False,5,5,29,0,[],45.0584122989676,"(29, 96)",,[0],"{""feature_selection"": {""concat"": [""mean"", ""range""], ""even"": [""mean""], ""odd"": [""mean"", ""range""]}, ""n_chunks"": 16, ""parameter_selection"": {""mean"": {""likelihood"": ""lognormal""}, ""range"": {""likelihood"": ""beta""}}, ""rem_profile_params"": {""rem_stage"": 2, ""step_size_hours"": 2, ""window_size_hours"": 2}, ""tau_threshold"": 5.0}",run_output_8day_rem_w2_s2_stage2_no_pareto,rem_w2_s2_stage2
32,9c61c615316f7bc8,ok,,concat: range; even: mean,mean=student_t; range=lognormal,16,5.0,2,2,2,199.59580987357444,199.59580987357444,6.882614133571533,3.441307066785765,0.0098758810041976,3.441307066785765,0.0098758810041976,-399.4623508705681,1.0,2329.0,2568.0,1.0462391559140016,0,7,0.4765931537849506,0.9306403717705418,6.644858072119625,0.6970038031476815,5.768073546219526,6.294197174479546,6.670496788728954,0.6954540765782943,0.7861545269391198,1,False,,False,2,2,29,0,[],23.0638990229927,"(29, 96)",,[0],"{""feature_selection"": {""concat"": [""range""], ""even"": [""mean""]}, ""n_chunks"": 16, ""parameter_selection"": {""mean"": {""likelihood"": ""student_t""}, ""range"": {""likelihood"": ""lognormal""}}, ""rem_profile_params"": {""rem_stage"": 2, ""step_size_hours"": 2, ""window_size_hours"": 2}, ""tau_threshold"": 5.0}",run_output_8day_rem_w2_s2_stage2_no_pareto,rem_w2_s2_stage2
94,7fcb6b9d3973638c,ok,,concat: mean; even: range; odd: range,mean=student_t; range=lognormal,16,5.0,6,1,2,298.96823660964395,298.96823660964395,10.309249538263584,3.436416512754528,0.0131809817271844,3.436416512754528,0.0131809817271844,-598.3823917070227,1.0,1321.0,2060.0,0.9728822899275882,0,8,0.3872892504465951,0.9736390104431054,7.253721737613596,0.8415057158232624,6.257125087566027,6.860306346587228,7.434518734892821,0.8565704063747237,0.664728900484388,0,False,,False,3,3,29,0,[],34.43679720896762,"(29, 152)",,[0],"{""feature_selection"": {""concat"": [""mean""], ""even"": [""range""], ""odd"": [""range""]}, ""n_chunks"": 16, ""parameter_selection"": {""mean"": {""likelihood"": ""student_t""}, ""range"": {""likelihood"": ""lognormal""}}, ""rem_profile_params"": {""rem_stage"": 2, ""step_size_hours"": 1, ""window_size_hours"": 6}, ""tau_threshold"": 5.0}",run_output_8day_rem_w6_s1_stage2_no_pareto,rem_w6_s1_stage2
169,a84b6b6049dbca57,ok,,"concat: mean; even: mean; odd: mean, range",mean=lognormal; range=beta,16,5.0,2,2,2,398.5165990584602,398.5165990584602,13.74195169167104,3.43548792291776,0.016440459815535,3.43548792291776,0.016440459815535,-791.2026999658516,1.0,2539.0,2215.0,1.0105516414681643,0,7,0.701351527511613,0.999995773381431,6.777370193152949,0.4172499608492915,6.034612491893058,6.356625311969053,6.678638132045047,0.7768719828335477,1.5766751455480976,4,False,,False,4,4,29,0,[],56.80775032297242,"(29, 96)",,[0],"{""feature_selection"": {""concat"": [""mean""], ""even"": [""mean""], ""odd"": [""mean"", ""range""]}, ""n_chunks"": 16, ""parameter_selection"": {""mean"": {""likelihood"": ""lognormal""}, ""range"": {""likelihood"": ""beta""}}, ""rem_profile_params"": {""rem_stage"": 2, ""step_size_hours"": 2, ""window_size_hours"": 2}, ""tau_threshold"": 5.0}",run_output_8day_rem_w2_s2_stage2_no_pareto,rem_w2_s2_stage2
143,e3e005101d638da3,ok,,"concat: mean, range; even: mean; odd: mean",mean=student_t; range=beta,16,5.0,6,1,2,397.479509737302,397.479509737302,13.706189990941448,3.426547497735362,0.0123081693348319,3.426547497735362,0.0123081693348319,-795.699708542242,1.0,1701.0,1783.0,0.9390771515497632,0,5,0.4146632018317724,0.4234355977479125,5.409677790420815,0.8130198502529054,4.386534481296485,4.856170420235994,5.472111751459559,0.0560742744770405,0.6947900874004642,0,False,,False,4,4,29,0,[],76.83413703599945,"(29, 152)",,[0],"{""feature_selection"": {""concat"": [""mean"", ""range""], ""even"": [""mean""], ""odd"": [""mean""]}, ""n_chunks"": 16, ""parameter_selection"": {""mean"": {""likelihood"": ""student_t""}, ""range"": {""likelihood"": ""beta""}}, ""rem_profile_params"": {""rem_stage"": 2, ""step_size_hours"": 1, ""window_size_hours"": 6}, ""tau_threshold"": 5.0}",run_output_8day_rem_w6_s1_stage2_no_pareto,rem_w6_s1_stage2
14,609836fed41d080a,ok,,"concat: mean, range",mean=lognormal; range=lognormal,16,5.0,6,1,2,198.6428394539854,198.6428394539854,6.849753084620186,3.4248765423100926,0.0111388989032212,3.4248765423100926,0.0111388989032212,-397.9471519001968,1.0,5018.0,2873.0,1.082585040284464,0,7,0.978129885881258,0.9997023526068648,6.993456655110408,0.084689576171417,6.245296410921956,6.49686574072291,6.748435070523865,0.9937662125943956,0.8470057997305163,3,False,,False,2,2,29,0,[],19.44044846500037,"(29, 152)",,[0],"{""feature_selection"": {""concat"": [""mean"", ""range""]}, ""n_chunks"": 16, ""parameter_selection"": {""mean"": {""likelihood"": ""lognormal""}, ""range"": {""likelihood"": ""lognormal""}}, ""rem_profile_params"": {""rem_stage"": 2, ""step_size_hours"": 1, ""window_size_hours"": 6}, ""tau_threshold"": 5.0}",run_output_8day_rem_w6_s1_stage2_no_pareto,rem_w6_s1_stage2
170,6ba1ec6c6cd68dbe,ok,,"concat: mean; even: mean; odd: mean, range",mean=lognormal; range=lognormal,16,5.0,2,2,2,396.63209715948886,396.63209715948886,13.67696886756858,3.4192422168921444,0.0182195187199712,3.4192422168921444,0.0182195187199712,-796.3001798340093,1.0,1133.0,1018.0,0.9962739968378308,0,7,0.5784596610302473,0.9936370161591574,6.734958854592638,0.5494314665252402,5.885673131903444,6.317347924643758,6.680362861070623,0.7185501840278214,1.940977021950474,3,False,,False,4,4,29,0,[],45.83181245700689,"(29, 96)",,[0],"{""feature_selection"": {""concat"": [""mean""], ""even"": [""mean""], ""odd"": [""mean"", ""range""]}, ""n_chunks"": 16, ""parameter_selection"": {""mean"": {""likelihood"": ""lognormal""}, ""range"": {""likelihood"": ""lognormal""}}, ""rem_profile_params"": {""rem_stage"": 2, ""step_size_hours"": 2, ""window_size_hours"": 2}, ""tau_threshold"": 5.0}",run_output_8day_rem_w2_s2_stage2_no_pareto,rem_w2_s2_stage2
12,92c1df6991b713fa,ok,,"concat: mean; even: mean, range; odd: mean, range",mean=student_t; range=lognormal,16,5.0,2,2,2,495.3364988140696,495.3364988140696,17.080568924623087,3.416113784924617,0.0128117637591814,3.416113784924617,0.0128117637591814,-990.0514832391804,1.0,2103.0,1650.0,1.028203526361671,0,8,0.8738222875631622,0.9907069031371156,7.909968662311712,0.5049018781256916,7.217559848012136,7.47837323200809,7.739186616004045,0.9725728164952252,0.6493282470971119,0,False,,False,5,5,29,0,[],52.79434733098606,"(29, 96)",,[0],"{""feature_selection"": {""concat"": [""mean""], ""even"": [""mean"", ""range""], ""odd"": [""mean"", ""range""]}, ""n_chunks"": 16, ""parameter_selection"": {""mean"": {""likelihood"": ""student_t""}, ""range"": {""likelihood"": ""lognormal""}}, ""rem_profile_params"": {""rem_stage"": 2, ""step_size_hours"": 2, ""window_size_hours"": 2}, ""tau_threshold"": 5.0}",run_output_8day_rem_w2_s2_stage2_no_pareto,rem_w2_s2_stage2
78,db277517cf517774,ok,,"concat: mean; even: mean, range",mean=lognormal; range=lognormal,16,5.0,3,1,2,297.0149538287121,297.0149538287121,10.241894959610764,3.413964986536921,0.0144402449352302,3.413964986536921,0.0144402449352302,-593.0171706881822,1.0,2915.0,2406.0,1.0512976952850386,0,7,0.728528903837713,0.996542636730366,6.819528141079433,0.4109057284080407,6.0913507375590985,6.394376089032505,6.697401440505912,0.8253655899703788,0.9707881112901092,3,False,,False,3,3,29,0,[],28.296809902007222,"(29, 176)",,[0],"{""feature_selection"": {""concat"": [""mean""], ""even"": [""mean"", ""range""]}, ""n_chunks"": 16, ""parameter_selection"": {""mean"": {""likelihood"": ""lognormal""}, ""range"": {""likelihood"": ""lognormal""}}, ""rem_profile_params"": {""rem_stage"": 2, ""step_size_hours"": 1, ""window_size_hours"": 3}, ""tau_threshold"": 5.0}",run_output_8day_rem_w3_s1_stage2_no_pareto,rem_w3_s1_stage2
197,63d48924e2265187,ok,,"concat: mean, range; even: mean, range; odd: mean",mean=lognormal; range=beta,16,5.0,3,1,2,494.62135855144464,494.62135855144464,17.055908915567056,3.4111817831134115,0.0128586365913085,3.4111817831134115,0.0128586365913085,-989.9674350460592,1.0,2392.0,1721.0,0.9491937561257168,0,7,0.9811358041920266,0.9998665997384713,6.994598987844378,0.0754233415663925,6.246022302489662,6.497353913844105,6.748685525198548,0.9947188210466552,1.7138959622471752,3,False,,False,5,5,29,0,[],77.65193063998595,"(29, 176)",,[0],"{""feature_selection"": {""concat"": [""mean"", ""range""], ""even"": [""mean"", ""range""], ""odd"": [""mean""]}, ""n_chunks"": 16, ""parameter_selection"": {""mean"": {""likelihood"": ""lognormal""}, ""range"": {""likelihood"": ""beta""}}, ""rem_profile_params"": {""rem_stage"": 2, ""step_size_hours"": 1, ""window_size_hours"": 3}, ""tau_threshold"": 5.0}",run_output_8day_rem_w3_s1_stage2_no_pareto,rem_w3_s1_stage2
79,2db0a15ae4978299,ok,,"concat: mean; even: mean, range",mean=student_t; range=beta,16,5.0,6,1,2,296.72742617119434,296.72742617119434,10.231980212799805,3.410660070933268,0.0115463442418249,3.410660070933268,0.0115463442418249,-593.3001206673488,1.0,1534.0,900.0,1.0338288753017024,0,8,0.6937221945720109,0.9651282735849124,7.720245077595044,0.9083328980809938,7.124857906036482,7.416571937357655,7.708285968678828,0.9551029680974604,0.8162328308584038,1,False,,False,3,3,29,0,[],48.978151126997545,"(29, 152)",,[0],"{""feature_selection"": {""concat"": [""mean""], ""even"": [""mean"", ""range""]}, ""n_chunks"": 16, ""parameter_selection"": {""mean"": {""likelihood"": ""student_t""}, ""range"": {""likelihood"": ""beta""}}, ""rem_profile_params"": {""rem_stage"": 2, ""step_size_hours"": 1, ""window_size_hours"": 6}, ""tau_threshold"": 5.0}",run_output_8day_rem_w6_s1_stage2_no_pareto,rem_w6_s1_stage2
202,5674298872067c95,ok,,"concat: mean, range; even: mean, range; odd: range",mean=lognormal; range=lognormal,16,5.0,2,1,2,494.2909270903784,494.2909270903784,17.04451472725443,3.408902945450886,0.0100544970507683,3.408902945450886,0.0100544970507683,-989.3922125745066,1.0,3902.0,2625.0,1.07992091224172,0,7,0.9223588692396228,0.9980715220051096,6.968412130927281,0.2016649645957129,6.228126063995847,6.485462330438392,6.742798596880938,0.9716225360979004,0.8714735468097752,4,False,,False,5,5,29,0,[],62.80050500202924,"(29, 184)",,[0],"{""feature_selection"": {""concat"": [""mean"", ""range""], ""even"": [""mean"", ""range""], ""odd"": [""range""]}, ""n_chunks"": 16, ""parameter_selection"": {""mean"": {""likelihood"": ""lognormal""}, ""range"": {""likelihood"": ""lognormal""}}, ""rem_profile_params"": {""rem_stage"": 2, ""step_size_hours"": 1, ""window_size_hours"": 2}, ""tau_threshold"": 5.0}",run_output_8day_rem_w2_s1_stage2_no_pareto,rem_w2_s1_stage2
201,ee3aefded879788a,ok,,"concat: mean, range; even: mean, range; odd: range",mean=lognormal; range=beta,16,5.0,3,1,2,494.1124867788369,494.1124867788369,17.03836161306334,3.407672322612668,0.010397418713928,3.407672322612668,0.010397418713928,-987.6263237455706,1.01,2171.0,1663.0,0.9851728146003969,0,7,0.9893542794476724,0.9999968721430752,6.997300604660119,0.0524008520236124,6.247960789728545,6.498648275904831,6.749335762081116,0.9972807812534537,1.1379328563544322,2,False,,False,5,5,29,0,[],88.58608263503993,"(29, 176)",,[0],"{""feature_selection"": {""concat"": [""mean"", ""range""], ""even"": [""mean"", ""range""], ""odd"": [""range""]}, ""n_chunks"": 16, ""parameter_selection"": {""mean"": {""likelihood"": ""lognormal""}, ""range"": {""likelihood"": ""beta""}}, ""rem_profile_params"": {""rem_stage"": 2, ""step_size_hours"": 1, ""window_size_hours"": 3}, ""tau_threshold"": 5.0}",run_output_8day_rem_w3_s1_stage2_no_pareto,rem_w3_s1_stage2
169,9585cacfda576c9c,ok,,"concat: mean; even: mean; odd: mean, range",mean=lognormal; range=beta,16,5.0,3,1,2,395.2476166044847,395.2476166044847,13.629228158775334,3.4073070396938334,0.0159027257735731,3.4073070396938334,0.0159027257735731,-792.9258362251657,1.0,2736.0,2497.0,0.9984673058925552,0,7,0.7323669786534492,0.994696987204182,6.821679947174718,0.4465008466165323,6.1017022781541685,6.401326205858435,6.700950133562703,0.834858274615629,1.7811176164354416,4,False,,False,4,4,29,0,[],56.08877273998223,"(29, 176)",,[0],"{""feature_selection"": {""concat"": [""mean""], ""even"": [""mean""], ""odd"": [""mean"", ""range""]}, ""n_chunks"": 16, ""parameter_selection"": {""mean"": {""likelihood"": ""lognormal""}, ""range"": {""likelihood"": ""beta""}}, ""rem_profile_params"": {""rem_stage"": 2, ""step_size_hours"": 1, ""window_size_hours"": 3}, ""tau_threshold"": 5.0}",run_output_8day_rem_w3_s1_stage2_no_pareto,rem_w3_s1_stage2
164,28a614df86c1ecd6,ok,,"concat: mean; even: mean, range; odd: mean",mean=student_t; range=lognormal,16,5.0,6,1,2,394.85628485335377,394.85628485335377,13.615733960460474,3.4039334901151186,0.0125189711674994,3.4039334901151186,0.0125189711674994,-788.1847985376619,1.0,1524.0,1438.0,1.015924423719401,0,8,0.6663140652306003,0.9891669452638696,7.749063035241599,0.6019920226388137,7.053570913691442,7.369047275794294,7.684523637897147,0.9811412467496808,0.6923948192226291,0,False,,False,4,4,29,0,[],68.97528496698942,"(29, 152)",,[0],"{""feature_selection"": {""concat"": [""mean""], ""even"": [""mean"", ""range""], ""odd"": [""mean""]}, ""n_chunks"": 16, ""parameter_selection"": {""mean"": {""likelihood"": ""student_t""}, ""range"": {""likelihood"": ""lognormal""}}, ""rem_profile_params"": {""rem_stage"": 2, ""step_size_hours"": 1, ""window_size_hours"": 6}, ""tau_threshold"": 5.0}",run_output_8day_rem_w6_s1_stage2_no_pareto,rem_w6_s1_stage2
172,63c3b15117c81b6e,ok,,"concat: mean; even: mean; odd: mean, range",mean=student_t; range=lognormal,16,5.0,6,1,2,393.61980016375566,393.61980016375566,13.573096557370883,3.3932741393427213,0.0108541617505199,3.3932741393427213,0.0108541617505199,-786.2344403245689,1.0,705.0,1424.0,0.9600828743158588,0,8,0.401017441778292,0.9807156642147128,7.328067843142197,0.8364032642357446,6.292098856321395,7.02870510678143,7.514352553390715,0.8470593867043952,0.7400778851279809,1,False,,False,4,4,29,0,[],72.55298544204561,"(29, 152)",,[0],"{""feature_selection"": {""concat"": [""mean""], ""even"": [""mean""], ""odd"": [""mean"", ""range""]}, ""n_chunks"": 16, ""parameter_selection"": {""mean"": {""likelihood"": ""student_t""}, ""range"": {""likelihood"": ""lognormal""}}, ""rem_profile_params"": {""rem_stage"": 2, ""step_size_hours"": 1, ""window_size_hours"": 6}, ""tau_threshold"": 5.0}",run_output_8day_rem_w6_s1_stage2_no_pareto,rem_w6_s1_stage2
153,b524229001b642e8,ok,,"concat: mean, range; even: range; odd: range",mean=lognormal; range=beta,16,5.0,2,2,2,393.506600882852,393.506600882852,13.569193133891448,3.392298283472862,0.0085636401174535,3.392298283472862,0.0085636401174535,-788.1680024605992,1.0,1784.0,1515.0,0.9080717662211492,0,7,0.9177794607408672,0.9999999903255968,6.966351120986791,0.1803626471540432,6.223880586635229,6.482589477282054,6.741298367928878,0.9663441175866452,1.2437322486179878,4,False,,False,4,4,29,0,[],68.33128314500209,"(29, 96)",,[0],"{""feature_selection"": {""concat"": [""mean"", ""range""], ""even"": [""range""], ""odd"": [""range""]}, ""n_chunks"": 16, ""parameter_selection"": {""mean"": {""likelihood"": ""lognormal""}, ""range"": {""likelihood"": ""beta""}}, ""rem_profile_params"": {""rem_stage"": 2, ""step_size_hours"": 2, ""window_size_hours"": 2}, ""tau_threshold"": 5.0}",run_output_8day_rem_w2_s2_stage2_no_pareto,rem_w2_s2_stage2
59,48f13d01f193b474,ok,,"odd: mean, range",mean=student_t; range=beta,16,5.0,2,1,2,196.67843579099383,196.67843579099383,6.7820150272756505,3.391007513637825,0.0166986538796927,3.391007513637825,0.0166986538796927,-394.6273160275703,1.0,1385.0,1582.0,0.8987733677952499,0,6,0.0851574611972877,0.7068016057120121,6.086081467250544,1.375911332203271,4.707472395478288,5.611550815238045,6.694729641241153,0.368642289169339,0.8227856338784685,2,False,,False,2,2,29,0,[],34.481409811996855,"(29, 184)",,[0],"{""feature_selection"": {""odd"": [""mean"", ""range""]}, ""n_chunks"": 16, ""parameter_selection"": {""mean"": {""likelihood"": ""student_t""}, ""range"": {""likelihood"": ""beta""}}, ""rem_profile_params"": {""rem_stage"": 2, ""step_size_hours"": 1, ""window_size_hours"": 2}, ""tau_threshold"": 5.0}",run_output_8day_rem_w2_s1_stage2_no_pareto,rem_w2_s1_stage2
91,198bdcd00ba1934e,ok,,concat: mean; even: range; odd: range,mean=lognormal; range=beta,16,5.0,3,1,2,294.5136668930417,294.5136668930417,10.155643685966956,3.385214561988986,0.0100581515519819,3.385214561988986,0.0100581515519819,-592.6191869376134,1.0,1876.0,1867.0,0.981395569833042,0,7,0.5963666139944022,0.9801811682110312,6.64787212871175,0.634062756968962,5.797205912405157,6.2778250220959775,6.640622665701077,0.6914462696995808,1.193608188650466,3,False,,False,3,3,29,0,[],43.52786694699898,"(29, 176)",,[0],"{""feature_selection"": {""concat"": [""mean""], ""even"": [""range""], ""odd"": [""range""]}, ""n_chunks"": 16, ""parameter_selection"": {""mean"": {""likelihood"": ""lognormal""}, ""range"": {""likelihood"": ""beta""}}, ""rem_profile_params"": {""rem_stage"": 2, ""step_size_hours"": 1, ""window_size_hours"": 3}, ""tau_threshold"": 5.0}",run_output_8day_rem_w3_s1_stage2_no_pareto,rem_w3_s1_stage2
166,6d66a610f3e1ae6f,ok,,"concat: mean; even: mean, range; odd: range",mean=lognormal; range=lognormal,16,5.0,2,1,2,392.2362384595579,392.2362384595579,13.525387533088203,3.3813468832720512,0.0113751231993565,3.3813468832720512,0.0113751231993565,-786.1194414787166,1.0,3476.0,2225.0,1.0438615704446157,0,7,0.8310161620299545,0.9915792495091266,6.909848911483295,0.3596912721690956,6.189261859578136,6.459660636743829,6.730059413909522,0.9249840194933284,0.9510579277895532,4,False,,False,4,4,29,0,[],46.13470601697918,"(29, 184)",,[0],"{""feature_selection"": {""concat"": [""mean""], ""even"": [""mean"", ""range""], ""odd"": [""range""]}, ""n_chunks"": 16, ""parameter_selection"": {""mean"": {""likelihood"": ""lognormal""}, ""range"": {""likelihood"": ""lognormal""}}, ""rem_profile_params"": {""rem_stage"": 2, ""step_size_hours"": 1, ""window_size_hours"": 2}, ""tau_threshold"": 5.0}",run_output_8day_rem_w2_s1_stage2_no_pareto,rem_w2_s1_stage2
1,70766bbbda708c6a,ok,,"concat: mean, range; even: mean; odd: mean, range",mean=lognormal; range=lognormal,16,5.0,3,1,2,490.0817032249173,490.0817032249173,16.899369076721285,3.3798738153442573,0.0134432153898844,3.3798738153442573,0.0134432153898844,-975.261478400254,1.0,2029.0,1944.0,1.0363102441719376,0,7,0.7238158890561259,0.9883333426424876,6.821781821263893,0.4241925230773001,6.102801174421287,6.40187198805467,6.700942801688053,0.8359338070910071,1.3682267322900885,3,False,,False,5,5,29,0,[],35.26213233801536,"(29, 176)",,[0],"{""feature_selection"": {""concat"": [""mean"", ""range""], ""even"": [""mean""], ""odd"": [""mean"", ""range""]}, ""n_chunks"": 16, ""parameter_selection"": {""mean"": {""likelihood"": ""lognormal""}, ""range"": {""likelihood"": ""lognormal""}}, ""rem_profile_params"": {""rem_stage"": 2, ""step_size_hours"": 1, ""window_size_hours"": 3}, ""tau_threshold"": 5.0}",run_output_8day_rem_w3_s1_stage2_no_pareto,rem_w3_s1_stage2
185,b9204adb74924210,ok,,"concat: range; even: mean; odd: mean, range",mean=lognormal; range=beta,16,5.0,2,1,2,391.59907301813456,391.59907301813456,13.503416310970158,3.3758540777425394,0.0144520577691937,3.3758540777425394,0.0144520577691937,-781.151487136884,1.0,853.0,1282.0,0.9014270283614436,0,6,0.2474891901233523,0.9272023792073112,6.809731299150721,1.0532240811760831,5.560579009578285,6.372599376620338,7.201100777804951,0.6110963956089999,1.3484508790078755,4,False,,False,4,4,29,0,[],66.62473560700892,"(29, 184)",,[0],"{""feature_selection"": {""concat"": [""range""], ""even"": [""mean""], ""odd"": [""mean"", ""range""]}, ""n_chunks"": 16, ""parameter_selection"": {""mean"": {""likelihood"": ""lognormal""}, ""range"": {""likelihood"": ""beta""}}, ""rem_profile_params"": {""rem_stage"": 2, ""step_size_hours"": 1, ""window_size_hours"": 2}, ""tau_threshold"": 5.0}",run_output_8day_rem_w2_s1_stage2_no_pareto,rem_w2_s1_stage2
2,efacc544ea9ce316,ok,,"concat: mean, range; even: mean; odd: mean, range",mean=lognormal; range=lognormal,16,5.0,2,2,2,489.4497108603918,489.4497108603918,16.877576236565236,3.375515247313046,0.0148865519144393,3.375515247313046,0.0148865519144393,-975.0721637721724,1.0,2487.0,2462.0,1.0784143456849171,0,7,0.7372965375577379,0.9991773849082723,6.826380959537315,0.3823629613887763,6.09283308043077,6.395430954090268,6.6980288277497655,0.8266967388997851,1.6230790727088271,3,False,,False,5,5,29,0,[],33.65307397698052,"(29, 96)",,[0],"{""feature_selection"": {""concat"": [""mean"", ""range""], ""even"": [""mean""], ""odd"": [""mean"", ""range""]}, ""n_chunks"": 16, ""parameter_selection"": {""mean"": {""likelihood"": ""lognormal""}, ""range"": {""likelihood"": ""lognormal""}}, ""rem_profile_params"": {""rem_stage"": 2, ""step_size_hours"": 2, ""window_size_hours"": 2}, ""tau_threshold"": 5.0}",run_output_8day_rem_w2_s2_stage2_no_pareto,rem_w2_s2_stage2
88,cbe9a69dce73b7b8,ok,,concat: mean; even: range; odd: mean,mean=lognormal; range=lognormal,16,5.0,2,2,2,292.38797233044284,292.38797233044284,10.082343873463548,3.360781291154516,0.0192713504440827,3.360781291154516,0.0192713504440827,-577.289937971741,1.0,2297.0,2351.0,1.0385615728093975,0,7,0.5798613583246639,0.9952032221424016,6.557883604959209,0.5302581631790745,5.561783025890806,6.106360194524733,6.559110547512277,0.5587300450584403,1.29918571305972,3,False,,False,3,3,29,0,[],28.902642220957205,"(29, 96)",,[0],"{""feature_selection"": {""concat"": [""mean""], ""even"": [""range""], ""odd"": [""mean""]}, ""n_chunks"": 16, ""parameter_selection"": {""mean"": {""likelihood"": ""lognormal""}, ""range"": {""likelihood"": ""lognormal""}}, ""rem_profile_params"": {""rem_stage"": 2, ""step_size_hours"": 2, ""window_size_hours"": 2}, ""tau_threshold"": 5.0}",run_output_8day_rem_w2_s2_stage2_no_pareto,rem_w2_s2_stage2
156,085d63e08f4b29e1,ok,,"concat: mean, range; even: range; odd: range",mean=student_t; range=lognormal,16,5.0,2,1,2,389.57432529741,389.57432529741,13.43359742404862,3.358399356012155,0.0097096331367107,3.358399356012155,0.0097096331367107,-781.0340864137563,1.0,988.0,781.0,0.988195009615399,0,7,0.5306373306421994,0.8812822608902386,6.658434675573541,1.0153616950589976,6.103359694228088,6.4269587738931975,6.750557853558307,0.8298516596022569,1.2163232416706853,5,False,,False,4,4,29,0,[],52.85536912601674,"(29, 184)",,[0],"{""feature_selection"": {""concat"": [""mean"", ""range""], ""even"": [""range""], ""odd"": [""range""]}, ""n_chunks"": 16, ""parameter_selection"": {""mean"": {""likelihood"": ""student_t""}, ""range"": {""likelihood"": ""lognormal""}}, ""rem_profile_params"": {""rem_stage"": 2, ""step_size_hours"": 1, ""window_size_hours"": 2}, ""tau_threshold"": 5.0}",run_output_8day_rem_w2_s1_stage2_no_pareto,rem_w2_s1_stage2
168,a61ed08001dfc753,ok,,"concat: mean; even: mean, range; odd: range",mean=student_t; range=lognormal,16,5.0,2,2,2,389.4467745592357,389.4467745592357,13.429199122732268,3.357299780683067,0.0112643345295613,3.357299780683067,0.0112643345295613,-778.9239942037174,1.0,2352.0,2418.0,0.976971337106727,0,8,0.911530491963934,0.9958617449514476,7.95244273812943,0.326527869675545,7.22847166660787,7.48564777773858,7.74282388886929,0.9873510281498232,0.6764042772206239,0,False,,False,4,4,29,0,[],64.62997929699486,"(29, 96)",,[0],"{""feature_selection"": {""concat"": [""mean""], ""even"": [""mean"", ""range""], ""odd"": [""range""]}, ""n_chunks"": 16, ""parameter_selection"": {""mean"": {""likelihood"": ""student_t""}, ""range"": {""likelihood"": ""lognormal""}}, ""rem_profile_params"": {""rem_stage"": 2, ""step_size_hours"": 2, ""window_size_hours"": 2}, ""tau_threshold"": 5.0}",run_output_8day_rem_w2_s2_stage2_no_pareto,rem_w2_s2_stage2
11,692971122c52c626,ok,,"concat: mean; even: mean, range; odd: mean, range",mean=student_t; range=lognormal,16,5.0,3,1,2,486.1354177744981,486.1354177744981,16.76329026808614,3.3526580536172284,0.0115211964531134,3.3526580536172284,0.0115211964531134,-973.1247369152208,1.0,591.0,284.0,1.040569785444826,0,8,0.7520801359457167,0.9599793269168286,7.770649920125274,0.833812239871685,7.17100059104656,7.447333727364374,7.723666863682187,0.9455957541082558,1.077148663974744,1,False,,False,5,5,29,0,[],51.2908703389694,"(29, 176)",,[0],"{""feature_selection"": {""concat"": [""mean""], ""even"": [""mean"", ""range""], ""odd"": [""mean"", ""range""]}, ""n_chunks"": 16, ""parameter_selection"": {""mean"": {""likelihood"": ""student_t""}, ""range"": {""likelihood"": ""lognormal""}}, ""rem_profile_params"": {""rem_stage"": 2, ""step_size_hours"": 1, ""window_size_hours"": 3}, ""tau_threshold"": 5.0}",run_output_8day_rem_w3_s1_stage2_no_pareto,rem_w3_s1_stage2
91,2c8da60a174fb6e1,ok,,concat: mean; even: range; odd: range,mean=lognormal; range=beta,16,5.0,2,2,2,291.2477597420777,291.2477597420777,10.043026198002678,3.347675399334225,0.0095868903772214,3.347675399334225,0.0095868903772214,-582.4918329932709,1.0,2314.0,1998.0,0.9391383017238104,0,7,0.6230275316421316,0.9999938140648468,6.609350992865967,0.4895517871796407,5.638701273062024,6.178650524057861,6.589968450333176,0.6085842074010909,0.8641831835292592,4,False,,False,3,3,29,0,[],42.614772192027885,"(29, 96)",,[0],"{""feature_selection"": {""concat"": [""mean""], ""even"": [""range""], ""odd"": [""range""]}, ""n_chunks"": 16, ""parameter_selection"": {""mean"": {""likelihood"": ""lognormal""}, ""range"": {""likelihood"": ""beta""}}, ""rem_profile_params"": {""rem_stage"": 2, ""step_size_hours"": 2, ""window_size_hours"": 2}, ""tau_threshold"": 5.0}",run_output_8day_rem_w2_s2_stage2_no_pareto,rem_w2_s2_stage2
13,443182d397443103,ok,,"concat: range; even: mean, range; odd: mean, range",mean=student_t; range=beta,16,5.0,2,1,2,485.0886391961698,485.0886391961698,16.72719445504034,3.3454388910080683,0.0105529064073803,3.3454388910080683,0.0105529064073803,-970.324570379034,1.01,287.0,312.0,0.8888725258732414,0,6,0.2632572089330856,0.8314005886594187,6.397860030618717,1.1871349612566642,5.168949421353958,5.687832098176007,7.111426760405993,0.3495961053585862,0.937032995984994,1,False,,False,5,5,29,0,[],66.44514005101519,"(29, 184)",,[0],"{""feature_selection"": {""concat"": [""range""], ""even"": [""mean"", ""range""], ""odd"": [""mean"", ""range""]}, ""n_chunks"": 16, ""parameter_selection"": {""mean"": {""likelihood"": ""student_t""}, ""range"": {""likelihood"": ""beta""}}, ""rem_profile_params"": {""rem_stage"": 2, ""step_size_hours"": 1, ""window_size_hours"": 2}, ""tau_threshold"": 5.0}",run_output_8day_rem_w2_s1_stage2_no_pareto,rem_w2_s1_stage2
94,a41f454443960f31,ok,,concat: mean; even: range; odd: range,mean=student_t; range=lognormal,16,5.0,2,1,2,290.3309685251618,290.3309685251618,10.0114127077642,3.337137569254733,0.0107011033931282,3.337137569254733,0.0107011033931282,-582.643850459334,1.01,650.0,1090.0,0.961984713764218,0,4,0.2167866921404561,0.5359548172812808,5.714548452282303,1.6886269854757625,3.5355811264777843,5.692740602239426,6.736121483552293,0.4840525364491058,0.9869470582562324,3,False,,False,3,3,29,0,[],28.45624594402034,"(29, 184)",,[0],"{""feature_selection"": {""concat"": [""mean""], ""even"": [""range""], ""odd"": [""range""]}, ""n_chunks"": 16, ""parameter_selection"": {""mean"": {""likelihood"": ""student_t""}, ""range"": {""likelihood"": ""lognormal""}}, ""rem_profile_params"": {""rem_stage"": 2, ""step_size_hours"": 1, ""window_size_hours"": 2}, ""tau_threshold"": 5.0}",run_output_8day_rem_w2_s1_stage2_no_pareto,rem_w2_s1_stage2
176,cd2045742f2ec79a,ok,,"concat: mean; even: range; odd: mean, range",mean=student_t; range=lognormal,16,5.0,6,1,2,386.733929732787,386.733929732787,13.335652749406448,3.3339131873516124,0.0115348065581347,3.3339131873516124,0.0115348065581347,-772.4508499523432,1.0,726.0,1408.0,0.9688160046184195,0,7,0.3815994629633988,0.9752715131871664,7.200091223707883,0.8479020099780903,6.214415659619665,6.778166371249802,7.377530353792585,0.8450844296939615,0.9372498170408388,1,False,,False,4,4,29,0,[],64.91516116098501,"(29, 152)",,[0],"{""feature_selection"": {""concat"": [""mean""], ""even"": [""range""], ""odd"": [""mean"", ""range""]}, ""n_chunks"": 16, ""parameter_selection"": {""mean"": {""likelihood"": ""student_t""}, ""range"": {""likelihood"": ""lognormal""}}, ""rem_profile_params"": {""rem_stage"": 2, ""step_size_hours"": 1, ""window_size_hours"": 6}, ""tau_threshold"": 5.0}",run_output_8day_rem_w6_s1_stage2_no_pareto,rem_w6_s1_stage2
104,6483e19ff3af4c20,ok,,concat: range; even: mean; odd: mean,mean=lognormal; range=lognormal,16,5.0,2,1,2,289.8031131183208,289.8031131183208,9.993210797183476,3.3310702657278264,0.0170320875246883,3.3310702657278264,0.0170320875246883,-573.808494702114,1.0,1013.0,1033.0,0.9730830232556132,0,7,0.3602778519569224,0.8994871877324001,6.795454968014165,1.1082471813619073,6.103437001506653,6.499337463123614,6.895237924740574,0.81531755550637,1.242831907615138,3,False,,False,3,3,29,0,[],31.376144456968177,"(29, 184)",,[0],"{""feature_selection"": {""concat"": [""range""], ""even"": [""mean""], ""odd"": [""mean""]}, ""n_chunks"": 16, ""parameter_selection"": {""mean"": {""likelihood"": ""lognormal""}, ""range"": {""likelihood"": ""lognormal""}}, ""rem_profile_params"": {""rem_stage"": 2, ""step_size_hours"": 1, ""window_size_hours"": 2}, ""tau_threshold"": 5.0}",run_output_8day_rem_w2_s1_stage2_no_pareto,rem_w2_s1_stage2
16,177b3a2bbb0310e6,ok,,"concat: mean, range; even: mean, range; odd: mean, range",mean=lognormal; range=lognormal,16,5.0,2,1,2,578.6631771461501,578.6631771461501,19.953902660212076,3.3256504433686778,0.0124535729778482,3.3256504433686778,0.0124535729778482,-1160.7649604088897,1.0,3165.0,2595.0,1.0529033576982274,0,7,0.9427053347272838,0.9991863002074508,6.97846113129564,0.1585819388970896,6.234589552626164,6.489729154878131,6.744868757130099,0.9798639162203548,1.790595561355344,4,False,,False,6,6,29,0,[],42.46962079498917,"(29, 184)",,[0],"{""feature_selection"": {""concat"": [""mean"", ""range""], ""even"": [""mean"", ""range""], ""odd"": [""mean"", ""range""]}, ""n_chunks"": 16, ""parameter_selection"": {""mean"": {""likelihood"": ""lognormal""}, ""range"": {""likelihood"": ""lognormal""}}, ""rem_profile_params"": {""rem_stage"": 2, ""step_size_hours"": 1, ""window_size_hours"": 2}, ""tau_threshold"": 5.0}",run_output_8day_rem_w2_s1_stage2_no_pareto,rem_w2_s1_stage2
20,691fadc8f5638611,ok,,"concat: mean, range; even: mean, range; odd: mean, range",mean=student_t; range=lognormal,16,5.0,2,2,2,578.5686123131163,578.5686123131163,19.950641803900563,3.3251069673167613,0.0112853852870896,3.3251069673167613,0.0112853852870896,-1157.210157394168,1.01,519.0,1210.0,0.964338645744812,0,8,0.4029252583459822,0.98538445938558,7.305702569472915,0.8524703544344613,6.144308816850347,7.07177100917992,7.53588550458996,0.7856415950564521,1.0954528649672275,5,False,,False,6,6,29,0,[],62.45092381798895,"(29, 96)",,[0],"{""feature_selection"": {""concat"": [""mean"", ""range""], ""even"": [""mean"", ""range""], ""odd"": [""mean"", ""range""]}, ""n_chunks"": 16, ""parameter_selection"": {""mean"": {""likelihood"": ""student_t""}, ""range"": {""likelihood"": ""lognormal""}}, ""rem_profile_params"": {""rem_stage"": 2, ""step_size_hours"": 2, ""window_size_hours"": 2}, ""tau_threshold"": 5.0}",run_output_8day_rem_w2_s2_stage2_no_pareto,rem_w2_s2_stage2
38,dea9249935761438,ok,,concat: range; odd: mean,mean=student_t; range=lognormal,16,5.0,2,2,2,192.8040607075729,192.8040607075729,6.648415886468031,3.3242079432340144,0.0189919513637049,3.3242079432340144,0.0189919513637049,-385.7949708840719,1.0,2896.0,2634.0,1.0300959432737338,0,6,0.4028674718431643,0.8801697791247812,6.268902799984022,0.7294846122119235,5.266112273494185,5.777199169553002,6.372891737872638,0.3910161695764952,0.8017996486798951,1,False,,False,2,2,29,0,[],24.80397204303881,"(29, 96)",,[0],"{""feature_selection"": {""concat"": [""range""], ""odd"": [""mean""]}, ""n_chunks"": 16, ""parameter_selection"": {""mean"": {""likelihood"": ""student_t""}, ""range"": {""likelihood"": ""lognormal""}}, ""rem_profile_params"": {""rem_stage"": 2, ""step_size_hours"": 2, ""window_size_hours"": 2}, ""tau_threshold"": 5.0}",run_output_8day_rem_w2_s2_stage2_no_pareto,rem_w2_s2_stage2
45,72e53e2acfee97cd,ok,,even: mean; odd: mean,mean=lognormal,16,5.0,2,1,2,192.77008689190492,192.77008689190492,6.64724437558293,3.323622187791464,0.0226621866878617,3.323622187791464,0.0226621866878617,-390.1958391045857,1.0,1001.0,1356.0,1.0286484103581726,0,8,0.1336764139899738,0.7206983902780144,6.442476294671963,1.8039741868348027,4.596257599405924,6.633080731713788,7.401758839198136,0.6416693091594746,1.5157002496529914,4,False,,False,2,2,29,0,[],21.66153982304968,"(29, 184)",,[0],"{""feature_selection"": {""even"": [""mean""], ""odd"": [""mean""]}, ""n_chunks"": 16, ""parameter_selection"": {""mean"": {""likelihood"": ""lognormal""}}, ""rem_profile_params"": {""rem_stage"": 2, ""step_size_hours"": 1, ""window_size_hours"": 2}, ""tau_threshold"": 5.0}",run_output_8day_rem_w2_s1_stage2_no_pareto,rem_w2_s1_stage2
67,0d1e91c8d119f8e4,ok,,"concat: mean, range; even: range",mean=student_t; range=beta,16,5.0,6,1,2,289.0185666329742,289.0185666329742,9.96615747010256,3.322052490034187,0.0099496284047112,3.322052490034187,0.0099496284047112,-578.9850347481769,1.0,1703.0,1658.0,0.917124053958855,0,5,0.4261413761495112,0.2893057072979582,5.094785175353096,0.9169344552510644,4.226997632125051,4.646474484845091,5.148321249619339,0.0243018228320779,0.8301596996829266,1,False,,False,3,3,29,0,[],44.73438326403266,"(29, 152)",,[0],"{""feature_selection"": {""concat"": [""mean"", ""range""], ""even"": [""range""]}, ""n_chunks"": 16, ""parameter_selection"": {""mean"": {""likelihood"": ""student_t""}, ""range"": {""likelihood"": ""beta""}}, ""rem_profile_params"": {""rem_stage"": 2, ""step_size_hours"": 1, ""window_size_hours"": 6}, ""tau_threshold"": 5.0}",run_output_8day_rem_w6_s1_stage2_no_pareto,rem_w6_s1_stage2
25,c4d492078627b3d2,ok,,concat: mean; odd: range,mean=lognormal; range=beta,16,5.0,6,1,2,192.3668331146092,192.3668331146092,6.633339072917559,3.316669536458779,0.0151083831789014,3.316669536458779,0.0151083831789014,-377.30124739047017,1.0,1095.0,1891.0,1.0048457038111125,0,5,0.4048187226407285,0.585432623608429,5.950430621588337,0.8816009064682562,4.60302615203504,5.3875962912284265,6.31510180510355,0.3650161089465798,1.2105288095998707,2,False,,False,2,2,29,0,[],23.47000950499205,"(29, 152)",,[0],"{""feature_selection"": {""concat"": [""mean""], ""odd"": [""range""]}, ""n_chunks"": 16, ""parameter_selection"": {""mean"": {""likelihood"": ""lognormal""}, ""range"": {""likelihood"": ""beta""}}, ""rem_profile_params"": {""rem_stage"": 2, ""step_size_hours"": 1, ""window_size_hours"": 6}, ""tau_threshold"": 5.0}",run_output_8day_rem_w6_s1_stage2_no_pareto,rem_w6_s1_stage2
176,a761ca091479feb0,ok,,"concat: mean; even: range; odd: mean, range",mean=student_t; range=lognormal,16,5.0,3,1,2,384.6961201983739,384.6961201983739,13.26538345511634,3.3163458637790857,0.0125130720149902,3.3163458637790857,0.0125130720149902,-769.5705369127147,1.02,237.0,194.0,1.016814895068574,0,8,0.5297767637702762,0.895042989261762,7.428083802188929,1.2611611655765536,7.041813359702797,7.361208906468531,7.680604453234266,0.8492893529720541,0.7854143035061115,1,False,,False,4,4,29,0,[],66.38569144700887,"(29, 176)",,[0],"{""feature_selection"": {""concat"": [""mean""], ""even"": [""range""], ""odd"": [""mean"", ""range""]}, ""n_chunks"": 16, ""parameter_selection"": {""mean"": {""likelihood"": ""student_t""}, ""range"": {""likelihood"": ""lognormal""}}, ""rem_profile_params"": {""rem_stage"": 2, ""step_size_hours"": 1, ""window_size_hours"": 3}, ""tau_threshold"": 5.0}",run_output_8day_rem_w3_s1_stage2_no_pareto,rem_w3_s1_stage2
163,5f08b66c4269d639,ok,,"concat: mean; even: mean, range; odd: mean",mean=student_t; range=beta,16,5.0,6,1,2,384.4094700898231,384.4094700898231,13.255498968614589,3.313874742153647,0.011759486117495,3.313874742153647,0.011759486117495,-767.1233894582352,1.0,1293.0,953.0,0.9827877175576184,0,8,0.6897691553309178,0.9665660624464734,7.719036119157155,0.9003469474538538,7.120004377975097,7.413336251983398,7.706668125991699,0.9560426454001788,0.7979635209766072,1,False,,False,4,4,29,0,[],80.66088842099998,"(29, 152)",,[0],"{""feature_selection"": {""concat"": [""mean""], ""even"": [""mean"", ""range""], ""odd"": [""mean""]}, ""n_chunks"": 16, ""parameter_selection"": {""mean"": {""likelihood"": ""student_t""}, ""range"": {""likelihood"": ""beta""}}, ""rem_profile_params"": {""rem_stage"": 2, ""step_size_hours"": 1, ""window_size_hours"": 6}, ""tau_threshold"": 5.0}",run_output_8day_rem_w6_s1_stage2_no_pareto,rem_w6_s1_stage2
138,86c6449d1a9b1066,ok,,"concat: mean, range; even: mean, range",mean=lognormal; range=lognormal,16,5.0,3,1,2,384.3980640788226,384.3980640788226,13.255105657890436,3.3137764144726094,0.0112189120158022,3.3137764144726094,0.0112189120158022,-768.3285904845454,1.0,3479.0,2452.0,0.9988040593073504,0,7,0.8580731769315098,0.99845728882756,6.931147483449712,0.2596630978792376,6.195904491427838,6.463942168416427,6.731979845405017,0.9327210390987092,0.8269625718775139,1,False,,False,4,4,29,0,[],40.17963198502548,"(29, 176)",,[0],"{""feature_selection"": {""concat"": [""mean"", ""range""], ""even"": [""mean"", ""range""]}, ""n_chunks"": 16, ""parameter_selection"": {""mean"": {""likelihood"": ""lognormal""}, ""range"": {""likelihood"": ""lognormal""}}, ""rem_profile_params"": {""rem_stage"": 2, ""step_size_hours"": 1, ""window_size_hours"": 3}, ""tau_threshold"": 5.0}",run_output_8day_rem_w3_s1_stage2_no_pareto,rem_w3_s1_stage2
161,4d22b9d45060daf4,ok,,"concat: mean; even: mean, range; odd: mean",mean=lognormal; range=beta,16,5.0,3,1,2,384.3022247736558,384.3022247736558,13.251800854263992,3.312950213565997,0.0150052525438356,3.312950213565997,0.0150052525438356,-764.7917572105375,1.0,2419.0,2396.0,1.0115057654073891,0,7,0.6687807342614223,0.9914851188409748,6.748878123615209,0.4704923734049191,6.014103424130302,6.342754314195235,6.67140520426017,0.7607282716680875,1.3304676094850154,3,False,,False,4,4,29,0,[],53.11938299803296,"(29, 176)",,[0],"{""feature_selection"": {""concat"": [""mean""], ""even"": [""mean"", ""range""], ""odd"": [""mean""]}, ""n_chunks"": 16, ""parameter_selection"": {""mean"": {""likelihood"": ""lognormal""}, ""range"": {""likelihood"": ""beta""}}, ""rem_profile_params"": {""rem_stage"": 2, ""step_size_hours"": 1, ""window_size_hours"": 3}, ""tau_threshold"": 5.0}",run_output_8day_rem_w3_s1_stage2_no_pareto,rem_w3_s1_stage2
110,602b8cc9391dfb18,ok,,concat: range; even: mean; odd: range,mean=student_t; range=lognormal,16,5.0,2,1,2,288.18113651079943,288.18113651079943,9.937280569337911,3.3124268564459705,0.0089427957483796,3.3124268564459705,0.0089427957483796,-577.6992632736224,1.01,827.0,950.0,0.9432299355965532,0,7,0.3027133080100661,0.7188090651235394,6.230912425033245,1.4295666783339755,4.056841979825486,6.295442104766646,6.749484072113346,0.662673346306031,0.8848933563646432,1,False,,False,3,3,29,0,[],38.560458076011855,"(29, 184)",,[0],"{""feature_selection"": {""concat"": [""range""], ""even"": [""mean""], ""odd"": [""range""]}, ""n_chunks"": 16, ""parameter_selection"": {""mean"": {""likelihood"": ""student_t""}, ""range"": {""likelihood"": ""lognormal""}}, ""rem_profile_params"": {""rem_stage"": 2, ""step_size_hours"": 1, ""window_size_hours"": 2}, ""tau_threshold"": 5.0}",run_output_8day_rem_w2_s1_stage2_no_pareto,rem_w2_s1_stage2
201,a1238871d48eed58,ok,,"concat: mean, range; even: mean, range; odd: range",mean=lognormal; range=beta,16,5.0,2,2,2,479.77529752290593,479.77529752290593,16.54397577665193,3.3087951553303863,0.0090998829181358,3.3087951553303863,0.0090998829181358,-960.2473272178506,1.0,2171.0,1654.0,0.962793487941814,0,7,0.9300349227661444,0.9999999647470832,6.972684337826915,0.1630298125262321,6.228935428533841,6.485958511164246,6.74298159379465,0.9726798330629386,1.0641192247566156,3,False,,False,5,5,29,0,[],90.54668324504746,"(29, 96)",,[0],"{""feature_selection"": {""concat"": [""mean"", ""range""], ""even"": [""mean"", ""range""], ""odd"": [""range""]}, ""n_chunks"": 16, ""parameter_selection"": {""mean"": {""likelihood"": ""lognormal""}, ""range"": {""likelihood"": ""beta""}}, ""rem_profile_params"": {""rem_stage"": 2, ""step_size_hours"": 2, ""window_size_hours"": 2}, ""tau_threshold"": 5.0}",run_output_8day_rem_w2_s2_stage2_no_pareto,rem_w2_s2_stage2
85,b9606197ed48760e,ok,,concat: mean; even: mean; odd: range,mean=student_t; range=beta,16,5.0,6,1,2,287.8024248753762,287.8024248753762,9.924221547426765,3.308073849142255,0.0095621046067252,3.308073849142255,0.0095621046067252,-576.6524522462385,1.0,2664.0,2006.0,1.0065208066198312,0,5,0.8635987756907233,0.0528860788130541,5.06960274541848,0.3199505426072607,4.263939163407194,4.527906362390808,4.7918735613744206,0.0147911001689194,0.9890875032927852,2,False,,False,3,3,29,0,[],49.02928834804334,"(29, 152)",,[0],"{""feature_selection"": {""concat"": [""mean""], ""even"": [""mean""], ""odd"": [""range""]}, ""n_chunks"": 16, ""parameter_selection"": {""mean"": {""likelihood"": ""student_t""}, ""range"": {""likelihood"": ""beta""}}, ""rem_profile_params"": {""rem_stage"": 2, ""step_size_hours"": 1, ""window_size_hours"": 6}, ""tau_threshold"": 5.0}",run_output_8day_rem_w6_s1_stage2_no_pareto,rem_w6_s1_stage2
50,71d8587054af86fe,ok,,even: mean; odd: range,mean=student_t; range=lognormal,16,5.0,2,1,2,191.6036243042279,191.6036243042279,6.607021527731996,3.303510763865998,0.0093833350252268,3.303510763865998,0.0093833350252268,-384.83609326819976,1.0,794.0,1028.0,0.9878875798804232,0,4,0.2746711727407694,0.3733741948641714,5.284080653729103,1.7268679058877223,3.389142257785805,3.844183750530143,6.620533035719358,0.3337027821643221,0.9111755156258952,1,False,,False,2,2,29,0,[],20.19011990801664,"(29, 184)",,[0],"{""feature_selection"": {""even"": [""mean""], ""odd"": [""range""]}, ""n_chunks"": 16, ""parameter_selection"": {""mean"": {""likelihood"": ""student_t""}, ""range"": {""likelihood"": ""lognormal""}}, ""rem_profile_params"": {""rem_stage"": 2, ""step_size_hours"": 1, ""window_size_hours"": 2}, ""tau_threshold"": 5.0}",run_output_8day_rem_w2_s1_stage2_no_pareto,rem_w2_s1_stage2
8,bff2b5743f5fe928,ok,,"concat: mean; even: mean, range; odd: mean, range",mean=lognormal; range=lognormal,16,5.0,2,1,2,478.796820514357,478.796820514357,16.510235190150244,3.3020470380300475,0.0135045731301728,3.3020470380300475,0.0135045731301728,-952.8741222097152,1.0,3617.0,2618.0,1.0139794678054113,0,7,0.8789839822566392,0.9950975586696168,6.942459475242878,0.28511227246894,6.211543683080021,6.474473039128288,6.737402395176555,0.9511411793831674,1.782917657244909,3,False,,False,5,5,29,0,[],35.53572189697297,"(29, 184)",,[0],"{""feature_selection"": {""concat"": [""mean""], ""even"": [""mean"", ""range""], ""odd"": [""mean"", ""range""]}, ""n_chunks"": 16, ""parameter_selection"": {""mean"": {""likelihood"": ""lognormal""}, ""range"": {""likelihood"": ""lognormal""}}, ""rem_profile_params"": {""rem_stage"": 2, ""step_size_hours"": 1, ""window_size_hours"": 2}, ""tau_threshold"": 5.0}",run_output_8day_rem_w2_s1_stage2_no_pareto,rem_w2_s1_stage2
29,9b54c74ea1274a3e,ok,,concat: range; even: mean,mean=lognormal; range=beta,16,5.0,3,1,2,191.5143217167549,191.5143217167549,6.603942128163962,3.30197106408198,0.0137304123639191,3.30197106408198,0.0137304123639191,-382.9709638709869,1.0,2285.0,1876.0,0.9490406997911284,0,7,0.7844979301406176,0.989868171761711,7.038590443421998,0.4285837545322113,6.255993507397171,6.532511938347907,6.809030369298644,0.9814434398793987,0.5509382494568469,0,False,,False,2,2,29,0,[],24.592744957015384,"(29, 176)",,[0],"{""feature_selection"": {""concat"": [""range""], ""even"": [""mean""]}, ""n_chunks"": 16, ""parameter_selection"": {""mean"": {""likelihood"": ""lognormal""}, ""range"": {""likelihood"": ""beta""}}, ""rem_profile_params"": {""rem_stage"": 2, ""step_size_hours"": 1, ""window_size_hours"": 3}, ""tau_threshold"": 5.0}",run_output_8day_rem_w3_s1_stage2_no_pareto,rem_w3_s1_stage2
106,86c2af25ef4d8090,ok,,concat: range; even: mean; odd: mean,mean=student_t; range=lognormal,16,5.0,3,1,2,287.04579695899446,287.04579695899446,9.898130929620498,3.2993769765401666,0.0152535206553858,3.2993769765401666,0.0152535206553858,-576.2934299576152,1.01,1105.0,1625.0,0.98255382755817,0,7,0.2399440451736852,0.7105553530609121,6.304106488946995,1.1197874935972851,4.827255500877186,6.155513081535912,6.6657356590065655,0.5761986476112266,1.322114581501628,2,False,,False,3,3,29,0,[],43.88823989900993,"(29, 176)",,[0],"{""feature_selection"": {""concat"": [""range""], ""even"": [""mean""], ""odd"": [""mean""]}, ""n_chunks"": 16, ""parameter_selection"": {""mean"": {""likelihood"": ""student_t""}, ""range"": {""likelihood"": ""lognormal""}}, ""rem_profile_params"": {""rem_stage"": 2, ""step_size_hours"": 1, ""window_size_hours"": 3}, ""tau_threshold"": 5.0}",run_output_8day_rem_w3_s1_stage2_no_pareto,rem_w3_s1_stage2
4,0591b5360ae075a7,ok,,concat: range,range=lognormal,16,5.0,2,1,2,95.5932053874772,95.5932053874772,3.2963174271543862,3.2963174271543867,0.0139243050297386,3.2963174271543867,0.0139243050297386,-191.3906699424735,1.0,1905.0,2057.0,0.983503455941817,0,7,0.2130953848154411,0.7861651179446434,6.296570416959209,1.250394025110405,5.189886346663233,6.18517981272637,6.66888784185383,0.595708465425108,0.6028181005507663,0,False,,False,1,1,29,0,[],14.80402870697435,"(29, 184)",,[0],"{""feature_selection"": {""concat"": [""range""]}, ""n_chunks"": 16, ""parameter_selection"": {""range"": {""likelihood"": ""lognormal""}}, ""rem_profile_params"": {""rem_stage"": 2, ""step_size_hours"": 1, ""window_size_hours"": 2}, ""tau_threshold"": 5.0}",run_output_8day_rem_w2_s1_stage2_no_pareto,rem_w2_s1_stage2
168,818c0a4368046e9f,ok,,"concat: mean; even: mean, range; odd: range",mean=student_t; range=lognormal,16,5.0,3,1,2,382.15047086393366,382.15047086393366,13.17760244358392,3.29440061089598,0.0099350085580379,3.29440061089598,0.0099350085580379,-763.8619947537618,1.0,1079.0,620.0,0.976839668130159,0,8,0.7810739847467574,0.9750160349678584,7.830749064311821,0.6831292455203201,7.180542822556164,7.453695215037442,7.726847607518721,0.964949582777056,0.6845986142369083,0,False,,False,4,4,29,0,[],62.22669223399134,"(29, 176)",,[0],"{""feature_selection"": {""concat"": [""mean""], ""even"": [""mean"", ""range""], ""odd"": [""range""]}, ""n_chunks"": 16, ""parameter_selection"": {""mean"": {""likelihood"": ""student_t""}, ""range"": {""likelihood"": ""lognormal""}}, ""rem_profile_params"": {""rem_stage"": 2, ""step_size_hours"": 1, ""window_size_hours"": 3}, ""tau_threshold"": 5.0}",run_output_8day_rem_w3_s1_stage2_no_pareto,rem_w3_s1_stage2
92,dc62dcbb41b7b957,ok,,concat: mean; even: range; odd: range,mean=lognormal; range=lognormal,16,5.0,6,1,2,286.4003602653389,286.4003602653389,9.875874491908238,3.2919581639694133,0.0127847442964664,3.2919581639694133,0.0127847442964664,-573.6244740905369,1.0,4982.0,2529.0,1.0481911336979162,0,7,0.9439738315823846,0.9997759207087769,6.980417993166618,0.1428144529187392,6.235074639610251,6.490145589022098,6.7452165384339455,0.9804012277292808,0.9431233873023676,1,False,,False,3,3,29,0,[],13.753833818016574,"(29, 152)",,[0],"{""feature_selection"": {""concat"": [""mean""], ""even"": [""range""], ""odd"": [""range""]}, ""n_chunks"": 16, ""parameter_selection"": {""mean"": {""likelihood"": ""lognormal""}, ""range"": {""likelihood"": ""lognormal""}}, ""rem_profile_params"": {""rem_stage"": 2, ""step_size_hours"": 1, ""window_size_hours"": 6}, ""tau_threshold"": 5.0}",run_output_8day_rem_w6_s1_stage2_no_pareto,rem_w6_s1_stage2
176,3d80c0b8f3901cf7,ok,,"concat: mean; even: range; odd: mean, range",mean=student_t; range=lognormal,16,5.0,2,2,2,381.85391640185134,381.85391640185134,13.167376427650046,3.291844106912511,0.0145913155018974,3.291844106912511,0.0145913155018974,-764.0752687918933,1.0,2118.0,1148.0,0.9926705046694108,0,8,0.7874610310118364,0.979882931829586,7.825851395499948,0.6696472236365072,7.185306572585176,7.456871048390117,7.728435524195059,0.9410820379662392,0.8422048849168541,2,False,,False,4,4,29,0,[],65.50612635200378,"(29, 96)",,[0],"{""feature_selection"": {""concat"": [""mean""], ""even"": [""range""], ""odd"": [""mean"", ""range""]}, ""n_chunks"": 16, ""parameter_selection"": {""mean"": {""likelihood"": ""student_t""}, ""range"": {""likelihood"": ""lognormal""}}, ""rem_profile_params"": {""rem_stage"": 2, ""step_size_hours"": 2, ""window_size_hours"": 2}, ""tau_threshold"": 5.0}",run_output_8day_rem_w2_s2_stage2_no_pareto,rem_w2_s2_stage2
101,8ab6bb8ecf3d63bb,ok,,"concat: range; even: mean, range",mean=student_t; range=beta,16,5.0,2,1,2,286.3841733016169,286.3841733016169,9.87531632074541,3.2917721069151376,0.0103366664680889,3.2917721069151376,0.0103366664680889,-574.144564611254,1.02,370.0,1104.0,0.9216843454608478,0,6,0.1185561106954264,0.6950668225842194,6.168555616907945,1.4090454937417272,4.689404106060148,5.585881566690152,7.073964204204356,0.3621209958598534,1.020109886782671,3,False,,False,3,3,29,0,[],52.11891553801252,"(29, 184)",,[0],"{""feature_selection"": {""concat"": [""range""], ""even"": [""mean"", ""range""]}, ""n_chunks"": 16, ""parameter_selection"": {""mean"": {""likelihood"": ""student_t""}, ""range"": {""likelihood"": ""beta""}}, ""rem_profile_params"": {""rem_stage"": 2, ""step_size_hours"": 1, ""window_size_hours"": 2}, ""tau_threshold"": 5.0}",run_output_8day_rem_w2_s1_stage2_no_pareto,rem_w2_s1_stage2
150,db4531d1154001db,ok,,"concat: mean, range; even: range; odd: mean",mean=lognormal; range=lognormal,16,5.0,2,2,2,381.1896029924058,381.1896029924058,13.144469068703648,3.286117267175912,0.0152362515931113,3.286117267175912,0.0152362515931113,-754.3866008456305,1.0,2561.0,2668.0,1.000113420287328,0,7,0.6584370433658523,0.99923564569978,6.70435923425518,0.4581094837413965,5.847432814568067,6.2909148801681525,6.645466063706883,0.7051289726807344,1.5102214426667866,2,False,,False,4,4,29,0,[],42.00346347998129,"(29, 96)",,[0],"{""feature_selection"": {""concat"": [""mean"", ""range""], ""even"": [""range""], ""odd"": [""mean""]}, ""n_chunks"": 16, ""parameter_selection"": {""mean"": {""likelihood"": ""lognormal""}, ""range"": {""likelihood"": ""lognormal""}}, ""rem_profile_params"": {""rem_stage"": 2, ""step_size_hours"": 2, ""window_size_hours"": 2}, ""tau_threshold"": 5.0}",run_output_8day_rem_w2_s2_stage2_no_pareto,rem_w2_s2_stage2
151,968091e1322eca57,ok,,"concat: mean, range; even: range; odd: mean",mean=student_t; range=beta,16,5.0,6,1,2,380.6861511315549,380.6861511315549,13.127108659708789,3.2817771649271963,0.0107189755424991,3.2817771649271963,0.0107189755424991,-762.0687255997813,1.0,1622.0,1392.0,1.0021116305516269,0,5,0.4383030547657826,0.3306366489040807,5.169220692858198,0.8688372235639609,4.270556676084267,4.705408292236157,5.259854872408886,0.0203224794733935,0.8772362700218689,1,False,,False,4,4,29,0,[],74.54074911499629,"(29, 152)",,[0],"{""feature_selection"": {""concat"": [""mean"", ""range""], ""even"": [""range""], ""odd"": [""mean""]}, ""n_chunks"": 16, ""parameter_selection"": {""mean"": {""likelihood"": ""student_t""}, ""range"": {""likelihood"": ""beta""}}, ""rem_profile_params"": {""rem_stage"": 2, ""step_size_hours"": 1, ""window_size_hours"": 6}, ""tau_threshold"": 5.0}",run_output_8day_rem_w6_s1_stage2_no_pareto,rem_w6_s1_stage2
204,a9a3b00ef8fe986f,ok,,"concat: mean, range; even: mean, range; odd: range",mean=student_t; range=lognormal,16,5.0,2,2,2,474.1709032598931,474.1709032598931,16.35072080206528,3.2701441604130554,0.009266578784921,3.2701441604130554,0.009266578784921,-947.2249971316022,1.01,657.0,1285.0,0.9102761278145722,0,8,0.4560802831691258,0.9868595827261422,7.444607277619924,0.7312936730039188,6.434846274079243,7.1265038760743,7.563251938037149,0.8866412516749194,0.99415965521029,1,False,,False,5,5,29,0,[],84.97953882499132,"(29, 96)",,[0],"{""feature_selection"": {""concat"": [""mean"", ""range""], ""even"": [""mean"", ""range""], ""odd"": [""range""]}, ""n_chunks"": 16, ""parameter_selection"": {""mean"": {""likelihood"": ""student_t""}, ""range"": {""likelihood"": ""lognormal""}}, ""rem_profile_params"": {""rem_stage"": 2, ""step_size_hours"": 2, ""window_size_hours"": 2}, ""tau_threshold"": 5.0}",run_output_8day_rem_w2_s2_stage2_no_pareto,rem_w2_s2_stage2
123,8b98dab690637cce,ok,,"even: mean, range; odd: mean",mean=student_t; range=beta,16,5.0,2,1,2,284.45058089141924,284.45058089141924,9.808640720393766,3.269546906797922,0.0131649195357594,3.269546906797922,0.0131649195357594,-568.3897044769815,1.0,511.0,1334.0,0.9689261489828584,0,8,0.0908063299171487,0.5275720490292701,5.93477201358015,1.741187842791825,3.9570833494905098,5.212673919110712,7.266808287422301,0.3979273368588187,0.9129681234209202,3,False,,False,3,3,29,0,[],59.69256655499339,"(29, 184)",,[0],"{""feature_selection"": {""even"": [""mean"", ""range""], ""odd"": [""mean""]}, ""n_chunks"": 16, ""parameter_selection"": {""mean"": {""likelihood"": ""student_t""}, ""range"": {""likelihood"": ""beta""}}, ""rem_profile_params"": {""rem_stage"": 2, ""step_size_hours"": 1, ""window_size_hours"": 2}, ""tau_threshold"": 5.0}",run_output_8day_rem_w2_s1_stage2_no_pareto,rem_w2_s1_stage2
154,3e8cfc3d0a2bf3cf,ok,,"concat: mean, range; even: range; odd: range",mean=lognormal; range=lognormal,16,5.0,2,1,2,379.2603091069131,379.2603091069131,13.077941693341833,3.2694854233354573,0.0096258770758219,3.2694854233354573,0.0096258770758219,-760.1435171307697,1.0,4189.0,2884.0,1.1201994652317675,0,7,0.8793837222341435,0.9973071479334888,6.943394342860277,0.259832543672104,6.209049144481096,6.472707158964464,6.736365173447831,0.9482199790993678,1.1215981528408918,1,False,,False,4,4,29,0,[],43.66247095097788,"(29, 184)",,[0],"{""feature_selection"": {""concat"": [""mean"", ""range""], ""even"": [""range""], ""odd"": [""range""]}, ""n_chunks"": 16, ""parameter_selection"": {""mean"": {""likelihood"": ""lognormal""}, ""range"": {""likelihood"": ""lognormal""}}, ""rem_profile_params"": {""rem_stage"": 2, ""step_size_hours"": 1, ""window_size_hours"": 2}, ""tau_threshold"": 5.0}",run_output_8day_rem_w2_s1_stage2_no_pareto,rem_w2_s1_stage2
4,c5584025b6c69088,ok,,"concat: mean, range; even: range; odd: mean, range",mean=lognormal; range=beta,16,5.0,3,1,2,473.7938469287509,473.7938469287509,16.3377188596121,3.26754377192242,0.0122938273213153,3.26754377192242,0.0122938273213153,-946.7446082863682,1.0,2228.0,1638.0,0.9472080586365824,0,7,0.96836823471061,0.9999720332945252,6.992052013710039,0.0976630157922994,6.243601642504038,6.49600246199257,6.748403281481102,0.99128452019062,1.6274921528144266,5,False,,False,5,5,29,0,[],48.919637396989856,"(29, 176)",,[0],"{""feature_selection"": {""concat"": [""mean"", ""range""], ""even"": [""range""], ""odd"": [""mean"", ""range""]}, ""n_chunks"": 16, ""parameter_selection"": {""mean"": {""likelihood"": ""lognormal""}, ""range"": {""likelihood"": ""beta""}}, ""rem_profile_params"": {""rem_stage"": 2, ""step_size_hours"": 1, ""window_size_hours"": 3}, ""tau_threshold"": 5.0}",run_output_8day_rem_w3_s1_stage2_no_pareto,rem_w3_s1_stage2
64,c8d6518eee6efe21,ok,,"concat: mean, range; even: mean",mean=student_t; range=lognormal,16,5.0,6,1,2,284.24107353522834,284.24107353522834,9.801416328800975,3.267138776266992,0.0095628100649313,3.267138776266992,0.0095628100649313,-569.774680401563,1.0,2242.0,1786.0,1.031169732975441,0,7,0.7458862483568722,0.9807657953776442,7.002743925212944,0.423452261831277,6.232915381153618,6.513653077600342,6.794390774047066,0.9574137033444484,0.9586918694392306,2,False,,False,3,3,29,0,[],36.0982615359826,"(29, 152)",,[0],"{""feature_selection"": {""concat"": [""mean"", ""range""], ""even"": [""mean""]}, ""n_chunks"": 16, ""parameter_selection"": {""mean"": {""likelihood"": ""student_t""}, ""range"": {""likelihood"": ""lognormal""}}, ""rem_profile_params"": {""rem_stage"": 2, ""step_size_hours"": 1, ""window_size_hours"": 6}, ""tau_threshold"": 5.0}",run_output_8day_rem_w6_s1_stage2_no_pareto,rem_w6_s1_stage2
75,81c6cf5d4499d910,ok,,"concat: mean, range; odd: range",mean=student_t; range=beta,16,5.0,6,1,2,284.2070966491498,284.2070966491498,9.800244712039648,3.2667482373465484,0.0111486930737472,3.2667482373465484,0.0111486930737472,-567.8599248335221,1.0,2939.0,1794.0,1.0032925617957018,0,5,0.9800527252314336,0.0058077272148778,5.005813499550261,0.0761061409824363,4.251460344197633,4.502920780961164,4.754381217724696,5.899718749827899e-06,0.796187375175919,2,False,,False,3,3,29,0,[],46.59355241199955,"(29, 152)",,[0],"{""feature_selection"": {""concat"": [""mean"", ""range""], ""odd"": [""range""]}, ""n_chunks"": 16, ""parameter_selection"": {""mean"": {""likelihood"": ""student_t""}, ""range"": {""likelihood"": ""beta""}}, ""rem_profile_params"": {""rem_stage"": 2, ""step_size_hours"": 1, ""window_size_hours"": 6}, ""tau_threshold"": 5.0}",run_output_8day_rem_w6_s1_stage2_no_pareto,rem_w6_s1_stage2
165,b2005dd17bfa616b,ok,,"concat: mean; even: mean, range; odd: range",mean=lognormal; range=beta,16,5.0,2,2,2,378.5604583804352,378.5604583804352,13.053808909670176,3.263452227417544,0.0104414328002126,3.263452227417544,0.0104414328002126,-758.3331691665256,1.0,2374.0,2256.0,1.0513312657034148,0,7,0.677430672606274,0.9999992294784156,6.743096027095398,0.4390640425000419,5.969604791195859,6.326704877690172,6.663982721802839,0.7421630144055923,1.1529908107790776,3,False,,False,4,4,29,0,[],60.421959955012426,"(29, 96)",,[0],"{""feature_selection"": {""concat"": [""mean""], ""even"": [""mean"", ""range""], ""odd"": [""range""]}, ""n_chunks"": 16, ""parameter_selection"": {""mean"": {""likelihood"": ""lognormal""}, ""range"": {""likelihood"": ""beta""}}, ""rem_profile_params"": {""rem_stage"": 2, ""step_size_hours"": 2, ""window_size_hours"": 2}, ""tau_threshold"": 5.0}",run_output_8day_rem_w2_s2_stage2_no_pareto,rem_w2_s2_stage2
19,b4b0470ed1a3d9f9,ok,,"concat: mean, range; even: mean, range; odd: mean, range",mean=student_t; range=lognormal,16,5.0,3,1,2,567.7396435883076,567.7396435883076,19.577229089251983,3.262871514875331,0.0105699441882494,3.262871514875331,0.0105699441882494,-1124.2082506871368,1.01,246.0,456.0,0.971940551971608,0,8,0.3961582311722152,0.9246021785161156,7.306989873759197,0.97476267366433,6.38142087051535,7.05978233649568,7.52989116824784,0.8845489612320888,0.9448777897351824,3,False,,False,6,6,29,0,[],59.9310264789965,"(29, 176)",,[0],"{""feature_selection"": {""concat"": [""mean"", ""range""], ""even"": [""mean"", ""range""], ""odd"": [""mean"", ""range""]}, ""n_chunks"": 16, ""parameter_selection"": {""mean"": {""likelihood"": ""student_t""}, ""range"": {""likelihood"": ""lognormal""}}, ""rem_profile_params"": {""rem_stage"": 2, ""step_size_hours"": 1, ""window_size_hours"": 3}, ""tau_threshold"": 5.0}",run_output_8day_rem_w3_s1_stage2_no_pareto,rem_w3_s1_stage2
171,e3bf08fcac78d2aa,ok,,"concat: mean; even: mean; odd: mean, range",mean=student_t; range=beta,16,5.0,6,1,2,378.2401734387414,378.2401734387414,13.04276460133591,3.260691150333977,0.0112583965500447,3.260691150333977,0.0112583965500447,-757.4571884743713,1.0,2711.0,2398.0,1.025506131780669,0,5,0.8385524660030378,0.0664747556095807,5.0867058970878025,0.3499719929650832,4.267776420692198,4.5355878824183895,4.803399344144581,0.0190137302811305,1.296980626528328,2,False,,False,4,4,29,0,[],84.77810168697033,"(29, 152)",,[0],"{""feature_selection"": {""concat"": [""mean""], ""even"": [""mean""], ""odd"": [""mean"", ""range""]}, ""n_chunks"": 16, ""parameter_selection"": {""mean"": {""likelihood"": ""student_t""}, ""range"": {""likelihood"": ""beta""}}, ""rem_profile_params"": {""rem_stage"": 2, ""step_size_hours"": 1, ""window_size_hours"": 6}, ""tau_threshold"": 5.0}",run_output_8day_rem_w6_s1_stage2_no_pareto,rem_w6_s1_stage2
162,0e9afbf79c817518,ok,,"concat: mean; even: mean, range; odd: mean",mean=lognormal; range=lognormal,16,5.0,2,2,2,378.20879876632864,378.20879876632864,13.0416827160803,3.2604206790200743,0.0165077709250549,3.2604206790200743,0.0165077709250549,-751.0818431336812,1.0,2147.0,2420.0,1.044859667230356,0,7,0.6258293269154123,0.9944379658954632,6.689676667845585,0.5057025749192111,5.820105106257959,6.28350692174553,6.644421154599801,0.6963810899776868,1.2925458178749756,5,False,,False,4,4,29,0,[],45.172876967000775,"(29, 96)",,[0],"{""feature_selection"": {""concat"": [""mean""], ""even"": [""mean"", ""range""], ""odd"": [""mean""]}, ""n_chunks"": 16, ""parameter_selection"": {""mean"": {""likelihood"": ""lognormal""}, ""range"": {""likelihood"": ""lognormal""}}, ""rem_profile_params"": {""rem_stage"": 2, ""step_size_hours"": 2, ""window_size_hours"": 2}, ""tau_threshold"": 5.0}",run_output_8day_rem_w2_s2_stage2_no_pareto,rem_w2_s2_stage2
47,529ca771f810f680,ok,,even: mean; odd: range,mean=lognormal; range=beta,16,5.0,2,1,2,188.20863829489684,188.20863829489684,6.489953044651616,3.244976522325808,0.0125840573075852,3.244976522325808,0.0125840573075852,-378.59552614374576,1.0,988.0,1485.0,0.9001674399449642,0,7,0.0520335431845255,0.6842919188917282,6.159169463192546,1.5102235447076582,4.562933113815613,5.962121752954476,6.881547362041847,0.492744520315814,1.1688009942771616,2,False,,False,2,2,29,0,[],26.64535926200915,"(29, 184)",,[0],"{""feature_selection"": {""even"": [""mean""], ""odd"": [""range""]}, ""n_chunks"": 16, ""parameter_selection"": {""mean"": {""likelihood"": ""lognormal""}, ""range"": {""likelihood"": ""beta""}}, ""rem_profile_params"": {""rem_stage"": 2, ""step_size_hours"": 1, ""window_size_hours"": 2}, ""tau_threshold"": 5.0}",run_output_8day_rem_w2_s1_stage2_no_pareto,rem_w2_s1_stage2
8,2dcd8e8145eda7a8,ok,,"concat: mean, range; even: range; odd: mean, range",mean=student_t; range=lognormal,16,5.0,2,2,2,469.4892771145077,469.4892771145077,16.189285417741644,3.237857083548328,0.0122890047965314,3.237857083548328,0.0122890047965314,-938.8618800812508,1.0,568.0,1455.0,0.9462131017709052,0,8,0.3187319329262675,0.9647466097987064,6.977208399826223,0.9113429769272652,5.699467854983401,6.527918139404026,7.303525178560256,0.6577323442127594,1.3577156867454214,2,False,,False,5,5,29,0,[],45.856340212980285,"(29, 96)",,[0],"{""feature_selection"": {""concat"": [""mean"", ""range""], ""even"": [""range""], ""odd"": [""mean"", ""range""]}, ""n_chunks"": 16, ""parameter_selection"": {""mean"": {""likelihood"": ""student_t""}, ""range"": {""likelihood"": ""lognormal""}}, ""rem_profile_params"": {""rem_stage"": 2, ""step_size_hours"": 2, ""window_size_hours"": 2}, ""tau_threshold"": 5.0}",run_output_8day_rem_w2_s2_stage2_no_pareto,rem_w2_s2_stage2
94,d31f4b3d9a5a4ce5,ok,,concat: mean; even: range; odd: range,mean=student_t; range=lognormal,16,5.0,3,1,2,281.63745942645625,281.63745942645625,9.711636531946768,3.2372121773155893,0.0110800914708903,3.2372121773155893,0.0110800914708903,-562.2060595991347,1.01,309.0,261.0,1.0223905929527,0,8,0.5138403033174722,0.8796532876716017,7.382896485603021,1.323467734999722,7.027975586738573,7.351983724492382,7.675991862246191,0.8463903971157292,0.6376238345268916,0,False,,False,3,3,29,0,[],36.81284981104545,"(29, 176)",,[0],"{""feature_selection"": {""concat"": [""mean""], ""even"": [""range""], ""odd"": [""range""]}, ""n_chunks"": 16, ""parameter_selection"": {""mean"": {""likelihood"": ""student_t""}, ""range"": {""likelihood"": ""lognormal""}}, ""rem_profile_params"": {""rem_stage"": 2, ""step_size_hours"": 1, ""window_size_hours"": 3}, ""tau_threshold"": 5.0}",run_output_8day_rem_w3_s1_stage2_no_pareto,rem_w3_s1_stage2
198,8ae9e931586d237d,ok,,"concat: mean, range; even: mean, range; odd: mean",mean=lognormal; range=lognormal,16,5.0,2,2,2,468.96359924412025,468.96359924412025,16.171158594624835,3.234231718924968,0.0134184078350092,3.234231718924968,0.0134184078350092,-931.7905149331748,1.0,2410.0,2177.0,1.046007179677392,0,7,0.7319362217803966,0.9996008882079408,6.815714925573914,0.3888403851945045,6.081008643643003,6.387344887633852,6.693681131624703,0.8161108873273106,1.4868083237845018,2,False,,False,5,5,29,0,[],61.91319932899205,"(29, 96)",,[0],"{""feature_selection"": {""concat"": [""mean"", ""range""], ""even"": [""mean"", ""range""], ""odd"": [""mean""]}, ""n_chunks"": 16, ""parameter_selection"": {""mean"": {""likelihood"": ""lognormal""}, ""range"": {""likelihood"": ""lognormal""}}, ""rem_profile_params"": {""rem_stage"": 2, ""step_size_hours"": 2, ""window_size_hours"": 2}, ""tau_threshold"": 5.0}",run_output_8day_rem_w2_s2_stage2_no_pareto,rem_w2_s2_stage2
38,16a62caa0f13e02e,ok,,concat: range; odd: mean,mean=student_t; range=lognormal,16,5.0,3,1,2,187.5195904561599,187.5195904561599,6.466192774350342,3.233096387175171,0.0203932667744206,3.233096387175171,0.0203932667744206,-375.5571894442366,1.0,1950.0,1950.0,0.978669544989618,0,5,0.2348480881530893,0.5661148998651087,5.89547254254494,1.0749897234557024,4.486934945149947,5.3579124794995545,6.374189410607637,0.3813912491068207,1.0444956337086186,1,False,,False,2,2,29,0,[],24.159384849015623,"(29, 176)",,[0],"{""feature_selection"": {""concat"": [""range""], ""odd"": [""mean""]}, ""n_chunks"": 16, ""parameter_selection"": {""mean"": {""likelihood"": ""student_t""}, ""range"": {""likelihood"": ""lognormal""}}, ""rem_profile_params"": {""rem_stage"": 2, ""step_size_hours"": 1, ""window_size_hours"": 3}, ""tau_threshold"": 5.0}",run_output_8day_rem_w3_s1_stage2_no_pareto,rem_w3_s1_stage2
3,a8f6c100ac0a0b29,ok,,concat: range,range=beta,16,5.0,2,2,2,93.69543597856232,93.69543597856232,3.2308771027090457,3.2308771027090453,0.0186318525947766,3.2308771027090453,0.0186318525947766,-189.74424444205133,1.0,753.0,789.0,0.816231753803148,0,7,0.5749570183155321,0.9267271299436394,6.803806480117019,0.8010662327869986,6.146534128367502,6.454299682114352,6.762065235861202,0.8690306440921854,1.4304139111886267,1,False,,False,1,1,29,0,[],18.20567991695134,"(29, 96)",,[0],"{""feature_selection"": {""concat"": [""range""]}, ""n_chunks"": 16, ""parameter_selection"": {""range"": {""likelihood"": ""beta""}}, ""rem_profile_params"": {""rem_stage"": 2, ""step_size_hours"": 2, ""window_size_hours"": 2}, ""tau_threshold"": 5.0}",run_output_8day_rem_w2_s2_stage2_no_pareto,rem_w2_s2_stage2
165,6891101be8940583,ok,,"concat: mean; even: mean, range; odd: range",mean=lognormal; range=beta,16,5.0,3,1,2,374.7785643915785,374.7785643915785,12.923398772123395,3.230849693030849,0.0109254293381742,3.230849693030849,0.0109254293381742,-759.7029108831795,1.0,1404.0,1414.0,0.9950230498376316,0,7,0.7033260474077755,0.9844439545361616,6.802205577735645,0.5616501826744886,6.104853928193549,6.404849527430771,6.704845126667992,0.8373795552836055,1.6696157240273164,4,False,,False,4,4,29,0,[],61.87122679199092,"(29, 176)",,[0],"{""feature_selection"": {""concat"": [""mean""], ""even"": [""mean"", ""range""], ""odd"": [""range""]}, ""n_chunks"": 16, ""parameter_selection"": {""mean"": {""likelihood"": ""lognormal""}, ""range"": {""likelihood"": ""beta""}}, ""rem_profile_params"": {""rem_stage"": 2, ""step_size_hours"": 1, ""window_size_hours"": 3}, ""tau_threshold"": 5.0}",run_output_8day_rem_w3_s1_stage2_no_pareto,rem_w3_s1_stage2
7,d2790a8f77c34623,ok,,"concat: mean, range; even: range; odd: mean, range",mean=student_t; range=lognormal,16,5.0,3,1,2,468.3812450267926,468.3812450267926,16.151077414716987,3.230215482943397,0.0115511366796175,3.230215482943397,0.0115511366796175,-927.6344580932126,1.01,249.0,660.0,0.9413067398122372,0,7,0.2624629961574192,0.8515810375154798,6.92213991509601,1.131654108205565,6.045137648172172,6.646251362708839,7.291539493551669,0.7687725080465697,1.0520898983241866,3,False,,False,5,5,29,0,[],45.22592608898413,"(29, 176)",,[0],"{""feature_selection"": {""concat"": [""mean"", ""range""], ""even"": [""range""], ""odd"": [""mean"", ""range""]}, ""n_chunks"": 16, ""parameter_selection"": {""mean"": {""likelihood"": ""student_t""}, ""range"": {""likelihood"": ""lognormal""}}, ""rem_profile_params"": {""rem_stage"": 2, ""step_size_hours"": 1, ""window_size_hours"": 3}, ""tau_threshold"": 5.0}",run_output_8day_rem_w3_s1_stage2_no_pareto,rem_w3_s1_stage2
76,c78c95868bf5b336,ok,,"concat: mean, range; odd: range",mean=student_t; range=lognormal,16,5.0,6,1,2,280.7807000197099,280.7807000197099,9.682093104127928,3.227364368042643,0.0091812314635007,3.227364368042643,0.0091812314635007,-562.5737162029124,1.0,2701.0,2734.0,1.026751442247822,0,7,0.6689295571821314,0.9717049291269704,6.81962410444973,0.4836608803473551,6.104174176521903,6.40807041097349,6.711966645425077,0.8356988049801745,0.8227933025845894,2,False,,False,3,3,29,0,[],32.26181463600369,"(29, 152)",,[0],"{""feature_selection"": {""concat"": [""mean"", ""range""], ""odd"": [""range""]}, ""n_chunks"": 16, ""parameter_selection"": {""mean"": {""likelihood"": ""student_t""}, ""range"": {""likelihood"": ""lognormal""}}, ""rem_profile_params"": {""rem_stage"": 2, ""step_size_hours"": 1, ""window_size_hours"": 6}, ""tau_threshold"": 5.0}",run_output_8day_rem_w6_s1_stage2_no_pareto,rem_w6_s1_stage2
159,a683db068ce8563a,ok,,"concat: mean, range; odd: mean, range",mean=student_t; range=beta,16,5.0,6,1,2,374.2629430565137,374.2629430565137,12.90561872608668,3.22640468152167,0.012097514384571,3.22640468152167,0.012097514384571,-748.616414705724,1.0,3307.0,1885.0,0.97900531262203,0,5,0.97245009619081,0.0084709490048739,5.008437226958083,0.092678237908923,4.252113430096782,4.504256811701171,4.75640019330556,2.459274976094657e-05,0.9238302358187128,3,False,,False,4,4,29,0,[],80.35824327304726,"(29, 152)",,[0],"{""feature_selection"": {""concat"": [""mean"", ""range""], ""odd"": [""mean"", ""range""]}, ""n_chunks"": 16, ""parameter_selection"": {""mean"": {""likelihood"": ""student_t""}, ""range"": {""likelihood"": ""beta""}}, ""rem_profile_params"": {""rem_stage"": 2, ""step_size_hours"": 1, ""window_size_hours"": 6}, ""tau_threshold"": 5.0}",run_output_8day_rem_w6_s1_stage2_no_pareto,rem_w6_s1_stage2
144,930c02c16f98f6e7,ok,,"concat: mean, range; even: mean; odd: mean",mean=student_t; range=lognormal,16,5.0,6,1,2,373.8037199614564,373.8037199614564,12.889783446946772,3.2224458617366936,0.0118484016733763,3.2224458617366936,0.0118484016733763,-750.3980798255001,1.0,1764.0,1257.0,1.0041156540431446,0,7,0.7608392337054743,0.9879826811673956,7.019207361838119,0.3839333864080183,6.239171374612651,6.518238525778799,6.797305676944947,0.9642596984392616,1.2625636078206088,2,False,,False,4,4,29,0,[],61.50656146899564,"(29, 152)",,[0],"{""feature_selection"": {""concat"": [""mean"", ""range""], ""even"": [""mean""], ""odd"": [""mean""]}, ""n_chunks"": 16, ""parameter_selection"": {""mean"": {""likelihood"": ""student_t""}, ""range"": {""likelihood"": ""lognormal""}}, ""rem_profile_params"": {""rem_stage"": 2, ""step_size_hours"": 1, ""window_size_hours"": 6}, ""tau_threshold"": 5.0}",run_output_8day_rem_w6_s1_stage2_no_pareto,rem_w6_s1_stage2
117,11aaa0ba05bec980,ok,,"concat: range; odd: mean, range",mean=lognormal; range=beta,16,5.0,2,1,2,280.1848641038306,280.1848641038306,9.661547038063125,3.2205156793543743,0.0171583630438233,3.2205156793543743,0.0171583630438233,-559.0967103892558,1.01,894.0,1441.0,0.8983864496223976,0,6,0.2378835040046467,0.8921397235222508,6.474993678158963,1.1046379958921488,5.309085875310416,5.852716233614215,6.865530809420321,0.4322684227729064,1.5532344555190647,2,False,,False,3,3,29,0,[],46.529169146029744,"(29, 184)",,[0],"{""feature_selection"": {""concat"": [""range""], ""odd"": [""mean"", ""range""]}, ""n_chunks"": 16, ""parameter_selection"": {""mean"": {""likelihood"": ""lognormal""}, ""range"": {""likelihood"": ""beta""}}, ""rem_profile_params"": {""rem_stage"": 2, ""step_size_hours"": 1, ""window_size_hours"": 2}, ""tau_threshold"": 5.0}",run_output_8day_rem_w2_s1_stage2_no_pareto,rem_w2_s1_stage2
68,aa6c73ae4eba1fb7,ok,,"concat: mean, range; even: range",mean=student_t; range=lognormal,16,5.0,6,1,2,279.82941650889256,279.82941650889256,9.649290224444572,3.2164300748148578,0.0114339839391626,3.2164300748148578,0.0114339839391626,-560.2819498028965,1.0,2458.0,2424.0,1.048213568595963,0,7,0.8245680942668445,0.9830336100580912,6.979372902735219,0.351903523614878,6.231398652666538,6.498834657273585,6.766270661880633,0.9663121725200567,0.6527765525124795,0,False,,False,3,3,29,0,[],31.34195566904964,"(29, 152)",,[0],"{""feature_selection"": {""concat"": [""mean"", ""range""], ""even"": [""range""]}, ""n_chunks"": 16, ""parameter_selection"": {""mean"": {""likelihood"": ""student_t""}, ""range"": {""likelihood"": ""lognormal""}}, ""rem_profile_params"": {""rem_stage"": 2, ""step_size_hours"": 1, ""window_size_hours"": 6}, ""tau_threshold"": 5.0}",run_output_8day_rem_w6_s1_stage2_no_pareto,rem_w6_s1_stage2
16,bdbd83ff18733382,ok,,"concat: mean, range; even: mean, range; odd: mean, range",mean=lognormal; range=beta,16,5.0,3,1,2,559.3334215844849,559.3334215844849,19.28735936498224,3.214559894163705,0.0116955459519507,3.214559894163705,0.0116955459519507,-1115.5630578034047,1.0,2770.0,1640.0,0.9842834627707892,0,7,0.9915195868947976,0.999997883347852,6.998149026446895,0.0453665575833439,6.248558825726974,6.499073672132517,6.749588518538061,0.998047999243723,1.564958404190809,4,False,,False,6,6,29,0,[],56.74099133000709,"(29, 176)",,[0],"{""feature_selection"": {""concat"": [""mean"", ""range""], ""even"": [""mean"", ""range""], ""odd"": [""mean"", ""range""]}, ""n_chunks"": 16, ""parameter_selection"": {""mean"": {""likelihood"": ""lognormal""}, ""range"": {""likelihood"": ""beta""}}, ""rem_profile_params"": {""rem_stage"": 2, ""step_size_hours"": 1, ""window_size_hours"": 3}, ""tau_threshold"": 5.0}",run_output_8day_rem_w3_s1_stage2_no_pareto,rem_w3_s1_stage2
160,89c23c2cb12abfaf,ok,,"concat: mean, range; odd: mean, range",mean=student_t; range=lognormal,16,5.0,6,1,2,372.4845326466989,372.4845326466989,12.844294229196516,3.211073557299129,0.0105584701852553,3.211073557299129,0.0105584701852553,-744.9012183629081,1.0,2089.0,2452.0,1.0015102426903209,0,7,0.6748191792419929,0.9796290047595806,6.821734599566471,0.4623562599590173,6.098513393662619,6.403913093103023,6.709312792543429,0.8306430014855354,0.9678161276083858,2,False,,False,4,4,29,0,[],58.86242542299442,"(29, 152)",,[0],"{""feature_selection"": {""concat"": [""mean"", ""range""], ""odd"": [""mean"", ""range""]}, ""n_chunks"": 16, ""parameter_selection"": {""mean"": {""likelihood"": ""student_t""}, ""range"": {""likelihood"": ""lognormal""}}, ""rem_profile_params"": {""rem_stage"": 2, ""step_size_hours"": 1, ""window_size_hours"": 6}, ""tau_threshold"": 5.0}",run_output_8day_rem_w6_s1_stage2_no_pareto,rem_w6_s1_stage2
96,e7cfe53147d83f18,ok,,"concat: mean; odd: mean, range",mean=lognormal; range=lognormal,16,5.0,6,1,2,279.28995219329755,279.28995219329755,9.630688006665434,3.210229335555144,0.0145323960888855,3.210229335555144,0.0145323960888855,-559.2263344731629,1.0,4385.0,2724.0,1.0177103003477717,0,7,0.9160157645818048,0.9997553321254796,6.965582420581725,0.1844328256847826,6.223512023602454,6.482344199241718,6.741176374880982,0.9658850836941184,1.4954109841965124,2,False,,False,3,3,29,0,[],30.147041583957616,"(29, 152)",,[0],"{""feature_selection"": {""concat"": [""mean""], ""odd"": [""mean"", ""range""]}, ""n_chunks"": 16, ""parameter_selection"": {""mean"": {""likelihood"": ""lognormal""}, ""range"": {""likelihood"": ""lognormal""}}, ""rem_profile_params"": {""rem_stage"": 2, ""step_size_hours"": 1, ""window_size_hours"": 6}, ""tau_threshold"": 5.0}",run_output_8day_rem_w6_s1_stage2_no_pareto,rem_w6_s1_stage2
92,d1a08bd956bb2eb9,ok,,concat: mean; even: range; odd: range,mean=lognormal; range=lognormal,16,5.0,2,1,2,278.2057260086865,278.2057260086865,9.59330089685126,3.1977669656170864,0.0105426775833868,3.1977669656170864,0.0105426775833868,-557.1888768944581,1.0,3335.0,2616.0,1.10254025413817,0,7,0.7454554840125927,0.989070456537794,6.8438045584948215,0.437297876347281,6.130256135776021,6.420623332512821,6.710990529249621,0.8621477712013126,1.0419857178617735,1,False,,False,3,3,29,0,[],29.420327260973863,"(29, 184)",,[0],"{""feature_selection"": {""concat"": [""mean""], ""even"": [""range""], ""odd"": [""range""]}, ""n_chunks"": 16, ""parameter_selection"": {""mean"": {""likelihood"": ""lognormal""}, ""range"": {""likelihood"": ""lognormal""}}, ""rem_profile_params"": {""rem_stage"": 2, ""step_size_hours"": 1, ""window_size_hours"": 2}, ""tau_threshold"": 5.0}",run_output_8day_rem_w2_s1_stage2_no_pareto,rem_w2_s1_stage2
84,a61ffd8bfc125376,ok,,concat: mean; even: mean; odd: range,mean=lognormal; range=lognormal,16,5.0,6,1,2,278.15039557071754,278.15039557071754,9.591392950714395,3.1971309835714665,0.0113298756086442,3.1971309835714665,0.0113298756086442,-557.7954331137637,1.0,4389.0,2901.0,1.025743515146406,0,7,0.8646594770191012,0.9984198755177224,6.942006102185687,0.2530644548574577,6.204459775510905,6.470299514421809,6.736139253332713,0.9422772873880142,1.1073680987428014,2,False,,False,3,3,29,0,[],28.438173455011565,"(29, 152)",,[0],"{""feature_selection"": {""concat"": [""mean""], ""even"": [""mean""], ""odd"": [""range""]}, ""n_chunks"": 16, ""parameter_selection"": {""mean"": {""likelihood"": ""lognormal""}, ""range"": {""likelihood"": ""lognormal""}}, ""rem_profile_params"": {""rem_stage"": 2, ""step_size_hours"": 1, ""window_size_hours"": 6}, ""tau_threshold"": 5.0}",run_output_8day_rem_w6_s1_stage2_no_pareto,rem_w6_s1_stage2
204,d7dcd4ff26923e39,ok,,"concat: mean, range; even: mean, range; odd: range",mean=student_t; range=lognormal,16,5.0,3,1,2,463.3583098384786,463.3583098384786,15.977872753050988,3.195574550610197,0.0087494358553704,3.195574550610197,0.0087494358553704,-921.5988033650916,1.01,320.0,357.0,0.9647009501470174,0,8,0.3797034869169888,0.902109389210787,7.265666605145068,1.0540511415124356,6.360312676458189,7.069320681337329,7.534660340668664,0.86983887872327,0.7588868181856054,2,False,,False,5,5,29,0,[],90.2716798739857,"(29, 176)",,[0],"{""feature_selection"": {""concat"": [""mean"", ""range""], ""even"": [""mean"", ""range""], ""odd"": [""range""]}, ""n_chunks"": 16, ""parameter_selection"": {""mean"": {""likelihood"": ""student_t""}, ""range"": {""likelihood"": ""lognormal""}}, ""rem_profile_params"": {""rem_stage"": 2, ""step_size_hours"": 1, ""window_size_hours"": 3}, ""tau_threshold"": 5.0}",run_output_8day_rem_w3_s1_stage2_no_pareto,rem_w3_s1_stage2
88,4ebb408dec440850,ok,,concat: mean; even: range; odd: mean,mean=lognormal; range=lognormal,16,5.0,6,1,2,277.6111805577485,277.6111805577485,9.572799329577537,3.190933109859179,0.0154392828490141,3.190933109859179,0.0154392828490141,-555.0648587831414,1.0,4953.0,2676.0,1.0273386050416178,0,7,0.984356465237776,0.9997272315107054,6.995454030811797,0.0805141395736895,6.246969001252418,6.497993108751672,6.749017216250926,0.995961437441971,1.4218866201719338,2,False,,False,3,3,29,0,[],29.374518549011555,"(29, 152)",,[0],"{""feature_selection"": {""concat"": [""mean""], ""even"": [""range""], ""odd"": [""mean""]}, ""n_chunks"": 16, ""parameter_selection"": {""mean"": {""likelihood"": ""lognormal""}, ""range"": {""likelihood"": ""lognormal""}}, ""rem_profile_params"": {""rem_stage"": 2, ""step_size_hours"": 1, ""window_size_hours"": 6}, ""tau_threshold"": 5.0}",run_output_8day_rem_w6_s1_stage2_no_pareto,rem_w6_s1_stage2
152,ad8dec50c26731ac,ok,,"concat: mean, range; even: range; odd: mean",mean=student_t; range=lognormal,16,5.0,6,1,2,369.92751287691885,369.92751287691885,12.756121133686856,3.189030283421714,0.0111801544218975,3.189030283421714,0.0111801544218975,-741.180480910388,1.0,2500.0,2344.0,1.022959384946433,0,7,0.8453627077206917,0.988914684630307,6.988021102750169,0.3038171226042758,6.234883434929472,6.499815935522103,6.764748436114734,0.9716446023081896,1.1490481715291132,2,False,,False,4,4,29,0,[],56.66348833503434,"(29, 152)",,[0],"{""feature_selection"": {""concat"": [""mean"", ""range""], ""even"": [""range""], ""odd"": [""mean""]}, ""n_chunks"": 16, ""parameter_selection"": {""mean"": {""likelihood"": ""student_t""}, ""range"": {""likelihood"": ""lognormal""}}, ""rem_profile_params"": {""rem_stage"": 2, ""step_size_hours"": 1, ""window_size_hours"": 6}, ""tau_threshold"": 5.0}",run_output_8day_rem_w6_s1_stage2_no_pareto,rem_w6_s1_stage2
94,b611bb2355753107,ok,,concat: mean; even: range; odd: range,mean=student_t; range=lognormal,16,5.0,2,2,2,277.3368156782646,277.3368156782646,9.563338471664297,3.187779490554766,0.0124117307233291,3.187779490554766,0.0124117307233291,-554.5372658367872,1.0,2201.0,1518.0,1.0208310472450666,0,8,0.8129088946194619,0.9779018393962454,7.850684907742605,0.6606841140753371,7.19791070185568,7.46527380123712,7.73263690061856,0.9580599412111782,0.6228288950761356,0,False,,False,3,3,29,0,[],38.36160434002522,"(29, 96)",,[0],"{""feature_selection"": {""concat"": [""mean""], ""even"": [""range""], ""odd"": [""range""]}, ""n_chunks"": 16, ""parameter_selection"": {""mean"": {""likelihood"": ""student_t""}, ""range"": {""likelihood"": ""lognormal""}}, ""rem_profile_params"": {""rem_stage"": 2, ""step_size_hours"": 2, ""window_size_hours"": 2}, ""tau_threshold"": 5.0}",run_output_8day_rem_w2_s2_stage2_no_pareto,rem_w2_s2_stage2
88,a67816c308fbc68b,ok,,concat: mean; even: range; odd: mean,mean=lognormal; range=lognormal,16,5.0,3,1,2,276.9029482087764,276.9029482087764,9.548377524440566,3.182792508146856,0.0178916573758546,3.182792508146856,0.0178916573758546,-554.9600345292764,1.0,2986.0,2821.0,1.028293428451406,0,7,0.6545943566103948,0.9965356678314864,6.714313082371048,0.4725523407314403,5.890501650114412,6.305444557004074,6.653037787091884,0.7196853466672174,1.569382448550466,3,False,,False,3,3,29,0,[],28.950386226002596,"(29, 176)",,[0],"{""feature_selection"": {""concat"": [""mean""], ""even"": [""range""], ""odd"": [""mean""]}, ""n_chunks"": 16, ""parameter_selection"": {""mean"": {""likelihood"": ""lognormal""}, ""range"": {""likelihood"": ""lognormal""}}, ""rem_profile_params"": {""rem_stage"": 2, ""step_size_hours"": 1, ""window_size_hours"": 3}, ""tau_threshold"": 5.0}",run_output_8day_rem_w3_s1_stage2_no_pareto,rem_w3_s1_stage2
78,0bb479fb51e50a67,ok,,"concat: mean; even: mean, range",mean=lognormal; range=lognormal,16,5.0,6,1,2,276.5881274349466,276.5881274349466,9.537521635687812,3.179173878562606,0.0154712577569782,3.179173878562606,0.0154712577569782,-557.48513156931,1.0,4350.0,2687.0,1.030435289509307,0,7,0.9603990233548078,0.9992324086349348,6.996229099936538,0.1331969639465173,6.246090237382758,6.498865793030424,6.751641348678089,0.993388088646686,1.7397456934197209,2,False,,False,3,3,29,0,[],13.139713685028257,"(29, 152)",,[0],"{""feature_selection"": {""concat"": [""mean""], ""even"": [""mean"", ""range""]}, ""n_chunks"": 16, ""parameter_selection"": {""mean"": {""likelihood"": ""lognormal""}, ""range"": {""likelihood"": ""lognormal""}}, ""rem_profile_params"": {""rem_stage"": 2, ""step_size_hours"": 1, ""window_size_hours"": 6}, ""tau_threshold"": 5.0}",run_output_8day_rem_w6_s1_stage2_no_pareto,rem_w6_s1_stage2
92,2e12398c4c7fe952,ok,,concat: mean; even: range; odd: range,mean=lognormal; range=lognormal,16,5.0,3,1,2,276.52986693336953,276.52986693336953,9.53551265287481,3.1785042176249365,0.0104902250014993,3.1785042176249365,0.0104902250014993,-555.7021245732275,1.0,1797.0,2088.0,0.98673988504244,0,7,0.5642066088353728,0.9809004004501514,6.632481780956037,0.5780598511968327,5.706685286279136,6.238702450883674,6.625796311700451,0.6541631597954094,1.0663038699065182,2,False,,False,3,3,29,0,[],30.558157232007943,"(29, 176)",,[0],"{""feature_selection"": {""concat"": [""mean""], ""even"": [""range""], ""odd"": [""range""]}, ""n_chunks"": 16, ""parameter_selection"": {""mean"": {""likelihood"": ""lognormal""}, ""range"": {""likelihood"": ""lognormal""}}, ""rem_profile_params"": {""rem_stage"": 2, ""step_size_hours"": 1, ""window_size_hours"": 3}, ""tau_threshold"": 5.0}",run_output_8day_rem_w3_s1_stage2_no_pareto,rem_w3_s1_stage2
4,0d29f14b5142990e,ok,,"concat: mean, range; even: range; odd: mean, range",mean=lognormal; range=lognormal,16,5.0,2,1,2,460.5782657299332,460.5782657299332,15.882009163101143,3.176401832620229,0.0136920029813158,3.176401832620229,0.0136920029813158,-923.2497258545652,1.0,3848.0,2563.0,0.995096601976825,0,7,0.9007631193556715,0.9992105717334804,6.9626802052911465,0.2067454640908912,6.220937853246793,6.481215745469566,6.741493637692338,0.9622134263498,2.455745703475271,3,False,,False,5,5,29,0,[],34.44782226404641,"(29, 184)",,[0],"{""feature_selection"": {""concat"": [""mean"", ""range""], ""even"": [""range""], ""odd"": [""mean"", ""range""]}, ""n_chunks"": 16, ""parameter_selection"": {""mean"": {""likelihood"": ""lognormal""}, ""range"": {""likelihood"": ""lognormal""}}, ""rem_profile_params"": {""rem_stage"": 2, ""step_size_hours"": 1, ""window_size_hours"": 2}, ""tau_threshold"": 5.0}",run_output_8day_rem_w2_s1_stage2_no_pareto,rem_w2_s1_stage2
168,fe0da6f212e13b44,ok,,"concat: mean; even: mean, range; odd: range",mean=student_t; range=lognormal,16,5.0,6,1,2,367.354623682833,367.354623682833,12.667400816649414,3.166850204162353,0.0110946145125971,3.166850204162353,0.0110946145125971,-734.7106244797363,1.0,1544.0,1929.0,1.058914854764687,0,8,0.641198575523153,0.997407341269378,7.726045100643648,0.5091069473432182,7.000718287082905,7.333812191388603,7.666906095694301,0.979452536534066,0.7517136580578283,2,False,,False,4,4,29,0,[],62.41896027099574,"(29, 152)",,[0],"{""feature_selection"": {""concat"": [""mean""], ""even"": [""mean"", ""range""], ""odd"": [""range""]}, ""n_chunks"": 16, ""parameter_selection"": {""mean"": {""likelihood"": ""student_t""}, ""range"": {""likelihood"": ""lognormal""}}, ""rem_profile_params"": {""rem_stage"": 2, ""step_size_hours"": 1, ""window_size_hours"": 6}, ""tau_threshold"": 5.0}",run_output_8day_rem_w6_s1_stage2_no_pareto,rem_w6_s1_stage2
5,d6bc3a1ee1f28691,ok,,"concat: mean, range; even: range; odd: mean, range",mean=lognormal; range=beta,16,5.0,2,2,2,458.8344851000248,458.8344851000248,15.82187879655258,3.1643757593105155,0.0124201061293812,3.1643757593105155,0.0124201061293812,-914.2283186715382,1.0,2163.0,1630.0,0.9507067729931428,0,7,0.8997622869976605,0.9999998539668614,6.956382343462311,0.2043515148992308,6.215781876501752,6.477195583464805,6.738609290427859,0.9563605223771314,1.5726801207820449,3,False,,False,5,5,29,0,[],50.77485298900865,"(29, 96)",,[0],"{""feature_selection"": {""concat"": [""mean"", ""range""], ""even"": [""range""], ""odd"": [""mean"", ""range""]}, ""n_chunks"": 16, ""parameter_selection"": {""mean"": {""likelihood"": ""lognormal""}, ""range"": {""likelihood"": ""beta""}}, ""rem_profile_params"": {""rem_stage"": 2, ""step_size_hours"": 2, ""window_size_hours"": 2}, ""tau_threshold"": 5.0}",run_output_8day_rem_w2_s2_stage2_no_pareto,rem_w2_s2_stage2
156,6cf87ca3bc5c0946,ok,,"concat: mean, range; even: range; odd: range",mean=student_t; range=lognormal,16,5.0,3,1,2,366.96451400755615,366.96451400755615,12.653948758881246,3.163487189720312,0.0095421005738618,3.163487189720312,0.0095421005738618,-731.513440248462,1.02,343.0,809.0,0.9575654993513538,0,7,0.2138162559511928,0.7789541918920289,6.676021953824803,1.2483694563646577,5.365344731205579,6.476547627277995,7.109183985273125,0.6997024895437162,0.7325778085279465,2,False,,False,4,4,29,0,[],53.57072465500096,"(29, 176)",,[0],"{""feature_selection"": {""concat"": [""mean"", ""range""], ""even"": [""range""], ""odd"": [""range""]}, ""n_chunks"": 16, ""parameter_selection"": {""mean"": {""likelihood"": ""student_t""}, ""range"": {""likelihood"": ""lognormal""}}, ""rem_profile_params"": {""rem_stage"": 2, ""step_size_hours"": 1, ""window_size_hours"": 3}, ""tau_threshold"": 5.0}",run_output_8day_rem_w3_s1_stage2_no_pareto,rem_w3_s1_stage2
187,3fc19a9e131e2be1,ok,,"concat: range; even: mean; odd: mean, range",mean=student_t; range=beta,16,5.0,3,1,2,366.6802959402987,366.6802959402987,12.644148135872369,3.161037033968092,0.013698989243803,3.161037033968092,0.013698989243803,-731.2779582922774,1.0,1145.0,1539.0,0.9429020625306008,0,8,0.5950536869644815,0.9952612041257364,7.55492105053647,0.5782207407211738,6.580732061931622,7.129779840669629,7.5648899203348146,0.992993598963148,1.1510243751409952,2,False,,False,4,4,29,0,[],95.76033810497027,"(29, 176)",,[0],"{""feature_selection"": {""concat"": [""range""], ""even"": [""mean""], ""odd"": [""mean"", ""range""]}, ""n_chunks"": 16, ""parameter_selection"": {""mean"": {""likelihood"": ""student_t""}, ""range"": {""likelihood"": ""beta""}}, ""rem_profile_params"": {""rem_stage"": 2, ""step_size_hours"": 1, ""window_size_hours"": 3}, ""tau_threshold"": 5.0}",run_output_8day_rem_w3_s1_stage2_no_pareto,rem_w3_s1_stage2
150,7a05b31b695d88e0,ok,,"concat: mean, range; even: range; odd: mean",mean=lognormal; range=lognormal,16,5.0,3,1,2,366.08836989436514,366.08836989436514,12.623736892909143,3.1559342232272862,0.0146261476601964,3.1559342232272862,0.0146261476601964,-729.9127418096427,1.0,3099.0,2460.0,1.011090792073506,0,7,0.7652241795086876,0.9964038220441496,6.8574119743988,0.3623538863678517,6.129330919761596,6.419562498723439,6.709794077685282,0.8614032113805571,1.370966220194401,3,False,,False,4,4,29,0,[],41.93932793295244,"(29, 176)",,[0],"{""feature_selection"": {""concat"": [""mean"", ""range""], ""even"": [""range""], ""odd"": [""mean""]}, ""n_chunks"": 16, ""parameter_selection"": {""mean"": {""likelihood"": ""lognormal""}, ""range"": {""likelihood"": ""lognormal""}}, ""rem_profile_params"": {""rem_stage"": 2, ""step_size_hours"": 1, ""window_size_hours"": 3}, ""tau_threshold"": 5.0}",run_output_8day_rem_w3_s1_stage2_no_pareto,rem_w3_s1_stage2
32,71a0c0844608636d,ok,,concat: range; even: mean,mean=student_t; range=lognormal,16,5.0,3,1,2,182.93759478024612,182.93759478024612,6.308192923456764,3.1540964617283818,0.0105213062457708,3.1540964617283818,0.0105213062457708,-366.4102903322192,1.0,1945.0,2456.0,1.0042926970791202,0,7,0.2696956474457412,0.6905199845635812,6.287783219938122,1.1188685358693762,4.762996947945275,6.16985883564873,6.659330318919857,0.5867562470205455,0.8731030139645499,2,False,,False,2,2,29,0,[],23.951351018971764,"(29, 176)",,[0],"{""feature_selection"": {""concat"": [""range""], ""even"": [""mean""]}, ""n_chunks"": 16, ""parameter_selection"": {""mean"": {""likelihood"": ""student_t""}, ""range"": {""likelihood"": ""lognormal""}}, ""rem_profile_params"": {""rem_stage"": 2, ""step_size_hours"": 1, ""window_size_hours"": 3}, ""tau_threshold"": 5.0}",run_output_8day_rem_w3_s1_stage2_no_pareto,rem_w3_s1_stage2
154,a5118c172a7209eb,ok,,"concat: mean, range; even: range; odd: range",mean=lognormal; range=lognormal,16,5.0,3,1,2,365.1415661270133,365.1415661270133,12.59108848713839,3.1477721217845978,0.0088977635147616,3.1477721217845978,0.0088977635147616,-730.9010418419006,1.0,2707.0,2324.0,1.0354233834079103,0,7,0.7257022247106656,0.9891615968772792,6.824599804852851,0.4124712451231951,6.102892509866968,6.4020322654963895,6.701172021125811,0.8359903338913207,1.0805226547628528,2,False,,False,4,4,29,0,[],45.86184497998329,"(29, 176)",,[0],"{""feature_selection"": {""concat"": [""mean"", ""range""], ""even"": [""range""], ""odd"": [""range""]}, ""n_chunks"": 16, ""parameter_selection"": {""mean"": {""likelihood"": ""lognormal""}, ""range"": {""likelihood"": ""lognormal""}}, ""rem_profile_params"": {""rem_stage"": 2, ""step_size_hours"": 1, ""window_size_hours"": 3}, ""tau_threshold"": 5.0}",run_output_8day_rem_w3_s1_stage2_no_pareto,rem_w3_s1_stage2
183,f5839c1e08b4e965,ok,,"concat: range; even: mean, range; odd: range",mean=student_t; range=beta,16,5.0,2,1,2,364.54690337008566,364.54690337008566,12.57058287483054,3.1426457187076355,0.0094179243308499,3.1426457187076355,0.0094179243308499,-731.5218522089266,1.01,432.0,461.0,0.8540585156108674,0,6,0.1820687662620245,0.7281365857091232,6.133876647510103,1.2230055161920266,4.879204074984033,5.531191320018732,6.533988516480283,0.2986555736679662,0.8808359878866646,2,False,,False,4,4,29,0,[],93.1042233799817,"(29, 184)",,[0],"{""feature_selection"": {""concat"": [""range""], ""even"": [""mean"", ""range""], ""odd"": [""range""]}, ""n_chunks"": 16, ""parameter_selection"": {""mean"": {""likelihood"": ""student_t""}, ""range"": {""likelihood"": ""beta""}}, ""rem_profile_params"": {""rem_stage"": 2, ""step_size_hours"": 1, ""window_size_hours"": 2}, ""tau_threshold"": 5.0}",run_output_8day_rem_w2_s1_stage2_no_pareto,rem_w2_s1_stage2
6,572d055b55bc009a,ok,,"concat: mean; even: mean, range; odd: mean, range",mean=student_t; range=lognormal,16,5.0,6,1,2,454.7749780717903,454.7749780717903,15.681895795578974,3.136379159115795,0.010489888678233,3.136379159115795,0.010489888678233,-908.3065852093122,1.0,1010.0,1407.0,1.033400349368985,0,8,0.6339276502940092,0.9980547720063152,7.71123336507461,0.5104225720599344,6.9331370505514425,7.318278578553564,7.659139289276782,0.9811468140220644,0.8178006149538845,2,False,,False,5,5,29,0,[],48.92109239398269,"(29, 152)",,[0],"{""feature_selection"": {""concat"": [""mean""], ""even"": [""mean"", ""range""], ""odd"": [""mean"", ""range""]}, ""n_chunks"": 16, ""parameter_selection"": {""mean"": {""likelihood"": ""student_t""}, ""range"": {""likelihood"": ""lognormal""}}, ""rem_profile_params"": {""rem_stage"": 2, ""step_size_hours"": 1, ""window_size_hours"": 6}, ""tau_threshold"": 5.0}",run_output_8day_rem_w6_s1_stage2_no_pareto,rem_w6_s1_stage2
162,a382a57ca4c2a593,ok,,"concat: mean; even: mean, range; odd: mean",mean=lognormal; range=lognormal,16,5.0,3,1,2,363.7829282118505,363.7829282118505,12.544238903856913,3.1360597259642278,0.0156312267546064,3.1360597259642278,0.0156312267546064,-723.0893617814454,1.0,2982.0,2314.0,1.0179631705180805,0,7,0.7693442308846643,0.9978744878532216,6.858405469542254,0.3702757177961266,6.130706418620076,6.420487817373146,6.710269216126217,0.8627629475032775,1.23507695592648,4,False,,False,4,4,29,0,[],45.17874874395784,"(29, 176)",,[0],"{""feature_selection"": {""concat"": [""mean""], ""even"": [""mean"", ""range""], ""odd"": [""mean""]}, ""n_chunks"": 16, ""parameter_selection"": {""mean"": {""likelihood"": ""lognormal""}, ""range"": {""likelihood"": ""lognormal""}}, ""rem_profile_params"": {""rem_stage"": 2, ""step_size_hours"": 1, ""window_size_hours"": 3}, ""tau_threshold"": 5.0}",run_output_8day_rem_w3_s1_stage2_no_pareto,rem_w3_s1_stage2
17,7f205367bd570cbe,ok,,"concat: mean, range; even: mean, range; odd: mean, range",mean=lognormal; range=beta,16,5.0,2,2,2,545.3250183434258,545.3250183434258,18.80431097735951,3.134051829559918,0.0114337737684013,3.134051829559918,0.0114337737684013,-1087.1394576748942,1.01,2179.0,1580.0,0.9913130328616918,0,7,0.93412437635794,0.9999999987457668,6.975064923871607,0.1565570864855759,6.230766110139578,6.487211052381402,6.743655994623225,0.9749665250971982,1.554282010675007,5,False,,False,6,6,29,0,[],57.57098349696025,"(29, 96)",,[0],"{""feature_selection"": {""concat"": [""mean"", ""range""], ""even"": [""mean"", ""range""], ""odd"": [""mean"", ""range""]}, ""n_chunks"": 16, ""parameter_selection"": {""mean"": {""likelihood"": ""lognormal""}, ""range"": {""likelihood"": ""beta""}}, ""rem_profile_params"": {""rem_stage"": 2, ""step_size_hours"": 2, ""window_size_hours"": 2}, ""tau_threshold"": 5.0}",run_output_8day_rem_w2_s2_stage2_no_pareto,rem_w2_s2_stage2
120,da073ec51a80df98,ok,,"concat: range; odd: mean, range",mean=student_t; range=lognormal,16,5.0,2,1,2,272.17201550880543,272.17201550880543,9.385241914096738,3.128413971365579,0.0142034299568555,3.128413971365579,0.0142034299568555,-543.2150487755646,1.0,844.0,1169.0,0.9751799276498058,0,7,0.2235632604770279,0.6867735364943339,6.057640386967753,1.4199405717129976,3.954169127541488,6.139194861578657,6.657769053609394,0.5671046032167404,0.8471000298525702,2,False,,False,3,3,29,0,[],38.50270202197135,"(29, 184)",,[0],"{""feature_selection"": {""concat"": [""range""], ""odd"": [""mean"", ""range""]}, ""n_chunks"": 16, ""parameter_selection"": {""mean"": {""likelihood"": ""student_t""}, ""range"": {""likelihood"": ""lognormal""}}, ""rem_profile_params"": {""rem_stage"": 2, ""step_size_hours"": 1, ""window_size_hours"": 2}, ""tau_threshold"": 5.0}",run_output_8day_rem_w2_s1_stage2_no_pareto,rem_w2_s1_stage2
93,631e3ff63ab913cf,ok,,concat: mean; even: range; odd: range,mean=student_t; range=beta,16,5.0,6,1,2,271.9289094001445,271.9289094001445,9.37685894483257,3.1256196482775227,0.011382548825629,3.1256196482775227,0.011382548825629,-543.4462003126963,1.0,2539.0,2004.0,0.9900353288507652,0,5,0.8963655034764227,0.0392577198542349,5.046405995040807,0.2453626328155974,4.260197720776747,4.520419428380637,4.780641135984527,0.0064660569689157,0.9858936906318267,2,False,,False,3,3,29,0,[],48.47458191297483,"(29, 152)",,[0],"{""feature_selection"": {""concat"": [""mean""], ""even"": [""range""], ""odd"": [""range""]}, ""n_chunks"": 16, ""parameter_selection"": {""mean"": {""likelihood"": ""student_t""}, ""range"": {""likelihood"": ""beta""}}, ""rem_profile_params"": {""rem_stage"": 2, ""step_size_hours"": 1, ""window_size_hours"": 6}, ""tau_threshold"": 5.0}",run_output_8day_rem_w6_s1_stage2_no_pareto,rem_w6_s1_stage2
156,fb1cc4ee6d66b0ac,ok,,"concat: mean, range; even: range; odd: range",mean=student_t; range=lognormal,16,5.0,2,2,2,362.4044739710836,362.4044739710836,12.496705999002884,3.1241764997507206,0.009845665144043,3.1241764997507206,0.009845665144043,-725.0015504350177,1.0,816.0,1907.0,0.9835560919312824,0,8,0.3512071487222639,0.9621021125281196,7.183589565458458,0.8570245946722224,6.143338026026072,6.798524543714409,7.409155065316884,0.8046935956999712,1.119747585617874,2,False,,False,4,4,29,0,[],52.24576075398363,"(29, 96)",,[0],"{""feature_selection"": {""concat"": [""mean"", ""range""], ""even"": [""range""], ""odd"": [""range""]}, ""n_chunks"": 16, ""parameter_selection"": {""mean"": {""likelihood"": ""student_t""}, ""range"": {""likelihood"": ""lognormal""}}, ""rem_profile_params"": {""rem_stage"": 2, ""step_size_hours"": 2, ""window_size_hours"": 2}, ""tau_threshold"": 5.0}",run_output_8day_rem_w2_s2_stage2_no_pareto,rem_w2_s2_stage2
175,1d839ba834476907,ok,,"concat: mean; even: range; odd: mean, range",mean=student_t; range=beta,16,5.0,6,1,2,362.23515791315344,362.23515791315344,12.49086751424667,3.1227168785616675,0.0110367238167645,3.1227168785616675,0.0110367238167645,-724.9621183989824,1.01,3187.0,2196.0,0.965956331155736,0,5,0.87980682678213,0.0462864216119623,5.057323509703724,0.2824964318096344,4.262121563480343,4.524258908552566,4.78639625362479,0.0092828392005828,1.2125375244481322,2,False,,False,4,4,29,0,[],85.74980547698215,"(29, 152)",,[0],"{""feature_selection"": {""concat"": [""mean""], ""even"": [""range""], ""odd"": [""mean"", ""range""]}, ""n_chunks"": 16, ""parameter_selection"": {""mean"": {""likelihood"": ""student_t""}, ""range"": {""likelihood"": ""beta""}}, ""rem_profile_params"": {""rem_stage"": 2, ""step_size_hours"": 1, ""window_size_hours"": 6}, ""tau_threshold"": 5.0}",run_output_8day_rem_w6_s1_stage2_no_pareto,rem_w6_s1_stage2
29,08d468f15bab15cc,ok,,concat: range; even: mean,mean=lognormal; range=beta,16,5.0,2,2,2,181.01621545755077,181.01621545755077,6.241938464053474,3.120969232026737,0.0130521473522172,3.120969232026737,0.0130521473522172,-362.4093941941742,1.0,1533.0,1236.0,0.9163521151493004,0,7,0.695730029370527,0.9664278106786248,6.94189810246945,0.6097139433761156,6.214445269258648,6.500690025391153,6.786934781523659,0.937291875802416,1.1576990544461545,1,False,,False,2,2,29,0,[],25.641674803977367,"(29, 96)",,[0],"{""feature_selection"": {""concat"": [""range""], ""even"": [""mean""]}, ""n_chunks"": 16, ""parameter_selection"": {""mean"": {""likelihood"": ""lognormal""}, ""range"": {""likelihood"": ""beta""}}, ""rem_profile_params"": {""rem_stage"": 2, ""step_size_hours"": 2, ""window_size_hours"": 2}, ""tau_threshold"": 5.0}",run_output_8day_rem_w2_s2_stage2_no_pareto,rem_w2_s2_stage2
174,b31a389f817847e7,ok,,"concat: mean; even: range; odd: mean, range",mean=lognormal; range=lognormal,16,5.0,2,1,2,361.9345267835629,361.9345267835629,12.480500923571135,3.120125230892784,0.0149526757635966,3.120125230892784,0.0149526757635966,-721.3467510464385,1.0,3229.0,2595.0,1.0818140592366772,0,7,0.7847487321940833,0.989142543132337,6.876990026309844,0.412471881537522,6.163001297258065,6.442497708879999,6.7219941205019325,0.8957990965896113,1.6995339528038609,2,False,,False,4,4,29,0,[],49.36661361501319,"(29, 184)",,[0],"{""feature_selection"": {""concat"": [""mean""], ""even"": [""range""], ""odd"": [""mean"", ""range""]}, ""n_chunks"": 16, ""parameter_selection"": {""mean"": {""likelihood"": ""lognormal""}, ""range"": {""likelihood"": ""lognormal""}}, ""rem_profile_params"": {""rem_stage"": 2, ""step_size_hours"": 1, ""window_size_hours"": 2}, ""tau_threshold"": 5.0}",run_output_8day_rem_w2_s1_stage2_no_pareto,rem_w2_s1_stage2
198,421ba634a93afc42,ok,,"concat: mean, range; even: mean, range; odd: mean",mean=lognormal; range=lognormal,16,5.0,3,1,2,452.4053061805234,452.4053061805234,15.600182971742187,3.1200365943484383,0.0134270144405159,3.1200365943484383,0.0134270144405159,-900.1721064811143,1.01,3602.0,2486.0,1.0525194946380412,0,7,0.8742760719725692,0.9992834813310568,6.9413621072934895,0.2384183824567133,6.203915935409764,6.469281271873789,6.734646608337814,0.942108677537664,1.2222175356183524,3,False,,False,5,5,29,0,[],58.58048210397829,"(29, 176)",,[0],"{""feature_selection"": {""concat"": [""mean"", ""range""], ""even"": [""mean"", ""range""], ""odd"": [""mean""]}, ""n_chunks"": 16, ""parameter_selection"": {""mean"": {""likelihood"": ""lognormal""}, ""range"": {""likelihood"": ""lognormal""}}, ""rem_profile_params"": {""rem_stage"": 2, ""step_size_hours"": 1, ""window_size_hours"": 3}, ""tau_threshold"": 5.0}",run_output_8day_rem_w3_s1_stage2_no_pareto,rem_w3_s1_stage2
195,764e48ff65610172,ok,,"even: mean, range; odd: mean, range",mean=student_t; range=beta,16,5.0,2,1,2,361.3434280553609,361.3434280553609,12.460118208805548,3.1150295522013867,0.0112848443721715,3.1150295522013867,0.0112848443721715,-724.2847931499853,1.01,461.0,1071.0,0.9033349847574412,0,5,0.1095598208614229,0.5193600155270116,5.887354934828636,1.5288488066647945,4.162305564263429,5.102179795908147,7.06572111224641,0.3298899216112349,1.0838749830083367,3,False,,False,4,4,29,0,[],99.33202896994771,"(29, 184)",,[0],"{""feature_selection"": {""even"": [""mean"", ""range""], ""odd"": [""mean"", ""range""]}, ""n_chunks"": 16, ""parameter_selection"": {""mean"": {""likelihood"": ""student_t""}, ""range"": {""likelihood"": ""beta""}}, ""rem_profile_params"": {""rem_stage"": 2, ""step_size_hours"": 1, ""window_size_hours"": 2}, ""tau_threshold"": 5.0}",run_output_8day_rem_w2_s1_stage2_no_pareto,rem_w2_s1_stage2
113,f971a395625b6845,ok,,concat: range; even: range; odd: mean,mean=student_t; range=beta,16,5.0,2,1,2,270.7392451342732,270.7392451342732,9.335836039112868,3.1119453463709563,0.0137469953463346,3.1119453463709563,0.0137469953463346,-541.424361373607,1.01,621.0,1051.0,0.9001880908553169,0,6,0.2218890752188621,0.7005843120908841,5.908312856115069,1.148247786225166,4.750733543946165,5.397978249862957,5.894001899113545,0.1965760851087437,0.7855813012483307,1,False,,False,3,3,29,0,[],61.20535760099301,"(29, 184)",,[0],"{""feature_selection"": {""concat"": [""range""], ""even"": [""range""], ""odd"": [""mean""]}, ""n_chunks"": 16, ""parameter_selection"": {""mean"": {""likelihood"": ""student_t""}, ""range"": {""likelihood"": ""beta""}}, ""rem_profile_params"": {""rem_stage"": 2, ""step_size_hours"": 1, ""window_size_hours"": 2}, ""tau_threshold"": 5.0}",run_output_8day_rem_w2_s1_stage2_no_pareto,rem_w2_s1_stage2
187,067a85470dd5c216,ok,,"concat: range; even: mean; odd: mean, range",mean=student_t; range=beta,16,5.0,2,2,2,360.0288065505646,360.0288065505646,12.414786432778088,3.1036966081945225,0.010565383476226,3.1036966081945225,0.010565383476226,-719.9379569119839,1.0,1468.0,1310.0,0.9479159793034706,0,7,0.7477896677104121,0.9999719075906508,6.9769917076614405,0.347982882713572,6.20240071716608,6.486938650594553,6.771476584023025,0.9278328066202812,1.0421418171253265,2,False,,False,4,4,29,0,[],97.97102340700803,"(29, 96)",,[0],"{""feature_selection"": {""concat"": [""range""], ""even"": [""mean""], ""odd"": [""mean"", ""range""]}, ""n_chunks"": 16, ""parameter_selection"": {""mean"": {""likelihood"": ""student_t""}, ""range"": {""likelihood"": ""beta""}}, ""rem_profile_params"": {""rem_stage"": 2, ""step_size_hours"": 2, ""window_size_hours"": 2}, ""tau_threshold"": 5.0}",run_output_8day_rem_w2_s2_stage2_no_pareto,rem_w2_s2_stage2
61,7a651ef6a6f6375c,ok,,"concat: mean, range; even: mean",mean=lognormal; range=beta,16,5.0,6,1,2,269.9856844311348,269.9856844311348,9.30985118728051,3.1032837290935027,0.0133961297111992,3.1032837290935027,0.0133961297111992,-536.9681870327361,1.0,1559.0,1704.0,0.9517908620814868,0,6,0.4189494164430333,0.8289285967095577,6.186314863401684,0.7206843848287351,5.169245796733363,5.705318284364668,6.310494767068416,0.3625737552129309,0.7442607944107843,1,False,,False,3,3,29,0,[],25.611199576000217,"(29, 152)",,[0],"{""feature_selection"": {""concat"": [""mean"", ""range""], ""even"": [""mean""]}, ""n_chunks"": 16, ""parameter_selection"": {""mean"": {""likelihood"": ""lognormal""}, ""range"": {""likelihood"": ""beta""}}, ""rem_profile_params"": {""rem_stage"": 2, ""step_size_hours"": 1, ""window_size_hours"": 6}, ""tau_threshold"": 5.0}",run_output_8day_rem_w6_s1_stage2_no_pareto,rem_w6_s1_stage2
81,08306a91b3ed5418,ok,,concat: mean; even: mean; odd: mean,mean=lognormal,16,5.0,6,1,2,269.8503599080013,269.8503599080013,9.305184824413836,3.101728274804613,0.0173510380215232,3.101728274804613,0.0173510380215232,-541.677286381384,1.0,5032.0,2577.0,1.0457891603752545,0,7,0.953617370779787,0.9974888674154214,6.981813649961137,0.1860828517216708,6.239808291536132,6.493293774123028,6.7467792567099245,0.9865108734125676,1.510974758002457,2,False,,False,3,3,29,0,[],29.30403140297858,"(29, 152)",,[0],"{""feature_selection"": {""concat"": [""mean""], ""even"": [""mean""], ""odd"": [""mean""]}, ""n_chunks"": 16, ""parameter_selection"": {""mean"": {""likelihood"": ""lognormal""}}, ""rem_profile_params"": {""rem_stage"": 2, ""step_size_hours"": 1, ""window_size_hours"": 6}, ""tau_threshold"": 5.0}",run_output_8day_rem_w6_s1_stage2_no_pareto,rem_w6_s1_stage2
129,04746e3cd6b33dd8,ok,,"even: mean; odd: mean, range",mean=lognormal; range=beta,16,5.0,2,1,2,269.82362222975576,269.82362222975576,9.30426283550882,3.101420945169606,0.0166490600545615,3.101420945169606,0.0166490600545615,-534.9170914866093,1.0,924.0,1085.0,0.9987892253799042,0,8,0.1529853805045448,0.8005474740910864,6.718073389907201,1.4499768118045868,5.382900864560023,6.633834983012627,7.379093929153862,0.6685355650838591,1.155253709719882,2,False,,False,3,3,29,0,[],42.49147015798371,"(29, 184)",,[0],"{""feature_selection"": {""even"": [""mean""], ""odd"": [""mean"", ""range""]}, ""n_chunks"": 16, ""parameter_selection"": {""mean"": {""likelihood"": ""lognormal""}, ""range"": {""likelihood"": ""beta""}}, ""rem_profile_params"": {""rem_stage"": 2, ""step_size_hours"": 1, ""window_size_hours"": 2}, ""tau_threshold"": 5.0}",run_output_8day_rem_w2_s1_stage2_no_pareto,rem_w2_s1_stage2
166,2725b87bcd2319ac,ok,,"concat: mean; even: mean, range; odd: range",mean=lognormal; range=lognormal,16,5.0,3,1,2,359.751987078351,359.751987078351,12.40524093373624,3.1013102334340608,0.0117943176312168,3.1013102334340608,0.0117943176312168,-722.0704924336906,1.0,1257.0,1221.0,1.0415051081610838,0,7,0.6906364453176139,0.9933418258756436,6.825807802551887,0.4431994085408272,6.092898268163614,6.399629638704456,6.706361009245298,0.8257163083774345,1.278790441538855,3,False,,False,4,4,29,0,[],45.84292650298448,"(29, 176)",,[0],"{""feature_selection"": {""concat"": [""mean""], ""even"": [""mean"", ""range""], ""odd"": [""range""]}, ""n_chunks"": 16, ""parameter_selection"": {""mean"": {""likelihood"": ""lognormal""}, ""range"": {""likelihood"": ""lognormal""}}, ""rem_profile_params"": {""rem_stage"": 2, ""step_size_hours"": 1, ""window_size_hours"": 3}, ""tau_threshold"": 5.0}",run_output_8day_rem_w3_s1_stage2_no_pareto,rem_w3_s1_stage2
179,3b23cadeed7e5316,ok,,"concat: range; even: mean, range; odd: mean",mean=student_t; range=beta,16,5.0,2,2,2,359.57495767113835,359.57495767113835,12.399136471418563,3.0997841178546404,0.0095410839529753,3.0997841178546404,0.0095410839529753,-720.6001960518087,1.0,1438.0,1490.0,0.8807902669469001,0,7,0.5262517460456254,0.9907401257757428,7.037476872403094,0.6087978598181957,6.184322973596247,6.5391523412157415,6.893981708835236,0.8798673323130258,1.1120467006528365,3,False,,False,4,4,29,0,[],89.69382822996704,"(29, 96)",,[0],"{""feature_selection"": {""concat"": [""range""], ""even"": [""mean"", ""range""], ""odd"": [""mean""]}, ""n_chunks"": 16, ""parameter_selection"": {""mean"": {""likelihood"": ""student_t""}, ""range"": {""likelihood"": ""beta""}}, ""rem_profile_params"": {""rem_stage"": 2, ""step_size_hours"": 2, ""window_size_hours"": 2}, ""tau_threshold"": 5.0}",run_output_8day_rem_w2_s2_stage2_no_pareto,rem_w2_s2_stage2
119,06b606cf515552af,ok,,"concat: range; odd: mean, range",mean=student_t; range=beta,16,5.0,3,1,2,269.3920158959823,269.3920158959823,9.289379858482148,3.096459952827382,0.0167839608208947,3.096459952827382,0.0167839608208947,-534.8757818782067,1.0,1254.0,1349.0,0.930739448509138,0,7,0.5593978645513269,0.9863838315304516,7.332260508507632,0.6693130173698407,6.385559054051671,6.808125586401872,7.353140549096158,0.9781055316350402,1.33718893986263,2,False,,False,3,3,29,0,[],59.37440256302944,"(29, 176)",,[0],"{""feature_selection"": {""concat"": [""range""], ""odd"": [""mean"", ""range""]}, ""n_chunks"": 16, ""parameter_selection"": {""mean"": {""likelihood"": ""student_t""}, ""range"": {""likelihood"": ""beta""}}, ""rem_profile_params"": {""rem_stage"": 2, ""step_size_hours"": 1, ""window_size_hours"": 3}, ""tau_threshold"": 5.0}",run_output_8day_rem_w3_s1_stage2_no_pareto,rem_w3_s1_stage2
202,a70d0964b4005958,ok,,"concat: mean, range; even: mean, range; odd: range",mean=lognormal; range=lognormal,16,5.0,3,1,2,448.7207206171567,448.7207206171567,15.473128297143337,3.0946256594286674,0.0098682179150408,3.0946256594286674,0.0098682179150408,-898.0448359942098,1.0,2719.0,2021.0,1.0322715109299043,0,7,0.8262342492365701,0.9945452652868082,6.910642052442645,0.3060745334631647,6.181372324427028,6.454327213982292,6.727282103537556,0.9161193216968424,0.940166178771898,4,False,,False,5,5,29,0,[],59.18073017097777,"(29, 176)",,[0],"{""feature_selection"": {""concat"": [""mean"", ""range""], ""even"": [""mean"", ""range""], ""odd"": [""range""]}, ""n_chunks"": 16, ""parameter_selection"": {""mean"": {""likelihood"": ""lognormal""}, ""range"": {""likelihood"": ""lognormal""}}, ""rem_profile_params"": {""rem_stage"": 2, ""step_size_hours"": 1, ""window_size_hours"": 3}, ""tau_threshold"": 5.0}",run_output_8day_rem_w3_s1_stage2_no_pareto,rem_w3_s1_stage2
173,a70564757f943388,ok,,"concat: mean; even: range; odd: mean, range",mean=lognormal; range=beta,16,5.0,2,2,2,358.84620974205785,358.84620974205785,12.374007232484754,3.093501808121188,0.014577843453634,3.093501808121188,0.014577843453634,-710.9576670030995,1.01,2061.0,2120.0,0.9055383136722888,0,7,0.6112143992779414,0.9999985816380066,6.56410628129831,0.4991961533124889,5.571374452181955,6.111373878013942,6.557157365962019,0.5624596250337757,1.115661852608898,4,False,,False,4,4,29,0,[],63.87739397602854,"(29, 96)",,[0],"{""feature_selection"": {""concat"": [""mean""], ""even"": [""range""], ""odd"": [""mean"", ""range""]}, ""n_chunks"": 16, ""parameter_selection"": {""mean"": {""likelihood"": ""lognormal""}, ""range"": {""likelihood"": ""beta""}}, ""rem_profile_params"": {""rem_stage"": 2, ""step_size_hours"": 2, ""window_size_hours"": 2}, ""tau_threshold"": 5.0}",run_output_8day_rem_w2_s2_stage2_no_pareto,rem_w2_s2_stage2
179,8b05d3bb56a2de30,ok,,"concat: range; even: mean, range; odd: mean",mean=student_t; range=beta,16,5.0,3,1,2,357.7483823982688,357.7483823982688,12.336151117181682,3.084037779295421,0.010738311804952,3.084037779295421,0.010738311804952,-714.9989936679867,1.0,1500.0,1411.0,0.9215980460573328,0,7,0.5537024064311231,0.982032206943233,7.317432945898551,0.6636749124119571,6.374981045999989,6.792135334378853,7.334091558776579,0.9747256329649828,0.6343316399138855,0,False,,False,4,4,29,0,[],87.99427905498305,"(29, 176)",,[0],"{""feature_selection"": {""concat"": [""range""], ""even"": [""mean"", ""range""], ""odd"": [""mean""]}, ""n_chunks"": 16, ""parameter_selection"": {""mean"": {""likelihood"": ""student_t""}, ""range"": {""likelihood"": ""beta""}}, ""rem_profile_params"": {""rem_stage"": 2, ""step_size_hours"": 1, ""window_size_hours"": 3}, ""tau_threshold"": 5.0}",run_output_8day_rem_w3_s1_stage2_no_pareto,rem_w3_s1_stage2
173,3a54608e0b1f86c6,ok,,"concat: mean; even: range; odd: mean, range",mean=lognormal; range=beta,16,5.0,3,1,2,357.64271486029094,357.64271486029094,12.33250740897555,3.0831268522438866,0.0136190821927287,3.0831268522438866,0.0136190821927287,-714.6636104694124,1.0,1418.0,1999.0,0.9801734089902756,0,7,0.6221858678561856,0.985910103803984,6.722676061520653,0.5793637467004906,5.9873199691156485,6.3342770458837006,6.67265491333042,0.7469702350851422,1.7059864905981557,5,False,,False,4,4,29,0,[],63.87541594100185,"(29, 176)",,[0],"{""feature_selection"": {""concat"": [""mean""], ""even"": [""range""], ""odd"": [""mean"", ""range""]}, ""n_chunks"": 16, ""parameter_selection"": {""mean"": {""likelihood"": ""lognormal""}, ""range"": {""likelihood"": ""beta""}}, ""rem_profile_params"": {""rem_stage"": 2, ""step_size_hours"": 1, ""window_size_hours"": 3}, ""tau_threshold"": 5.0}",run_output_8day_rem_w3_s1_stage2_no_pareto,rem_w3_s1_stage2
69,8316eb739b97eea4,ok,,"concat: mean, range; odd: mean",mean=lognormal; range=beta,16,5.0,6,1,2,268.20749166608925,268.20749166608925,9.248534195382389,3.082844731794129,0.0173226353301713,3.082844731794129,0.0173226353301713,-530.2839206511492,1.0,1651.0,1738.0,0.9274863734512372,0,7,0.5329134399131442,0.9615871750640168,6.507437213499728,0.5873592826840908,5.511302252728322,6.0874066537254325,6.544870009073321,0.5477670247811225,1.1987531374438636,2,False,,False,3,3,29,0,[],27.641916818975005,"(29, 152)",,[0],"{""feature_selection"": {""concat"": [""mean"", ""range""], ""odd"": [""mean""]}, ""n_chunks"": 16, ""parameter_selection"": {""mean"": {""likelihood"": ""lognormal""}, ""range"": {""likelihood"": ""beta""}}, ""rem_profile_params"": {""rem_stage"": 2, ""step_size_hours"": 1, ""window_size_hours"": 6}, ""tau_threshold"": 5.0}",run_output_8day_rem_w6_s1_stage2_no_pareto,rem_w6_s1_stage2
154,ea16380ea7cabf4f,ok,,"concat: mean, range; even: range; odd: range",mean=lognormal; range=lognormal,16,5.0,2,2,2,357.3179578138277,357.3179578138277,12.32130889013199,3.080327222532998,0.009754320646169,3.080327222532998,0.009754320646169,-714.8231783018012,1.0,2760.0,2575.0,0.99831511448903,0,7,0.6915297456641594,0.999208447676317,6.763463481512914,0.4272354454277186,6.018564366750532,6.345755915767706,6.6729474647848805,0.7641846319123274,0.9865078775975124,1,False,,False,4,4,29,0,[],44.33010623900918,"(29, 96)",,[0],"{""feature_selection"": {""concat"": [""mean"", ""range""], ""even"": [""range""], ""odd"": [""range""]}, ""n_chunks"": 16, ""parameter_selection"": {""mean"": {""likelihood"": ""lognormal""}, ""range"": {""likelihood"": ""lognormal""}}, ""rem_profile_params"": {""rem_stage"": 2, ""step_size_hours"": 2, ""window_size_hours"": 2}, ""tau_threshold"": 5.0}",run_output_8day_rem_w2_s2_stage2_no_pareto,rem_w2_s2_stage2
87,a8c16004e401ee9a,ok,,concat: mean; even: range; odd: mean,mean=lognormal; range=beta,16,5.0,6,1,2,267.78421347114323,267.78421347114323,9.233938395556663,3.077979465185554,0.0148894162073264,3.077979465185554,0.0148894162073264,-535.9786111173637,1.0,2299.0,1631.0,0.9785428587036368,0,7,0.9708138103613932,0.9995860490465778,6.990584304748854,0.1094172211922296,6.243459310949417,6.495653068764599,6.747846826579781,0.991341531466289,1.2567954184554997,2,False,,False,3,3,29,0,[],35.529643779969774,"(29, 152)",,[0],"{""feature_selection"": {""concat"": [""mean""], ""even"": [""range""], ""odd"": [""mean""]}, ""n_chunks"": 16, ""parameter_selection"": {""mean"": {""likelihood"": ""lognormal""}, ""range"": {""likelihood"": ""beta""}}, ""rem_profile_params"": {""rem_stage"": 2, ""step_size_hours"": 1, ""window_size_hours"": 6}, ""tau_threshold"": 5.0}",run_output_8day_rem_w6_s1_stage2_no_pareto,rem_w6_s1_stage2
180,3bd28a2d0979b909,ok,,"concat: range; even: mean, range; odd: mean",mean=student_t; range=lognormal,16,5.0,2,1,2,356.92709458756684,356.92709458756684,12.307830847847132,3.076957711961783,0.0111160571662722,3.076957711961783,0.0111160571662722,-714.115651873224,1.0,895.0,1255.0,0.9361021176518451,0,7,0.3791419098247082,0.9383352251510124,7.067874281533811,0.973626853612284,6.217268224087013,6.66791781642889,7.208299134669212,0.8705305784023574,0.6955956298833468,0,False,,False,4,4,29,0,[],65.75829157902626,"(29, 184)",,[0],"{""feature_selection"": {""concat"": [""range""], ""even"": [""mean"", ""range""], ""odd"": [""mean""]}, ""n_chunks"": 16, ""parameter_selection"": {""mean"": {""likelihood"": ""student_t""}, ""range"": {""likelihood"": ""lognormal""}}, ""rem_profile_params"": {""rem_stage"": 2, ""step_size_hours"": 1, ""window_size_hours"": 2}, ""tau_threshold"": 5.0}",run_output_8day_rem_w2_s1_stage2_no_pareto,rem_w2_s1_stage2
199,a4098d4a89460b5e,ok,,"concat: mean, range; even: mean, range; odd: mean",mean=student_t; range=beta,16,5.0,6,1,2,445.9952662303612,445.9952662303612,15.379147111391765,3.075829422278352,0.0097411515702243,3.075829422278352,0.0097411515702243,-895.6485692485145,1.01,521.0,389.0,0.8728492096272237,1,5,0.2473169526590347,0.44299668084992,5.448053769337169,1.216104251003261,4.315769081830756,4.872954359227346,5.639536023996222,0.1412205906713621,0.890234667427984,3,False,,False,5,5,29,0,[],118.78650313196704,"(29, 152)",,[0],"{""feature_selection"": {""concat"": [""mean"", ""range""], ""even"": [""mean"", ""range""], ""odd"": [""mean""]}, ""n_chunks"": 16, ""parameter_selection"": {""mean"": {""likelihood"": ""student_t""}, ""range"": {""likelihood"": ""beta""}}, ""rem_profile_params"": {""rem_stage"": 2, ""step_size_hours"": 1, ""window_size_hours"": 6}, ""tau_threshold"": 5.0}",run_output_8day_rem_w6_s1_stage2_no_pareto,rem_w6_s1_stage2
139,62041b2cc168c97c,ok,,"concat: mean, range; even: mean, range",mean=student_t; range=beta,16,5.0,6,1,2,356.63065428281203,356.63065428281203,12.297608768372829,3.074402192093208,0.008642135015444,3.074402192093208,0.008642135015444,-715.2864401290559,1.0,619.0,496.0,0.8637100048981874,0,5,0.2627974870431685,0.3968335803710998,5.38938842734988,1.205517864804288,4.283751870868992,4.7907707218427245,5.562770445485194,0.1359215485665385,0.6892624837366361,0,False,,False,4,4,29,0,[],71.30562212399673,"(29, 152)",,[0],"{""feature_selection"": {""concat"": [""mean"", ""range""], ""even"": [""mean"", ""range""]}, ""n_chunks"": 16, ""parameter_selection"": {""mean"": {""likelihood"": ""student_t""}, ""range"": {""likelihood"": ""beta""}}, ""rem_profile_params"": {""rem_stage"": 2, ""step_size_hours"": 1, ""window_size_hours"": 6}, ""tau_threshold"": 5.0}",run_output_8day_rem_w6_s1_stage2_no_pareto,rem_w6_s1_stage2
65,8b74f12bd2355514,ok,,"concat: mean, range; even: range",mean=lognormal; range=beta,16,5.0,6,1,2,267.1236728937119,267.1236728937119,9.211161134265929,3.070387044755309,0.0099673223325426,3.070387044755309,0.0099673223325426,-533.8627014277092,1.01,1158.0,1455.0,0.8733051364044234,0,7,0.4932406805342895,0.9309011439201468,6.3997583910855065,0.6327107494823325,5.395343914099085,5.941697443894339,6.471840530360155,0.4733219642016818,0.8828989603584112,1,False,,False,3,3,29,0,[],31.48004013497848,"(29, 152)",,[0],"{""feature_selection"": {""concat"": [""mean"", ""range""], ""even"": [""range""]}, ""n_chunks"": 16, ""parameter_selection"": {""mean"": {""likelihood"": ""lognormal""}, ""range"": {""likelihood"": ""beta""}}, ""rem_profile_params"": {""rem_stage"": 2, ""step_size_hours"": 1, ""window_size_hours"": 6}, ""tau_threshold"": 5.0}",run_output_8day_rem_w6_s1_stage2_no_pareto,rem_w6_s1_stage2
92,af58b9dce7ed28f6,ok,,concat: mean; even: range; odd: range,mean=lognormal; range=lognormal,16,5.0,2,2,2,266.5664536385061,266.5664536385061,9.191946677189868,3.063982225729956,0.0122475321829693,3.063982225729956,0.0122475321829693,-535.5150077853093,1.0,2470.0,2008.0,0.9502985628441694,0,7,0.5772097300208168,0.9953407285237104,6.630455169837775,0.52882951070367,5.659979806394103,6.202675295072033,6.61261399097195,0.6236009780847297,1.0845669341038742,3,False,,False,3,3,29,0,[],30.24454027501633,"(29, 96)",,[0],"{""feature_selection"": {""concat"": [""mean""], ""even"": [""range""], ""odd"": [""range""]}, ""n_chunks"": 16, ""parameter_selection"": {""mean"": {""likelihood"": ""lognormal""}, ""range"": {""likelihood"": ""lognormal""}}, ""rem_profile_params"": {""rem_stage"": 2, ""step_size_hours"": 2, ""window_size_hours"": 2}, ""tau_threshold"": 5.0}",run_output_8day_rem_w2_s2_stage2_no_pareto,rem_w2_s2_stage2
202,110c9ff319b621b5,ok,,"concat: mean, range; even: mean, range; odd: range",mean=lognormal; range=lognormal,16,5.0,2,2,2,443.8780088704133,443.8780088704133,15.306138236910805,3.061227647382161,0.0101638324020301,3.061227647382161,0.0101638324020301,-887.1200077544493,1.01,2700.0,2306.0,1.0715448438179782,0,7,0.7679353290317927,0.9994518461509714,6.856212675142806,0.3528314696778701,6.124516803907847,6.416390448985521,6.708264094063195,0.8566530037978504,0.9853682345442408,2,False,,False,5,5,29,0,[],58.35480088897748,"(29, 96)",,[0],"{""feature_selection"": {""concat"": [""mean"", ""range""], ""even"": [""mean"", ""range""], ""odd"": [""range""]}, ""n_chunks"": 16, ""parameter_selection"": {""mean"": {""likelihood"": ""lognormal""}, ""range"": {""likelihood"": ""lognormal""}}, ""rem_profile_params"": {""rem_stage"": 2, ""step_size_hours"": 2, ""window_size_hours"": 2}, ""tau_threshold"": 5.0}",run_output_8day_rem_w2_s2_stage2_no_pareto,rem_w2_s2_stage2
74,9bc56f3727f76a13,ok,,"concat: mean, range; odd: range",mean=lognormal; range=lognormal,16,5.0,6,1,2,266.2793164449906,266.2793164449906,9.18204539465485,3.0606817982182832,0.0089293823680748,3.0606817982182832,0.0089293823680748,-533.6121560802266,1.0,5007.0,2390.0,1.0479337698707942,0,7,0.9605367610238158,0.9998064193446476,6.9867379412746535,0.1161460829963867,6.240070524996993,6.493380906507208,6.746691288017424,0.9869331682792783,0.8684916200074277,2,False,,False,3,3,29,0,[],12.979474833991844,"(29, 152)",,[0],"{""feature_selection"": {""concat"": [""mean"", ""range""], ""odd"": [""range""]}, ""n_chunks"": 16, ""parameter_selection"": {""mean"": {""likelihood"": ""lognormal""}, ""range"": {""likelihood"": ""lognormal""}}, ""rem_profile_params"": {""rem_stage"": 2, ""step_size_hours"": 1, ""window_size_hours"": 6}, ""tau_threshold"": 5.0}",run_output_8day_rem_w6_s1_stage2_no_pareto,rem_w6_s1_stage2
9,753d0ba523d96f42,ok,,"concat: mean; even: mean, range; odd: mean, range",mean=lognormal; range=beta,16,5.0,2,2,2,442.8124210272081,442.8124210272081,15.269393828524416,3.053878765704884,0.0134740977592843,3.053878765704884,0.0134740977592843,-885.1725985253198,1.0,2086.0,2453.0,1.000451016196059,0,7,0.6580475334108515,0.9999995381551376,6.7120526194439005,0.4562016027167782,5.863592135539157,6.296926042268848,6.649550426868899,0.7105115636044451,1.5813547859884216,5,False,,False,5,5,29,0,[],45.93403073796071,"(29, 96)",,[0],"{""feature_selection"": {""concat"": [""mean""], ""even"": [""mean"", ""range""], ""odd"": [""mean"", ""range""]}, ""n_chunks"": 16, ""parameter_selection"": {""mean"": {""likelihood"": ""lognormal""}, ""range"": {""likelihood"": ""beta""}}, ""rem_profile_params"": {""rem_stage"": 2, ""step_size_hours"": 2, ""window_size_hours"": 2}, ""tau_threshold"": 5.0}",run_output_8day_rem_w2_s2_stage2_no_pareto,rem_w2_s2_stage2
36,211a441b3a88a41b,ok,,concat: range; odd: mean,mean=lognormal; range=lognormal,16,5.0,2,1,2,177.01225746410677,177.01225746410677,6.103870947038164,3.051935473519082,0.0233395473779273,3.051935473519082,0.0233395473779273,-348.5672943706926,1.0,1260.0,1118.0,0.975368011542354,0,7,0.2435960446789687,0.8463644547213325,6.564430399646485,1.2170277543888857,5.647197389906904,6.362836868884431,6.822195086531714,0.6974694557238951,1.3051037243122188,2,False,,False,2,2,29,0,[],20.861087811994366,"(29, 184)",,[0],"{""feature_selection"": {""concat"": [""range""], ""odd"": [""mean""]}, ""n_chunks"": 16, ""parameter_selection"": {""mean"": {""likelihood"": ""lognormal""}, ""range"": {""likelihood"": ""lognormal""}}, ""rem_profile_params"": {""rem_stage"": 2, ""step_size_hours"": 1, ""window_size_hours"": 2}, ""tau_threshold"": 5.0}",run_output_8day_rem_w2_s1_stage2_no_pareto,rem_w2_s1_stage2
77,722fb3113843b462,ok,,"concat: mean; even: mean, range",mean=lognormal; range=beta,16,5.0,6,1,2,265.50362088571904,265.50362088571904,9.155297271921349,3.0517657573071157,0.0132894489429175,3.0517657573071157,0.0132894489429175,-536.8479686873702,1.0,2333.0,1982.0,0.9727019176972834,0,7,0.9126551481462344,0.9955348907370624,6.973332878354219,0.2688384700852327,6.234259949109005,6.491398051243277,6.748536153377549,0.9777569399134394,1.7008931480313374,2,False,,False,3,3,29,0,[],26.514904779964127,"(29, 152)",,[0],"{""feature_selection"": {""concat"": [""mean""], ""even"": [""mean"", ""range""]}, ""n_chunks"": 16, ""parameter_selection"": {""mean"": {""likelihood"": ""lognormal""}, ""range"": {""likelihood"": ""beta""}}, ""rem_profile_params"": {""rem_stage"": 2, ""step_size_hours"": 1, ""window_size_hours"": 6}, ""tau_threshold"": 5.0}",run_output_8day_rem_w6_s1_stage2_no_pareto,rem_w6_s1_stage2
207,b27a457e60137a29,ok,,"concat: mean, range; even: mean; odd: mean, range",mean=student_t; range=beta,16,5.0,6,1,2,442.4441523323118,442.4441523323118,15.25669490801075,3.051338981602151,0.0105657797486274,3.051338981602151,0.0105657797486274,-885.9297626067113,1.0,3052.0,1900.0,0.963023790953252,0,5,0.9649783407094172,0.0114287536586406,5.0114703926842585,0.1068857313447565,4.252890036200607,4.505780318451754,4.758670600702902,4.206169032051808e-05,1.1770707894779266,2,False,,False,5,5,29,0,[],114.49021164799342,"(29, 152)",,[0],"{""feature_selection"": {""concat"": [""mean"", ""range""], ""even"": [""mean""], ""odd"": [""mean"", ""range""]}, ""n_chunks"": 16, ""parameter_selection"": {""mean"": {""likelihood"": ""student_t""}, ""range"": {""likelihood"": ""beta""}}, ""rem_profile_params"": {""rem_stage"": 2, ""step_size_hours"": 1, ""window_size_hours"": 6}, ""tau_threshold"": 5.0}",run_output_8day_rem_w6_s1_stage2_no_pareto,rem_w6_s1_stage2
10,3963f3855dad69b7,ok,,odd: mean,mean=student_t,16,5.0,6,1,2,88.39891358956383,88.39891358956383,3.048238399640132,3.0482383996401325,0.0235806627613155,3.0482383996401325,0.0235806627613155,-177.2348852065354,1.0,1467.0,1860.0,0.9556146162827636,0,6,0.0022693911693891,0.5426917440490318,5.605671685672534,1.703749159775225,3.60881274394146,5.227094827396272,6.584683158285241,0.3547009186369831,0.5739434717587883,0,False,,False,1,1,29,0,[],17.315536347043235,"(29, 152)",,[0],"{""feature_selection"": {""odd"": [""mean""]}, ""n_chunks"": 16, ""parameter_selection"": {""mean"": {""likelihood"": ""student_t""}}, ""rem_profile_params"": {""rem_stage"": 2, ""step_size_hours"": 1, ""window_size_hours"": 6}, ""tau_threshold"": 5.0}",run_output_8day_rem_w6_s1_stage2_no_pareto,rem_w6_s1_stage2
60,0e926220b1f94005,ok,,"odd: mean, range",mean=student_t; range=lognormal,16,5.0,2,1,2,176.68030400812395,176.68030400812395,6.092424276142205,3.046212138071103,0.0167231728453094,3.046212138071103,0.0167231728453094,-354.9910586791849,1.01,1055.0,730.0,0.9554585056140452,0,4,0.2869811414698371,0.3018102157283304,4.96028599858045,1.5043801078524062,3.355003449437129,3.768883053915309,5.681553848733694,0.2257924281029034,0.9132319331966688,3,False,,False,2,2,29,0,[],26.05010355496779,"(29, 184)",,[0],"{""feature_selection"": {""odd"": [""mean"", ""range""]}, ""n_chunks"": 16, ""parameter_selection"": {""mean"": {""likelihood"": ""student_t""}, ""range"": {""likelihood"": ""lognormal""}}, ""rem_profile_params"": {""rem_stage"": 2, ""step_size_hours"": 1, ""window_size_hours"": 2}, ""tau_threshold"": 5.0}",run_output_8day_rem_w2_s1_stage2_no_pareto,rem_w2_s1_stage2
208,38c622b609b0d87d,ok,,"concat: mean, range; even: mean; odd: mean, range",mean=student_t; range=lognormal,16,5.0,6,1,2,441.2761261168523,441.2761261168523,15.216418141960425,3.0432836283920848,0.0094180625009095,3.0432836283920848,0.0094180625009095,-883.9046719130923,1.0,1712.0,1557.0,0.9743103732404572,0,7,0.7866972851408051,0.9934042950831128,6.985827690878025,0.3318094684992916,6.221550693587047,6.495993667223005,6.7704366408589625,0.9518185150195618,1.0754076050063557,2,False,,False,5,5,29,0,[],93.24900131096364,"(29, 152)",,[0],"{""feature_selection"": {""concat"": [""mean"", ""range""], ""even"": [""mean""], ""odd"": [""mean"", ""range""]}, ""n_chunks"": 16, ""parameter_selection"": {""mean"": {""likelihood"": ""student_t""}, ""range"": {""likelihood"": ""lognormal""}}, ""rem_profile_params"": {""rem_stage"": 2, ""step_size_hours"": 1, ""window_size_hours"": 6}, ""tau_threshold"": 5.0}",run_output_8day_rem_w6_s1_stage2_no_pareto,rem_w6_s1_stage2
109,d615e1db7b25ed18,ok,,concat: range; even: mean; odd: range,mean=student_t; range=beta,16,5.0,3,1,2,264.52024145990225,264.52024145990225,9.121387636548354,3.040462545516118,0.0132947034250721,3.040462545516118,0.0132947034250721,-527.3946096886079,1.0,1423.0,1449.0,0.9849070923202864,0,8,0.5908085285544598,0.9968605380814894,7.503454896040706,0.5459066659659161,6.510480771002642,7.031300621207973,7.515650310603987,0.9938573533585816,1.51858909020387,2,False,,False,3,3,29,0,[],55.58133637602441,"(29, 176)",,[0],"{""feature_selection"": {""concat"": [""range""], ""even"": [""mean""], ""odd"": [""range""]}, ""n_chunks"": 16, ""parameter_selection"": {""mean"": {""likelihood"": ""student_t""}, ""range"": {""likelihood"": ""beta""}}, ""rem_profile_params"": {""rem_stage"": 2, ""step_size_hours"": 1, ""window_size_hours"": 3}, ""tau_threshold"": 5.0}",run_output_8day_rem_w3_s1_stage2_no_pareto,rem_w3_s1_stage2
166,2288a5cd8c34f111,ok,,"concat: mean; even: mean, range; odd: range",mean=lognormal; range=lognormal,16,5.0,2,2,2,352.4284505163521,352.4284505163521,12.152705190219038,3.03817629755476,0.0125603810788814,3.03817629755476,0.0125603810788814,-708.2703803555827,1.01,1656.0,1599.0,1.0512022057927723,0,7,0.6288275605312954,0.9975665465735318,6.7665261663372105,0.4738051993241205,6.000937803725623,6.342571196540731,6.684204589355839,0.7506862646811947,1.1991887812761466,5,False,,False,4,4,29,0,[],45.57616434403462,"(29, 96)",,[0],"{""feature_selection"": {""concat"": [""mean""], ""even"": [""mean"", ""range""], ""odd"": [""range""]}, ""n_chunks"": 16, ""parameter_selection"": {""mean"": {""likelihood"": ""lognormal""}, ""range"": {""likelihood"": ""lognormal""}}, ""rem_profile_params"": {""rem_stage"": 2, ""step_size_hours"": 2, ""window_size_hours"": 2}, ""tau_threshold"": 5.0}",run_output_8day_rem_w2_s2_stage2_no_pareto,rem_w2_s2_stage2
147,b5afda9d8241d35a,ok,,"concat: mean, range; even: mean; odd: range",mean=student_t; range=beta,16,5.0,6,1,2,352.25490277869415,352.25490277869415,12.146720785472212,3.0366801963680525,0.0093691039369483,3.0366801963680525,0.0093691039369483,-705.4684204660051,1.0,3273.0,2153.0,0.9592928198502176,0,5,0.973783654010946,0.0080440552565038,5.008066801386984,0.0897274191401983,4.252027033364532,4.504054452220935,4.756081871077337,2.3457131756647543e-05,1.1647084465819868,2,False,,False,4,4,29,0,[],74.12515655497555,"(29, 152)",,[0],"{""feature_selection"": {""concat"": [""mean"", ""range""], ""even"": [""mean""], ""odd"": [""range""]}, ""n_chunks"": 16, ""parameter_selection"": {""mean"": {""likelihood"": ""student_t""}, ""range"": {""likelihood"": ""beta""}}, ""rem_profile_params"": {""rem_stage"": 2, ""step_size_hours"": 1, ""window_size_hours"": 6}, ""tau_threshold"": 5.0}",run_output_8day_rem_w6_s1_stage2_no_pareto,rem_w6_s1_stage2
8,adf33e29c7a5280b,ok,,"concat: mean; even: mean, range; odd: mean, range",mean=lognormal; range=beta,16,5.0,3,1,2,439.52077576823854,439.52077576823854,15.155888819594432,3.0311777639188864,0.0130624942451214,3.0311777639188864,0.0130624942451214,-884.7493494737715,1.0,1235.0,830.0,0.9917544401151686,0,7,0.71491364165633,0.979279037349414,6.803413496515572,0.6299299108641291,6.125050685015971,6.418739611186578,6.7124285373571855,0.8564482466588876,1.944764255347912,5,False,,False,5,5,29,0,[],44.26692094001919,"(29, 176)",,[0],"{""feature_selection"": {""concat"": [""mean""], ""even"": [""mean"", ""range""], ""odd"": [""mean"", ""range""]}, ""n_chunks"": 16, ""parameter_selection"": {""mean"": {""likelihood"": ""lognormal""}, ""range"": {""likelihood"": ""beta""}}, ""rem_profile_params"": {""rem_stage"": 2, ""step_size_hours"": 1, ""window_size_hours"": 3}, ""tau_threshold"": 5.0}",run_output_8day_rem_w3_s1_stage2_no_pareto,rem_w3_s1_stage2
191,05d357282bfe2de9,ok,,"concat: range; even: range; odd: mean, range",mean=student_t; range=beta,16,5.0,2,1,2,351.42723886939035,351.42723886939035,12.118180650668632,3.029545162667158,0.0118072795667837,3.029545162667158,0.0118072795667837,-704.4758625392037,1.01,621.0,699.0,0.8709620801145921,0,6,0.3656578544394648,0.7848068685142038,5.974686476960232,0.9129683686567924,5.054829582853607,5.448642536978108,5.8424554911026085,0.1499877306933477,0.774405236222386,1,False,,False,4,4,29,0,[],92.09174942498794,"(29, 184)",,[0],"{""feature_selection"": {""concat"": [""range""], ""even"": [""range""], ""odd"": [""mean"", ""range""]}, ""n_chunks"": 16, ""parameter_selection"": {""mean"": {""likelihood"": ""student_t""}, ""range"": {""likelihood"": ""beta""}}, ""rem_profile_params"": {""rem_stage"": 2, ""step_size_hours"": 1, ""window_size_hours"": 2}, ""tau_threshold"": 5.0}",run_output_8day_rem_w2_s1_stage2_no_pareto,rem_w2_s1_stage2
66,370605723d1ca644,ok,,"concat: mean, range; even: range",mean=lognormal; range=lognormal,16,5.0,6,1,2,263.5157821151682,263.5157821151682,9.086751107419593,3.028917035806531,0.0113538283306686,3.028917035806531,0.0113538283306686,-527.3766241325185,1.0,5166.0,2790.0,1.079330280979944,0,7,0.9941620748567572,0.9999228951198296,6.998591540317173,0.0396574389359575,6.249001380348474,6.499334642967085,6.749667905585695,0.99866989083252,0.9033835278974754,1,False,,False,3,3,29,0,[],27.25533356697997,"(29, 152)",,[0],"{""feature_selection"": {""concat"": [""mean"", ""range""], ""even"": [""range""]}, ""n_chunks"": 16, ""parameter_selection"": {""mean"": {""likelihood"": ""lognormal""}, ""range"": {""likelihood"": ""lognormal""}}, ""rem_profile_params"": {""rem_stage"": 2, ""step_size_hours"": 1, ""window_size_hours"": 6}, ""tau_threshold"": 5.0}",run_output_8day_rem_w6_s1_stage2_no_pareto,rem_w6_s1_stage2
148,e2b2c1c8a085f300,ok,,"concat: mean, range; even: mean; odd: range",mean=student_t; range=lognormal,16,5.0,6,1,2,351.1311566953635,351.1311566953635,12.107970920529777,3.026992730132444,0.0078345961367186,3.026992730132444,0.0078345961367186,-703.3741937013185,1.0,2076.0,1721.0,1.0529890078201842,0,7,0.7895099940110194,0.991951659155406,6.977838673024665,0.3342579743097667,6.21868570840988,6.492420917722109,6.766156127034338,0.949723766773862,0.911804633992882,2,False,,False,4,4,29,0,[],55.94574313698104,"(29, 152)",,[0],"{""feature_selection"": {""concat"": [""mean"", ""range""], ""even"": [""mean""], ""odd"": [""range""]}, ""n_chunks"": 16, ""parameter_selection"": {""mean"": {""likelihood"": ""student_t""}, ""range"": {""likelihood"": ""lognormal""}}, ""rem_profile_params"": {""rem_stage"": 2, ""step_size_hours"": 1, ""window_size_hours"": 6}, ""tau_threshold"": 5.0}",run_output_8day_rem_w6_s1_stage2_no_pareto,rem_w6_s1_stage2
108,a1871d9021fbe322,ok,,concat: range; even: mean; odd: range,mean=lognormal; range=lognormal,16,5.0,2,1,2,262.9882951385451,262.9882951385451,9.06856190132914,3.0228539671097137,0.0104146593346263,3.0228539671097137,0.0104146593346263,-529.0345727797046,1.0,918.0,1242.0,0.939735029660455,0,7,0.3404418646699259,0.7692317773624757,6.364264432322546,1.3089014282431424,5.337964289445477,6.338753615381293,6.737611968808842,0.7123270156374111,1.1395929528616953,3,False,,False,3,3,29,0,[],33.0305333060096,"(29, 184)",,[0],"{""feature_selection"": {""concat"": [""range""], ""even"": [""mean""], ""odd"": [""range""]}, ""n_chunks"": 16, ""parameter_selection"": {""mean"": {""likelihood"": ""lognormal""}, ""range"": {""likelihood"": ""lognormal""}}, ""rem_profile_params"": {""rem_stage"": 2, ""step_size_hours"": 1, ""window_size_hours"": 2}, ""tau_threshold"": 5.0}",run_output_8day_rem_w2_s1_stage2_no_pareto,rem_w2_s1_stage2
200,80b7b087743f84b3,ok,,"concat: mean, range; even: mean, range; odd: mean",mean=student_t; range=lognormal,16,5.0,6,1,2,437.97527659030544,437.97527659030544,15.102595744493293,3.020519148898658,0.0102605777178063,3.020519148898658,0.0102605777178063,-879.6548352592671,1.01,950.0,564.0,0.9406431075590443,0,7,0.796637828788677,0.9984129406058286,7.092458381714717,0.3202700127166638,6.273028936663998,6.552641755696902,6.832254574729806,0.9941133936637124,1.235061988233777,2,False,,False,5,5,29,0,[],87.67556623194832,"(29, 152)",,[0],"{""feature_selection"": {""concat"": [""mean"", ""range""], ""even"": [""mean"", ""range""], ""odd"": [""mean""]}, ""n_chunks"": 16, ""parameter_selection"": {""mean"": {""likelihood"": ""student_t""}, ""range"": {""likelihood"": ""lognormal""}}, ""rem_profile_params"": {""rem_stage"": 2, ""step_size_hours"": 1, ""window_size_hours"": 6}, ""tau_threshold"": 5.0}",run_output_8day_rem_w6_s1_stage2_no_pareto,rem_w6_s1_stage2
140,8a3eb3722c158f38,ok,,"concat: mean, range; even: mean, range",mean=student_t; range=lognormal,16,5.0,6,1,2,349.8782176808735,349.8782176808735,12.064766126926672,3.016191531731668,0.009738576619932,3.016191531731668,0.009738576619932,-701.994443496703,1.0,1971.0,1085.0,1.0132606043624637,0,7,0.8050509027178472,0.9976141396205932,7.083111510358818,0.3149446594877479,6.270244321778522,6.547479723055193,6.824715124331863,0.9936957189937194,1.02941651482538,2,False,,False,4,4,29,0,[],53.13585408194922,"(29, 152)",,[0],"{""feature_selection"": {""concat"": [""mean"", ""range""], ""even"": [""mean"", ""range""]}, ""n_chunks"": 16, ""parameter_selection"": {""mean"": {""likelihood"": ""student_t""}, ""range"": {""likelihood"": ""lognormal""}}, ""rem_profile_params"": {""rem_stage"": 2, ""step_size_hours"": 1, ""window_size_hours"": 6}, ""tau_threshold"": 5.0}",run_output_8day_rem_w6_s1_stage2_no_pareto,rem_w6_s1_stage2
99,4888733067e6d3ea,ok,,"concat: range; even: mean, range",mean=lognormal; range=beta,16,5.0,2,1,2,261.97158201986053,261.97158201986053,9.033502828271052,3.0111676094236848,0.0113275990635499,3.0111676094236848,0.0113275990635499,-525.4095626912767,1.01,506.0,1078.0,0.9405073653953324,0,6,0.0982752623395447,0.6330840238892554,5.9179712452315565,1.3573325491786508,4.502605049583234,5.388373131608003,6.361048476577622,0.2904135015020855,1.0828016664102065,3,False,,False,3,3,29,0,[],44.331993916013744,"(29, 184)",,[0],"{""feature_selection"": {""concat"": [""range""], ""even"": [""mean"", ""range""]}, ""n_chunks"": 16, ""parameter_selection"": {""mean"": {""likelihood"": ""lognormal""}, ""range"": {""likelihood"": ""beta""}}, ""rem_profile_params"": {""rem_stage"": 2, ""step_size_hours"": 1, ""window_size_hours"": 2}, ""tau_threshold"": 5.0}",run_output_8day_rem_w2_s1_stage2_no_pareto,rem_w2_s1_stage2
73,abebaa0809312bae,ok,,"concat: mean, range; odd: range",mean=lognormal; range=beta,16,5.0,6,1,2,261.8836220509138,261.8836220509138,9.03046972589358,3.01015657529786,0.0121031811302543,3.01015657529786,0.0121031811302543,-524.0773795933289,1.0,3040.0,1908.0,0.9858266330227294,0,5,0.8271996148072206,0.0867094136740617,5.090239603111224,0.2985917890260377,4.273735415296921,4.547470863860259,4.821206312423596,0.003530241769021,1.098134467134854,2,False,,False,3,3,29,0,[],39.03915503399912,"(29, 152)",,[0],"{""feature_selection"": {""concat"": [""mean"", ""range""], ""odd"": [""range""]}, ""n_chunks"": 16, ""parameter_selection"": {""mean"": {""likelihood"": ""lognormal""}, ""range"": {""likelihood"": ""beta""}}, ""rem_profile_params"": {""rem_stage"": 2, ""step_size_hours"": 1, ""window_size_hours"": 6}, ""tau_threshold"": 5.0}",run_output_8day_rem_w6_s1_stage2_no_pareto,rem_w6_s1_stage2
123,f198e6c1c8b28b4b,ok,,"even: mean, range; odd: mean",mean=student_t; range=beta,16,5.0,2,2,2,260.99768130712897,260.99768130712897,8.999920045073413,2.9999733483578046,0.0122578062098427,2.9999733483578046,0.0122578062098427,-522.5576729458267,1.0,1206.0,1832.0,0.9578647610607444,0,8,0.3201252720857845,0.9359643258815942,6.958972853394522,1.2197085126718137,5.569919122105297,6.885224377260391,7.485364992193662,0.6096648236037326,0.6484506139661034,0,False,,False,3,3,29,0,[],59.02582744898973,"(29, 96)",,[0],"{""feature_selection"": {""even"": [""mean"", ""range""], ""odd"": [""mean""]}, ""n_chunks"": 16, ""parameter_selection"": {""mean"": {""likelihood"": ""student_t""}, ""range"": {""likelihood"": ""beta""}}, ""rem_profile_params"": {""rem_stage"": 2, ""step_size_hours"": 2, ""window_size_hours"": 2}, ""tau_threshold"": 5.0}",run_output_8day_rem_w2_s2_stage2_no_pareto,rem_w2_s2_stage2
2,432ef0c7bc44a949,ok,,"concat: mean, range; even: range; odd: mean, range",mean=student_t; range=lognormal,16,5.0,6,1,2,434.8554751679921,434.8554751679921,14.995016385103176,2.999003277020635,0.0101046689370184,2.999003277020635,0.0101046689370184,-872.9388848363599,1.0,2197.0,2037.0,0.9902544118906484,0,7,0.8179102671139689,0.992130281940772,6.975351732838348,0.3083037128892674,6.221785228639022,6.491026654447525,6.760268080256028,0.955935275350947,1.2584030247489268,3,False,,False,5,5,29,0,[],41.7175361890113,"(29, 152)",,[0],"{""feature_selection"": {""concat"": [""mean"", ""range""], ""even"": [""range""], ""odd"": [""mean"", ""range""]}, ""n_chunks"": 16, ""parameter_selection"": {""mean"": {""likelihood"": ""student_t""}, ""range"": {""likelihood"": ""lognormal""}}, ""rem_profile_params"": {""rem_stage"": 2, ""step_size_hours"": 1, ""window_size_hours"": 6}, ""tau_threshold"": 5.0}",run_output_8day_rem_w6_s1_stage2_no_pareto,rem_w6_s1_stage2
132,33f6d87e43bcaf3b,ok,,"even: mean; odd: mean, range",mean=student_t; range=lognormal,16,5.0,3,1,2,260.3059385242712,260.3059385242712,8.976066845664525,2.992022281888175,0.0130809843809127,2.992022281888175,0.0130809843809127,-521.050892880843,1.02,374.0,258.0,1.0307707374682316,0,8,0.6196977893143448,0.8509402402809724,7.371850722881061,1.413711035355749,7.085288321505794,7.390192214337196,7.695096107168598,0.8376480384128232,0.9816247486080892,1,False,,False,3,3,29,0,[],46.745184245985,"(29, 176)",,[0],"{""feature_selection"": {""even"": [""mean""], ""odd"": [""mean"", ""range""]}, ""n_chunks"": 16, ""parameter_selection"": {""mean"": {""likelihood"": ""student_t""}, ""range"": {""likelihood"": ""lognormal""}}, ""rem_profile_params"": {""rem_stage"": 2, ""step_size_hours"": 1, ""window_size_hours"": 3}, ""tau_threshold"": 5.0}",run_output_8day_rem_w3_s1_stage2_no_pareto,rem_w3_s1_stage2
5,ea0bc29f95ae9964,ok,,"concat: mean, range; even: range; odd: mean, range",mean=lognormal; range=lognormal,16,5.0,3,1,2,432.6038365710473,432.6038365710473,14.9173736748637,2.98347473497274,0.0119721298602702,2.98347473497274,0.0119721298602702,-863.0446774163629,1.0,2370.0,1900.0,1.0154581736828163,0,7,0.7530966122003824,0.9903847521054784,6.8500377200220335,0.3908211079152481,6.129041071709706,6.419372325657137,6.709703579604568,0.8611153810993685,1.4841074326792654,3,False,,False,5,5,29,0,[],34.15770256501855,"(29, 176)",,[0],"{""feature_selection"": {""concat"": [""mean"", ""range""], ""even"": [""range""], ""odd"": [""mean"", ""range""]}, ""n_chunks"": 16, ""parameter_selection"": {""mean"": {""likelihood"": ""lognormal""}, ""range"": {""likelihood"": ""lognormal""}}, ""rem_profile_params"": {""rem_stage"": 2, ""step_size_hours"": 1, ""window_size_hours"": 3}, ""tau_threshold"": 5.0}",run_output_8day_rem_w3_s1_stage2_no_pareto,rem_w3_s1_stage2
124,9e64c6e3710b2644,ok,,"even: mean, range; odd: mean",mean=student_t; range=lognormal,16,5.0,2,1,2,259.3285574709032,259.3285574709032,8.9423640507208,2.980788016906934,0.0127639407227466,2.980788016906934,0.0127639407227466,-519.2343609206405,1.0,955.0,914.0,1.047447405010865,0,8,0.3053331392144798,0.8319955603397483,7.009216982148875,1.5748813835061053,6.15360197910428,7.171591798172516,7.585795899086258,0.7765742249186196,0.9096851576112752,1,False,,False,3,3,29,0,[],47.83149168698583,"(29, 184)",,[0],"{""feature_selection"": {""even"": [""mean"", ""range""], ""odd"": [""mean""]}, ""n_chunks"": 16, ""parameter_selection"": {""mean"": {""likelihood"": ""student_t""}, ""range"": {""likelihood"": ""lognormal""}}, ""rem_profile_params"": {""rem_stage"": 2, ""step_size_hours"": 1, ""window_size_hours"": 2}, ""tau_threshold"": 5.0}",run_output_8day_rem_w2_s1_stage2_no_pareto,rem_w2_s1_stage2
156,f252426697078c9c,ok,,"concat: mean, range; even: range; odd: range",mean=student_t; range=lognormal,16,5.0,6,1,2,345.67038948641346,345.67038948641346,11.919668602979774,2.979917150744944,0.0106399097316402,2.979917150744944,0.0106399097316402,-692.6089297014009,1.0,3031.0,2561.0,1.0022028484334995,0,7,0.8396463499342541,0.9921106052433736,6.969212311070728,0.2898616680112311,6.221731897950535,6.487877161925411,6.754022425900288,0.9582808976562008,0.8358783386898454,3,False,,False,4,4,29,0,[],49.57424007996451,"(29, 152)",,[0],"{""feature_selection"": {""concat"": [""mean"", ""range""], ""even"": [""range""], ""odd"": [""range""]}, ""n_chunks"": 16, ""parameter_selection"": {""mean"": {""likelihood"": ""student_t""}, ""range"": {""likelihood"": ""lognormal""}}, ""rem_profile_params"": {""rem_stage"": 2, ""step_size_hours"": 1, ""window_size_hours"": 6}, ""tau_threshold"": 5.0}",run_output_8day_rem_w6_s1_stage2_no_pareto,rem_w6_s1_stage2
5,ca7ca4a0aae0ff18,ok,,"concat: mean; even: mean, range; odd: mean, range",mean=student_t; range=beta,16,5.0,6,1,2,431.0662689757651,431.0662689757651,14.864354102612593,2.9728708205225183,0.0096162497893201,2.9728708205225183,0.0096162497893201,-862.8924374865888,1.0,1840.0,1367.0,1.0221892471241314,0,5,0.7947762451246408,0.0842466779485422,5.133145326652954,0.4785311729015213,4.272972511222254,4.545981846923906,4.818991182625558,0.0412088568694248,1.165408851767447,3,False,,False,5,5,29,0,[],62.32772488403134,"(29, 152)",,[0],"{""feature_selection"": {""concat"": [""mean""], ""even"": [""mean"", ""range""], ""odd"": [""mean"", ""range""]}, ""n_chunks"": 16, ""parameter_selection"": {""mean"": {""likelihood"": ""student_t""}, ""range"": {""likelihood"": ""beta""}}, ""rem_profile_params"": {""rem_stage"": 2, ""step_size_hours"": 1, ""window_size_hours"": 6}, ""tau_threshold"": 5.0}",run_output_8day_rem_w6_s1_stage2_no_pareto,rem_w6_s1_stage2
174,f6bb64e3c07124e4,ok,,"concat: mean; even: range; odd: mean, range",mean=lognormal; range=lognormal,16,5.0,6,1,2,344.437509391564,344.437509391564,11.877155496260828,2.969288874065206,0.0120017156430962,2.969288874065206,0.0120017156430962,-686.5089260848121,1.0,4467.0,2739.0,1.0126403959692205,0,7,0.9766981086840736,0.9999279090157802,6.993135180390801,0.0842891650475555,6.2448578916357365,6.496586638465926,6.748315385296116,0.993176330394351,1.0301320590399927,2,False,,False,4,4,29,0,[],44.925198671000544,"(29, 152)",,[0],"{""feature_selection"": {""concat"": [""mean""], ""even"": [""range""], ""odd"": [""mean"", ""range""]}, ""n_chunks"": 16, ""parameter_selection"": {""mean"": {""likelihood"": ""lognormal""}, ""range"": {""likelihood"": ""lognormal""}}, ""rem_profile_params"": {""rem_stage"": 2, ""step_size_hours"": 1, ""window_size_hours"": 6}, ""tau_threshold"": 5.0}",run_output_8day_rem_w6_s1_stage2_no_pareto,rem_w6_s1_stage2
30,dbf254a041a6639c,ok,,concat: range; even: mean,mean=lognormal; range=lognormal,16,5.0,2,2,2,172.09521910363944,172.09521910363944,5.934317900125498,2.9671589500627484,0.0117617625879798,2.9671589500627484,0.0117617625879798,-344.2540386648828,1.0,2561.0,2339.0,1.0565584573736473,0,7,0.4855448396539498,0.8994135602467623,6.61413867933253,0.7504975683172179,5.799855915813743,6.30703682438432,6.668064693368214,0.7126129661738229,0.4612502590729214,0,False,,False,2,2,29,0,[],20.19322206900688,"(29, 96)",,[0],"{""feature_selection"": {""concat"": [""range""], ""even"": [""mean""]}, ""n_chunks"": 16, ""parameter_selection"": {""mean"": {""likelihood"": ""lognormal""}, ""range"": {""likelihood"": ""lognormal""}}, ""rem_profile_params"": {""rem_stage"": 2, ""step_size_hours"": 2, ""window_size_hours"": 2}, ""tau_threshold"": 5.0}",run_output_8day_rem_w2_s2_stage2_no_pareto,rem_w2_s2_stage2
177,c89117e2546812a0,ok,,"concat: range; even: mean, range; odd: mean",mean=lognormal; range=beta,16,5.0,2,1,2,344.06104952672183,344.06104952672183,11.864174121611098,2.966043530402774,0.0134477023996289,2.966043530402774,0.0134477023996289,-682.8207804025034,1.01,548.0,960.0,0.9438969864992958,0,8,0.1074662963410324,0.7023750206094983,6.335617385684456,1.4693263873034554,4.737361249208188,5.81128745855356,7.246754193141457,0.4529258044582813,1.1397486381098425,5,False,,False,4,4,29,0,[],65.90988554694923,"(29, 184)",,[0],"{""feature_selection"": {""concat"": [""range""], ""even"": [""mean"", ""range""], ""odd"": [""mean""]}, ""n_chunks"": 16, ""parameter_selection"": {""mean"": {""likelihood"": ""lognormal""}, ""range"": {""likelihood"": ""beta""}}, ""rem_profile_params"": {""rem_stage"": 2, ""step_size_hours"": 1, ""window_size_hours"": 2}, ""tau_threshold"": 5.0}",run_output_8day_rem_w2_s1_stage2_no_pareto,rem_w2_s1_stage2
113,02018670d6d8a751,ok,,concat: range; even: range; odd: mean,mean=student_t; range=beta,16,5.0,3,1,2,257.9619894494607,257.9619894494607,8.895241015498645,2.9650803384995474,0.0122818518805663,2.9650803384995474,0.0122818518805663,-516.6321651270081,1.0,1461.0,1388.0,0.926177993810924,0,7,0.5661029356605219,0.9619457206107164,7.108597562736703,0.7091520060808584,6.272725224423421,6.615823277088079,6.958921329752738,0.9487225097208436,0.7764972352608513,2,False,,False,3,3,29,0,[],54.40468305698596,"(29, 176)",,[0],"{""feature_selection"": {""concat"": [""range""], ""even"": [""range""], ""odd"": [""mean""]}, ""n_chunks"": 16, ""parameter_selection"": {""mean"": {""likelihood"": ""student_t""}, ""range"": {""likelihood"": ""beta""}}, ""rem_profile_params"": {""rem_stage"": 2, ""step_size_hours"": 1, ""window_size_hours"": 3}, ""tau_threshold"": 5.0}",run_output_8day_rem_w3_s1_stage2_no_pareto,rem_w3_s1_stage2
131,28a6e0788c2db184,ok,,"even: mean; odd: mean, range",mean=student_t; range=beta,16,5.0,2,2,2,257.9301700168186,257.9301700168186,8.8941437936834,2.964714597894466,0.0124859640596601,2.964714597894466,0.0124859640596601,-516.3364336709845,1.0,1290.0,1853.0,1.0041730430616689,0,6,0.3932194351489465,0.9990766961586248,6.840780283879048,0.8055991227109088,5.60878519107129,6.267081003439874,7.01259821910371,0.5899394506873274,0.8322310404520143,4,False,,False,3,3,29,0,[],59.063568179961294,"(29, 96)",,[0],"{""feature_selection"": {""even"": [""mean""], ""odd"": [""mean"", ""range""]}, ""n_chunks"": 16, ""parameter_selection"": {""mean"": {""likelihood"": ""student_t""}, ""range"": {""likelihood"": ""beta""}}, ""rem_profile_params"": {""rem_stage"": 2, ""step_size_hours"": 2, ""window_size_hours"": 2}, ""tau_threshold"": 5.0}",run_output_8day_rem_w2_s2_stage2_no_pareto,rem_w2_s2_stage2
186,e1d5098fcc22f6fe,ok,,"concat: range; even: mean; odd: mean, range",mean=lognormal; range=lognormal,16,5.0,2,1,2,343.73752214412474,343.73752214412474,11.85301800496982,2.9632545012424543,0.0146413985108545,2.9632545012424543,0.0146413985108545,-685.523669443565,1.0,710.0,674.0,0.9432277147007132,0,7,0.4172500902627786,0.8266058631482667,6.548611565544053,1.2081241874118738,6.049090849819009,6.414146615187934,6.77920238055686,0.7836187334073447,1.85118582765567,4,False,,False,4,4,29,0,[],49.094093054009136,"(29, 184)",,[0],"{""feature_selection"": {""concat"": [""range""], ""even"": [""mean""], ""odd"": [""mean"", ""range""]}, ""n_chunks"": 16, ""parameter_selection"": {""mean"": {""likelihood"": ""lognormal""}, ""range"": {""likelihood"": ""lognormal""}}, ""rem_profile_params"": {""rem_stage"": 2, ""step_size_hours"": 1, ""window_size_hours"": 2}, ""tau_threshold"": 5.0}",run_output_8day_rem_w2_s1_stage2_no_pareto,rem_w2_s1_stage2
17,d03c76a5fa5410ff,ok,,"concat: mean, range; even: mean, range; odd: mean, range",mean=lognormal; range=lognormal,16,5.0,3,1,2,515.5595691646377,515.5595691646377,17.777916178090955,2.9629860296818253,0.0117430690253868,2.9629860296818253,0.0117430690253868,-1027.9590364961996,1.0,2620.0,1761.0,1.0283069165426937,0,7,0.8415124857037948,0.9947139836810568,6.920330065317323,0.2965367991307426,6.190603861696422,6.4604049710857545,6.730206080475087,0.926615157483817,1.5664261828961208,4,False,,False,6,6,29,0,[],43.01153773802798,"(29, 176)",,[0],"{""feature_selection"": {""concat"": [""mean"", ""range""], ""even"": [""mean"", ""range""], ""odd"": [""mean"", ""range""]}, ""n_chunks"": 16, ""parameter_selection"": {""mean"": {""likelihood"": ""lognormal""}, ""range"": {""likelihood"": ""lognormal""}}, ""rem_profile_params"": {""rem_stage"": 2, ""step_size_hours"": 1, ""window_size_hours"": 3}, ""tau_threshold"": 5.0}",run_output_8day_rem_w3_s1_stage2_no_pareto,rem_w3_s1_stage2
188,22fa0ebb5b0f135c,ok,,"concat: range; even: mean; odd: mean, range",mean=student_t; range=lognormal,16,5.0,3,1,2,343.0261845091573,343.0261845091573,11.828489121005424,2.9571222802513555,0.01239382896566,2.9571222802513555,0.01239382896566,-682.322353110567,1.02,228.0,740.0,0.9701862060411366,0,8,0.2153432527504186,0.6372435439783408,6.510428996956205,1.6024932195280583,4.417218275393364,6.65335919093506,7.44264878657022,0.5969741495408043,0.9544774205461763,2,False,,False,4,4,29,0,[],69.97156691498822,"(29, 176)",,[0],"{""feature_selection"": {""concat"": [""range""], ""even"": [""mean""], ""odd"": [""mean"", ""range""]}, ""n_chunks"": 16, ""parameter_selection"": {""mean"": {""likelihood"": ""student_t""}, ""range"": {""likelihood"": ""lognormal""}}, ""rem_profile_params"": {""rem_stage"": 2, ""step_size_hours"": 1, ""window_size_hours"": 3}, ""tau_threshold"": 5.0}",run_output_8day_rem_w3_s1_stage2_no_pareto,rem_w3_s1_stage2
188,f1184039cf825d3e,ok,,"concat: range; even: mean; odd: mean, range",mean=student_t; range=lognormal,16,5.0,2,2,2,342.8579196572556,342.8579196572556,11.822686884732953,2.9556717211832377,0.0120153609458717,2.9556717211832377,0.0120153609458717,-686.1430579849573,1.01,618.0,1036.0,0.9506802061168004,0,7,0.304151991939218,0.9493819621406994,6.819426936498537,0.8815687631199266,5.607974024071467,6.329848530094409,7.012938083570196,0.6214370923821487,1.0694948590343878,2,False,,False,4,4,29,0,[],76.75843922997592,"(29, 96)",,[0],"{""feature_selection"": {""concat"": [""range""], ""even"": [""mean""], ""odd"": [""mean"", ""range""]}, ""n_chunks"": 16, ""parameter_selection"": {""mean"": {""likelihood"": ""student_t""}, ""range"": {""likelihood"": ""lognormal""}}, ""rem_profile_params"": {""rem_stage"": 2, ""step_size_hours"": 2, ""window_size_hours"": 2}, ""tau_threshold"": 5.0}",run_output_8day_rem_w2_s2_stage2_no_pareto,rem_w2_s2_stage2
166,3675b66c2b17d8ad,ok,,"concat: mean; even: mean, range; odd: range",mean=lognormal; range=lognormal,16,5.0,6,1,2,342.504935283475,342.504935283475,11.810515009775,2.9526287524437502,0.0126340642458327,2.9526287524437502,0.0126340642458327,-687.7425332726272,1.0,4039.0,2752.0,1.0311959801690318,0,7,0.946202279929485,0.9996504212200392,6.988449591601707,0.1358525084484429,6.239987287940618,6.494341935494063,6.748696583047508,0.9858786150056408,1.2881813607709762,2,False,,False,4,4,29,0,[],44.85749330499675,"(29, 152)",,[0],"{""feature_selection"": {""concat"": [""mean""], ""even"": [""mean"", ""range""], ""odd"": [""range""]}, ""n_chunks"": 16, ""parameter_selection"": {""mean"": {""likelihood"": ""lognormal""}, ""range"": {""likelihood"": ""lognormal""}}, ""rem_profile_params"": {""rem_stage"": 2, ""step_size_hours"": 1, ""window_size_hours"": 6}, ""tau_threshold"": 5.0}",run_output_8day_rem_w6_s1_stage2_no_pareto,rem_w6_s1_stage2
1,670a0004cb2eaae3,ok,,"concat: mean, range; even: range; odd: mean, range",mean=student_t; range=beta,16,5.0,6,1,2,427.4944173670168,427.4944173670168,14.7411868057592,2.9482373611518398,0.0099280338490736,2.9482373611518398,0.0099280338490736,-854.7002167719274,1.0,3072.0,2137.0,0.9861370039895088,0,5,0.9741940710676998,0.0078240451135786,5.00791313025603,0.0896168634618522,4.251971251030189,4.503942749178592,4.755914247326994,8.946540234273461e-05,1.1302797252052763,3,False,,False,5,5,29,0,[],60.99775128799956,"(29, 152)",,[0],"{""feature_selection"": {""concat"": [""mean"", ""range""], ""even"": [""range""], ""odd"": [""mean"", ""range""]}, ""n_chunks"": 16, ""parameter_selection"": {""mean"": {""likelihood"": ""student_t""}, ""range"": {""likelihood"": ""beta""}}, ""rem_profile_params"": {""rem_stage"": 2, ""step_size_hours"": 1, ""window_size_hours"": 6}, ""tau_threshold"": 5.0}",run_output_8day_rem_w6_s1_stage2_no_pareto,rem_w6_s1_stage2
70,3cb6c257c52f41c6,ok,,"concat: mean, range; odd: mean",mean=lognormal; range=lognormal,16,5.0,6,1,2,256.3400558198139,256.3400558198139,8.839312269648756,2.946437423216252,0.0161613744448537,2.946437423216252,0.0161613744448537,-514.1946389292165,1.0,5075.0,2690.0,1.059698756902443,0,7,0.990022469310963,0.9998948390077084,6.9973941652745015,0.0537115670179844,6.248132932268958,6.498755624785321,6.749378317301684,0.9975164257649553,1.384230260108099,3,False,,False,3,3,29,0,[],28.35256438999204,"(29, 152)",,[0],"{""feature_selection"": {""concat"": [""mean"", ""range""], ""odd"": [""mean""]}, ""n_chunks"": 16, ""parameter_selection"": {""mean"": {""likelihood"": ""lognormal""}, ""range"": {""likelihood"": ""lognormal""}}, ""rem_profile_params"": {""rem_stage"": 2, ""step_size_hours"": 1, ""window_size_hours"": 6}, ""tau_threshold"": 5.0}",run_output_8day_rem_w6_s1_stage2_no_pareto,rem_w6_s1_stage2
18,d6098219858e47d7,ok,,"concat: mean, range; even: mean, range; odd: mean, range",mean=lognormal; range=lognormal,16,5.0,2,2,2,512.453786676908,512.453786676908,17.670820230238206,2.945136705039701,0.0126472785262282,2.945136705039701,0.0126472785262282,-1021.468797633108,1.0,2345.0,2234.0,1.0317185459944451,0,7,0.7453517610881878,0.9995192474166226,6.832596870376535,0.3751444411010347,6.099561638937711,6.399779203620413,6.699996768303114,0.8329079063403044,1.746492963643136,4,False,,False,6,6,29,0,[],42.098778141022194,"(29, 96)",,[0],"{""feature_selection"": {""concat"": [""mean"", ""range""], ""even"": [""mean"", ""range""], ""odd"": [""mean"", ""range""]}, ""n_chunks"": 16, ""parameter_selection"": {""mean"": {""likelihood"": ""lognormal""}, ""range"": {""likelihood"": ""lognormal""}}, ""rem_profile_params"": {""rem_stage"": 2, ""step_size_hours"": 2, ""window_size_hours"": 2}, ""tau_threshold"": 5.0}",run_output_8day_rem_w2_s2_stage2_no_pareto,rem_w2_s2_stage2
132,b43fc4f1e1af0d06,ok,,"even: mean; odd: mean, range",mean=student_t; range=lognormal,16,5.0,2,2,2,255.9053722479976,255.9053722479976,8.824323180965434,2.9414410603218117,0.0143899642571032,2.9414410603218117,0.0143899642571032,-512.2639657270497,1.0,1962.0,1134.0,0.9753269858559072,0,8,0.6912647858995794,0.9605764957850385,7.709777272784922,0.8777757483981212,7.14299647775982,7.428664318506547,7.714332159253273,0.9072010594547486,0.9232997270318628,2,False,,False,3,3,29,0,[],46.58054159599124,"(29, 96)",,[0],"{""feature_selection"": {""even"": [""mean""], ""odd"": [""mean"", ""range""]}, ""n_chunks"": 16, ""parameter_selection"": {""mean"": {""likelihood"": ""student_t""}, ""range"": {""likelihood"": ""lognormal""}}, ""rem_profile_params"": {""rem_stage"": 2, ""step_size_hours"": 2, ""window_size_hours"": 2}, ""tau_threshold"": 5.0}",run_output_8day_rem_w2_s2_stage2_no_pareto,rem_w2_s2_stage2
4,b653904f5e5c039c,ok,,concat: range,range=lognormal,16,5.0,2,2,2,85.24101280788132,85.24101280788132,2.939345269237287,2.9393452692372875,0.0169155190601467,2.9393452692372875,0.0169155190601467,-170.39475398827904,1.0,2403.0,2294.0,1.0782154651082434,0,7,0.3911414310368957,0.8538989222865697,6.423873691686094,0.8215694461011698,5.375928250168771,6.138046834278361,6.583248554872703,0.5775192614339346,0.5400973945801424,0,False,,False,1,1,29,0,[],14.563184092985466,"(29, 96)",,[0],"{""feature_selection"": {""concat"": [""range""]}, ""n_chunks"": 16, ""parameter_selection"": {""range"": {""likelihood"": ""lognormal""}}, ""rem_profile_params"": {""rem_stage"": 2, ""step_size_hours"": 2, ""window_size_hours"": 2}, ""tau_threshold"": 5.0}",run_output_8day_rem_w2_s2_stage2_no_pareto,rem_w2_s2_stage2
181,89c5c6172b96df89,ok,,"concat: range; even: mean, range; odd: range",mean=lognormal; range=beta,16,5.0,2,1,2,340.9330575614447,340.9330575614447,11.75631232970499,2.939078082426247,0.0102130366742059,2.939078082426247,0.0102130366742059,-683.1757481158886,1.01,489.0,805.0,0.9132997403288942,0,6,0.1736868838970806,0.6109759839084336,5.837580619935058,1.146051822894562,4.521919391935428,5.28357030174545,5.922380366226212,0.2196233520377926,1.1178895170924197,1,False,,False,4,4,29,0,[],76.81381174502894,"(29, 184)",,[0],"{""feature_selection"": {""concat"": [""range""], ""even"": [""mean"", ""range""], ""odd"": [""range""]}, ""n_chunks"": 16, ""parameter_selection"": {""mean"": {""likelihood"": ""lognormal""}, ""range"": {""likelihood"": ""beta""}}, ""rem_profile_params"": {""rem_stage"": 2, ""step_size_hours"": 1, ""window_size_hours"": 2}, ""tau_threshold"": 5.0}",run_output_8day_rem_w2_s1_stage2_no_pareto,rem_w2_s1_stage2
131,e8805c25ab8464a1,ok,,"even: mean; odd: mean, range",mean=student_t; range=beta,16,5.0,3,1,2,255.4345509876212,255.4345509876212,8.808087965090387,2.936029321696795,0.0142382321269554,2.936029321696795,0.0142382321269554,-507.4758777372931,1.01,355.0,269.0,0.9723866086420548,0,8,0.5107881997534796,0.8374128820017289,7.1174123155860185,1.7573847636248974,6.973936805773048,7.331754289483562,7.665877144741781,0.8162250678826375,1.164270593161239,2,False,,False,3,3,29,0,[],60.40956483699847,"(29, 176)",,[0],"{""feature_selection"": {""even"": [""mean""], ""odd"": [""mean"", ""range""]}, ""n_chunks"": 16, ""parameter_selection"": {""mean"": {""likelihood"": ""student_t""}, ""range"": {""likelihood"": ""beta""}}, ""rem_profile_params"": {""rem_stage"": 2, ""step_size_hours"": 1, ""window_size_hours"": 3}, ""tau_threshold"": 5.0}",run_output_8day_rem_w3_s1_stage2_no_pareto,rem_w3_s1_stage2
62,f632d315b79dc6ae,ok,,"concat: mean, range; even: mean",mean=lognormal; range=lognormal,16,5.0,6,1,2,255.14355626629413,255.14355626629413,8.79805366435497,2.9326845547849896,0.0109702275114022,2.9326845547849896,0.0109702275114022,-511.42063183213776,1.0,5192.0,2768.0,1.0561786213737958,0,7,0.9852720678840464,0.999538546959601,6.995815508465109,0.0730364853295888,6.247213401588641,6.498153133732055,6.749092865875469,0.9962876240014432,0.9744210905100342,3,False,,False,3,3,29,0,[],26.520721325010527,"(29, 152)",,[0],"{""feature_selection"": {""concat"": [""mean"", ""range""], ""even"": [""mean""]}, ""n_chunks"": 16, ""parameter_selection"": {""mean"": {""likelihood"": ""lognormal""}, ""range"": {""likelihood"": ""lognormal""}}, ""rem_profile_params"": {""rem_stage"": 2, ""step_size_hours"": 1, ""window_size_hours"": 6}, ""tau_threshold"": 5.0}",run_output_8day_rem_w6_s1_stage2_no_pareto,rem_w6_s1_stage2
5,880e0afccfcc8cd0,ok,,even: mean,mean=lognormal,16,5.0,2,2,2,84.9967248000542,84.9967248000542,2.930921544829455,2.930921544829455,0.0196327052973113,2.930921544829455,0.0196327052973113,-171.05268469020086,1.0,1014.0,1535.0,1.0296463046103537,0,8,0.03700807774055,0.5863666813398832,5.795425492313648,1.8745255448791835,3.46437696535334,5.736345203833971,6.984973189389754,0.4690756595607057,0.9055469968595008,1,False,,False,1,1,29,0,[],14.90720311901532,"(29, 96)",,[0],"{""feature_selection"": {""even"": [""mean""]}, ""n_chunks"": 16, ""parameter_selection"": {""mean"": {""likelihood"": ""lognormal""}}, ""rem_profile_params"": {""rem_stage"": 2, ""step_size_hours"": 2, ""window_size_hours"": 2}, ""tau_threshold"": 5.0}",run_output_8day_rem_w2_s2_stage2_no_pareto,rem_w2_s2_stage2
167,7c186aa005141bc0,ok,,"concat: mean; even: mean, range; odd: range",mean=student_t; range=beta,16,5.0,6,1,2,339.69417407435725,339.69417407435725,11.713592209460597,2.928398052365149,0.0091703513176274,2.928398052365149,0.0091703513176274,-681.8289143839052,1.0,2106.0,1668.0,0.9146620399040069,0,5,0.8141921303486416,0.0737687874274501,5.1158917156254375,0.4483429654643425,4.269727753053554,4.5397065093462095,4.809685265638866,0.0365795210767505,1.470090491267711,3,False,,False,4,4,29,0,[],82.98917673900723,"(29, 152)",,[0],"{""feature_selection"": {""concat"": [""mean""], ""even"": [""mean"", ""range""], ""odd"": [""range""]}, ""n_chunks"": 16, ""parameter_selection"": {""mean"": {""likelihood"": ""student_t""}, ""range"": {""likelihood"": ""beta""}}, ""rem_profile_params"": {""rem_stage"": 2, ""step_size_hours"": 1, ""window_size_hours"": 6}, ""tau_threshold"": 5.0}",run_output_8day_rem_w6_s1_stage2_no_pareto,rem_w6_s1_stage2
6,81f47003c1b03ce4,ok,,"concat: mean, range; even: range; odd: mean, range",mean=lognormal; range=lognormal,16,5.0,2,2,2,424.4895198346163,424.4895198346163,14.637569649469528,2.927513929893905,0.0138194966098472,2.927513929893905,0.0138194966098472,-843.2236313641959,1.0,2052.0,2576.0,1.0160566183965352,0,7,0.650697983244201,0.9989996179306524,6.727699382459867,0.4584509034619982,5.904561018983869,6.311276840928398,6.659105779850626,0.7237283949783699,1.4058943524561915,4,False,,False,5,5,29,0,[],35.01536804198986,"(29, 96)",,[0],"{""feature_selection"": {""concat"": [""mean"", ""range""], ""even"": [""range""], ""odd"": [""mean"", ""range""]}, ""n_chunks"": 16, ""parameter_selection"": {""mean"": {""likelihood"": ""lognormal""}, ""range"": {""likelihood"": ""lognormal""}}, ""rem_profile_params"": {""rem_stage"": 2, ""step_size_hours"": 2, ""window_size_hours"": 2}, ""tau_threshold"": 5.0}",run_output_8day_rem_w2_s2_stage2_no_pareto,rem_w2_s2_stage2
174,79c6748f940b6ef3,ok,,"concat: mean; even: range; odd: mean, range",mean=lognormal; range=lognormal,16,5.0,3,1,2,339.3808778647132,339.3808778647132,11.70278889188666,2.925697222971665,0.0140829630574678,2.925697222971665,0.0140829630574678,-682.7958675155056,1.0,1335.0,1358.0,1.0055633370379682,0,7,0.5759200358015844,0.9830712555248736,6.685399938064741,0.5717355253114782,5.823372937072522,6.291557943936248,6.6560010460355805,0.7000023750324549,1.807396681184227,4,False,,False,4,4,29,0,[],47.58467631501844,"(29, 176)",,[0],"{""feature_selection"": {""concat"": [""mean""], ""even"": [""range""], ""odd"": [""mean"", ""range""]}, ""n_chunks"": 16, ""parameter_selection"": {""mean"": {""likelihood"": ""lognormal""}, ""range"": {""likelihood"": ""lognormal""}}, ""rem_profile_params"": {""rem_stage"": 2, ""step_size_hours"": 1, ""window_size_hours"": 3}, ""tau_threshold"": 5.0}",run_output_8day_rem_w3_s1_stage2_no_pareto,rem_w3_s1_stage2
35,6e0fa4f37eeb70df,ok,,concat: range; odd: mean,mean=lognormal; range=beta,16,5.0,3,1,2,169.68138955881844,169.68138955881844,5.851082398579946,2.925541199289973,0.0224082201932764,2.925541199289973,0.0224082201932764,-339.4294495868566,1.0,1585.0,1059.0,0.919795498700735,0,7,0.7016270222887611,0.9882111058849584,7.083347276064834,0.4953876477246076,6.266164377478585,6.5626758388389534,6.859187300199322,0.9744132286298868,1.465831548779923,3,False,,False,2,2,29,0,[],25.57455832400592,"(29, 176)",,[0],"{""feature_selection"": {""concat"": [""range""], ""odd"": [""mean""]}, ""n_chunks"": 16, ""parameter_selection"": {""mean"": {""likelihood"": ""lognormal""}, ""range"": {""likelihood"": ""beta""}}, ""rem_profile_params"": {""rem_stage"": 2, ""step_size_hours"": 1, ""window_size_hours"": 3}, ""tau_threshold"": 5.0}",run_output_8day_rem_w3_s1_stage2_no_pareto,rem_w3_s1_stage2
101,69bcc8390cbc012f,ok,,"concat: range; even: mean, range",mean=student_t; range=beta,16,5.0,2,2,2,254.44433987566387,254.44433987566387,8.773942754333238,2.924647584777745,0.0070751481644322,2.924647584777745,0.0070751481644322,-509.7073360304494,1.0,2070.0,1786.0,0.8925480955166528,0,7,0.5985857707699449,0.9920907953116912,7.0891014103072365,0.5372649967005783,6.2404897911370805,6.5677309142216105,6.894972037306141,0.9337252213828262,1.1553003676844986,1,False,,False,3,3,29,0,[],53.5692814149661,"(29, 96)",,[0],"{""feature_selection"": {""concat"": [""range""], ""even"": [""mean"", ""range""]}, ""n_chunks"": 16, ""parameter_selection"": {""mean"": {""likelihood"": ""student_t""}, ""range"": {""likelihood"": ""beta""}}, ""rem_profile_params"": {""rem_stage"": 2, ""step_size_hours"": 2, ""window_size_hours"": 2}, ""tau_threshold"": 5.0}",run_output_8day_rem_w2_s2_stage2_no_pareto,rem_w2_s2_stage2
101,1cfe7081dc475cbb,ok,,"concat: range; even: mean, range",mean=student_t; range=beta,16,5.0,3,1,2,254.4405450944556,254.4405450944556,8.773811899808814,2.924603966602937,0.0079300180776541,2.924603966602937,0.0079300180776541,-509.5237536540677,1.0,1838.0,1461.0,0.9356018549423916,0,7,0.5624978018549123,0.9786995411535224,7.271408251175206,0.653169180343207,6.348091895677562,6.739064274388271,7.249586178280454,0.9725808743992652,0.7400042845431808,1,False,,False,3,3,29,0,[],51.1521897430066,"(29, 176)",,[0],"{""feature_selection"": {""concat"": [""range""], ""even"": [""mean"", ""range""]}, ""n_chunks"": 16, ""parameter_selection"": {""mean"": {""likelihood"": ""student_t""}, ""range"": {""likelihood"": ""beta""}}, ""rem_profile_params"": {""rem_stage"": 2, ""step_size_hours"": 1, ""window_size_hours"": 3}, ""tau_threshold"": 5.0}",run_output_8day_rem_w3_s1_stage2_no_pareto,rem_w3_s1_stage2
109,2a3ea6e48888f6d8,ok,,concat: range; even: mean; odd: range,mean=student_t; range=beta,16,5.0,2,2,2,254.28575771033468,254.28575771033468,8.768474403804644,2.922824801268216,0.0090712389059443,2.922824801268216,0.0090712389059443,-509.8256618365908,1.0,2098.0,1775.0,0.964585535804221,0,7,0.82854967783799,0.9999838382618894,7.013086476744378,0.2679534943574846,6.2377070736612295,6.507064222086941,6.776421370512651,0.9706244340001148,1.2053792066586302,1,False,,False,3,3,29,0,[],53.407912984956056,"(29, 96)",,[0],"{""feature_selection"": {""concat"": [""range""], ""even"": [""mean""], ""odd"": [""range""]}, ""n_chunks"": 16, ""parameter_selection"": {""mean"": {""likelihood"": ""student_t""}, ""range"": {""likelihood"": ""beta""}}, ""rem_profile_params"": {""rem_stage"": 2, ""step_size_hours"": 2, ""window_size_hours"": 2}, ""tau_threshold"": 5.0}",run_output_8day_rem_w2_s2_stage2_no_pareto,rem_w2_s2_stage2
103,4142643e13cbd040,ok,,concat: range; even: mean; odd: mean,mean=lognormal; range=beta,16,5.0,3,1,2,253.4182596346011,253.4182596346011,8.73856067705521,2.9128535590184037,0.0167610218573839,2.9128535590184037,0.0167610218573839,-503.73252966482767,1.0,2052.0,1438.0,0.9175609097395342,0,7,0.749999484221251,0.9896885046973096,7.067795174116885,0.4585454682694798,6.265167092093983,6.55048321442998,6.8357993367659775,0.9823449950207456,1.306664282343614,3,False,,False,3,3,29,0,[],37.40370795101626,"(29, 176)",,[0],"{""feature_selection"": {""concat"": [""range""], ""even"": [""mean""], ""odd"": [""mean""]}, ""n_chunks"": 16, ""parameter_selection"": {""mean"": {""likelihood"": ""lognormal""}, ""range"": {""likelihood"": ""beta""}}, ""rem_profile_params"": {""rem_stage"": 2, ""step_size_hours"": 1, ""window_size_hours"": 3}, ""tau_threshold"": 5.0}",run_output_8day_rem_w3_s1_stage2_no_pareto,rem_w3_s1_stage2
14,4fe695adf6c80fd7,ok,,"concat: mean, range; even: mean, range; odd: mean, range",mean=student_t; range=lognormal,16,5.0,6,1,2,505.9933837908506,505.9933837908506,17.44804771692588,2.908007952820981,0.0090322227030278,2.908007952820981,0.0090322227030278,-1014.8335109074848,1.0,1584.0,1041.0,0.9714708914734248,0,7,0.8403759370052966,0.9985553527288388,7.047937862464232,0.2681479206725894,6.257837274956841,6.52656068598546,6.795284097014081,0.989872359808447,1.1303734027641144,3,False,,False,6,6,29,0,[],60.45112031599274,"(29, 152)",,[0],"{""feature_selection"": {""concat"": [""mean"", ""range""], ""even"": [""mean"", ""range""], ""odd"": [""mean"", ""range""]}, ""n_chunks"": 16, ""parameter_selection"": {""mean"": {""likelihood"": ""student_t""}, ""range"": {""likelihood"": ""lognormal""}}, ""rem_profile_params"": {""rem_stage"": 2, ""step_size_hours"": 1, ""window_size_hours"": 6}, ""tau_threshold"": 5.0}",run_output_8day_rem_w6_s1_stage2_no_pareto,rem_w6_s1_stage2
11,c6ae89d4024949a7,ok,,"concat: range; even: mean, range; odd: mean, range",mean=lognormal; range=beta,16,5.0,2,1,2,421.0626311894617,421.0626311894617,14.51940107549868,2.903880215099736,0.0123312890341209,2.903880215099736,0.0123312890341209,-843.2645894283544,1.01,412.0,666.0,0.8865095543662822,0,6,0.1710138063555405,0.7675824241258438,6.317451519672847,1.2357361702152778,5.045043844079358,5.685510763728246,7.008108322312824,0.3772422015003676,1.7103169819014514,4,False,,False,5,5,29,0,[],54.948532483016606,"(29, 184)",,[0],"{""feature_selection"": {""concat"": [""range""], ""even"": [""mean"", ""range""], ""odd"": [""mean"", ""range""]}, ""n_chunks"": 16, ""parameter_selection"": {""mean"": {""likelihood"": ""lognormal""}, ""range"": {""likelihood"": ""beta""}}, ""rem_profile_params"": {""rem_stage"": 2, ""step_size_hours"": 1, ""window_size_hours"": 2}, ""tau_threshold"": 5.0}",run_output_8day_rem_w2_s1_stage2_no_pareto,rem_w2_s1_stage2
162,c92da14803bb9fb3,ok,,"concat: mean; even: mean, range; odd: mean",mean=lognormal; range=lognormal,16,5.0,6,1,2,335.1997778549758,335.1997778549758,11.558613029481926,2.889653257370482,0.014132122084774,2.889653257370482,0.014132122084774,-672.5475939829231,1.0,4382.0,2701.0,1.0151531869066477,0,7,0.9859485769724804,0.999952252392137,6.9995921738415845,0.0603986127518783,6.248984004065438,6.499831086217738,6.750678168370039,0.9981432133165772,1.4488908967241976,2,False,,False,4,4,29,0,[],41.68866793200141,"(29, 152)",,[0],"{""feature_selection"": {""concat"": [""mean""], ""even"": [""mean"", ""range""], ""odd"": [""mean""]}, ""n_chunks"": 16, ""parameter_selection"": {""mean"": {""likelihood"": ""lognormal""}, ""range"": {""likelihood"": ""lognormal""}}, ""rem_profile_params"": {""rem_stage"": 2, ""step_size_hours"": 1, ""window_size_hours"": 6}, ""tau_threshold"": 5.0}",run_output_8day_rem_w6_s1_stage2_no_pareto,rem_w6_s1_stage2
9,88e483697d47c491,ok,,"concat: mean; even: mean, range; odd: mean, range",mean=lognormal; range=lognormal,16,5.0,3,1,2,417.84341300428537,417.84341300428537,14.408393551871908,2.881678710374381,0.0140257385360151,2.881678710374381,0.0140257385360151,-845.854116342912,1.01,564.0,375.0,0.97307503761768,0,7,0.6767979456605642,0.9930117017235672,6.868580930075084,0.4679394075641482,6.125496099136985,6.428741260962034,6.731986422787084,0.8534609244725454,2.2982372545876064,4,False,,False,5,5,29,0,[],34.25624812603928,"(29, 176)",,[0],"{""feature_selection"": {""concat"": [""mean""], ""even"": [""mean"", ""range""], ""odd"": [""mean"", ""range""]}, ""n_chunks"": 16, ""parameter_selection"": {""mean"": {""likelihood"": ""lognormal""}, ""range"": {""likelihood"": ""lognormal""}}, ""rem_profile_params"": {""rem_stage"": 2, ""step_size_hours"": 1, ""window_size_hours"": 3}, ""tau_threshold"": 5.0}",run_output_8day_rem_w3_s1_stage2_no_pareto,rem_w3_s1_stage2
155,dbbcdcfa14e6e56c,ok,,"concat: mean, range; even: range; odd: range",mean=student_t; range=beta,16,5.0,6,1,2,334.262595478429,334.262595478429,11.526296395807895,2.8815740989519747,0.0099093720351023,2.8815740989519747,0.0099093720351023,-670.2686991896925,1.0,2960.0,2033.0,0.9414356259764052,0,5,0.977515185009592,0.0066846962037415,5.006701799253862,0.0818659250138445,4.251681580572435,4.503364283594206,4.7550469866159775,1.9125922877667272e-05,1.2258727573265351,2,False,,False,4,4,29,0,[],74.6902556270361,"(29, 152)",,[0],"{""feature_selection"": {""concat"": [""mean"", ""range""], ""even"": [""range""], ""odd"": [""range""]}, ""n_chunks"": 16, ""parameter_selection"": {""mean"": {""likelihood"": ""student_t""}, ""range"": {""likelihood"": ""beta""}}, ""rem_profile_params"": {""rem_stage"": 2, ""step_size_hours"": 1, ""window_size_hours"": 6}, ""tau_threshold"": 5.0}",run_output_8day_rem_w6_s1_stage2_no_pareto,rem_w6_s1_stage2
48,26d1ed49e789fbc9,ok,,even: mean; odd: range,mean=lognormal; range=lognormal,16,5.0,2,1,2,166.78047286724845,166.78047286724845,5.751050788525808,2.875525394262905,0.0123125875357261,2.875525394262905,0.0123125875357261,-336.33148028741925,1.0,1032.0,1093.0,0.9192251430750228,0,4,0.2057190476028838,0.3886658532386037,5.26764823836464,1.6667450116413849,3.391943626495907,3.898987021399704,6.464059718615881,0.3433681373055303,1.192435934896218,2,False,,False,2,2,29,0,[],10.807923029002268,"(29, 184)",,[0],"{""feature_selection"": {""even"": [""mean""], ""odd"": [""range""]}, ""n_chunks"": 16, ""parameter_selection"": {""mean"": {""likelihood"": ""lognormal""}, ""range"": {""likelihood"": ""lognormal""}}, ""rem_profile_params"": {""rem_stage"": 2, ""step_size_hours"": 1, ""window_size_hours"": 2}, ""tau_threshold"": 5.0}",run_output_8day_rem_w2_s1_stage2_no_pareto,rem_w2_s1_stage2
174,a11ae8971e1fcae9,ok,,"concat: mean; even: range; odd: mean, range",mean=lognormal; range=lognormal,16,5.0,2,2,2,333.16813646975373,333.16813646975373,11.488556429991508,2.872139107497876,0.016738471269828,2.872139107497876,0.016738471269828,-659.7266153200669,1.01,646.0,431.0,0.964444001163184,0,7,0.5048260920045184,0.9944087305203332,6.6235367567554295,0.5992958048473592,5.590680801030122,6.1522411575745135,6.624253490424427,0.5806340994605548,1.4883221067221306,3,False,,False,4,4,29,0,[],46.252337606973015,"(29, 96)",,[0],"{""feature_selection"": {""concat"": [""mean""], ""even"": [""range""], ""odd"": [""mean"", ""range""]}, ""n_chunks"": 16, ""parameter_selection"": {""mean"": {""likelihood"": ""lognormal""}, ""range"": {""likelihood"": ""lognormal""}}, ""rem_profile_params"": {""rem_stage"": 2, ""step_size_hours"": 2, ""window_size_hours"": 2}, ""tau_threshold"": 5.0}",run_output_8day_rem_w2_s2_stage2_no_pareto,rem_w2_s2_stage2
130,15e40bfebe47c102,ok,,"even: mean; odd: mean, range",mean=lognormal; range=lognormal,16,5.0,2,1,2,249.3395116721868,249.3395116721868,8.597914195592649,2.865971398530884,0.0168250774649784,2.865971398530884,0.0168250774649784,-498.84373422625447,1.01,573.0,1003.0,0.9904653291836742,0,4,0.2056920155111344,0.4798664411734488,5.629230223105092,1.7879823496021068,3.469024038980555,4.504489558493514,6.913578651860688,0.4445442147081979,1.4680799392470183,3,False,,False,3,3,29,0,[],35.25799145601923,"(29, 184)",,[0],"{""feature_selection"": {""even"": [""mean""], ""odd"": [""mean"", ""range""]}, ""n_chunks"": 16, ""parameter_selection"": {""mean"": {""likelihood"": ""lognormal""}, ""range"": {""likelihood"": ""lognormal""}}, ""rem_profile_params"": {""rem_stage"": 2, ""step_size_hours"": 1, ""window_size_hours"": 2}, ""tau_threshold"": 5.0}",run_output_8day_rem_w2_s1_stage2_no_pareto,rem_w2_s1_stage2
39,b80e41b2bc209c31,ok,,concat: range; odd: range,range=beta,16,5.0,3,1,2,166.20142447506888,166.20142447506888,5.731083602588582,2.8655418012942917,0.0187307985393108,2.8655418012942917,0.0187307985393108,-335.6862671686349,1.0,1234.0,1351.0,0.9047565510681724,0,7,0.5590380332429083,0.9804048452280965,7.286419286953336,0.7481748258608896,6.367819565872542,6.777399537691687,7.313429784225334,0.9745102246081976,1.365743219632896,1,False,,False,2,2,29,0,[],30.507176134968176,"(29, 176)",,[0],"{""feature_selection"": {""concat"": [""range""], ""odd"": [""range""]}, ""n_chunks"": 16, ""parameter_selection"": {""range"": {""likelihood"": ""beta""}}, ""rem_profile_params"": {""rem_stage"": 2, ""step_size_hours"": 1, ""window_size_hours"": 3}, ""tau_threshold"": 5.0}",run_output_8day_rem_w3_s1_stage2_no_pareto,rem_w3_s1_stage2
204,df20ffc4ea088412,ok,,"concat: mean, range; even: mean, range; odd: range",mean=student_t; range=lognormal,16,5.0,6,1,2,415.33828467413576,415.33828467413576,14.322009816349508,2.864401963269902,0.0090660971783327,2.864401963269902,0.0090660971783327,-834.034537983841,1.0,1720.0,1118.0,0.9977901851832224,0,7,0.831794576483338,0.9989186239306715,7.057145063553649,0.2766342316402783,6.260833343772349,6.531532524871543,6.802231705970736,0.9908885600551296,1.229528499919296,3,False,,False,5,5,29,0,[],79.11556065798504,"(29, 152)",,[0],"{""feature_selection"": {""concat"": [""mean"", ""range""], ""even"": [""mean"", ""range""], ""odd"": [""range""]}, ""n_chunks"": 16, ""parameter_selection"": {""mean"": {""likelihood"": ""student_t""}, ""range"": {""likelihood"": ""lognormal""}}, ""rem_profile_params"": {""rem_stage"": 2, ""step_size_hours"": 1, ""window_size_hours"": 6}, ""tau_threshold"": 5.0}",run_output_8day_rem_w6_s1_stage2_no_pareto,rem_w6_s1_stage2
83,247155a7dbf87212,ok,,concat: mean; even: mean; odd: range,mean=lognormal; range=beta,16,5.0,6,1,2,249.1316237003292,249.1316237003292,8.590745644838938,2.8635818816129786,0.0132382002288298,2.8635818816129786,0.0132382002288298,-486.8256386002252,1.01,771.0,1305.0,1.0519575650127284,0,5,0.4636595947639413,0.4605244706020155,5.7944281435085365,0.9116789144833916,4.463408371595963,4.926825460356431,6.251287885865055,0.3339050183356482,1.171434393489937,2,False,,False,3,3,29,0,[],33.18246957298834,"(29, 152)",,[0],"{""feature_selection"": {""concat"": [""mean""], ""even"": [""mean""], ""odd"": [""range""]}, ""n_chunks"": 16, ""parameter_selection"": {""mean"": {""likelihood"": ""lognormal""}, ""range"": {""likelihood"": ""beta""}}, ""rem_profile_params"": {""rem_stage"": 2, ""step_size_hours"": 1, ""window_size_hours"": 6}, ""tau_threshold"": 5.0}",run_output_8day_rem_w6_s1_stage2_no_pareto,rem_w6_s1_stage2
10,c7cae144042124a8,ok,,"concat: mean; even: mean, range; odd: mean, range",mean=lognormal; range=lognormal,16,5.0,2,2,2,415.13107173684034,415.13107173684034,14.314864542649667,2.8629729085299327,0.0155524686707992,2.8629729085299327,0.0155524686707992,-828.5620292977574,1.01,852.0,406.0,0.9443151381288898,0,7,0.5504024653575047,0.9960174041346248,6.77939691213144,0.5570631735991145,5.92711794922694,6.342064763536781,6.712810049358059,0.7306602245656585,1.8987052024688025,4,False,,False,5,5,29,0,[],35.63506180699915,"(29, 96)",,[0],"{""feature_selection"": {""concat"": [""mean""], ""even"": [""mean"", ""range""], ""odd"": [""mean"", ""range""]}, ""n_chunks"": 16, ""parameter_selection"": {""mean"": {""likelihood"": ""lognormal""}, ""range"": {""likelihood"": ""lognormal""}}, ""rem_profile_params"": {""rem_stage"": 2, ""step_size_hours"": 2, ""window_size_hours"": 2}, ""tau_threshold"": 5.0}",run_output_8day_rem_w2_s2_stage2_no_pareto,rem_w2_s2_stage2
170,b36d3751d94aba18,ok,,"concat: mean; even: mean; odd: mean, range",mean=lognormal; range=lognormal,16,5.0,6,1,2,331.79550305740497,331.79550305740497,11.441224243358793,2.860306060839698,0.0133058508227329,2.860306060839698,0.0133058508227329,-670.3516356856101,1.0,2817.0,2448.0,1.0293310239073092,0,7,0.9230348314601118,0.9994933130126262,6.979149553831183,0.1703484264905558,6.232642583340571,6.489621286318446,6.746599989296321,0.9763247699563258,1.88565894183944,3,False,,False,4,4,29,0,[],48.83484279102413,"(29, 152)",,[0],"{""feature_selection"": {""concat"": [""mean""], ""even"": [""mean""], ""odd"": [""mean"", ""range""]}, ""n_chunks"": 16, ""parameter_selection"": {""mean"": {""likelihood"": ""lognormal""}, ""range"": {""likelihood"": ""lognormal""}}, ""rem_profile_params"": {""rem_stage"": 2, ""step_size_hours"": 1, ""window_size_hours"": 6}, ""tau_threshold"": 5.0}",run_output_8day_rem_w6_s1_stage2_no_pareto,rem_w6_s1_stage2
123,d67f8b7d8b389af6,ok,,"even: mean, range; odd: mean",mean=student_t; range=beta,16,5.0,3,1,2,248.82410387780143,248.82410387780143,8.580141513027638,2.860047171009212,0.0127741139256553,2.860047171009212,0.0127741139256553,-498.1008671645793,1.01,658.0,895.0,0.9342198419668424,0,8,0.173050048954077,0.6411853706068139,6.3664545097748135,1.903381522259885,4.242662664518453,6.89997395674348,7.489906718835728,0.589016317686163,0.8324757233542214,1,False,,False,3,3,29,0,[],56.03189412498614,"(29, 176)",,[0],"{""feature_selection"": {""even"": [""mean"", ""range""], ""odd"": [""mean""]}, ""n_chunks"": 16, ""parameter_selection"": {""mean"": {""likelihood"": ""student_t""}, ""range"": {""likelihood"": ""beta""}}, ""rem_profile_params"": {""rem_stage"": 2, ""step_size_hours"": 1, ""window_size_hours"": 3}, ""tau_threshold"": 5.0}",run_output_8day_rem_w3_s1_stage2_no_pareto,rem_w3_s1_stage2
43,07555bcbc3b08424,ok,,"even: mean, range",mean=student_t; range=beta,16,5.0,2,1,2,165.86031033264007,165.86031033264007,5.719321045953106,2.859660522976553,0.011994011996726,2.859660522976553,0.011994011996726,-331.217393031456,1.0,656.0,1174.0,0.9352626976304316,0,5,0.0700889859723529,0.4142971608089166,5.558015561063762,1.6640064985649388,3.7242441614492745,4.685856412216715,6.808667127716213,0.3042791831315271,0.7537116796861657,1,False,,False,2,2,29,0,[],34.40847084799316,"(29, 184)",,[0],"{""feature_selection"": {""even"": [""mean"", ""range""]}, ""n_chunks"": 16, ""parameter_selection"": {""mean"": {""likelihood"": ""student_t""}, ""range"": {""likelihood"": ""beta""}}, ""rem_profile_params"": {""rem_stage"": 2, ""step_size_hours"": 1, ""window_size_hours"": 2}, ""tau_threshold"": 5.0}",run_output_8day_rem_w2_s1_stage2_no_pareto,rem_w2_s1_stage2
13,feb2b900656af5d2,ok,,"concat: mean, range; even: mean, range; odd: mean, range",mean=student_t; range=beta,16,5.0,6,1,2,496.5597233027849,496.5597233027849,17.122749079406375,2.853791513234396,0.0088532918367702,2.853791513234396,0.0088532918367702,-991.6795027485538,1.0,3574.0,2205.0,0.970606046948362,0,5,0.9738016769675742,0.0078565620407815,5.008084857436717,0.0920829385687702,4.251979555849493,4.503959296520464,4.755939037191435,0.0002279453629415,0.9445212036325368,2,False,,False,6,6,29,0,[],82.79476273502223,"(29, 152)",,[0],"{""feature_selection"": {""concat"": [""mean"", ""range""], ""even"": [""mean"", ""range""], ""odd"": [""mean"", ""range""]}, ""n_chunks"": 16, ""parameter_selection"": {""mean"": {""likelihood"": ""student_t""}, ""range"": {""likelihood"": ""beta""}}, ""rem_profile_params"": {""rem_stage"": 2, ""step_size_hours"": 1, ""window_size_hours"": 6}, ""tau_threshold"": 5.0}",run_output_8day_rem_w6_s1_stage2_no_pareto,rem_w6_s1_stage2
154,7642201b4f30786b,ok,,"concat: mean, range; even: range; odd: range",mean=lognormal; range=lognormal,16,5.0,6,1,2,330.7121712713328,330.7121712713328,11.403867974873544,2.850966993718386,0.0103985260502098,2.850966993718386,0.0103985260502098,-662.2608646630945,1.0,5008.0,2406.0,1.0255883870098492,0,7,0.99053235787089,0.9999534172822196,6.997590166042773,0.0500726622422806,6.248221531703604,6.498815765973032,6.74941000024246,0.9976329238253016,0.91100838862388,3,False,,False,4,4,29,0,[],41.74498390802182,"(29, 152)",,[0],"{""feature_selection"": {""concat"": [""mean"", ""range""], ""even"": [""range""], ""odd"": [""range""]}, ""n_chunks"": 16, ""parameter_selection"": {""mean"": {""likelihood"": ""lognormal""}, ""range"": {""likelihood"": ""lognormal""}}, ""rem_profile_params"": {""rem_stage"": 2, ""step_size_hours"": 1, ""window_size_hours"": 6}, ""tau_threshold"": 5.0}",run_output_8day_rem_w6_s1_stage2_no_pareto,rem_w6_s1_stage2
107,fc5af7a13e03e135,ok,,concat: range; even: mean; odd: range,mean=lognormal; range=beta,16,5.0,3,1,2,247.78123222186076,247.78123222186076,8.544180421443473,2.8480601404811585,0.0147077493840719,2.8480601404811585,0.0147077493840719,-493.58080172202807,1.0,746.0,684.0,0.9031244843563312,0,7,0.571096175850683,0.9766731349467764,7.241354975245159,0.7966326999714031,6.34985396496787,6.74162712500614,7.254011862735003,0.9732503401545513,1.0262569945482176,2,False,,False,3,3,29,0,[],46.90192392794415,"(29, 176)",,[0],"{""feature_selection"": {""concat"": [""range""], ""even"": [""mean""], ""odd"": [""range""]}, ""n_chunks"": 16, ""parameter_selection"": {""mean"": {""likelihood"": ""lognormal""}, ""range"": {""likelihood"": ""beta""}}, ""rem_profile_params"": {""rem_stage"": 2, ""step_size_hours"": 1, ""window_size_hours"": 3}, ""tau_threshold"": 5.0}",run_output_8day_rem_w3_s1_stage2_no_pareto,rem_w3_s1_stage2
14,9460ef6e88fc2053,ok,,"concat: range; even: mean, range; odd: mean, range",mean=student_t; range=beta,16,5.0,3,1,2,412.6727952349205,412.6727952349205,14.23009638741105,2.8460192774822097,0.0107825322630819,2.8460192774822097,0.0107825322630819,-822.1448973481829,1.0,1085.0,1028.0,0.9741294529233088,0,8,0.6302081788437164,0.984470219052787,7.669771442588463,0.7030859303181117,6.912064111137008,7.312723122685677,7.656361561342838,0.983276596474158,1.0870703254490397,2,False,,False,5,5,29,0,[],69.24964253196958,"(29, 176)",,[0],"{""feature_selection"": {""concat"": [""range""], ""even"": [""mean"", ""range""], ""odd"": [""mean"", ""range""]}, ""n_chunks"": 16, ""parameter_selection"": {""mean"": {""likelihood"": ""student_t""}, ""range"": {""likelihood"": ""beta""}}, ""rem_profile_params"": {""rem_stage"": 2, ""step_size_hours"": 1, ""window_size_hours"": 3}, ""tau_threshold"": 5.0}",run_output_8day_rem_w3_s1_stage2_no_pareto,rem_w3_s1_stage2
14,379aad156c88c672,ok,,"concat: range; even: mean, range; odd: mean, range",mean=student_t; range=lognormal,16,5.0,2,1,2,411.872026271668,411.872026271668,14.202483664540276,2.8404967329080555,0.0103025621054103,2.8404967329080555,0.0103025621054103,-824.6296290620095,1.0,494.0,485.0,0.953454680615826,0,7,0.3896947477501573,0.8666244347301493,6.772769714600623,1.171872211852745,6.122942501781551,6.525981261113751,6.929020020445951,0.8262597262266138,0.911856714956126,3,False,,False,5,5,29,0,[],47.28465483500622,"(29, 184)",,[0],"{""feature_selection"": {""concat"": [""range""], ""even"": [""mean"", ""range""], ""odd"": [""mean"", ""range""]}, ""n_chunks"": 16, ""parameter_selection"": {""mean"": {""likelihood"": ""student_t""}, ""range"": {""likelihood"": ""lognormal""}}, ""rem_profile_params"": {""rem_stage"": 2, ""step_size_hours"": 1, ""window_size_hours"": 2}, ""tau_threshold"": 5.0}",run_output_8day_rem_w2_s1_stage2_no_pareto,rem_w2_s1_stage2
103,17c1c25dfae7a57b,ok,,concat: range; even: mean; odd: mean,mean=lognormal; range=beta,16,5.0,2,2,2,246.85299586382592,246.85299586382592,8.512172271166412,2.83739075705547,0.016099401495137,2.83739075705547,0.016099401495137,-492.9310654833345,1.01,1293.0,1045.0,0.9341039278445004,0,7,0.5413610311317684,0.9553000387775608,7.01153163384352,0.7780721947806659,6.228108562508226,6.562726229567711,6.897343896627197,0.9204247750221712,1.3242270733244088,3,False,,False,3,3,29,0,[],38.55066131200874,"(29, 96)",,[0],"{""feature_selection"": {""concat"": [""range""], ""even"": [""mean""], ""odd"": [""mean""]}, ""n_chunks"": 16, ""parameter_selection"": {""mean"": {""likelihood"": ""lognormal""}, ""range"": {""likelihood"": ""beta""}}, ""rem_profile_params"": {""rem_stage"": 2, ""step_size_hours"": 2, ""window_size_hours"": 2}, ""tau_threshold"": 5.0}",run_output_8day_rem_w2_s2_stage2_no_pareto,rem_w2_s2_stage2
95,294573b8fc470b3a,ok,,"concat: mean; odd: mean, range",mean=lognormal; range=beta,16,5.0,6,1,2,246.73651314026085,246.73651314026085,8.508155625526236,2.836051875175412,0.0172497396843963,2.836051875175412,0.0172497396843963,-481.5032013655232,1.0,1277.0,1287.0,1.0109867127392094,0,7,0.5131059255745292,0.8060980880219603,6.466756227375262,0.797940499217993,5.385706359978104,6.243177270759059,6.621591177015354,0.6606556119758175,1.4517272575096414,4,False,,False,3,3,29,0,[],28.508789559011348,"(29, 152)",,[0],"{""feature_selection"": {""concat"": [""mean""], ""odd"": [""mean"", ""range""]}, ""n_chunks"": 16, ""parameter_selection"": {""mean"": {""likelihood"": ""lognormal""}, ""range"": {""likelihood"": ""beta""}}, ""rem_profile_params"": {""rem_stage"": 2, ""step_size_hours"": 1, ""window_size_hours"": 6}, ""tau_threshold"": 5.0}",run_output_8day_rem_w6_s1_stage2_no_pareto,rem_w6_s1_stage2
119,0ab44bac53ecc838,ok,,"concat: range; odd: mean, range",mean=student_t; range=beta,16,5.0,2,2,2,246.50710985135467,246.50710985135467,8.500245167288092,2.8334150557626967,0.0132416195418202,2.8334150557626967,0.0132416195418202,-493.41001275654537,1.0,1731.0,1450.0,0.9443355733601688,0,7,0.7527820416815123,0.9999722194793136,6.929257623974846,0.3468916763134327,6.173821351028242,6.459591974794416,6.745362598560591,0.9020636977459826,1.2414073838876594,3,False,,False,3,3,29,0,[],56.36091549997218,"(29, 96)",,[0],"{""feature_selection"": {""concat"": [""range""], ""odd"": [""mean"", ""range""]}, ""n_chunks"": 16, ""parameter_selection"": {""mean"": {""likelihood"": ""student_t""}, ""range"": {""likelihood"": ""beta""}}, ""rem_profile_params"": {""rem_stage"": 2, ""step_size_hours"": 2, ""window_size_hours"": 2}, ""tau_threshold"": 5.0}",run_output_8day_rem_w2_s2_stage2_no_pareto,rem_w2_s2_stage2
120,ecf63f011c8f66b1,ok,,"concat: range; odd: mean, range",mean=student_t; range=lognormal,16,5.0,3,1,2,246.3179600451668,246.3179600451668,8.493722760178166,2.831240920059389,0.0151049736963976,2.831240920059389,0.0151049736963976,-490.8396942655936,1.02,258.0,404.0,0.9081693893501386,0,5,0.1653225405332669,0.418555361082689,5.7575058316630265,1.538241483836279,3.988593809178652,4.752140858043668,6.900229515182955,0.3563880815911975,0.9034195735091172,2,False,,False,3,3,29,0,[],30.857138647988904,"(29, 176)",,[0],"{""feature_selection"": {""concat"": [""range""], ""odd"": [""mean"", ""range""]}, ""n_chunks"": 16, ""parameter_selection"": {""mean"": {""likelihood"": ""student_t""}, ""range"": {""likelihood"": ""lognormal""}}, ""rem_profile_params"": {""rem_stage"": 2, ""step_size_hours"": 1, ""window_size_hours"": 3}, ""tau_threshold"": 5.0}",run_output_8day_rem_w3_s1_stage2_no_pareto,rem_w3_s1_stage2
91,5f8e11f9e22fa53b,ok,,concat: mean; even: range; odd: range,mean=lognormal; range=beta,16,5.0,6,1,2,246.0717490340372,246.0717490340372,8.485232725311626,2.8284109084372093,0.012497899286827,2.8284109084372093,0.012497899286827,-482.84362730488425,1.01,787.0,1504.0,0.9776174431598402,0,7,0.4363911361984002,0.6889385078723698,6.209248165421269,0.8883134085607808,4.803697849106671,6.037715974238901,6.519577252987907,0.5195678589991801,1.1262378519584957,3,False,,False,3,3,29,0,[],33.4309095100034,"(29, 152)",,[0],"{""feature_selection"": {""concat"": [""mean""], ""even"": [""range""], ""odd"": [""range""]}, ""n_chunks"": 16, ""parameter_selection"": {""mean"": {""likelihood"": ""lognormal""}, ""range"": {""likelihood"": ""beta""}}, ""rem_profile_params"": {""rem_stage"": 2, ""step_size_hours"": 1, ""window_size_hours"": 6}, ""tau_threshold"": 5.0}",run_output_8day_rem_w6_s1_stage2_no_pareto,rem_w6_s1_stage2
113,279ea1ab97a50b9e,ok,,concat: range; even: range; odd: mean,mean=student_t; range=beta,16,5.0,2,2,2,246.05540060801627,246.05540060801627,8.48466898648332,2.82822299549444,0.0114500344371568,2.82822299549444,0.0114500344371568,-493.776908016216,1.0,1285.0,1575.0,0.9016556508558048,0,7,0.5115074152105075,0.9826064566640456,6.888744168054137,0.6231005255312743,6.083995810900232,6.439639036012848,6.795282261125465,0.8090449957774641,1.2723983070598353,1,False,,False,3,3,29,0,[],56.88479541701963,"(29, 96)",,[0],"{""feature_selection"": {""concat"": [""range""], ""even"": [""range""], ""odd"": [""mean""]}, ""n_chunks"": 16, ""parameter_selection"": {""mean"": {""likelihood"": ""student_t""}, ""range"": {""likelihood"": ""beta""}}, ""rem_profile_params"": {""rem_stage"": 2, ""step_size_hours"": 2, ""window_size_hours"": 2}, ""tau_threshold"": 5.0}",run_output_8day_rem_w2_s2_stage2_no_pareto,rem_w2_s2_stage2
30,84df3792752f099d,ok,,concat: range; even: mean,mean=lognormal; range=lognormal,16,5.0,3,1,2,164.00526707713985,164.00526707713985,5.655354037142754,2.8276770185713764,0.0129605144169888,2.8276770185713764,0.0129605144169888,-328.28899754499446,1.0,1666.0,2479.0,1.0226898756984473,0,7,0.3486799723252803,0.7114222314865983,6.301383207907161,1.0576132412331425,4.838351081829156,6.2010124166352,6.628950422322538,0.6174308042074581,0.6348243305947694,0,False,,False,2,2,29,0,[],20.00418324302882,"(29, 176)",,[0],"{""feature_selection"": {""concat"": [""range""], ""even"": [""mean""]}, ""n_chunks"": 16, ""parameter_selection"": {""mean"": {""likelihood"": ""lognormal""}, ""range"": {""likelihood"": ""lognormal""}}, ""rem_profile_params"": {""rem_stage"": 2, ""step_size_hours"": 1, ""window_size_hours"": 3}, ""tau_threshold"": 5.0}",run_output_8day_rem_w3_s1_stage2_no_pareto,rem_w3_s1_stage2
4,c7e0c6e3e8457e4c,ok,,concat: range,range=lognormal,16,5.0,3,1,2,81.84165682684927,81.84165682684927,2.822126097477561,2.822126097477561,0.0186576140245191,2.822126097477561,0.0186576140245191,-163.6987888531232,1.0,2034.0,2101.0,1.073238375024352,0,5,0.2569649471919127,0.5378869803126213,5.873837029898098,1.0946668899687468,4.4491483297277865,5.268858766237349,6.395660769078512,0.3969692009043252,0.6168596527916974,0,False,,False,1,1,29,0,[],6.903760256012902,"(29, 176)",,[0],"{""feature_selection"": {""concat"": [""range""]}, ""n_chunks"": 16, ""parameter_selection"": {""range"": {""likelihood"": ""lognormal""}}, ""rem_profile_params"": {""rem_stage"": 2, ""step_size_hours"": 1, ""window_size_hours"": 3}, ""tau_threshold"": 5.0}",run_output_8day_rem_w3_s1_stage2_no_pareto,rem_w3_s1_stage2
180,da1cc187f82d9bde,ok,,"concat: range; even: mean, range; odd: mean",mean=student_t; range=lognormal,16,5.0,2,2,2,326.43975682090644,326.43975682090644,11.256543338651946,2.814135834662986,0.010558950470337,2.814135834662986,0.010558950470337,-654.1081499534666,1.0,1419.0,1445.0,0.8972316754656257,0,7,0.4031599172428168,0.9535927456473752,6.548920896698862,0.7143394955760717,5.4775649393714,6.06005694067898,6.610462765019188,0.5272784816326086,0.8998511144778344,2,False,,False,4,4,29,0,[],69.54772632697131,"(29, 96)",,[0],"{""feature_selection"": {""concat"": [""range""], ""even"": [""mean"", ""range""], ""odd"": [""mean""]}, ""n_chunks"": 16, ""parameter_selection"": {""mean"": {""likelihood"": ""student_t""}, ""range"": {""likelihood"": ""lognormal""}}, ""rem_profile_params"": {""rem_stage"": 2, ""step_size_hours"": 2, ""window_size_hours"": 2}, ""tau_threshold"": 5.0}",run_output_8day_rem_w2_s2_stage2_no_pareto,rem_w2_s2_stage2
158,cc46e0b0affe38da,ok,,"concat: mean, range; odd: mean, range",mean=lognormal; range=lognormal,16,5.0,6,1,2,325.48593063339104,325.48593063339104,11.22365278046176,2.80591319511544,0.0120308100413245,2.80591319511544,0.0120308100413245,-650.584431432467,1.0,4914.0,2830.0,1.0732710301633637,0,7,0.9852311136239666,0.9999530759493744,6.995937792130952,0.0644163169035224,6.246976172116228,6.497984903572748,6.748993635029268,0.9959836463487828,1.3711340103449157,1,False,,False,4,4,29,0,[],42.767756218032446,"(29, 152)",,[0],"{""feature_selection"": {""concat"": [""mean"", ""range""], ""odd"": [""mean"", ""range""]}, ""n_chunks"": 16, ""parameter_selection"": {""mean"": {""likelihood"": ""lognormal""}, ""range"": {""likelihood"": ""lognormal""}}, ""rem_profile_params"": {""rem_stage"": 2, ""step_size_hours"": 1, ""window_size_hours"": 6}, ""tau_threshold"": 5.0}",run_output_8day_rem_w6_s1_stage2_no_pareto,rem_w6_s1_stage2
5,d9c81b660a9533bc,ok,,even: mean,mean=lognormal,16,5.0,3,1,2,81.21044054424974,81.21044054424974,2.800360018767232,2.800360018767232,0.0199566976254373,2.800360018767232,0.0199566976254373,-163.12311853888858,1.0,1150.0,1761.0,1.0477525981664664,0,7,0.0468120102817978,0.5963397894598048,5.7831763471691575,1.8539331653683069,3.43706984859724,5.862350754351951,6.865970486134982,0.4846221513947654,0.7628253558016636,1,False,,False,1,1,29,0,[],14.744754193001429,"(29, 176)",,[0],"{""feature_selection"": {""even"": [""mean""]}, ""n_chunks"": 16, ""parameter_selection"": {""mean"": {""likelihood"": ""lognormal""}}, ""rem_profile_params"": {""rem_stage"": 2, ""step_size_hours"": 1, ""window_size_hours"": 3}, ""tau_threshold"": 5.0}",run_output_8day_rem_w3_s1_stage2_no_pareto,rem_w3_s1_stage2
203,757b7f1ecb7d55ad,ok,,"concat: mean, range; even: mean, range; odd: range",mean=student_t; range=beta,16,5.0,6,1,2,405.0994848361184,405.0994848361184,13.968947752969598,2.79378955059392,0.0082105429074601,2.79378955059392,0.0082105429074601,-809.8561489296308,1.0,3142.0,2277.0,1.0089124680342811,0,5,0.9754937317265928,0.0073780030994969,5.007434550705724,0.0865725665715121,4.251858030796593,4.50371630200521,4.755574573213828,5.695958558465517e-05,1.0154444015236148,2,False,,False,5,5,29,0,[],112.94547638198128,"(29, 152)",,[0],"{""feature_selection"": {""concat"": [""mean"", ""range""], ""even"": [""mean"", ""range""], ""odd"": [""range""]}, ""n_chunks"": 16, ""parameter_selection"": {""mean"": {""likelihood"": ""student_t""}, ""range"": {""likelihood"": ""beta""}}, ""rem_profile_params"": {""rem_stage"": 2, ""step_size_hours"": 1, ""window_size_hours"": 6}, ""tau_threshold"": 5.0}",run_output_8day_rem_w6_s1_stage2_no_pareto,rem_w6_s1_stage2
15,237230e6a2488951,ok,,"concat: range; even: mean, range; odd: mean, range",mean=student_t; range=beta,16,5.0,2,2,2,404.5130051372792,404.5130051372792,13.948724315078591,2.7897448630157182,0.0085333674522985,2.7897448630157182,0.0085333674522985,-809.5179980356386,1.0,1150.0,1057.0,0.8494542473293317,0,7,0.6613606900946684,0.9999976075970012,6.991214954761505,0.4299478841582556,6.187896858278414,6.494613451220635,6.8013300441628575,0.9031518530477816,1.2109881218477077,4,False,,False,5,5,29,0,[],67.81417189602507,"(29, 96)",,[0],"{""feature_selection"": {""concat"": [""range""], ""even"": [""mean"", ""range""], ""odd"": [""mean"", ""range""]}, ""n_chunks"": 16, ""parameter_selection"": {""mean"": {""likelihood"": ""student_t""}, ""range"": {""likelihood"": ""beta""}}, ""rem_profile_params"": {""rem_stage"": 2, ""step_size_hours"": 2, ""window_size_hours"": 2}, ""tau_threshold"": 5.0}",run_output_8day_rem_w2_s2_stage2_no_pareto,rem_w2_s2_stage2
161,61f6a715bc1109a5,ok,,"concat: mean; even: mean, range; odd: mean",mean=lognormal; range=beta,16,5.0,6,1,2,323.4877758764146,323.4877758764146,11.15475089229016,2.7886877230725404,0.0134827265554019,2.7886877230725404,0.0134827265554019,-649.6175438559075,1.0,3400.0,2312.0,1.0188169721934568,0,7,0.9661083030459092,0.9994316157341644,6.994379468195487,0.1169880079373338,6.245340609986116,6.497692649514118,6.750044689042121,0.993053920274429,1.5976097470589856,2,False,,False,4,4,29,0,[],51.56541273603216,"(29, 152)",,[0],"{""feature_selection"": {""concat"": [""mean""], ""even"": [""mean"", ""range""], ""odd"": [""mean""]}, ""n_chunks"": 16, ""parameter_selection"": {""mean"": {""likelihood"": ""lognormal""}, ""range"": {""likelihood"": ""beta""}}, ""rem_profile_params"": {""rem_stage"": 2, ""step_size_hours"": 1, ""window_size_hours"": 6}, ""tau_threshold"": 5.0}",run_output_8day_rem_w6_s1_stage2_no_pareto,rem_w6_s1_stage2
127,1f486cea565204e4,ok,,"even: mean, range; odd: range",mean=student_t; range=beta,16,5.0,2,1,2,242.51325514019624,242.51325514019624,8.362526039317112,2.7875086797723707,0.0096338260996887,2.7875086797723707,0.0096338260996887,-484.27964587052,1.01,446.0,902.0,0.9242818729922604,0,5,0.1035072364825162,0.4422660627861094,5.656544172587301,1.4674139746761066,4.053141167009066,4.822359896639152,6.335989270789315,0.2754447277771584,0.9192908681261224,1,False,,False,3,3,29,0,[],56.626772052026354,"(29, 184)",,[0],"{""feature_selection"": {""even"": [""mean"", ""range""], ""odd"": [""range""]}, ""n_chunks"": 16, ""parameter_selection"": {""mean"": {""likelihood"": ""student_t""}, ""range"": {""likelihood"": ""beta""}}, ""rem_profile_params"": {""rem_stage"": 2, ""step_size_hours"": 1, ""window_size_hours"": 2}, ""tau_threshold"": 5.0}",run_output_8day_rem_w2_s1_stage2_no_pareto,rem_w2_s1_stage2
35,e2691fef9129de61,ok,,concat: range; odd: mean,mean=lognormal; range=beta,16,5.0,2,2,2,161.67446575896614,161.67446575896614,5.574981577895384,2.787490788947692,0.0223686166600757,2.787490788947692,0.0223686166600757,-322.442806741483,1.0,1452.0,1342.0,0.9270785507818998,0,7,0.4937758574897907,0.9385427682385744,6.9338796564702045,0.816468934915088,6.1818517585823685,6.523488260869803,6.865124763157237,0.8830740109478759,1.500104687801559,3,False,,False,2,2,29,0,[],26.656794194015674,"(29, 96)",,[0],"{""feature_selection"": {""concat"": [""range""], ""odd"": [""mean""]}, ""n_chunks"": 16, ""parameter_selection"": {""mean"": {""likelihood"": ""lognormal""}, ""range"": {""likelihood"": ""beta""}}, ""rem_profile_params"": {""rem_stage"": 2, ""step_size_hours"": 2, ""window_size_hours"": 2}, ""tau_threshold"": 5.0}",run_output_8day_rem_w2_s2_stage2_no_pareto,rem_w2_s2_stage2
141,d57e6c2249323f63,ok,,"concat: mean, range; even: mean; odd: mean",mean=lognormal; range=beta,16,5.0,6,1,2,323.2944919610107,323.2944919610107,11.148085929690025,2.7870214824225066,0.0149280530838354,2.7870214824225066,0.0149280530838354,-637.3323338945714,1.0,1394.0,1905.0,0.9873669835830844,0,7,0.5304274070608541,0.929434410520784,6.564065846547843,0.6304903436858336,5.6131339981807296,6.214808216462124,6.607415323997822,0.6367831938973447,1.199075413527862,2,False,,False,4,4,29,0,[],38.24461574899033,"(29, 152)",,[0],"{""feature_selection"": {""concat"": [""mean"", ""range""], ""even"": [""mean""], ""odd"": [""mean""]}, ""n_chunks"": 16, ""parameter_selection"": {""mean"": {""likelihood"": ""lognormal""}, ""range"": {""likelihood"": ""beta""}}, ""rem_profile_params"": {""rem_stage"": 2, ""step_size_hours"": 1, ""window_size_hours"": 6}, ""tau_threshold"": 5.0}",run_output_8day_rem_w6_s1_stage2_no_pareto,rem_w6_s1_stage2
146,5d139e4aeb4b3b84,ok,,"concat: mean, range; even: mean; odd: range",mean=lognormal; range=lognormal,16,5.0,6,1,2,322.7241221489569,322.7241221489569,11.128418005136446,2.782104501284112,0.0089181836418607,2.782104501284112,0.0089181836418607,-646.108879328871,1.0,4623.0,2532.0,1.0451463374483632,0,7,0.9766075786687888,0.999858112371364,6.992995224392221,0.0852570371849176,6.244812819200497,6.496545632922141,6.748278446643784,0.9931276395607316,0.7390242277742446,2,False,,False,4,4,29,0,[],41.38165775599191,"(29, 152)",,[0],"{""feature_selection"": {""concat"": [""mean"", ""range""], ""even"": [""mean""], ""odd"": [""range""]}, ""n_chunks"": 16, ""parameter_selection"": {""mean"": {""likelihood"": ""lognormal""}, ""range"": {""likelihood"": ""lognormal""}}, ""rem_profile_params"": {""rem_stage"": 2, ""step_size_hours"": 1, ""window_size_hours"": 6}, ""tau_threshold"": 5.0}",run_output_8day_rem_w6_s1_stage2_no_pareto,rem_w6_s1_stage2
137,e3b3362ee7549fae,ok,,"concat: mean, range; even: mean, range",mean=lognormal; range=beta,16,5.0,6,1,2,322.4866908786252,322.4866908786252,11.120230719952591,2.780057679988148,0.010827963089221,2.780057679988148,0.010827963089221,-642.2267559742808,1.01,896.0,989.0,0.950738720882746,0,7,0.4312328329632023,0.852345534583925,6.349029388112146,0.7600857087485449,5.297007213012682,6.015275878689267,6.507655824180231,0.5077561438220413,0.8030709984615872,2,False,,False,4,4,29,0,[],43.81839047104586,"(29, 152)",,[0],"{""feature_selection"": {""concat"": [""mean"", ""range""], ""even"": [""mean"", ""range""]}, ""n_chunks"": 16, ""parameter_selection"": {""mean"": {""likelihood"": ""lognormal""}, ""range"": {""likelihood"": ""beta""}}, ""rem_profile_params"": {""rem_stage"": 2, ""step_size_hours"": 1, ""window_size_hours"": 6}, ""tau_threshold"": 5.0}",run_output_8day_rem_w6_s1_stage2_no_pareto,rem_w6_s1_stage2
9,f54aef7312169d3b,ok,,odd: mean,mean=lognormal,16,5.0,2,1,2,80.5629976244405,80.5629976244405,2.778034400842776,2.7780344008427758,0.0405443365797289,2.7780344008427758,0.0405443365797289,-161.94269962951324,1.0,1099.0,1518.0,1.048869957907893,0,8,0.0360797558201428,0.6147559309437572,5.9841985851556885,1.8081214418312692,3.803874625890905,5.856346563758834,7.168035995311934,0.4807495183529841,1.542537898238967,2,False,,False,1,1,29,0,[],15.371893876988906,"(29, 184)",,[0],"{""feature_selection"": {""odd"": [""mean""]}, ""n_chunks"": 16, ""parameter_selection"": {""mean"": {""likelihood"": ""lognormal""}}, ""rem_profile_params"": {""rem_stage"": 2, ""step_size_hours"": 1, ""window_size_hours"": 2}, ""tau_threshold"": 5.0}",run_output_8day_rem_w2_s1_stage2_no_pareto,rem_w2_s1_stage2
60,452d56b78ce20bf3,ok,,"odd: mean, range",mean=student_t; range=lognormal,16,5.0,3,1,2,161.105595488444,161.105595488444,5.555365361670483,2.7776826808352406,0.0164247934477008,2.7776826808352406,0.0164247934477008,-321.5320257558407,1.02,257.0,493.0,1.0875866115431132,0,8,0.4100357388764039,0.6942064836855301,6.73181889739478,1.7874970182079484,4.050880665539232,7.220108043407189,7.610054021703594,0.6630125799370948,0.77576390824732,1,False,,False,2,2,29,0,[],27.103804199025035,"(29, 176)",,[0],"{""feature_selection"": {""odd"": [""mean"", ""range""]}, ""n_chunks"": 16, ""parameter_selection"": {""mean"": {""likelihood"": ""student_t""}, ""range"": {""likelihood"": ""lognormal""}}, ""rem_profile_params"": {""rem_stage"": 2, ""step_size_hours"": 1, ""window_size_hours"": 3}, ""tau_threshold"": 5.0}",run_output_8day_rem_w3_s1_stage2_no_pareto,rem_w3_s1_stage2
4,0b1784b091e1db5f,ok,,"concat: mean; even: mean, range; odd: mean, range",mean=lognormal; range=lognormal,16,5.0,6,1,2,402.4728422975653,402.4728422975653,13.878373872329838,2.775674774465968,0.0116143940535277,2.775674774465968,0.0116143940535277,-803.3757230243473,1.0,5051.0,2627.0,1.0138362175171978,0,7,0.9821211930455004,0.9998573474278256,6.99492143807875,0.0740699245678531,6.24628968805641,6.497532575270704,6.748775462484997,0.9950713040946128,1.2677404568558102,2,False,,False,5,5,29,0,[],17.12319077400025,"(29, 152)",,[0],"{""feature_selection"": {""concat"": [""mean""], ""even"": [""mean"", ""range""], ""odd"": [""mean"", ""range""]}, ""n_chunks"": 16, ""parameter_selection"": {""mean"": {""likelihood"": ""lognormal""}, ""range"": {""likelihood"": ""lognormal""}}, ""rem_profile_params"": {""rem_stage"": 2, ""step_size_hours"": 1, ""window_size_hours"": 6}, ""tau_threshold"": 5.0}",run_output_8day_rem_w6_s1_stage2_no_pareto,rem_w6_s1_stage2
150,b4024adaea2f7076,ok,,"concat: mean, range; even: range; odd: mean",mean=lognormal; range=lognormal,16,5.0,6,1,2,321.94554337249133,321.94554337249133,11.10157046112039,2.775392615280098,0.0123742638294064,2.775392615280098,0.0123742638294064,-642.6148034466694,1.0,5435.0,2575.0,1.0301779670391151,0,7,0.99806727579121,0.9999929632965536,6.999607348335256,0.0202551082717012,6.249710834682713,6.499807420681139,6.749904006679567,0.999614397659433,1.2012149437006996,2,False,,False,4,4,29,0,[],41.35109150601784,"(29, 152)",,[0],"{""feature_selection"": {""concat"": [""mean"", ""range""], ""even"": [""range""], ""odd"": [""mean""]}, ""n_chunks"": 16, ""parameter_selection"": {""mean"": {""likelihood"": ""lognormal""}, ""range"": {""likelihood"": ""lognormal""}}, ""rem_profile_params"": {""rem_stage"": 2, ""step_size_hours"": 1, ""window_size_hours"": 6}, ""tau_threshold"": 5.0}",run_output_8day_rem_w6_s1_stage2_no_pareto,rem_w6_s1_stage2
138,f741f0668a0f3b1a,ok,,"concat: mean, range; even: mean, range",mean=lognormal; range=lognormal,16,5.0,6,1,2,321.224859861088,321.224859861088,11.076719305554755,2.7691798263886893,0.0114507222378346,2.7691798263886893,0.0114507222378346,-642.4024784734866,1.0,4628.0,2541.0,1.026152727506576,0,7,0.9960683239429016,0.999957885544655,6.999118784179659,0.0312359779841958,6.249368085523377,6.499580292306973,6.74979249909057,0.999156594645132,0.7655987540854301,1,False,,False,4,4,29,0,[],39.49574832699727,"(29, 152)",,[0],"{""feature_selection"": {""concat"": [""mean"", ""range""], ""even"": [""mean"", ""range""]}, ""n_chunks"": 16, ""parameter_selection"": {""mean"": {""likelihood"": ""lognormal""}, ""range"": {""likelihood"": ""lognormal""}}, ""rem_profile_params"": {""rem_stage"": 2, ""step_size_hours"": 1, ""window_size_hours"": 6}, ""tau_threshold"": 5.0}",run_output_8day_rem_w6_s1_stage2_no_pareto,rem_w6_s1_stage2
145,025ebdbc10986585,ok,,"concat: mean, range; even: mean; odd: range",mean=lognormal; range=beta,16,5.0,6,1,2,321.0771448401494,321.0771448401494,11.071625684143084,2.7679064210357707,0.0115079158165108,2.7679064210357707,0.0115079158165108,-643.2922657336533,1.0,2957.0,2208.0,1.01604792356618,0,5,0.8992360788809894,0.041057962916316,5.04349679080443,0.2155997207246052,4.260703910923434,4.521407907302936,4.782111903682438,0.0024389812151288,1.022866262374538,2,False,,False,4,4,29,0,[],57.73286040103994,"(29, 152)",,[0],"{""feature_selection"": {""concat"": [""mean"", ""range""], ""even"": [""mean""], ""odd"": [""range""]}, ""n_chunks"": 16, ""parameter_selection"": {""mean"": {""likelihood"": ""lognormal""}, ""range"": {""likelihood"": ""beta""}}, ""rem_profile_params"": {""rem_stage"": 2, ""step_size_hours"": 1, ""window_size_hours"": 6}, ""tau_threshold"": 5.0}",run_output_8day_rem_w6_s1_stage2_no_pareto,rem_w6_s1_stage2
149,347e482a7f7d1ac3,ok,,"concat: mean, range; even: range; odd: mean",mean=lognormal; range=beta,16,5.0,6,1,2,320.9133991765344,320.9133991765344,11.065979281949462,2.766494820487364,0.0127250598090894,2.766494820487364,0.0127250598090894,-640.3637985809796,1.0,1578.0,1515.0,0.9053933979715568,0,7,0.5768926663414142,0.961757999418187,6.633453769046601,0.6000407715812515,5.756902212104682,6.266852150151553,6.633430055686568,0.6819887028939221,1.6597844402249151,2,False,,False,4,4,29,0,[],45.31119132298045,"(29, 152)",,[0],"{""feature_selection"": {""concat"": [""mean"", ""range""], ""even"": [""range""], ""odd"": [""mean""]}, ""n_chunks"": 16, ""parameter_selection"": {""mean"": {""likelihood"": ""lognormal""}, ""range"": {""likelihood"": ""beta""}}, ""rem_profile_params"": {""rem_stage"": 2, ""step_size_hours"": 1, ""window_size_hours"": 6}, ""tau_threshold"": 5.0}",run_output_8day_rem_w6_s1_stage2_no_pareto,rem_w6_s1_stage2
57,4f7d0df3eaaaec83,ok,,"odd: mean, range",mean=lognormal; range=beta,16,5.0,2,1,2,159.44319635803691,159.44319635803691,5.498041253725411,2.749020626862704,0.0211353960187168,2.749020626862704,0.0211353960187168,-314.4084366640016,1.0,932.0,1391.0,1.0013694777644648,0,8,0.0669087291323713,0.7094963438445785,6.245916266093538,1.485709501969812,4.6739754631856325,5.920163901368611,7.048072296965439,0.4818234873752226,1.091684971754105,2,False,,False,2,2,29,0,[],28.054339960042853,"(29, 184)",,[0],"{""feature_selection"": {""odd"": [""mean"", ""range""]}, ""n_chunks"": 16, ""parameter_selection"": {""mean"": {""likelihood"": ""lognormal""}, ""range"": {""likelihood"": ""beta""}}, ""rem_profile_params"": {""rem_stage"": 2, ""step_size_hours"": 1, ""window_size_hours"": 2}, ""tau_threshold"": 5.0}",run_output_8day_rem_w2_s1_stage2_no_pareto,rem_w2_s1_stage2
102,bb9e2d48acdcc98c,ok,,"concat: range; even: mean, range",mean=student_t; range=lognormal,16,5.0,2,1,2,238.26276219055495,238.26276219055495,8.21595731691569,2.7386524389718963,0.0089881063207888,2.7386524389718963,0.0089881063207888,-477.2228758034044,1.0,1542.0,1813.0,0.9596050362118562,0,7,0.4154004940310355,0.9251013345490618,6.937024620200647,0.9786486637897652,6.179611200082899,6.561784044817628,6.943956889552356,0.8674934342912105,0.7074138890125422,1,False,,False,3,3,29,0,[],36.26342108496465,"(29, 184)",,[0],"{""feature_selection"": {""concat"": [""range""], ""even"": [""mean"", ""range""]}, ""n_chunks"": 16, ""parameter_selection"": {""mean"": {""likelihood"": ""student_t""}, ""range"": {""likelihood"": ""lognormal""}}, ""rem_profile_params"": {""rem_stage"": 2, ""step_size_hours"": 1, ""window_size_hours"": 2}, ""tau_threshold"": 5.0}",run_output_8day_rem_w2_s1_stage2_no_pareto,rem_w2_s1_stage2
110,10fcafa351deb618,ok,,concat: range; even: mean; odd: range,mean=student_t; range=lognormal,16,5.0,3,1,2,238.0772912658375,238.0772912658375,8.2095617677875,2.7365205892625,0.0096616840515375,2.7365205892625,0.0096616840515375,-474.6529956070276,1.01,333.0,898.0,1.0125895449774365,0,8,0.2313316861088875,0.6321163247052484,6.526031568209861,1.5998002826906976,4.42918333808494,6.703930676455885,7.454653436383111,0.5988503668304835,0.7504767487151462,1,False,,False,3,3,29,0,[],38.000691872963216,"(29, 176)",,[0],"{""feature_selection"": {""concat"": [""range""], ""even"": [""mean""], ""odd"": [""range""]}, ""n_chunks"": 16, ""parameter_selection"": {""mean"": {""likelihood"": ""student_t""}, ""range"": {""likelihood"": ""lognormal""}}, ""rem_profile_params"": {""rem_stage"": 2, ""step_size_hours"": 1, ""window_size_hours"": 3}, ""tau_threshold"": 5.0}",run_output_8day_rem_w3_s1_stage2_no_pareto,rem_w3_s1_stage2
104,a8ea53043a98d614,ok,,concat: range; even: mean; odd: mean,mean=lognormal; range=lognormal,16,5.0,2,2,2,237.5649494931942,237.5649494931942,8.191894810110146,2.730631603370048,0.0164730010500643,2.730631603370048,0.0164730010500643,-474.1022789229429,1.0,1624.0,1808.0,0.9564972272318988,0,7,0.3877965850775964,0.8937922129863879,6.620773362924532,0.8394790977151189,5.689085412658383,6.299621855466526,6.704251364188194,0.685121110181207,1.5071036423984818,3,False,,False,3,3,29,0,[],31.024239134974778,"(29, 96)",,[0],"{""feature_selection"": {""concat"": [""range""], ""even"": [""mean""], ""odd"": [""mean""]}, ""n_chunks"": 16, ""parameter_selection"": {""mean"": {""likelihood"": ""lognormal""}, ""range"": {""likelihood"": ""lognormal""}}, ""rem_profile_params"": {""rem_stage"": 2, ""step_size_hours"": 2, ""window_size_hours"": 2}, ""tau_threshold"": 5.0}",run_output_8day_rem_w2_s2_stage2_no_pareto,rem_w2_s2_stage2
99,0ff623ee17f44896,ok,,"concat: range; even: mean, range",mean=lognormal; range=beta,16,5.0,3,1,2,236.71165037141216,236.71165037141216,8.162470702462489,2.720823567487496,0.0102423339577816,2.720823567487496,0.0102423339577816,-474.5012349752009,1.01,1598.0,1241.0,0.8995508203681135,0,7,0.6382369559547132,0.969789927775376,7.080431968726711,0.6626323360331625,6.270157978704791,6.58553669242044,6.900915406136089,0.96415362463902,1.0026530512983147,2,False,,False,3,3,29,0,[],42.266332685016096,"(29, 176)",,[0],"{""feature_selection"": {""concat"": [""range""], ""even"": [""mean"", ""range""]}, ""n_chunks"": 16, ""parameter_selection"": {""mean"": {""likelihood"": ""lognormal""}, ""range"": {""likelihood"": ""beta""}}, ""rem_profile_params"": {""rem_stage"": 2, ""step_size_hours"": 1, ""window_size_hours"": 3}, ""tau_threshold"": 5.0}",run_output_8day_rem_w3_s1_stage2_no_pareto,rem_w3_s1_stage2
110,aa29235dc84ff45e,ok,,concat: range; even: mean; odd: range,mean=student_t; range=lognormal,16,5.0,2,2,2,236.0716407196061,236.0716407196061,8.140401404124349,2.7134671347081163,0.0092179642831582,2.7134671347081163,0.0092179642831582,-473.5846000868625,1.0,1142.0,2170.0,0.964570232479376,0,7,0.3320138688567892,0.9443622574568128,7.063796738251604,0.8683174415669948,6.088355049081227,6.64066034880251,7.258920126939308,0.7899937539644356,0.9890461986053056,2,False,,False,3,3,29,0,[],35.70178972004214,"(29, 96)",,[0],"{""feature_selection"": {""concat"": [""range""], ""even"": [""mean""], ""odd"": [""range""]}, ""n_chunks"": 16, ""parameter_selection"": {""mean"": {""likelihood"": ""student_t""}, ""range"": {""likelihood"": ""lognormal""}}, ""rem_profile_params"": {""rem_stage"": 2, ""step_size_hours"": 2, ""window_size_hours"": 2}, ""tau_threshold"": 5.0}",run_output_8day_rem_w2_s2_stage2_no_pareto,rem_w2_s2_stage2
157,340952005ff27b55,ok,,"concat: mean, range; odd: mean, range",mean=lognormal; range=beta,16,5.0,6,1,2,314.70678361985927,314.70678361985927,10.851958055857216,2.712989513964304,0.0146824976368436,2.712989513964304,0.0146824976368436,-630.1778413351723,1.0,3118.0,2303.0,0.983914410901557,0,5,0.7570400527353648,0.136272451913062,5.146847925983983,0.3826680848710614,4.289443096832319,4.578886232219745,4.86832936760717,0.0105755343144876,1.304403138241094,3,False,,False,4,4,29,0,[],59.981540142034646,"(29, 152)",,[0],"{""feature_selection"": {""concat"": [""mean"", ""range""], ""odd"": [""mean"", ""range""]}, ""n_chunks"": 16, ""parameter_selection"": {""mean"": {""likelihood"": ""lognormal""}, ""range"": {""likelihood"": ""beta""}}, ""rem_profile_params"": {""rem_stage"": 2, ""step_size_hours"": 1, ""window_size_hours"": 6}, ""tau_threshold"": 5.0}",run_output_8day_rem_w6_s1_stage2_no_pareto,rem_w6_s1_stage2
196,73d2d37fbbbb59a0,ok,,"even: mean, range; odd: mean, range",mean=student_t; range=lognormal,16,5.0,2,1,2,314.3387736865183,314.3387736865183,10.839268058155804,2.709817014538951,0.0111258447388116,2.709817014538951,0.0111258447388116,-630.2365962123145,1.03,235.0,1013.0,0.9601470177000092,0,8,0.2910768898068102,0.6301406315731718,6.307492791005711,1.8404400586330032,3.6914752328221994,6.66090612246497,7.438889255567324,0.6061350478983121,0.9107072256870948,3,False,,False,4,4,29,0,[],74.99604133603862,"(29, 184)",,[0],"{""feature_selection"": {""even"": [""mean"", ""range""], ""odd"": [""mean"", ""range""]}, ""n_chunks"": 16, ""parameter_selection"": {""mean"": {""likelihood"": ""student_t""}, ""range"": {""likelihood"": ""lognormal""}}, ""rem_profile_params"": {""rem_stage"": 2, ""step_size_hours"": 1, ""window_size_hours"": 2}, ""tau_threshold"": 5.0}",run_output_8day_rem_w2_s1_stage2_no_pareto,rem_w2_s1_stage2
50,1398729a7334c176,ok,,even: mean; odd: range,mean=student_t; range=lognormal,16,5.0,3,1,2,156.98031030004796,156.98031030004796,5.413114148277516,2.706557074138757,0.0095847888868945,2.706557074138757,0.0095847888868945,-313.7272824453604,1.02,349.0,248.0,1.0305627770069312,0,8,0.6106508498883357,0.8468657217065276,7.356450640042389,1.4291510158588423,7.079771818856892,7.386514545904594,7.693257272952297,0.8352243668924363,0.4530197066582404,0,False,,False,2,2,29,0,[],20.825326486956328,"(29, 176)",,[0],"{""feature_selection"": {""even"": [""mean""], ""odd"": [""range""]}, ""n_chunks"": 16, ""parameter_selection"": {""mean"": {""likelihood"": ""student_t""}, ""range"": {""likelihood"": ""lognormal""}}, ""rem_profile_params"": {""rem_stage"": 2, ""step_size_hours"": 1, ""window_size_hours"": 3}, ""tau_threshold"": 5.0}",run_output_8day_rem_w3_s1_stage2_no_pareto,rem_w3_s1_stage2
124,5651d19e8a680449,ok,,"even: mean, range; odd: mean",mean=student_t; range=lognormal,16,5.0,2,2,2,235.4692450627317,235.4692450627317,8.119629140094196,2.706543046698065,0.0132668150022253,2.706543046698065,0.0132668150022253,-471.5189449080841,1.0,1024.0,1335.0,1.0223404785554104,0,8,0.2968765204122034,0.8873655063622414,7.017684187765813,1.3775163020041183,5.661944056491526,7.117308968284339,7.55865448414217,0.6798472047548308,0.7499232986362412,1,False,,False,3,3,29,0,[],46.25848027598113,"(29, 96)",,[0],"{""feature_selection"": {""even"": [""mean"", ""range""], ""odd"": [""mean""]}, ""n_chunks"": 16, ""parameter_selection"": {""mean"": {""likelihood"": ""student_t""}, ""range"": {""likelihood"": ""lognormal""}}, ""rem_profile_params"": {""rem_stage"": 2, ""step_size_hours"": 2, ""window_size_hours"": 2}, ""tau_threshold"": 5.0}",run_output_8day_rem_w2_s2_stage2_no_pareto,rem_w2_s2_stage2
191,f4751fd678654cfb,ok,,"concat: range; even: range; odd: mean, range",mean=student_t; range=beta,16,5.0,3,1,2,313.70175412861965,313.70175412861965,10.817301866504126,2.704325466626032,0.0123208832815003,2.704325466626032,0.0123208832815003,-624.3184529359843,1.0,863.0,848.0,0.9217846237187124,0,8,0.5425904199014897,0.9754339005275068,7.469374684977147,0.8086704068669403,6.53634694080374,7.1037148802637535,7.551857440131877,0.9722667719548402,1.0183130278670125,2,False,,False,4,4,29,0,[],88.04530126095051,"(29, 176)",,[0],"{""feature_selection"": {""concat"": [""range""], ""even"": [""range""], ""odd"": [""mean"", ""range""]}, ""n_chunks"": 16, ""parameter_selection"": {""mean"": {""likelihood"": ""student_t""}, ""range"": {""likelihood"": ""beta""}}, ""rem_profile_params"": {""rem_stage"": 2, ""step_size_hours"": 1, ""window_size_hours"": 3}, ""tau_threshold"": 5.0}",run_output_8day_rem_w3_s1_stage2_no_pareto,rem_w3_s1_stage2
153,ca669a89c4e9a408,ok,,"concat: mean, range; even: range; odd: range",mean=lognormal; range=beta,16,5.0,6,1,2,313.64079574795807,313.64079574795807,10.815199853377864,2.7037999633444665,0.0100697373360619,2.7037999633444665,0.0100697373360619,-627.2881778582951,1.0,2465.0,1760.0,0.9362182594434711,0,5,0.8064729428489328,0.0953768367521536,5.1053470178311535,0.3379223512203885,4.276357997354385,4.5527162303320186,4.829074463309652,0.0099705877650699,0.9189893795530246,3,False,,False,4,4,29,0,[],65.83822610398056,"(29, 152)",,[0],"{""feature_selection"": {""concat"": [""mean"", ""range""], ""even"": [""range""], ""odd"": [""range""]}, ""n_chunks"": 16, ""parameter_selection"": {""mean"": {""likelihood"": ""lognormal""}, ""range"": {""likelihood"": ""beta""}}, ""rem_profile_params"": {""rem_stage"": 2, ""step_size_hours"": 1, ""window_size_hours"": 6}, ""tau_threshold"": 5.0}",run_output_8day_rem_w6_s1_stage2_no_pareto,rem_w6_s1_stage2
142,6ea519143a647072,ok,,"concat: mean, range; even: mean; odd: mean",mean=lognormal; range=lognormal,16,5.0,6,1,2,312.9562592479807,312.9562592479807,10.791595146482091,2.697898786620524,0.0135655033683237,2.697898786620524,0.0135655033683237,-626.1201561906386,1.0,4711.0,2501.0,1.0704963588634275,0,7,0.993849508240141,0.9999707929118544,6.998542083616637,0.039085262272051,6.248925342076933,6.49928512166848,6.749644901260028,0.998567623844218,1.2725690408075645,3,False,,False,4,4,29,0,[],41.11334495298797,"(29, 152)",,[0],"{""feature_selection"": {""concat"": [""mean"", ""range""], ""even"": [""mean""], ""odd"": [""mean""]}, ""n_chunks"": 16, ""parameter_selection"": {""mean"": {""likelihood"": ""lognormal""}, ""range"": {""likelihood"": ""lognormal""}}, ""rem_profile_params"": {""rem_stage"": 2, ""step_size_hours"": 1, ""window_size_hours"": 6}, ""tau_threshold"": 5.0}",run_output_8day_rem_w6_s1_stage2_no_pareto,rem_w6_s1_stage2
180,f79362afb59ec68c,ok,,"concat: range; even: mean, range; odd: mean",mean=student_t; range=lognormal,16,5.0,3,1,2,312.13180990910627,312.13180990910627,10.763165858934698,2.690791464733675,0.0112657737621806,2.690791464733675,0.0112657737621806,-624.4578439695605,1.0,932.0,1188.0,1.0404261251363458,0,7,0.3663013604285451,0.842058372386356,6.71724424345959,0.9801954137796902,6.036610952907411,6.431459183142636,6.826307413377862,0.7731803957216683,0.8960829542235862,1,False,,False,4,4,29,0,[],66.10712916002376,"(29, 176)",,[0],"{""feature_selection"": {""concat"": [""range""], ""even"": [""mean"", ""range""], ""odd"": [""mean""]}, ""n_chunks"": 16, ""parameter_selection"": {""mean"": {""likelihood"": ""student_t""}, ""range"": {""likelihood"": ""lognormal""}}, ""rem_profile_params"": {""rem_stage"": 2, ""step_size_hours"": 1, ""window_size_hours"": 3}, ""tau_threshold"": 5.0}",run_output_8day_rem_w3_s1_stage2_no_pareto,rem_w3_s1_stage2
43,fd96ad2819fab656,ok,,"even: mean, range",mean=student_t; range=beta,16,5.0,2,2,2,156.05233376154197,156.05233376154197,5.381114957294551,2.690557478647276,0.0103492092690078,2.690557478647276,0.0103492092690078,-312.2859026432043,1.0,1414.0,1560.0,0.9026252913388552,0,8,0.3033027561708409,0.9093297538115868,7.094410411750172,1.310973868332363,5.910757844768945,7.107112323567254,7.553556161783627,0.7343878032956316,0.6071371749390653,0,False,,False,2,2,29,0,[],31.5456290509901,"(29, 96)",,[0],"{""feature_selection"": {""even"": [""mean"", ""range""]}, ""n_chunks"": 16, ""parameter_selection"": {""mean"": {""likelihood"": ""student_t""}, ""range"": {""likelihood"": ""beta""}}, ""rem_profile_params"": {""rem_stage"": 2, ""step_size_hours"": 2, ""window_size_hours"": 2}, ""tau_threshold"": 5.0}",run_output_8day_rem_w2_s2_stage2_no_pareto,rem_w2_s2_stage2
59,5efcc2c369ba25cb,ok,,"odd: mean, range",mean=student_t; range=beta,16,5.0,3,1,2,155.6776068696047,155.6776068696047,5.368193340331196,2.684096670165598,0.018889411644033,2.684096670165598,0.018889411644033,-302.10453321024863,1.01,317.0,553.0,0.9863773333004454,0,8,0.2691611549802311,0.6918537593697531,6.377027909358273,2.093233350922377,3.490244336866721,7.081852632505332,7.540926316252666,0.6418682642807385,0.9210678349244116,2,False,,False,2,2,29,0,[],38.92645320500014,"(29, 176)",,[0],"{""feature_selection"": {""odd"": [""mean"", ""range""]}, ""n_chunks"": 16, ""parameter_selection"": {""mean"": {""likelihood"": ""student_t""}, ""range"": {""likelihood"": ""beta""}}, ""rem_profile_params"": {""rem_stage"": 2, ""step_size_hours"": 1, ""window_size_hours"": 3}, ""tau_threshold"": 5.0}",run_output_8day_rem_w3_s1_stage2_no_pareto,rem_w3_s1_stage2
210,fe4bc5f275006f31,ok,,"concat: mean, range; even: range; odd: mean, range",mean=lognormal; range=lognormal,16,5.0,6,1,2,389.1276864987694,389.1276864987694,13.41819608616446,2.6836392172328924,0.0106696576319176,2.6836392172328924,0.0106696576319176,-777.9231043660672,1.0,5015.0,2549.0,1.0385567201220138,0,7,0.9954096192186505,0.9999915318660698,6.998953062794171,0.0326068784122056,6.249220289479443,6.499480242347762,6.7497401952160825,0.9989614165421192,1.335364286887739,3,False,,False,5,5,29,0,[],61.73773226200137,"(29, 152)",,[0],"{""feature_selection"": {""concat"": [""mean"", ""range""], ""even"": [""range""], ""odd"": [""mean"", ""range""]}, ""n_chunks"": 16, ""parameter_selection"": {""mean"": {""likelihood"": ""lognormal""}, ""range"": {""likelihood"": ""lognormal""}}, ""rem_profile_params"": {""rem_stage"": 2, ""step_size_hours"": 1, ""window_size_hours"": 6}, ""tau_threshold"": 5.0}",run_output_8day_rem_w6_s1_stage2_no_pareto,rem_w6_s1_stage2
189,0751fa859a2fb16f,ok,,"concat: range; even: range; odd: mean, range",mean=lognormal; range=beta,16,5.0,2,1,2,310.7136223546425,310.7136223546425,10.71426283981526,2.6785657099538147,0.0134192298394334,2.6785657099538147,0.0134192298394334,-618.4926504198231,1.01,495.0,653.0,0.9096235603172022,0,6,0.2124886819181478,0.7243431371868921,6.041140440002448,1.142766746165473,4.866054893637979,5.470350171120872,5.994491645893332,0.2473726778113391,1.3095823080939706,3,False,,False,4,4,29,0,[],84.37693824101007,"(29, 184)",,[0],"{""feature_selection"": {""concat"": [""range""], ""even"": [""range""], ""odd"": [""mean"", ""range""]}, ""n_chunks"": 16, ""parameter_selection"": {""mean"": {""likelihood"": ""lognormal""}, ""range"": {""likelihood"": ""beta""}}, ""rem_profile_params"": {""rem_stage"": 2, ""step_size_hours"": 1, ""window_size_hours"": 2}, ""tau_threshold"": 5.0}",run_output_8day_rem_w2_s1_stage2_no_pareto,rem_w2_s1_stage2
202,68ff8baa0ef60c27,ok,,"concat: mean, range; even: mean, range; odd: range",mean=lognormal; range=lognormal,16,5.0,6,1,2,388.2098691894094,388.2098691894094,13.38654721342791,2.6773094426855817,0.0103259653739205,2.6773094426855817,0.0103259653739205,-776.6752318626403,1.0,4666.0,2829.0,1.0166730784991749,0,7,0.9943056530219386,0.999976147036318,6.998665170970918,0.0372583404791742,6.249013712744572,6.499343676100908,6.749673639457245,0.99868548435621,0.7817935271140534,3,False,,False,5,5,29,0,[],60.882922569988295,"(29, 152)",,[0],"{""feature_selection"": {""concat"": [""mean"", ""range""], ""even"": [""mean"", ""range""], ""odd"": [""range""]}, ""n_chunks"": 16, ""parameter_selection"": {""mean"": {""likelihood"": ""lognormal""}, ""range"": {""likelihood"": ""lognormal""}}, ""rem_profile_params"": {""rem_stage"": 2, ""step_size_hours"": 1, ""window_size_hours"": 6}, ""tau_threshold"": 5.0}",run_output_8day_rem_w6_s1_stage2_no_pareto,rem_w6_s1_stage2
46,aa8690f28287b402,ok,,even: mean; odd: mean,mean=student_t,16,5.0,6,1,2,155.2837782759823,155.2837782759823,5.35461304399939,2.677306521999696,0.0159933556781302,2.677306521999696,0.0159933556781302,-310.1854219458687,1.0,1243.0,1301.0,1.030472490491216,0,8,0.2904402990010248,0.8461486553652884,7.034447446243796,1.490545615994442,6.167055325963519,7.130228375832441,7.565114187916221,0.7851253550664808,0.5653786616386631,0,False,,False,2,2,29,0,[],28.30886549502611,"(29, 152)",,[0],"{""feature_selection"": {""even"": [""mean""], ""odd"": [""mean""]}, ""n_chunks"": 16, ""parameter_selection"": {""mean"": {""likelihood"": ""student_t""}}, ""rem_profile_params"": {""rem_stage"": 2, ""step_size_hours"": 1, ""window_size_hours"": 6}, ""tau_threshold"": 5.0}",run_output_8day_rem_w6_s1_stage2_no_pareto,rem_w6_s1_stage2
118,2abfdcb56b15e02e,ok,,"concat: range; odd: mean, range",mean=lognormal; range=lognormal,16,5.0,2,1,2,232.7182123525499,232.7182123525499,8.024765943191376,2.674921981063792,0.0175770947087021,2.674921981063792,0.0175770947087021,-457.18906549135113,1.01,641.0,801.0,0.9441854858342996,0,7,0.2802547605772554,0.7027737368850034,6.166108388748765,1.43605086515532,3.9683025743503206,6.252156518659647,6.72258925404515,0.6340024299398581,1.5019614789858382,3,False,,False,3,3,29,0,[],32.28620260802563,"(29, 184)",,[0],"{""feature_selection"": {""concat"": [""range""], ""odd"": [""mean"", ""range""]}, ""n_chunks"": 16, ""parameter_selection"": {""mean"": {""likelihood"": ""lognormal""}, ""range"": {""likelihood"": ""lognormal""}}, ""rem_profile_params"": {""rem_stage"": 2, ""step_size_hours"": 1, ""window_size_hours"": 2}, ""tau_threshold"": 5.0}",run_output_8day_rem_w2_s1_stage2_no_pareto,rem_w2_s1_stage2
183,2fa8f2bb9cbaa66a,ok,,"concat: range; even: mean, range; odd: range",mean=student_t; range=beta,16,5.0,3,1,2,310.1611109901361,310.1611109901361,10.695210723797796,2.673802680949448,0.0099292672530551,2.673802680949448,0.0099292672530551,-617.3880549432056,1.01,1236.0,1131.0,0.9669621614864696,0,8,0.6445387418302893,0.9930253121427411,7.69286282069474,0.5806996266319409,6.887623301843718,7.304922497822557,7.652461248911279,0.9921388439330224,1.2295416764839635,1,False,,False,4,4,29,0,[],92.47902626899304,"(29, 176)",,[0],"{""feature_selection"": {""concat"": [""range""], ""even"": [""mean"", ""range""], ""odd"": [""range""]}, ""n_chunks"": 16, ""parameter_selection"": {""mean"": {""likelihood"": ""student_t""}, ""range"": {""likelihood"": ""beta""}}, ""rem_profile_params"": {""rem_stage"": 2, ""step_size_hours"": 1, ""window_size_hours"": 3}, ""tau_threshold"": 5.0}",run_output_8day_rem_w3_s1_stage2_no_pareto,rem_w3_s1_stage2
111,d1c380b2b3030583,ok,,concat: range; even: range; odd: mean,mean=lognormal; range=beta,16,5.0,2,1,2,231.80538746257804,231.80538746257804,7.993289222847519,2.6644297409491724,0.0160231201924024,2.6644297409491724,0.0160231201924024,-462.5755433463407,1.01,537.0,855.0,0.952859098596773,0,6,0.1513138061942459,0.7134254915236207,6.079238865638672,1.3162864705643738,4.780146851036389,5.514309424401971,6.590414764221718,0.2984506118161616,1.4217618509952317,4,False,,False,3,3,29,0,[],49.33037401596084,"(29, 184)",,[0],"{""feature_selection"": {""concat"": [""range""], ""even"": [""range""], ""odd"": [""mean""]}, ""n_chunks"": 16, ""parameter_selection"": {""mean"": {""likelihood"": ""lognormal""}, ""range"": {""likelihood"": ""beta""}}, ""rem_profile_params"": {""rem_stage"": 2, ""step_size_hours"": 1, ""window_size_hours"": 2}, ""tau_threshold"": 5.0}",run_output_8day_rem_w2_s1_stage2_no_pareto,rem_w2_s1_stage2
120,9afc2a3b0f67d10e,ok,,"concat: range; odd: mean, range",mean=student_t; range=lognormal,16,5.0,2,2,2,231.8019578398357,231.8019578398357,7.993170959994334,2.6643903199981107,0.014679864517082,2.6643903199981107,0.014679864517082,-464.79165351288736,1.0,900.0,784.0,0.9827345180516772,0,6,0.2700065855468935,0.8876753423204877,6.538872430378094,0.9263011120504824,5.346845691078136,5.976671056376178,6.750812677152696,0.490739915812702,1.0720369252145308,2,False,,False,3,3,29,0,[],38.04638752504252,"(29, 96)",,[0],"{""feature_selection"": {""concat"": [""range""], ""odd"": [""mean"", ""range""]}, ""n_chunks"": 16, ""parameter_selection"": {""mean"": {""likelihood"": ""student_t""}, ""range"": {""likelihood"": ""lognormal""}}, ""rem_profile_params"": {""rem_stage"": 2, ""step_size_hours"": 2, ""window_size_hours"": 2}, ""tau_threshold"": 5.0}",run_output_8day_rem_w2_s2_stage2_no_pareto,rem_w2_s2_stage2
185,2c90c708aae6c6f9,ok,,"concat: range; even: mean; odd: mean, range",mean=lognormal; range=beta,16,5.0,3,1,2,307.90321476753894,307.90321476753894,10.617352233363412,2.6543380583408527,0.0155994226645715,2.6543380583408527,0.0155994226645715,-608.5098917446263,1.01,702.0,1306.0,0.9361390301570502,0,7,0.5757531705651611,0.9816965505684976,7.288535270456856,0.7467027683716788,6.371280321919777,6.776020336776555,7.308727990585103,0.9793326013559336,1.582567389184344,3,False,,False,4,4,29,0,[],68.61855779204052,"(29, 176)",,[0],"{""feature_selection"": {""concat"": [""range""], ""even"": [""mean""], ""odd"": [""mean"", ""range""]}, ""n_chunks"": 16, ""parameter_selection"": {""mean"": {""likelihood"": ""lognormal""}, ""range"": {""likelihood"": ""beta""}}, ""rem_profile_params"": {""rem_stage"": 2, ""step_size_hours"": 1, ""window_size_hours"": 3}, ""tau_threshold"": 5.0}",run_output_8day_rem_w3_s1_stage2_no_pareto,rem_w3_s1_stage2
33,17e4b69b5105315d,ok,,concat: range; even: range,range=beta,16,5.0,3,1,2,153.88088505126063,153.88088505126063,5.306237415560712,2.653118707780356,0.009378369973668,2.653118707780356,0.009378369973668,-308.368155259784,1.0,1835.0,1333.0,0.8174623231716934,0,7,0.5615765194857124,0.9538984950352718,7.071104511072546,0.7575574098278784,6.260819094850512,6.600172668173408,6.939526241496303,0.9421440610574788,0.93354211703402,1,False,,False,2,2,29,0,[],29.979709144041408,"(29, 176)",,[0],"{""feature_selection"": {""concat"": [""range""], ""even"": [""range""]}, ""n_chunks"": 16, ""parameter_selection"": {""range"": {""likelihood"": ""beta""}}, ""rem_profile_params"": {""rem_stage"": 2, ""step_size_hours"": 1, ""window_size_hours"": 3}, ""tau_threshold"": 5.0}",run_output_8day_rem_w3_s1_stage2_no_pareto,rem_w3_s1_stage2
49,ee58320f36789228,ok,,even: mean; odd: range,mean=student_t; range=beta,16,5.0,2,2,2,152.95747332497004,152.95747332497004,5.274395631895518,2.63719781594776,0.0104965098246659,2.63719781594776,0.0104965098246659,-305.93656191843206,1.01,1714.0,1971.0,1.000893580754361,0,7,0.3999752372142673,0.998139290519798,7.065389712044283,0.7485727193499929,6.027061580294877,6.576630404531301,7.186749326498496,0.7623103691027582,0.8062929081476351,2,False,,False,2,2,29,0,[],31.96053367300192,"(29, 96)",,[0],"{""feature_selection"": {""even"": [""mean""], ""odd"": [""range""]}, ""n_chunks"": 16, ""parameter_selection"": {""mean"": {""likelihood"": ""student_t""}, ""range"": {""likelihood"": ""beta""}}, ""rem_profile_params"": {""rem_stage"": 2, ""step_size_hours"": 2, ""window_size_hours"": 2}, ""tau_threshold"": 5.0}",run_output_8day_rem_w2_s2_stage2_no_pareto,rem_w2_s2_stage2
49,c1a29304b2f26ebb,ok,,even: mean; odd: range,mean=student_t; range=beta,16,5.0,3,1,2,152.9432610928461,152.9432610928461,5.273905554925727,2.636952777462864,0.0127666372762109,2.636952777462864,0.0127666372762109,-300.998288568268,1.0,467.0,396.0,1.014153465210755,0,8,0.4666748722890285,0.8142402712377337,7.010210312199423,1.826745213169841,6.572016826528946,7.301378094285545,7.650689047142772,0.7958504122236154,1.1996547113065936,1,False,,False,2,2,29,0,[],35.08252687600907,"(29, 176)",,[0],"{""feature_selection"": {""even"": [""mean""], ""odd"": [""range""]}, ""n_chunks"": 16, ""parameter_selection"": {""mean"": {""likelihood"": ""student_t""}, ""range"": {""likelihood"": ""beta""}}, ""rem_profile_params"": {""rem_stage"": 2, ""step_size_hours"": 1, ""window_size_hours"": 3}, ""tau_threshold"": 5.0}",run_output_8day_rem_w3_s1_stage2_no_pareto,rem_w3_s1_stage2
11,29117e2fa8183c1c,ok,,odd: range,range=beta,16,5.0,2,1,2,76.45094730298891,76.45094730298891,2.636239562172032,2.6362395621720305,0.0103113406710989,2.6362395621720305,0.0103113406710989,-153.2660376694361,1.0,1115.0,1099.0,0.9497511531050756,0,6,0.0491094423984591,0.6082571240376277,5.832806552231194,1.4127586542014643,4.255497904909364,5.396432451934261,6.443944525048618,0.3351787635012413,0.746340603148021,1,False,,False,1,1,29,0,[],18.078524040989578,"(29, 184)",,[0],"{""feature_selection"": {""odd"": [""range""]}, ""n_chunks"": 16, ""parameter_selection"": {""range"": {""likelihood"": ""beta""}}, ""rem_profile_params"": {""rem_stage"": 2, ""step_size_hours"": 1, ""window_size_hours"": 2}, ""tau_threshold"": 5.0}",run_output_8day_rem_w2_s1_stage2_no_pareto,rem_w2_s1_stage2
115,ffebd23b69ed1544,ok,,concat: range; even: range; odd: range,range=beta,16,5.0,2,1,2,229.11414464791645,229.11414464791645,7.900487746479877,2.633495915493292,0.0106012067633252,2.633495915493292,0.0106012067633252,-457.60670788671376,1.01,522.0,690.0,0.9040724617768564,0,6,0.2885285392680317,0.6649167888536524,5.766509834795604,0.9551586633710176,4.658522158281838,5.308094545602229,5.775139998863559,0.1296369820291225,0.8589784589814141,2,False,,False,3,3,29,0,[],53.457904000999406,"(29, 184)",,[0],"{""feature_selection"": {""concat"": [""range""], ""even"": [""range""], ""odd"": [""range""]}, ""n_chunks"": 16, ""parameter_selection"": {""range"": {""likelihood"": ""beta""}}, ""rem_profile_params"": {""rem_stage"": 2, ""step_size_hours"": 1, ""window_size_hours"": 2}, ""tau_threshold"": 5.0}",run_output_8day_rem_w2_s1_stage2_no_pareto,rem_w2_s1_stage2
206,5d22ba528f14f914,ok,,"concat: mean, range; even: mean; odd: mean, range",mean=lognormal; range=lognormal,16,5.0,6,1,2,381.518419876983,381.518419876983,13.15580758196493,2.6311615163929862,0.0107842461345121,2.6311615163929862,0.0107842461345121,-763.7114915334145,1.0,4464.0,2801.0,1.0451691496908415,0,7,0.9903477052070228,0.9999873392950984,6.997531924887372,0.0498969123699069,6.248154040483056,6.498769480023051,6.749384919563046,0.997544645432203,1.3053090005606782,2,False,,False,5,5,29,0,[],58.74104220001027,"(29, 152)",,[0],"{""feature_selection"": {""concat"": [""mean"", ""range""], ""even"": [""mean""], ""odd"": [""mean"", ""range""]}, ""n_chunks"": 16, ""parameter_selection"": {""mean"": {""likelihood"": ""lognormal""}, ""range"": {""likelihood"": ""lognormal""}}, ""rem_profile_params"": {""rem_stage"": 2, ""step_size_hours"": 1, ""window_size_hours"": 6}, ""tau_threshold"": 5.0}",run_output_8day_rem_w6_s1_stage2_no_pareto,rem_w6_s1_stage2
36,4ae3c0d4477d5261,ok,,concat: range; odd: mean,mean=lognormal; range=lognormal,16,5.0,2,2,2,152.211100921762,152.211100921762,5.248658652474552,2.624329326237276,0.0234607239753185,2.624329326237276,0.0234607239753185,-303.4177701996076,1.0,1767.0,2057.0,1.0115793737086431,0,7,0.3280968068697872,0.841277690865583,6.386480594608308,0.8657250091748006,5.291576279506427,6.057981721804801,6.571483395772135,0.5282285943475274,1.473776389412329,2,False,,False,2,2,29,0,[],20.652929155970924,"(29, 96)",,[0],"{""feature_selection"": {""concat"": [""range""], ""odd"": [""mean""]}, ""n_chunks"": 16, ""parameter_selection"": {""mean"": {""likelihood"": ""lognormal""}, ""range"": {""likelihood"": ""lognormal""}}, ""rem_profile_params"": {""rem_stage"": 2, ""step_size_hours"": 2, ""window_size_hours"": 2}, ""tau_threshold"": 5.0}",run_output_8day_rem_w2_s2_stage2_no_pareto,rem_w2_s2_stage2
60,3256c1c3ecebe098,ok,,"odd: mean, range",mean=student_t; range=lognormal,16,5.0,6,1,2,152.18337796862255,152.18337796862255,5.247702688573192,2.623851344286595,0.0124195382125108,2.623851344286595,0.0124195382125108,-304.6453135447376,1.0,1586.0,1585.0,0.9816114450073378,0,6,0.2185460999926666,0.8456734687125127,6.288145339198959,1.07383496514667,5.203741652516834,5.736129720124831,6.543065963439584,0.3760911936565698,0.7641142521465468,1,False,,False,2,2,29,0,[],25.665903451037597,"(29, 152)",,[0],"{""feature_selection"": {""odd"": [""mean"", ""range""]}, ""n_chunks"": 16, ""parameter_selection"": {""mean"": {""likelihood"": ""student_t""}, ""range"": {""likelihood"": ""lognormal""}}, ""rem_profile_params"": {""rem_stage"": 2, ""step_size_hours"": 1, ""window_size_hours"": 6}, ""tau_threshold"": 5.0}",run_output_8day_rem_w6_s1_stage2_no_pareto,rem_w6_s1_stage2
107,2a6b4ae904bd2270,ok,,concat: range; even: mean; odd: range,mean=lognormal; range=beta,16,5.0,2,2,2,227.84068505244275,227.84068505244275,7.856575346635957,2.618858448878653,0.0110063224928663,2.618858448878653,0.0110063224928663,-455.7742077179879,1.0,2232.0,1798.0,0.927319377335062,0,7,0.8813014459696723,0.9999981114909696,7.003078160612564,0.2109129803317759,6.239974437002136,6.501612382249609,6.763250327497081,0.9793001085671598,0.9355771805591108,2,False,,False,3,3,29,0,[],43.277773908979725,"(29, 96)",,[0],"{""feature_selection"": {""concat"": [""range""], ""even"": [""mean""], ""odd"": [""range""]}, ""n_chunks"": 16, ""parameter_selection"": {""mean"": {""likelihood"": ""lognormal""}, ""range"": {""likelihood"": ""beta""}}, ""rem_profile_params"": {""rem_stage"": 2, ""step_size_hours"": 2, ""window_size_hours"": 2}, ""tau_threshold"": 5.0}",run_output_8day_rem_w2_s2_stage2_no_pareto,rem_w2_s2_stage2
50,f866b790423dfbc0,ok,,even: mean; odd: range,mean=student_t; range=lognormal,16,5.0,2,2,2,151.8228868653762,151.8228868653762,5.235271960875042,2.6176359804375218,0.0113516419957932,2.6176359804375218,0.0113516419957932,-303.8185190314218,1.0,3066.0,1796.0,1.0873968800285423,0,8,0.7019987765464069,0.9495031087670608,7.71414501216556,0.923642391345006,7.152477255378516,7.434984836919011,7.717492418459505,0.9244835157235128,0.4787540857039981,0,False,,False,2,2,29,0,[],24.74892351101153,"(29, 96)",,[0],"{""feature_selection"": {""even"": [""mean""], ""odd"": [""range""]}, ""n_chunks"": 16, ""parameter_selection"": {""mean"": {""likelihood"": ""student_t""}, ""range"": {""likelihood"": ""lognormal""}}, ""rem_profile_params"": {""rem_stage"": 2, ""step_size_hours"": 2, ""window_size_hours"": 2}, ""tau_threshold"": 5.0}",run_output_8day_rem_w2_s2_stage2_no_pareto,rem_w2_s2_stage2
99,9640f3ddd24fdb07,ok,,"concat: range; even: mean, range",mean=lognormal; range=beta,16,5.0,2,2,2,227.44078100410096,227.44078100410096,7.842785551865552,2.6142618506218507,0.0091104105431195,2.6142618506218507,0.0091104105431195,-455.1482357389181,1.0,1829.0,1492.0,0.892232337320321,0,7,0.6547499830054384,0.9877828647939512,7.043573294907078,0.5194152436478652,6.2362079801332895,6.539978416699986,6.843748853266683,0.9443967810058992,0.9663245804513916,1,False,,False,3,3,29,0,[],44.75394682300976,"(29, 96)",,[0],"{""feature_selection"": {""concat"": [""range""], ""even"": [""mean"", ""range""]}, ""n_chunks"": 16, ""parameter_selection"": {""mean"": {""likelihood"": ""lognormal""}, ""range"": {""likelihood"": ""beta""}}, ""rem_profile_params"": {""rem_stage"": 2, ""step_size_hours"": 2, ""window_size_hours"": 2}, ""tau_threshold"": 5.0}",run_output_8day_rem_w2_s2_stage2_no_pareto,rem_w2_s2_stage2
40,77e8607af3ca2354,ok,,concat: range; odd: range,range=lognormal,16,5.0,2,1,2,151.5254455211231,151.5254455211231,5.225015362797348,2.612507681398674,0.0111317219690094,2.612507681398674,0.0111317219690094,-302.8641149005287,1.0,932.0,1784.0,1.0207732670054146,0,7,0.2613299731944419,0.6313692763542387,5.902484893806807,1.4418569327198458,3.8025748727971225,6.090455535231262,6.59886320825878,0.5444798239828915,0.9602212121444844,1,False,,False,2,2,29,0,[],10.257935145986266,"(29, 184)",,[0],"{""feature_selection"": {""concat"": [""range""], ""odd"": [""range""]}, ""n_chunks"": 16, ""parameter_selection"": {""range"": {""likelihood"": ""lognormal""}}, ""rem_profile_params"": {""rem_stage"": 2, ""step_size_hours"": 1, ""window_size_hours"": 2}, ""tau_threshold"": 5.0}",run_output_8day_rem_w2_s1_stage2_no_pareto,rem_w2_s1_stage2
37,7a37c00ed625f14e,ok,,concat: range; odd: mean,mean=student_t; range=beta,16,5.0,6,1,2,151.52483048585697,151.52483048585697,5.224994154684723,2.612497077342361,0.0148520099731293,2.612497077342361,0.0148520099731293,-303.19480770107,1.0,2208.0,1581.0,0.9351570627761984,0,5,0.6381332996873381,0.1903534775383308,5.143935273276345,0.5456186528431014,4.283628570284027,4.603639238162804,4.923649906041579,0.0055060916315269,0.6015117167531464,0,False,,False,2,2,29,0,[],29.83848789701005,"(29, 152)",,[0],"{""feature_selection"": {""concat"": [""range""], ""odd"": [""mean""]}, ""n_chunks"": 16, ""parameter_selection"": {""mean"": {""likelihood"": ""student_t""}, ""range"": {""likelihood"": ""beta""}}, ""rem_profile_params"": {""rem_stage"": 2, ""step_size_hours"": 1, ""window_size_hours"": 6}, ""tau_threshold"": 5.0}",run_output_8day_rem_w6_s1_stage2_no_pareto,rem_w6_s1_stage2
195,abcb6a94bdaefda9,ok,,"even: mean, range; odd: mean, range",mean=student_t; range=beta,16,5.0,2,2,2,302.9477737110098,302.9477737110098,10.446474955552064,2.611618738888016,0.0100901551459885,2.611618738888016,0.0100901551459885,-605.558217606281,1.0,630.0,1465.0,0.958410035752967,0,6,0.3996673762367306,0.9999049461724172,6.923530343462814,0.8682495746107391,5.59882902559643,6.342099294220192,7.26725707229595,0.5825822455509608,0.9300834602557831,2,False,,False,4,4,29,0,[],93.54499778698664,"(29, 96)",,[0],"{""feature_selection"": {""even"": [""mean"", ""range""], ""odd"": [""mean"", ""range""]}, ""n_chunks"": 16, ""parameter_selection"": {""mean"": {""likelihood"": ""student_t""}, ""range"": {""likelihood"": ""beta""}}, ""rem_profile_params"": {""rem_stage"": 2, ""step_size_hours"": 2, ""window_size_hours"": 2}, ""tau_threshold"": 5.0}",run_output_8day_rem_w2_s2_stage2_no_pareto,rem_w2_s2_stage2
198,a6ecb065f0e3a47d,ok,,"concat: mean, range; even: mean, range; odd: mean",mean=lognormal; range=lognormal,16,5.0,6,1,2,378.1404482217969,378.1404482217969,13.039325800751616,2.6078651601503227,0.0118270170071058,2.6078651601503227,0.0118270170071058,-755.9101502893683,1.0,4683.0,2729.0,1.039969712164556,0,7,0.9988675642812208,0.999995679775642,6.999784095931686,0.0150082413360792,6.249841191690256,6.499894214340241,6.749947236990225,0.9997882139580996,1.544656153777223,3,False,,False,5,5,29,0,[],60.59564881405095,"(29, 152)",,[0],"{""feature_selection"": {""concat"": [""mean"", ""range""], ""even"": [""mean"", ""range""], ""odd"": [""mean""]}, ""n_chunks"": 16, ""parameter_selection"": {""mean"": {""likelihood"": ""lognormal""}, ""range"": {""likelihood"": ""lognormal""}}, ""rem_profile_params"": {""rem_stage"": 2, ""step_size_hours"": 1, ""window_size_hours"": 6}, ""tau_threshold"": 5.0}",run_output_8day_rem_w6_s1_stage2_no_pareto,rem_w6_s1_stage2
135,c1b33b4588ed2f6c,ok,,"even: range; odd: mean, range",mean=student_t; range=beta,16,5.0,2,1,2,226.80876696719477,226.80876696719477,7.8209919643860255,2.6069973214620084,0.012958345199753,2.6069973214620084,0.012958345199753,-452.7345673482347,1.01,573.0,883.0,0.9219541239367232,0,5,0.1743720597025446,0.3934637261814047,5.408481732625322,1.1892577774059552,4.123966883327524,4.738233355634771,5.5739175703059,0.1434910234726552,0.8188536467290248,2,False,,False,3,3,29,0,[],63.83414032502333,"(29, 184)",,[0],"{""feature_selection"": {""even"": [""range""], ""odd"": [""mean"", ""range""]}, ""n_chunks"": 16, ""parameter_selection"": {""mean"": {""likelihood"": ""student_t""}, ""range"": {""likelihood"": ""beta""}}, ""rem_profile_params"": {""rem_stage"": 2, ""step_size_hours"": 1, ""window_size_hours"": 2}, ""tau_threshold"": 5.0}",run_output_8day_rem_w2_s1_stage2_no_pareto,rem_w2_s1_stage2
104,80b30ccf66de7a59,ok,,concat: range; even: mean; odd: mean,mean=lognormal; range=lognormal,16,5.0,3,1,2,226.6749569600247,226.6749569600247,7.816377826207749,2.605459275402584,0.0181763134910154,2.605459275402584,0.0181763134910154,-453.8792021689406,1.0,1282.0,1744.0,0.9574005812049956,0,7,0.3658397585172058,0.7745892272205015,6.454890314403891,1.052689423152409,5.308596849785821,6.304120384271547,6.694201388507065,0.6949084811676256,1.7628967262164936,2,False,,False,3,3,29,0,[],30.609883330005687,"(29, 176)",,[0],"{""feature_selection"": {""concat"": [""range""], ""even"": [""mean""], ""odd"": [""mean""]}, ""n_chunks"": 16, ""parameter_selection"": {""mean"": {""likelihood"": ""lognormal""}, ""range"": {""likelihood"": ""lognormal""}}, ""rem_profile_params"": {""rem_stage"": 2, ""step_size_hours"": 1, ""window_size_hours"": 3}, ""tau_threshold"": 5.0}",run_output_8day_rem_w3_s1_stage2_no_pareto,rem_w3_s1_stage2
117,a466bb72fee65fac,ok,,"concat: range; odd: mean, range",mean=lognormal; range=beta,16,5.0,3,1,2,226.50030414602728,226.50030414602728,7.810355315380251,2.6034517717934174,0.0187011278066723,2.6034517717934174,0.0187011278066723,-446.84366232818,1.01,714.0,1036.0,0.895437670888274,0,7,0.5579180406296917,0.9847968480944128,7.391331814782993,0.7212512662147551,6.436446223740116,6.909642626237445,7.447223344697017,0.980584077476466,1.5143342832107574,3,False,,False,3,3,29,0,[],48.578339333995245,"(29, 176)",,[0],"{""feature_selection"": {""concat"": [""range""], ""odd"": [""mean"", ""range""]}, ""n_chunks"": 16, ""parameter_selection"": {""mean"": {""likelihood"": ""lognormal""}, ""range"": {""likelihood"": ""beta""}}, ""rem_profile_params"": {""rem_stage"": 2, ""step_size_hours"": 1, ""window_size_hours"": 3}, ""tau_threshold"": 5.0}",run_output_8day_rem_w3_s1_stage2_no_pareto,rem_w3_s1_stage2
53,be45c5cd27d445c1,ok,,even: range; odd: mean,mean=student_t; range=beta,16,5.0,3,1,2,150.72221247481784,150.72221247481784,5.197317671545442,2.5986588357727207,0.0154679215034143,2.5986588357727207,0.0154679215034143,-301.5020015906211,1.0,990.0,1539.0,0.9690029410784822,0,5,0.0533856136124538,0.423237015882384,5.521122992479831,1.794538371192252,3.576466373862363,4.722004985544222,6.925227748465987,0.3366020627869931,0.5592441473152403,0,False,,False,2,2,29,0,[],33.40540162601974,"(29, 176)",,[0],"{""feature_selection"": {""even"": [""range""], ""odd"": [""mean""]}, ""n_chunks"": 16, ""parameter_selection"": {""mean"": {""likelihood"": ""student_t""}, ""range"": {""likelihood"": ""beta""}}, ""rem_profile_params"": {""rem_stage"": 2, ""step_size_hours"": 1, ""window_size_hours"": 3}, ""tau_threshold"": 5.0}",run_output_8day_rem_w3_s1_stage2_no_pareto,rem_w3_s1_stage2
124,88ddda558417c417,ok,,"even: mean, range; odd: mean",mean=student_t; range=lognormal,16,5.0,3,1,2,225.8717874471253,225.8717874471253,7.788682325762942,2.5962274419209805,0.0133460340683639,2.5962274419209805,0.0133460340683639,-451.10008311603343,1.01,957.0,909.0,1.0053132020232618,0,8,0.35647519453307,0.8717300972539257,7.174978931504209,1.425965317991016,6.386288878546302,7.206702102539027,7.603351051269513,0.8253553340589432,0.7248581839525524,1,False,,False,3,3,29,0,[],47.47798206098378,"(29, 176)",,[0],"{""feature_selection"": {""even"": [""mean"", ""range""], ""odd"": [""mean""]}, ""n_chunks"": 16, ""parameter_selection"": {""mean"": {""likelihood"": ""student_t""}, ""range"": {""likelihood"": ""lognormal""}}, ""rem_profile_params"": {""rem_stage"": 2, ""step_size_hours"": 1, ""window_size_hours"": 3}, ""tau_threshold"": 5.0}",run_output_8day_rem_w3_s1_stage2_no_pareto,rem_w3_s1_stage2
173,2b534b436109853b,ok,,"concat: mean; even: range; odd: mean, range",mean=lognormal; range=beta,16,5.0,6,1,2,300.91222263718004,300.91222263718004,10.376283539213103,2.5940708848032763,0.0132757923407659,2.5940708848032763,0.0132757923407659,-595.4196968410884,1.0,1122.0,933.0,1.0344636077579246,0,7,0.6361743855376376,0.878953729875381,6.671319117972485,0.6802581741964979,6.0534667122053,6.3689784580603455,6.684490203915392,0.7923650727014961,1.6397703450027177,4,False,,False,4,4,29,0,[],48.34775107196765,"(29, 152)",,[0],"{""feature_selection"": {""concat"": [""mean""], ""even"": [""range""], ""odd"": [""mean"", ""range""]}, ""n_chunks"": 16, ""parameter_selection"": {""mean"": {""likelihood"": ""lognormal""}, ""range"": {""likelihood"": ""beta""}}, ""rem_profile_params"": {""rem_stage"": 2, ""step_size_hours"": 1, ""window_size_hours"": 6}, ""tau_threshold"": 5.0}",run_output_8day_rem_w6_s1_stage2_no_pareto,rem_w6_s1_stage2
165,4a852a3ccd9a3d6d,ok,,"concat: mean; even: mean, range; odd: range",mean=lognormal; range=beta,16,5.0,6,1,2,300.9111038766409,300.9111038766409,10.37624496126348,2.594061240315869,0.011818089806107,2.594061240315869,0.011818089806107,-586.3835911540791,1.0,671.0,1565.0,0.9329635855878352,0,7,0.4756361765446508,0.5883071724357973,6.0804728487185775,0.9473120546118882,4.60724805699768,5.918468104314996,6.492042053010249,0.4921610221003343,1.104773216369478,2,False,,False,4,4,29,0,[],64.36678550596116,"(29, 152)",,[0],"{""feature_selection"": {""concat"": [""mean""], ""even"": [""mean"", ""range""], ""odd"": [""range""]}, ""n_chunks"": 16, ""parameter_selection"": {""mean"": {""likelihood"": ""lognormal""}, ""range"": {""likelihood"": ""beta""}}, ""rem_profile_params"": {""rem_stage"": 2, ""step_size_hours"": 1, ""window_size_hours"": 6}, ""tau_threshold"": 5.0}",run_output_8day_rem_w6_s1_stage2_no_pareto,rem_w6_s1_stage2
169,7a7a98edf410e0d1,ok,,"concat: mean; even: mean; odd: mean, range",mean=lognormal; range=beta,16,5.0,6,1,2,300.84759373364307,300.84759373364307,10.37405495633252,2.59351373908313,0.0148671278291024,2.59351373908313,0.0148671278291024,-577.1762128637367,1.01,620.0,778.0,1.0709530271788248,0,7,0.5150426649669946,0.7091305440588644,6.330283609904026,0.896077433212813,4.859491649856635,6.195039883500446,6.597525727471603,0.621147045555733,1.9754652461635092,3,False,,False,4,4,29,0,[],54.11300019500777,"(29, 152)",,[0],"{""feature_selection"": {""concat"": [""mean""], ""even"": [""mean""], ""odd"": [""mean"", ""range""]}, ""n_chunks"": 16, ""parameter_selection"": {""mean"": {""likelihood"": ""lognormal""}, ""range"": {""likelihood"": ""beta""}}, ""rem_profile_params"": {""rem_stage"": 2, ""step_size_hours"": 1, ""window_size_hours"": 6}, ""tau_threshold"": 5.0}",run_output_8day_rem_w6_s1_stage2_no_pareto,rem_w6_s1_stage2
183,3b81f628fc5015e6,ok,,"concat: range; even: mean, range; odd: range",mean=student_t; range=beta,16,5.0,2,2,2,300.7429567675045,300.7429567675045,10.370446785086362,2.5926116962715904,0.0071827621800541,2.5926116962715904,0.0071827621800541,-602.3845216893393,1.0,1864.0,1387.0,0.8944035253349334,0,7,0.7660813172083633,0.999997759074628,7.041941466173126,0.331437119432118,6.242205046878341,6.523607239950802,6.805009433023262,0.9651769361086456,1.1914134249615849,3,False,,False,4,4,29,0,[],91.79827269300586,"(29, 96)",,[0],"{""feature_selection"": {""concat"": [""range""], ""even"": [""mean"", ""range""], ""odd"": [""range""]}, ""n_chunks"": 16, ""parameter_selection"": {""mean"": {""likelihood"": ""student_t""}, ""range"": {""likelihood"": ""beta""}}, ""rem_profile_params"": {""rem_stage"": 2, ""step_size_hours"": 2, ""window_size_hours"": 2}, ""tau_threshold"": 5.0}",run_output_8day_rem_w2_s2_stage2_no_pareto,rem_w2_s2_stage2
197,542e671bf524e7f6,ok,,"concat: mean, range; even: mean, range; odd: mean",mean=lognormal; range=beta,16,5.0,6,1,2,375.89533223007777,375.89533223007777,12.961908007933715,2.5923816015867427,0.0119168064423922,2.5923816015867427,0.0119168064423922,-749.0533846102977,1.0,1421.0,1615.0,0.9634887475122232,0,7,0.6198546306295443,0.9533521559765324,6.707478060861874,0.5773347830309076,6.014148026319064,6.342767852511504,6.671387678703944,0.7607632172433038,1.6431426950884307,3,False,,False,5,5,29,0,[],62.74212914000964,"(29, 152)",,[0],"{""feature_selection"": {""concat"": [""mean"", ""range""], ""even"": [""mean"", ""range""], ""odd"": [""mean""]}, ""n_chunks"": 16, ""parameter_selection"": {""mean"": {""likelihood"": ""lognormal""}, ""range"": {""likelihood"": ""beta""}}, ""rem_profile_params"": {""rem_stage"": 2, ""step_size_hours"": 1, ""window_size_hours"": 6}, ""tau_threshold"": 5.0}",run_output_8day_rem_w6_s1_stage2_no_pareto,rem_w6_s1_stage2
193,b7d7d1986f282a16,ok,,"even: mean, range; odd: mean, range",mean=lognormal; range=beta,16,5.0,2,1,2,300.6471793388221,300.6471793388221,10.367144115131795,2.5917860287829493,0.0133010349960385,2.5917860287829493,0.0133010349960385,-600.5744235927483,1.01,483.0,1013.0,0.9375193789892096,0,5,0.0988856774503927,0.4788639344476088,5.82812522420836,1.490276608291679,4.199962600463519,4.937634106748147,6.806163615870346,0.3334301495414749,1.289999378934022,4,False,,False,4,4,29,0,[],70.77361542597646,"(29, 184)",,[0],"{""feature_selection"": {""even"": [""mean"", ""range""], ""odd"": [""mean"", ""range""]}, ""n_chunks"": 16, ""parameter_selection"": {""mean"": {""likelihood"": ""lognormal""}, ""range"": {""likelihood"": ""beta""}}, ""rem_profile_params"": {""rem_stage"": 2, ""step_size_hours"": 1, ""window_size_hours"": 2}, ""tau_threshold"": 5.0}",run_output_8day_rem_w2_s1_stage2_no_pareto,rem_w2_s1_stage2
195,189760ad979ff77b,ok,,"even: mean, range; odd: mean, range",mean=student_t; range=beta,16,5.0,3,1,2,300.6117782165203,300.6117782165203,10.36592338677656,2.591480846694141,0.0109089656306509,2.591480846694141,0.0109089656306509,-602.0426166824249,1.01,316.0,235.0,0.905508219813452,0,8,0.59883368040912,0.8380604736234816,7.188769554814461,1.7546407224954794,7.061265383750476,7.374176922500318,7.687088461250159,0.8318649776481435,1.4302957343928973,1,False,,False,4,4,29,0,[],95.95563720702194,"(29, 176)",,[0],"{""feature_selection"": {""even"": [""mean"", ""range""], ""odd"": [""mean"", ""range""]}, ""n_chunks"": 16, ""parameter_selection"": {""mean"": {""likelihood"": ""student_t""}, ""range"": {""likelihood"": ""beta""}}, ""rem_profile_params"": {""rem_stage"": 2, ""step_size_hours"": 1, ""window_size_hours"": 3}, ""tau_threshold"": 5.0}",run_output_8day_rem_w3_s1_stage2_no_pareto,rem_w3_s1_stage2
33,a1db144ee26f12c2,ok,,concat: range; even: range,range=beta,16,5.0,2,1,2,150.19552759397263,150.19552759397263,5.179156123930091,2.589578061965045,0.0125092291456446,2.589578061965045,0.0125092291456446,-299.65489589787944,1.0,688.0,1414.0,0.9436382137780404,0,6,0.1704885619871845,0.5821773296903716,5.665431351703452,1.1704584582588184,4.383271808684549,5.196795006751743,5.795485081901508,0.1645990026445105,0.740371342847482,1,False,,False,2,2,29,0,[],28.58127990999492,"(29, 184)",,[0],"{""feature_selection"": {""concat"": [""range""], ""even"": [""range""]}, ""n_chunks"": 16, ""parameter_selection"": {""range"": {""likelihood"": ""beta""}}, ""rem_profile_params"": {""rem_stage"": 2, ""step_size_hours"": 1, ""window_size_hours"": 2}, ""tau_threshold"": 5.0}",run_output_8day_rem_w2_s1_stage2_no_pareto,rem_w2_s1_stage2
53,50fe9466311b6d55,ok,,even: range; odd: mean,mean=student_t; range=beta,16,5.0,2,1,2,149.53177355033998,149.53177355033998,5.156268053459999,2.578134026729999,0.0170406793018028,2.578134026729999,0.0170406793018028,-298.89796716549284,1.0,840.0,1018.0,0.9637413124927748,0,5,0.1079519824701609,0.3356831002030099,5.239558276780796,1.3903263024706929,3.760386246492376,4.544774205341257,5.502251407782671,0.1650850712571443,0.8251033320382547,1,False,,False,2,2,29,0,[],33.279860549024306,"(29, 184)",,[0],"{""feature_selection"": {""even"": [""range""], ""odd"": [""mean""]}, ""n_chunks"": 16, ""parameter_selection"": {""mean"": {""likelihood"": ""student_t""}, ""range"": {""likelihood"": ""beta""}}, ""rem_profile_params"": {""rem_stage"": 2, ""step_size_hours"": 1, ""window_size_hours"": 2}, ""tau_threshold"": 5.0}",run_output_8day_rem_w2_s1_stage2_no_pareto,rem_w2_s1_stage2
53,0b66f21e4cab62c0,ok,,even: range; odd: mean,mean=student_t; range=beta,16,5.0,2,2,2,149.2895358385219,149.2895358385219,5.147915028914548,2.5739575144572746,0.015853885837259,2.5739575144572746,0.015853885837259,-299.05479525911994,1.0,1227.0,1709.0,0.9296149455227564,0,6,0.2545916662369172,0.8883810484381757,6.454360619070667,1.241731663813516,5.285733283545718,5.801940681109581,7.080458545816253,0.4040795812762854,0.6140268896532021,0,False,,False,2,2,29,0,[],33.18250745901605,"(29, 96)",,[0],"{""feature_selection"": {""even"": [""range""], ""odd"": [""mean""]}, ""n_chunks"": 16, ""parameter_selection"": {""mean"": {""likelihood"": ""student_t""}, ""range"": {""likelihood"": ""beta""}}, ""rem_profile_params"": {""rem_stage"": 2, ""step_size_hours"": 2, ""window_size_hours"": 2}, ""tau_threshold"": 5.0}",run_output_8day_rem_w2_s2_stage2_no_pareto,rem_w2_s2_stage2
45,6e288e1b9a8da959,ok,,even: mean; odd: mean,mean=lognormal,16,5.0,2,2,2,149.07850814200208,149.07850814200208,5.140638211793175,2.5703191058965875,0.0229238347689961,2.5703191058965875,0.0229238347689961,-300.9196037435725,1.0,845.0,925.0,1.0190590105212662,0,8,0.1624576577255732,0.6940231917039521,6.398664817303172,1.9116051348458567,4.352427730946414,6.830061989035484,7.476950630612732,0.607623315095214,1.374585893812079,3,False,,False,2,2,29,0,[],21.08253009198233,"(29, 96)",,[0],"{""feature_selection"": {""even"": [""mean""], ""odd"": [""mean""]}, ""n_chunks"": 16, ""parameter_selection"": {""mean"": {""likelihood"": ""lognormal""}}, ""rem_profile_params"": {""rem_stage"": 2, ""step_size_hours"": 2, ""window_size_hours"": 2}, ""tau_threshold"": 5.0}",run_output_8day_rem_w2_s2_stage2_no_pareto,rem_w2_s2_stage2
205,a874eba7b51644eb,ok,,"concat: mean, range; even: mean; odd: mean, range",mean=lognormal; range=beta,16,5.0,6,1,2,372.65523035739545,372.65523035739545,12.850180357151569,2.5700360714303128,0.0133016820955384,2.5700360714303128,0.0133016820955384,-753.9917557022493,1.0,2716.0,1883.0,0.985218299813424,0,5,0.8583005990806345,0.0599580866410528,5.069965446856627,0.2916941094159875,4.265945544075446,4.531891148868989,4.797836753662531,0.010007453864151,1.3895983019680742,4,False,,False,5,5,29,0,[],79.02290765295038,"(29, 152)",,[0],"{""feature_selection"": {""concat"": [""mean"", ""range""], ""even"": [""mean""], ""odd"": [""mean"", ""range""]}, ""n_chunks"": 16, ""parameter_selection"": {""mean"": {""likelihood"": ""lognormal""}, ""range"": {""likelihood"": ""beta""}}, ""rem_profile_params"": {""rem_stage"": 2, ""step_size_hours"": 1, ""window_size_hours"": 6}, ""tau_threshold"": 5.0}",run_output_8day_rem_w6_s1_stage2_no_pareto,rem_w6_s1_stage2
12,53a549c14a97b070,ok,,"concat: mean, range; even: mean, range; odd: mean, range",mean=lognormal; range=lognormal,16,5.0,6,1,2,446.03523784460106,446.03523784460106,15.380525442917278,2.56342090715288,0.0102578274512609,2.56342090715288,0.0102578274512609,-891.175739859374,1.0,4432.0,2719.0,1.073021141742479,0,7,0.9975257786499792,0.9999764626082732,6.99947301495512,0.0239883425093999,6.249622084110592,6.49974822736348,6.749874370616367,0.9994961950640778,1.1243488601184708,3,False,,False,6,6,29,0,[],40.84068979497533,"(29, 152)",,[0],"{""feature_selection"": {""concat"": [""mean"", ""range""], ""even"": [""mean"", ""range""], ""odd"": [""mean"", ""range""]}, ""n_chunks"": 16, ""parameter_selection"": {""mean"": {""likelihood"": ""lognormal""}, ""range"": {""likelihood"": ""lognormal""}}, ""rem_profile_params"": {""rem_stage"": 2, ""step_size_hours"": 1, ""window_size_hours"": 6}, ""tau_threshold"": 5.0}",run_output_8day_rem_w6_s1_stage2_no_pareto,rem_w6_s1_stage2
54,98af41708b981ad6,ok,,even: range; odd: mean,mean=student_t; range=lognormal,16,5.0,6,1,2,148.5069901372012,148.5069901372012,5.1209306943862485,2.560465347193124,0.0166412136282596,2.560465347193124,0.0166412136282596,-296.7936890384157,1.0,1104.0,1282.0,1.0148308781793425,0,8,0.2332821970670978,0.8217018277814169,6.843879637589014,1.5657800746971935,6.034696882678856,6.903750668277644,7.470688903156121,0.7599812241928584,0.7099360307281843,1,False,,False,2,2,29,0,[],26.81223542097723,"(29, 152)",,[0],"{""feature_selection"": {""even"": [""range""], ""odd"": [""mean""]}, ""n_chunks"": 16, ""parameter_selection"": {""mean"": {""likelihood"": ""student_t""}, ""range"": {""likelihood"": ""lognormal""}}, ""rem_profile_params"": {""rem_stage"": 2, ""step_size_hours"": 1, ""window_size_hours"": 6}, ""tau_threshold"": 5.0}",run_output_8day_rem_w6_s1_stage2_no_pareto,rem_w6_s1_stage2
201,b177a07931fe0f2f,ok,,"concat: mean, range; even: mean, range; odd: range",mean=lognormal; range=beta,16,5.0,6,1,2,370.7528038872889,370.7528038872889,12.784579444389273,2.556915888877855,0.0102561375684143,2.556915888877855,0.0102561375684143,-744.9981436440829,1.0,3023.0,2037.0,0.947524986758199,0,5,0.8993173546831139,0.0404290307950955,5.0435908204307465,0.2191227243290464,4.260533050941552,4.521066169245082,4.781599287548612,0.0031618916155131,1.2722250026093829,3,False,,False,5,5,29,0,[],86.48526956903515,"(29, 152)",,[0],"{""feature_selection"": {""concat"": [""mean"", ""range""], ""even"": [""mean"", ""range""], ""odd"": [""range""]}, ""n_chunks"": 16, ""parameter_selection"": {""mean"": {""likelihood"": ""lognormal""}, ""range"": {""likelihood"": ""beta""}}, ""rem_profile_params"": {""rem_stage"": 2, ""step_size_hours"": 1, ""window_size_hours"": 6}, ""tau_threshold"": 5.0}",run_output_8day_rem_w6_s1_stage2_no_pareto,rem_w6_s1_stage2
177,4196947a036f562e,ok,,"concat: range; even: mean, range; odd: mean",mean=lognormal; range=beta,16,5.0,3,1,2,295.6990112529435,295.6990112529435,10.196517629411844,2.5491294073529613,0.0133253223837235,2.5491294073529613,0.0133253223837235,-591.9041285811077,1.01,1364.0,1462.0,0.9112565863088904,0,7,0.6302962130483827,0.9857296677112336,7.1960692276072,0.5609489459084483,6.311100982434534,6.647820435910131,6.984539889385728,0.980979365183218,1.6048761442224972,4,False,,False,4,4,29,0,[],63.767259157961234,"(29, 176)",,[0],"{""feature_selection"": {""concat"": [""range""], ""even"": [""mean"", ""range""], ""odd"": [""mean""]}, ""n_chunks"": 16, ""parameter_selection"": {""mean"": {""likelihood"": ""lognormal""}, ""range"": {""likelihood"": ""beta""}}, ""rem_profile_params"": {""rem_stage"": 2, ""step_size_hours"": 1, ""window_size_hours"": 3}, ""tau_threshold"": 5.0}",run_output_8day_rem_w3_s1_stage2_no_pareto,rem_w3_s1_stage2
121,1dfe39bf273d61dc,ok,,"even: mean, range; odd: mean",mean=lognormal; range=beta,16,5.0,2,1,2,221.4623066445465,221.4623066445465,7.63663126360505,2.5455437545350166,0.0163647631303941,2.5455437545350166,0.0163647631303941,-443.77470225571386,1.0,520.0,1187.0,0.9177875366228496,0,5,0.0573906183437977,0.4292726224758094,5.608501306361581,1.7330490832127454,3.73969278102632,4.74241075794508,7.017793536009786,0.339703475023909,1.5163335912638456,4,False,,False,3,3,29,0,[],41.30553312704433,"(29, 184)",,[0],"{""feature_selection"": {""even"": [""mean"", ""range""], ""odd"": [""mean""]}, ""n_chunks"": 16, ""parameter_selection"": {""mean"": {""likelihood"": ""lognormal""}, ""range"": {""likelihood"": ""beta""}}, ""rem_profile_params"": {""rem_stage"": 2, ""step_size_hours"": 1, ""window_size_hours"": 2}, ""tau_threshold"": 5.0}",run_output_8day_rem_w2_s1_stage2_no_pareto,rem_w2_s1_stage2
178,bb10bddfe7a2ad6e,ok,,"concat: range; even: mean, range; odd: mean",mean=lognormal; range=lognormal,16,5.0,2,1,2,294.3690972516629,294.3690972516629,10.15065852591941,2.5376646314798523,0.0138331351167914,2.5376646314798523,0.0138331351167914,-585.0562583798908,1.0,885.0,935.0,0.9509507302595946,0,7,0.4990837297682591,0.948703222157626,7.012270560117563,0.8571271076033001,6.2274039504084255,6.58018024245226,6.932956534496095,0.9111530845021816,1.3027109915633377,3,False,,False,4,4,29,0,[],47.92916581395548,"(29, 184)",,[0],"{""feature_selection"": {""concat"": [""range""], ""even"": [""mean"", ""range""], ""odd"": [""mean""]}, ""n_chunks"": 16, ""parameter_selection"": {""mean"": {""likelihood"": ""lognormal""}, ""range"": {""likelihood"": ""lognormal""}}, ""rem_profile_params"": {""rem_stage"": 2, ""step_size_hours"": 1, ""window_size_hours"": 2}, ""tau_threshold"": 5.0}",run_output_8day_rem_w2_s1_stage2_no_pareto,rem_w2_s1_stage2
105,2688b75b1b4ee737,ok,,concat: range; even: mean; odd: mean,mean=student_t; range=beta,16,5.0,6,1,2,220.71784425090027,220.71784425090027,7.610960146582768,2.5369867155275894,0.0120705339261494,2.5369867155275894,0.0120705339261494,-441.8951575435359,1.01,2356.0,1569.0,0.9544895438184596,0,5,0.5613397397381412,0.236370793743258,5.198132374880773,0.6419456212473506,4.295303548017022,4.638302175917636,4.981300803818252,0.0216560699121586,0.6744021409939213,0,False,,False,3,3,29,0,[],53.487716162984725,"(29, 152)",,[0],"{""feature_selection"": {""concat"": [""range""], ""even"": [""mean""], ""odd"": [""mean""]}, ""n_chunks"": 16, ""parameter_selection"": {""mean"": {""likelihood"": ""student_t""}, ""range"": {""likelihood"": ""beta""}}, ""rem_profile_params"": {""rem_stage"": 2, ""step_size_hours"": 1, ""window_size_hours"": 6}, ""tau_threshold"": 5.0}",run_output_8day_rem_w6_s1_stage2_no_pareto,rem_w6_s1_stage2
114,efe3570810efd3e9,ok,,concat: range; even: range; odd: mean,mean=student_t; range=lognormal,16,5.0,2,1,2,220.60420776086767,220.60420776086767,7.607041646926473,2.5356805489754906,0.0131248023853143,2.5356805489754906,0.0131248023853143,-442.4894459390761,1.0,1165.0,1289.0,0.9493664133661622,0,7,0.3203860313317925,0.8868923359155332,6.702759477727614,1.082085053367418,6.014919098858755,6.42557753251505,6.836235966171346,0.7590824257071278,0.7308636747787943,2,False,,False,3,3,29,0,[],38.01591628498864,"(29, 184)",,[0],"{""feature_selection"": {""concat"": [""range""], ""even"": [""range""], ""odd"": [""mean""]}, ""n_chunks"": 16, ""parameter_selection"": {""mean"": {""likelihood"": ""student_t""}, ""range"": {""likelihood"": ""lognormal""}}, ""rem_profile_params"": {""rem_stage"": 2, ""step_size_hours"": 1, ""window_size_hours"": 2}, ""tau_threshold"": 5.0}",run_output_8day_rem_w2_s1_stage2_no_pareto,rem_w2_s1_stage2
184,0fa2f7a04b292178,ok,,"concat: range; even: mean, range; odd: range",mean=student_t; range=lognormal,16,5.0,2,1,2,293.9040273951733,293.9040273951733,10.13462163431632,2.5336554085790803,0.0087746254241487,2.5336554085790803,0.0087746254241487,-589.6443500101021,1.01,667.0,674.0,0.9851681256695228,0,7,0.4233867394028934,0.8228611233863354,6.581272373929389,1.24751023813215,6.06884307813001,6.44551808256271,6.82219308699541,0.7956912970862596,0.9624321402868984,3,False,,False,4,4,29,0,[],48.54642495902954,"(29, 184)",,[0],"{""feature_selection"": {""concat"": [""range""], ""even"": [""mean"", ""range""], ""odd"": [""range""]}, ""n_chunks"": 16, ""parameter_selection"": {""mean"": {""likelihood"": ""student_t""}, ""range"": {""likelihood"": ""lognormal""}}, ""rem_profile_params"": {""rem_stage"": 2, ""step_size_hours"": 1, ""window_size_hours"": 2}, ""tau_threshold"": 5.0}",run_output_8day_rem_w2_s1_stage2_no_pareto,rem_w2_s1_stage2
209,41a4de1896d44a80,ok,,"concat: mean, range; even: range; odd: mean, range",mean=lognormal; range=beta,16,5.0,6,1,2,367.0642148146173,367.0642148146173,12.657386717745426,2.531477343549086,0.0116890688969331,2.531477343549086,0.0116890688969331,-734.1014018705167,1.0,1872.0,1572.0,0.9676903167898036,0,5,0.7380849461737761,0.1414803233620978,5.163781565642631,0.426099190805835,4.291198837618803,4.582397787132381,4.873596736645959,0.0223014167854245,1.2599280179883852,4,False,,False,5,5,29,0,[],93.51077895396156,"(29, 152)",,[0],"{""feature_selection"": {""concat"": [""mean"", ""range""], ""even"": [""range""], ""odd"": [""mean"", ""range""]}, ""n_chunks"": 16, ""parameter_selection"": {""mean"": {""likelihood"": ""lognormal""}, ""range"": {""likelihood"": ""beta""}}, ""rem_profile_params"": {""rem_stage"": 2, ""step_size_hours"": 1, ""window_size_hours"": 6}, ""tau_threshold"": 5.0}",run_output_8day_rem_w6_s1_stage2_no_pareto,rem_w6_s1_stage2
102,27642b57e4fbc621,ok,,"concat: range; even: mean, range",mean=student_t; range=lognormal,16,5.0,2,2,2,220.0450894218699,220.0450894218699,7.587761704202411,2.529253901400804,0.0085099956120527,2.529253901400804,0.0085099956120527,-440.82798067099407,1.0,1973.0,2084.0,0.9809481264541164,0,7,0.4430765484517038,0.9454974706276243,6.723871675671569,0.6999651386174283,5.836465099649529,6.33197850506928,6.723871401326367,0.7117788484047296,0.8676683671936184,1,False,,False,3,3,29,0,[],36.19854887900874,"(29, 96)",,[0],"{""feature_selection"": {""concat"": [""range""], ""even"": [""mean"", ""range""]}, ""n_chunks"": 16, ""parameter_selection"": {""mean"": {""likelihood"": ""student_t""}, ""range"": {""likelihood"": ""lognormal""}}, ""rem_profile_params"": {""rem_stage"": 2, ""step_size_hours"": 2, ""window_size_hours"": 2}, ""tau_threshold"": 5.0}",run_output_8day_rem_w2_s2_stage2_no_pareto,rem_w2_s2_stage2
108,219b1adab4a506ed,ok,,concat: range; even: mean; odd: range,mean=lognormal; range=lognormal,16,5.0,3,1,2,219.87091501520771,219.87091501520771,7.581755690179578,2.5272518967265265,0.0115513146762271,2.5272518967265265,0.0115513146762271,-439.144711380866,1.01,295.0,846.0,0.9544096730961052,0,8,0.1715123435252434,0.5907477166547734,6.31746661634566,1.5512201709163318,4.355221516343081,6.257244089626729,7.265966115780205,0.5552118024995838,0.842151743493461,4,False,,False,3,3,29,0,[],34.0122297059861,"(29, 176)",,[0],"{""feature_selection"": {""concat"": [""range""], ""even"": [""mean""], ""odd"": [""range""]}, ""n_chunks"": 16, ""parameter_selection"": {""mean"": {""likelihood"": ""lognormal""}, ""range"": {""likelihood"": ""lognormal""}}, ""rem_profile_params"": {""rem_stage"": 2, ""step_size_hours"": 1, ""window_size_hours"": 3}, ""tau_threshold"": 5.0}",run_output_8day_rem_w3_s1_stage2_no_pareto,rem_w3_s1_stage2
125,2e9a6e88ce2bec0e,ok,,"even: mean, range; odd: range",mean=lognormal; range=beta,16,5.0,2,1,2,219.4975573206125,219.4975573206125,7.568881286917673,2.5229604289725573,0.0107206680550396,2.5229604289725573,0.0107206680550396,-439.55763187449264,1.01,549.0,963.0,0.967153716426014,0,5,0.152047841554069,0.3344277720977565,5.369174105515173,1.2755487262509264,4.087385483923707,4.636396254375727,5.567751395557938,0.1857222422508628,0.9729759951309418,2,False,,False,3,3,29,0,[],47.53555206902092,"(29, 184)",,[0],"{""feature_selection"": {""even"": [""mean"", ""range""], ""odd"": [""range""]}, ""n_chunks"": 16, ""parameter_selection"": {""mean"": {""likelihood"": ""lognormal""}, ""range"": {""likelihood"": ""beta""}}, ""rem_profile_params"": {""rem_stage"": 2, ""step_size_hours"": 1, ""window_size_hours"": 2}, ""tau_threshold"": 5.0}",run_output_8day_rem_w2_s1_stage2_no_pareto,rem_w2_s1_stage2
43,7aec2bbf1a0a8b10,ok,,"even: mean, range",mean=student_t; range=beta,16,5.0,3,1,2,146.06114794313845,146.06114794313845,5.036591308384084,2.5182956541920425,0.0098791756046409,2.5182956541920425,0.0098791756046409,-292.3370008541654,1.01,974.0,1489.0,0.977804237980996,0,8,0.1737009678530847,0.618927377190769,6.310839664363364,1.919751536768098,4.18672283104658,6.783034549276014,7.476989247758141,0.5793926951107566,0.5241745030841397,0,False,,False,2,2,29,0,[],32.07268224097788,"(29, 176)",,[0],"{""feature_selection"": {""even"": [""mean"", ""range""]}, ""n_chunks"": 16, ""parameter_selection"": {""mean"": {""likelihood"": ""student_t""}, ""range"": {""likelihood"": ""beta""}}, ""rem_profile_params"": {""rem_stage"": 2, ""step_size_hours"": 1, ""window_size_hours"": 3}, ""tau_threshold"": 5.0}",run_output_8day_rem_w3_s1_stage2_no_pareto,rem_w3_s1_stage2
185,d1cb96b8b5cd5785,ok,,"concat: range; even: mean; odd: mean, range",mean=lognormal; range=beta,16,5.0,2,2,2,292.0920364598091,292.0920364598091,10.07213918826928,2.51803479706732,0.0131792654255513,2.51803479706732,0.0131792654255513,-582.7236889495417,1.0,1840.0,1208.0,0.9396390595385204,0,7,0.761502099372502,0.9998967637152696,7.059913736861832,0.3390500507775573,6.25087091695341,6.534086794623104,6.817302672292796,0.9714484927695282,1.4700350556969255,4,False,,False,4,4,29,0,[],73.98503854102455,"(29, 96)",,[0],"{""feature_selection"": {""concat"": [""range""], ""even"": [""mean""], ""odd"": [""mean"", ""range""]}, ""n_chunks"": 16, ""parameter_selection"": {""mean"": {""likelihood"": ""lognormal""}, ""range"": {""likelihood"": ""beta""}}, ""rem_profile_params"": {""rem_stage"": 2, ""step_size_hours"": 2, ""window_size_hours"": 2}, ""tau_threshold"": 5.0}",run_output_8day_rem_w2_s2_stage2_no_pareto,rem_w2_s2_stage2
191,252d8740d0145e64,ok,,"concat: range; even: range; odd: mean, range",mean=student_t; range=beta,16,5.0,2,2,2,291.518200012939,291.518200012939,10.052351724584105,2.513087931146026,0.0096615110947803,2.513087931146026,0.0096615110947803,-583.8393567008392,1.0,1183.0,1162.0,0.92712894469599,0,7,0.646351352279976,0.9999926288793176,6.899295057364855,0.4466980099924631,6.119990945499177,6.436299750355239,6.752608555211301,0.8448368680044963,1.1487657930894943,4,False,,False,4,4,29,0,[],97.6365101080155,"(29, 96)",,[0],"{""feature_selection"": {""concat"": [""range""], ""even"": [""range""], ""odd"": [""mean"", ""range""]}, ""n_chunks"": 16, ""parameter_selection"": {""mean"": {""likelihood"": ""student_t""}, ""range"": {""likelihood"": ""beta""}}, ""rem_profile_params"": {""rem_stage"": 2, ""step_size_hours"": 2, ""window_size_hours"": 2}, ""tau_threshold"": 5.0}",run_output_8day_rem_w2_s2_stage2_no_pareto,rem_w2_s2_stage2
181,007d5da3fab94dea,ok,,"concat: range; even: mean, range; odd: range",mean=lognormal; range=beta,16,5.0,3,1,2,291.32362529269585,291.32362529269585,10.045642251472271,2.5114105628680674,0.0114420855157457,2.5114105628680674,0.0114420855157457,-584.2524240654329,1.01,711.0,566.0,0.8785894250994212,0,8,0.539790379567146,0.9704518897662144,7.398063689339997,0.89617630180966,6.480793501705054,7.026342065147916,7.5131710325739585,0.9689774270920776,1.2120246051990136,3,False,,False,4,4,29,0,[],82.73214045999339,"(29, 176)",,[0],"{""feature_selection"": {""concat"": [""range""], ""even"": [""mean"", ""range""], ""odd"": [""range""]}, ""n_chunks"": 16, ""parameter_selection"": {""mean"": {""likelihood"": ""lognormal""}, ""range"": {""likelihood"": ""beta""}}, ""rem_profile_params"": {""rem_stage"": 2, ""step_size_hours"": 1, ""window_size_hours"": 3}, ""tau_threshold"": 5.0}",run_output_8day_rem_w3_s1_stage2_no_pareto,rem_w3_s1_stage2
177,48aa1819dc46322e,ok,,"concat: range; even: mean, range; odd: mean",mean=lognormal; range=beta,16,5.0,2,2,2,291.22983626322906,291.22983626322906,10.0424081470079,2.510602036751974,0.012038752331486,2.510602036751974,0.012038752331486,-581.3032765478392,1.0,1436.0,1407.0,0.8586182809627001,0,7,0.5247974026971722,0.9853445843050326,7.202699344211842,0.6677859129039397,6.295082948288513,6.679290484002728,7.141829867748213,0.9420075225359492,1.2501724520176107,4,False,,False,4,4,29,0,[],63.53455246804515,"(29, 96)",,[0],"{""feature_selection"": {""concat"": [""range""], ""even"": [""mean"", ""range""], ""odd"": [""mean""]}, ""n_chunks"": 16, ""parameter_selection"": {""mean"": {""likelihood"": ""lognormal""}, ""range"": {""likelihood"": ""beta""}}, ""rem_profile_params"": {""rem_stage"": 2, ""step_size_hours"": 2, ""window_size_hours"": 2}, ""tau_threshold"": 5.0}",run_output_8day_rem_w2_s2_stage2_no_pareto,rem_w2_s2_stage2
124,a22a4b18784067aa,ok,,"even: mean, range; odd: mean",mean=student_t; range=lognormal,16,5.0,6,1,2,217.86561629564775,217.86561629564775,7.512607458470613,2.504202486156871,0.0134500321209546,2.504202486156871,0.0134500321209546,-435.2733921486678,1.0,1522.0,1172.0,1.056919916409496,0,8,0.5951137352253437,0.9593649082302586,7.624750190837023,0.9354455983158928,7.02803727570104,7.352024850467361,7.67601242523368,0.9484690703472844,0.7203874399099467,1,False,,False,3,3,29,0,[],44.41081435995875,"(29, 152)",,[0],"{""feature_selection"": {""even"": [""mean"", ""range""], ""odd"": [""mean""]}, ""n_chunks"": 16, ""parameter_selection"": {""mean"": {""likelihood"": ""student_t""}, ""range"": {""likelihood"": ""lognormal""}}, ""rem_profile_params"": {""rem_stage"": 2, ""step_size_hours"": 1, ""window_size_hours"": 6}, ""tau_threshold"": 5.0}",run_output_8day_rem_w6_s1_stage2_no_pareto,rem_w6_s1_stage2
15,1770586932182a50,ok,,"concat: range; even: mean, range; odd: mean, range",mean=student_t; range=lognormal,16,5.0,3,1,2,362.06378435008577,362.06378435008577,12.48495808103744,2.496991616207487,0.0102022176131638,2.496991616207487,0.0102022176131638,-721.3893015907871,1.02,298.0,225.0,1.00377142592343,0,8,0.4596018123322163,0.8483699229591809,7.313778405442101,1.2645618060947703,6.652191650839844,7.290930473256684,7.645465236628341,0.8341013223813301,0.999171298454138,3,False,,False,5,5,29,0,[],46.52218090300448,"(29, 176)",,[0],"{""feature_selection"": {""concat"": [""range""], ""even"": [""mean"", ""range""], ""odd"": [""mean"", ""range""]}, ""n_chunks"": 16, ""parameter_selection"": {""mean"": {""likelihood"": ""student_t""}, ""range"": {""likelihood"": ""lognormal""}}, ""rem_profile_params"": {""rem_stage"": 2, ""step_size_hours"": 1, ""window_size_hours"": 3}, ""tau_threshold"": 5.0}",run_output_8day_rem_w3_s1_stage2_no_pareto,rem_w3_s1_stage2
36,6a171fa42b853ca7,ok,,concat: range; odd: mean,mean=lognormal; range=lognormal,16,5.0,3,1,2,144.802476335573,144.802476335573,4.99318883915769,2.4965944195788445,0.0247044095104632,2.4965944195788445,0.0247044095104632,-286.4655971764936,1.0,1679.0,1817.0,1.0164551227759522,0,7,0.229150450064562,0.6131749920435552,6.044574542401323,1.1445750284948355,4.541636828303402,5.836895469119266,6.531280553966621,0.477943059000999,1.6274807114012175,3,False,,False,2,2,29,0,[],20.899550176982306,"(29, 176)",,[0],"{""feature_selection"": {""concat"": [""range""], ""odd"": [""mean""]}, ""n_chunks"": 16, ""parameter_selection"": {""mean"": {""likelihood"": ""lognormal""}, ""range"": {""likelihood"": ""lognormal""}}, ""rem_profile_params"": {""rem_stage"": 2, ""step_size_hours"": 1, ""window_size_hours"": 3}, ""tau_threshold"": 5.0}",run_output_8day_rem_w3_s1_stage2_no_pareto,rem_w3_s1_stage2
60,be10750f51ecee1b,ok,,"odd: mean, range",mean=student_t; range=lognormal,16,5.0,2,2,2,144.69061455574067,144.69061455574067,4.98933153640485,2.4946657682024256,0.0189402134214435,2.4946657682024256,0.0189402134214435,-288.9803983175749,1.01,1326.0,1249.0,1.0492655164421478,0,8,0.4703047362132,0.888445869884849,7.333790615820492,1.2858392000928696,6.832837490127004,7.326922294382747,7.663461147191374,0.7855914643468762,0.682296905602607,0,False,,False,2,2,29,0,[],26.504088689980563,"(29, 96)",,[0],"{""feature_selection"": {""odd"": [""mean"", ""range""]}, ""n_chunks"": 16, ""parameter_selection"": {""mean"": {""likelihood"": ""student_t""}, ""range"": {""likelihood"": ""lognormal""}}, ""rem_profile_params"": {""rem_stage"": 2, ""step_size_hours"": 2, ""window_size_hours"": 2}, ""tau_threshold"": 5.0}",run_output_8day_rem_w2_s2_stage2_no_pareto,rem_w2_s2_stage2
59,8806323da24c8f62,ok,,"odd: mean, range",mean=student_t; range=beta,16,5.0,2,2,2,144.5560105707009,144.5560105707009,4.984690019679341,2.492345009839671,0.0167596171084427,2.492345009839671,0.0167596171084427,-291.44894872836693,1.0,1421.0,1294.0,0.9546614426032928,0,6,0.4453926498190114,0.9980866077273584,6.604026159818086,0.7430205462210815,5.461948695448927,5.927460215478857,6.673559412270396,0.4610429702596409,1.0934102039638995,4,False,,False,2,2,29,0,[],33.52386741200462,"(29, 96)",,[0],"{""feature_selection"": {""odd"": [""mean"", ""range""]}, ""n_chunks"": 16, ""parameter_selection"": {""mean"": {""likelihood"": ""student_t""}, ""range"": {""likelihood"": ""beta""}}, ""rem_profile_params"": {""rem_stage"": 2, ""step_size_hours"": 2, ""window_size_hours"": 2}, ""tau_threshold"": 5.0}",run_output_8day_rem_w2_s2_stage2_no_pareto,rem_w2_s2_stage2
132,8f1776c9ecebcaca,ok,,"even: mean; odd: mean, range",mean=student_t; range=lognormal,16,5.0,6,1,2,216.69366483497444,216.69366483497444,7.47219533913705,2.4907317797123496,0.0106297619445699,2.4907317797123496,0.0106297619445699,-433.59371711022106,1.0,1285.0,2230.0,1.066271926225176,0,8,0.3265134409348165,0.947545153958046,7.198513482639332,1.00301786398572,6.131234798779504,6.984231178413158,7.495335286279142,0.788462882701761,0.9548939344612865,1,False,,False,3,3,29,0,[],45.59044332202757,"(29, 152)",,[0],"{""feature_selection"": {""even"": [""mean""], ""odd"": [""mean"", ""range""]}, ""n_chunks"": 16, ""parameter_selection"": {""mean"": {""likelihood"": ""student_t""}, ""range"": {""likelihood"": ""lognormal""}}, ""rem_profile_params"": {""rem_stage"": 2, ""step_size_hours"": 1, ""window_size_hours"": 6}, ""tau_threshold"": 5.0}",run_output_8day_rem_w6_s1_stage2_no_pareto,rem_w6_s1_stage2
16,f1f673d7e0ed163a,ok,,"concat: range; even: mean, range; odd: mean, range",mean=student_t; range=lognormal,16,5.0,2,2,2,358.7589335397575,358.7589335397575,12.3709977082675,2.4741995416535,0.0102032662734665,2.4741995416535,0.0102032662734665,-717.819066795951,1.01,514.0,1230.0,0.9673870317476744,0,8,0.3743841495073153,0.9734346033601198,7.242537092168792,0.8895066433601604,6.029769747078965,7.027768893284706,7.513884446642352,0.757232607471835,1.0686596895068363,3,False,,False,5,5,29,0,[],46.85003469197545,"(29, 96)",,[0],"{""feature_selection"": {""concat"": [""range""], ""even"": [""mean"", ""range""], ""odd"": [""mean"", ""range""]}, ""n_chunks"": 16, ""parameter_selection"": {""mean"": {""likelihood"": ""student_t""}, ""range"": {""likelihood"": ""lognormal""}}, ""rem_profile_params"": {""rem_stage"": 2, ""step_size_hours"": 2, ""window_size_hours"": 2}, ""tau_threshold"": 5.0}",run_output_8day_rem_w2_s2_stage2_no_pareto,rem_w2_s2_stage2
111,6331ae4613b746e6,ok,,concat: range; even: range; odd: mean,mean=lognormal; range=beta,16,5.0,3,1,2,215.0559688391124,215.0559688391124,7.415723063417668,2.471907687805889,0.0147135721965555,2.471907687805889,0.0147135721965555,-427.2180823899138,1.0,1447.0,1504.0,0.8593113111210549,0,7,0.5546024954557973,0.9705782639340343,7.191833203524235,0.6969174911922656,6.3093451185307226,6.677280642294228,7.1094420455530445,0.9601897605363848,1.5082120098694487,3,False,,False,3,3,29,0,[],44.2189733919804,"(29, 176)",,[0],"{""feature_selection"": {""concat"": [""range""], ""even"": [""range""], ""odd"": [""mean""]}, ""n_chunks"": 16, ""parameter_selection"": {""mean"": {""likelihood"": ""lognormal""}, ""range"": {""likelihood"": ""beta""}}, ""rem_profile_params"": {""rem_stage"": 2, ""step_size_hours"": 1, ""window_size_hours"": 3}, ""tau_threshold"": 5.0}",run_output_8day_rem_w3_s1_stage2_no_pareto,rem_w3_s1_stage2
114,9a516c8ec1966b6b,ok,,concat: range; even: range; odd: mean,mean=student_t; range=lognormal,16,5.0,2,2,2,214.1561660580629,214.1561660580629,7.384695381312515,2.461565127104172,0.0126587129023106,2.461565127104172,0.0126587129023106,-428.4643509097485,1.0,1738.0,1840.0,0.9546540090290524,0,6,0.4053147236105042,0.9116162035641469,6.351295944288921,0.7129884110122711,5.326407141540972,5.83131805756094,6.432821985026012,0.4164793545321223,0.6343347085135937,0,False,,False,3,3,29,0,[],37.00567891495302,"(29, 96)",,[0],"{""feature_selection"": {""concat"": [""range""], ""even"": [""range""], ""odd"": [""mean""]}, ""n_chunks"": 16, ""parameter_selection"": {""mean"": {""likelihood"": ""student_t""}, ""range"": {""likelihood"": ""lognormal""}}, ""rem_profile_params"": {""rem_stage"": 2, ""step_size_hours"": 2, ""window_size_hours"": 2}, ""tau_threshold"": 5.0}",run_output_8day_rem_w2_s2_stage2_no_pareto,rem_w2_s2_stage2
40,306380389554cf1c,ok,,concat: range; odd: range,range=lognormal,16,5.0,3,1,2,142.6655009188002,142.6655009188002,4.919500031682766,2.459750015841383,0.013342213959898,2.459750015841383,0.013342213959898,-286.4315132567705,1.0,503.0,484.0,0.9904211108530436,0,5,0.1848423269134227,0.3535956567924352,5.55657657183286,1.4644812890509715,3.901085987150213,4.603651363496402,6.434322824807939,0.3034286477465022,0.8776085411534704,2,False,,False,2,2,29,0,[],21.976362459012307,"(29, 176)",,[0],"{""feature_selection"": {""concat"": [""range""], ""odd"": [""range""]}, ""n_chunks"": 16, ""parameter_selection"": {""range"": {""likelihood"": ""lognormal""}}, ""rem_profile_params"": {""rem_stage"": 2, ""step_size_hours"": 1, ""window_size_hours"": 3}, ""tau_threshold"": 5.0}",run_output_8day_rem_w3_s1_stage2_no_pareto,rem_w3_s1_stage2
100,213bfda300a9e691,ok,,"concat: range; even: mean, range",mean=lognormal; range=lognormal,16,5.0,2,1,2,213.472366915746,213.472366915746,7.361116100542964,2.453705366847655,0.0113683569652519,2.453705366847655,0.0113683569652519,-427.6206129226914,1.0,1460.0,1496.0,0.965787232589722,0,7,0.4650282808999219,0.9094022905101083,6.803969960705506,1.008325447795963,6.146431369997678,6.48858589635631,6.830740422714942,0.8569921327331754,0.910494287021517,3,False,,False,3,3,29,0,[],30.22763526602648,"(29, 184)",,[0],"{""feature_selection"": {""concat"": [""range""], ""even"": [""mean"", ""range""]}, ""n_chunks"": 16, ""parameter_selection"": {""mean"": {""likelihood"": ""lognormal""}, ""range"": {""likelihood"": ""lognormal""}}, ""rem_profile_params"": {""rem_stage"": 2, ""step_size_hours"": 1, ""window_size_hours"": 2}, ""tau_threshold"": 5.0}",run_output_8day_rem_w2_s1_stage2_no_pareto,rem_w2_s1_stage2
196,0c4539b3cf6f0ca7,ok,,"even: mean, range; odd: mean, range",mean=student_t; range=lognormal,16,5.0,3,1,2,284.45847921517003,284.45847921517003,9.808913076385174,2.452228269096293,0.0106646751016973,2.452228269096293,0.0106646751016973,-568.7290130289579,1.01,332.0,209.0,1.0387750109699354,0,8,0.85557748851524,0.96325766190402,7.838610700934575,0.7636183343396293,7.210830977511166,7.473887318340777,7.736943659170389,0.9607049547952592,0.6397935640533009,0,False,,False,4,4,29,0,[],68.80496523698093,"(29, 176)",,[0],"{""feature_selection"": {""even"": [""mean"", ""range""], ""odd"": [""mean"", ""range""]}, ""n_chunks"": 16, ""parameter_selection"": {""mean"": {""likelihood"": ""student_t""}, ""range"": {""likelihood"": ""lognormal""}}, ""rem_profile_params"": {""rem_stage"": 2, ""step_size_hours"": 1, ""window_size_hours"": 3}, ""tau_threshold"": 5.0}",run_output_8day_rem_w3_s1_stage2_no_pareto,rem_w3_s1_stage2
3,8fd256f0959c78ee,ok,,"concat: mean; even: mean, range; odd: mean, range",mean=lognormal; range=beta,16,5.0,6,1,2,355.4560629690746,355.4560629690746,12.257105619623262,2.451421123924652,0.0121320948769488,2.451421123924652,0.0121320948769488,-690.9895560286569,1.0,566.0,635.0,0.9644527429371736,0,7,0.5884566294904299,0.7731398600711865,6.4899046333983845,0.83882794204346,5.41046357150142,6.302422079737038,6.651212468128672,0.716764917986694,1.4996034244556735,4,False,,False,5,5,29,0,[],35.97618861304363,"(29, 152)",,[0],"{""feature_selection"": {""concat"": [""mean""], ""even"": [""mean"", ""range""], ""odd"": [""mean"", ""range""]}, ""n_chunks"": 16, ""parameter_selection"": {""mean"": {""likelihood"": ""lognormal""}, ""range"": {""likelihood"": ""beta""}}, ""rem_profile_params"": {""rem_stage"": 2, ""step_size_hours"": 1, ""window_size_hours"": 6}, ""tau_threshold"": 5.0}",run_output_8day_rem_w6_s1_stage2_no_pareto,rem_w6_s1_stage2
41,b0008a820de95807,ok,,"even: mean, range",mean=lognormal; range=beta,16,5.0,2,1,2,142.04612184798165,142.04612184798165,4.898142132689022,2.449071066344511,0.0133762219926314,2.449071066344511,0.0133762219926314,-284.9777772347488,1.0,1024.0,1484.0,0.8564831542955279,0,5,0.1031332322095658,0.2983032343722309,5.2151511277593885,1.4775590025184278,3.7219175471599377,4.4969955010619085,5.501896541590007,0.2020618173279803,1.0149754908315165,2,False,,False,2,2,29,0,[],25.51472803205252,"(29, 184)",,[0],"{""feature_selection"": {""even"": [""mean"", ""range""]}, ""n_chunks"": 16, ""parameter_selection"": {""mean"": {""likelihood"": ""lognormal""}, ""range"": {""likelihood"": ""beta""}}, ""rem_profile_params"": {""rem_stage"": 2, ""step_size_hours"": 1, ""window_size_hours"": 2}, ""tau_threshold"": 5.0}",run_output_8day_rem_w2_s1_stage2_no_pareto,rem_w2_s1_stage2
45,a8d49bb1328015da,ok,,even: mean; odd: mean,mean=lognormal,16,5.0,3,1,2,141.95683772567355,141.95683772567355,4.895063369850812,2.447531684925406,0.0235430329578929,2.447531684925406,0.0235430329578929,-283.7833525896437,1.01,832.0,1335.0,1.0096263816983313,0,8,0.0904170125657697,0.6863831249173726,6.198052457148668,1.8225331103388585,4.039283140478093,6.339861394312454,7.210896183944954,0.594309705396717,1.446705490979068,3,False,,False,2,2,29,0,[],21.88029710296541,"(29, 176)",,[0],"{""feature_selection"": {""even"": [""mean""], ""odd"": [""mean""]}, ""n_chunks"": 16, ""parameter_selection"": {""mean"": {""likelihood"": ""lognormal""}}, ""rem_profile_params"": {""rem_stage"": 2, ""step_size_hours"": 1, ""window_size_hours"": 3}, ""tau_threshold"": 5.0}",run_output_8day_rem_w3_s1_stage2_no_pareto,rem_w3_s1_stage2
136,e01206ac251789c6,ok,,"even: range; odd: mean, range",mean=student_t; range=lognormal,16,5.0,6,1,2,212.12073851123893,212.12073851123893,7.31450822452548,2.43816940817516,0.0129643193039259,2.43816940817516,0.0129643193039259,-424.6878959473935,1.0,1262.0,2008.0,1.0003694478141791,0,7,0.2927780909003681,0.9361641553162434,7.041993216113866,1.0052443890843403,6.043022871790209,6.68212097788158,7.334492693972743,0.7668295256159223,0.7546230548789197,1,False,,False,3,3,29,0,[],40.425483931961935,"(29, 152)",,[0],"{""feature_selection"": {""even"": [""range""], ""odd"": [""mean"", ""range""]}, ""n_chunks"": 16, ""parameter_selection"": {""mean"": {""likelihood"": ""student_t""}, ""range"": {""likelihood"": ""lognormal""}}, ""rem_profile_params"": {""rem_stage"": 2, ""step_size_hours"": 1, ""window_size_hours"": 6}, ""tau_threshold"": 5.0}",run_output_8day_rem_w6_s1_stage2_no_pareto,rem_w6_s1_stage2
11,46adf7ab0f8d5f46,ok,,"concat: mean, range; even: mean, range; odd: mean, range",mean=lognormal; range=beta,16,5.0,6,1,2,423.8149540546154,423.8149540546154,14.61430876050398,2.435718126750664,0.0112084784072175,2.435718126750664,0.0112084784072175,-851.5189593427535,1.0,1776.0,1103.0,0.9370869557325228,0,5,0.8432534487972676,0.0671351785267296,5.08137037662416,0.3212791797554373,4.267991634529856,4.53598331547882,4.803974996427784,0.0142351444629742,1.4041066879283752,7,False,,False,6,6,29,0,[],56.64154271502048,"(29, 152)",,[0],"{""feature_selection"": {""concat"": [""mean"", ""range""], ""even"": [""mean"", ""range""], ""odd"": [""mean"", ""range""]}, ""n_chunks"": 16, ""parameter_selection"": {""mean"": {""likelihood"": ""lognormal""}, ""range"": {""likelihood"": ""beta""}}, ""rem_profile_params"": {""rem_stage"": 2, ""step_size_hours"": 1, ""window_size_hours"": 6}, ""tau_threshold"": 5.0}",run_output_8day_rem_w6_s1_stage2_no_pareto,rem_w6_s1_stage2
33,81c57ac1207eff53,ok,,concat: range; even: range,range=beta,16,5.0,2,2,2,141.2664438059531,141.2664438059531,4.8712566829639,2.4356283414819497,0.0079834202519859,2.4356283414819497,0.0079834202519859,-282.70819110929506,1.0,1371.0,1235.0,0.8954267970970862,0,7,0.5968517824364543,0.9784090826741848,6.9629775185267615,0.5969436217256906,6.186061355140578,6.500165691204665,6.814270027268753,0.8980888145894739,1.0365862276456363,1,False,,False,2,2,29,0,[],28.133379595004957,"(29, 96)",,[0],"{""feature_selection"": {""concat"": [""range""], ""even"": [""range""]}, ""n_chunks"": 16, ""parameter_selection"": {""range"": {""likelihood"": ""beta""}}, ""rem_profile_params"": {""rem_stage"": 2, ""step_size_hours"": 2, ""window_size_hours"": 2}, ""tau_threshold"": 5.0}",run_output_8day_rem_w2_s2_stage2_no_pareto,rem_w2_s2_stage2
44,39cdde36e5fad5f1,ok,,"even: mean, range",mean=student_t; range=lognormal,16,5.0,2,1,2,140.9444440758376,140.9444440758376,4.8601532439944,2.4300766219972,0.0122174654776128,2.4300766219972,0.0122174654776128,-282.7743443364336,1.0,1113.0,1494.0,1.0251629988999522,0,8,0.1865508018165744,0.7524212649776039,6.634970262444893,1.735004123887858,5.044874605259107,6.876334308571511,7.470331358880685,0.6984650248363635,0.8045010506520046,2,False,,False,2,2,29,0,[],25.184849608980585,"(29, 184)",,[0],"{""feature_selection"": {""even"": [""mean"", ""range""]}, ""n_chunks"": 16, ""parameter_selection"": {""mean"": {""likelihood"": ""student_t""}, ""range"": {""likelihood"": ""lognormal""}}, ""rem_profile_params"": {""rem_stage"": 2, ""step_size_hours"": 1, ""window_size_hours"": 2}, ""tau_threshold"": 5.0}",run_output_8day_rem_w2_s1_stage2_no_pareto,rem_w2_s1_stage2
12,c89b33e7caafdfa6,ok,,"concat: range; even: mean, range; odd: mean, range",mean=lognormal; range=beta,16,5.0,3,1,2,352.07597070083875,352.07597070083875,12.140550713822028,2.428110142764405,0.0125875938225917,2.428110142764405,0.0125875938225917,-695.4363526647624,1.01,718.0,1696.0,0.956183723493582,0,8,0.6013260167010683,0.9956420117804547,7.556464301088999,0.5687753585475324,6.580452176230456,7.127220826720428,7.563610413360213,0.9950452029381874,1.6778678298899803,4,False,,False,5,5,29,0,[],55.71942898404086,"(29, 176)",,[0],"{""feature_selection"": {""concat"": [""range""], ""even"": [""mean"", ""range""], ""odd"": [""mean"", ""range""]}, ""n_chunks"": 16, ""parameter_selection"": {""mean"": {""likelihood"": ""lognormal""}, ""range"": {""likelihood"": ""beta""}}, ""rem_profile_params"": {""rem_stage"": 2, ""step_size_hours"": 1, ""window_size_hours"": 3}, ""tau_threshold"": 5.0}",run_output_8day_rem_w3_s1_stage2_no_pareto,rem_w3_s1_stage2
39,4d5a7123784bb599,ok,,concat: range; odd: range,range=beta,16,5.0,2,2,2,140.76282137810625,140.76282137810625,4.853890392348491,2.4269451961742456,0.0124678383230221,2.4269451961742456,0.0124678383230221,-283.43518824841203,1.0,1658.0,1344.0,0.9204217974875114,0,7,0.8408666970683208,0.9999658501309094,6.984986672157676,0.2556556284180418,6.224542211453441,6.492005215919765,6.759468220386091,0.9598815609110828,1.2660488339341565,3,False,,False,2,2,29,0,[],28.45863560901489,"(29, 96)",,[0],"{""feature_selection"": {""concat"": [""range""], ""odd"": [""range""]}, ""n_chunks"": 16, ""parameter_selection"": {""range"": {""likelihood"": ""beta""}}, ""rem_profile_params"": {""rem_stage"": 2, ""step_size_hours"": 2, ""window_size_hours"": 2}, ""tau_threshold"": 5.0}",run_output_8day_rem_w2_s2_stage2_no_pareto,rem_w2_s2_stage2
115,2a3e124b79c2a3ab,ok,,concat: range; even: range; odd: range,range=beta,16,5.0,3,1,2,211.1249195468792,211.1249195468792,7.280169639547559,2.4267232131825187,0.0125474726269141,2.4267232131825187,0.0125474726269141,-421.1037030016133,1.0,1518.0,1711.0,0.8894082288331442,0,8,0.5609339220139806,0.9843058352419928,7.491162670380645,0.7112199776041201,6.533832366568294,7.087390121227807,7.543695060613904,0.9814588141302324,1.1476868198247852,1,False,,False,3,3,29,0,[],55.63087012700271,"(29, 176)",,[0],"{""feature_selection"": {""concat"": [""range""], ""even"": [""range""], ""odd"": [""range""]}, ""n_chunks"": 16, ""parameter_selection"": {""range"": {""likelihood"": ""beta""}}, ""rem_profile_params"": {""rem_stage"": 2, ""step_size_hours"": 1, ""window_size_hours"": 3}, ""tau_threshold"": 5.0}",run_output_8day_rem_w3_s1_stage2_no_pareto,rem_w3_s1_stage2
114,b930ae7c4785ec2c,ok,,concat: range; even: range; odd: mean,mean=student_t; range=lognormal,16,5.0,3,1,2,210.36383935392004,210.36383935392004,7.25392549496276,2.417975164987587,0.0132645410181696,2.417975164987587,0.0132645410181696,-421.2737376664827,1.0,1258.0,1496.0,1.046664021701292,0,7,0.3136732686772873,0.7362601482141695,6.399109313806992,1.0639641407751024,4.936735030670503,6.248007098900022,6.689311713550763,0.6404965474337382,1.022308737329021,2,False,,False,3,3,29,0,[],36.49981345201377,"(29, 176)",,[0],"{""feature_selection"": {""concat"": [""range""], ""even"": [""range""], ""odd"": [""mean""]}, ""n_chunks"": 16, ""parameter_selection"": {""mean"": {""likelihood"": ""student_t""}, ""range"": {""likelihood"": ""lognormal""}}, ""rem_profile_params"": {""rem_stage"": 2, ""step_size_hours"": 1, ""window_size_hours"": 3}, ""tau_threshold"": 5.0}",run_output_8day_rem_w3_s1_stage2_no_pareto,rem_w3_s1_stage2
108,844f611614bca521,ok,,concat: range; even: mean; odd: range,mean=lognormal; range=lognormal,16,5.0,2,2,2,210.27595168471925,210.27595168471925,7.250894885679974,2.416964961893325,0.0100604612001678,2.416964961893325,0.0100604612001678,-422.8513928427205,1.0,1302.0,1612.0,0.9837966252496956,0,7,0.3195480086877582,0.9026415463267334,6.858281559629799,0.9130518036450742,6.006061588596236,6.474122658806411,6.942183729016586,0.7532376056149648,1.1075615235395824,1,False,,False,3,3,29,0,[],31.364667546004057,"(29, 96)",,[0],"{""feature_selection"": {""concat"": [""range""], ""even"": [""mean""], ""odd"": [""range""]}, ""n_chunks"": 16, ""parameter_selection"": {""mean"": {""likelihood"": ""lognormal""}, ""range"": {""likelihood"": ""lognormal""}}, ""rem_profile_params"": {""rem_stage"": 2, ""step_size_hours"": 2, ""window_size_hours"": 2}, ""tau_threshold"": 5.0}",run_output_8day_rem_w2_s2_stage2_no_pareto,rem_w2_s2_stage2
12,e500a097ebc730ee,ok,,"concat: range; even: mean, range; odd: mean, range",mean=lognormal; range=lognormal,16,5.0,2,1,2,349.77897031447964,349.77897031447964,12.061343803947574,2.4122687607895146,0.012456979414442,2.4122687607895146,0.012456979414442,-693.6504737278109,1.01,470.0,521.0,0.9297101454231852,0,7,0.4974278166670645,0.9095274459883008,6.897535721301994,0.992809663042976,6.198890349633295,6.551065307019536,6.903240264405775,0.8911871751965368,1.6203481077047237,5,False,,False,5,5,29,0,[],36.81313294003485,"(29, 184)",,[0],"{""feature_selection"": {""concat"": [""range""], ""even"": [""mean"", ""range""], ""odd"": [""mean"", ""range""]}, ""n_chunks"": 16, ""parameter_selection"": {""mean"": {""likelihood"": ""lognormal""}, ""range"": {""likelihood"": ""lognormal""}}, ""rem_profile_params"": {""rem_stage"": 2, ""step_size_hours"": 1, ""window_size_hours"": 2}, ""tau_threshold"": 5.0}",run_output_8day_rem_w2_s1_stage2_no_pareto,rem_w2_s1_stage2
196,196b6145206d6c6d,ok,,"even: mean, range; odd: mean, range",mean=student_t; range=lognormal,16,5.0,6,1,2,279.43663224496925,279.43663224496925,9.635745939481698,2.408936484870424,0.0110327139267067,2.408936484870424,0.0110327139267067,-558.9390524049999,1.0,1372.0,1727.0,0.9907173833203264,0,8,0.5949576463770936,0.9924220088570898,7.668963349672168,0.5877314511023255,6.856545010632624,7.299358503843254,7.6496792519216275,0.9671486961421494,0.7172015397158417,1,False,,False,4,4,29,0,[],70.80502847401658,"(29, 152)",,[0],"{""feature_selection"": {""even"": [""mean"", ""range""], ""odd"": [""mean"", ""range""]}, ""n_chunks"": 16, ""parameter_selection"": {""mean"": {""likelihood"": ""student_t""}, ""range"": {""likelihood"": ""lognormal""}}, ""rem_profile_params"": {""rem_stage"": 2, ""step_size_hours"": 1, ""window_size_hours"": 6}, ""tau_threshold"": 5.0}",run_output_8day_rem_w6_s1_stage2_no_pareto,rem_w6_s1_stage2
186,e0fe99d5ff2dd9be,ok,,"concat: range; even: mean; odd: mean, range",mean=lognormal; range=lognormal,16,5.0,3,1,2,279.06456942509163,279.06456942509163,9.622916187072123,2.4057290467680312,0.0153648605714706,2.4057290467680312,0.0153648605714706,-551.5722042597368,1.02,199.0,548.0,0.9245024729639426,0,8,0.2453980459403481,0.7103669666043229,6.7221066971665735,1.5125443370540068,4.736362962758989,6.859039263918509,7.468087278212022,0.682813527416623,1.9645188952762087,3,False,,False,4,4,29,0,[],52.05669083696557,"(29, 176)",,[0],"{""feature_selection"": {""concat"": [""range""], ""even"": [""mean""], ""odd"": [""mean"", ""range""]}, ""n_chunks"": 16, ""parameter_selection"": {""mean"": {""likelihood"": ""lognormal""}, ""range"": {""likelihood"": ""lognormal""}}, ""rem_profile_params"": {""rem_stage"": 2, ""step_size_hours"": 1, ""window_size_hours"": 3}, ""tau_threshold"": 5.0}",run_output_8day_rem_w3_s1_stage2_no_pareto,rem_w3_s1_stage2
53,2c1acece7c562468,ok,,even: range; odd: mean,mean=student_t; range=beta,16,5.0,6,1,2,138.46636184024803,138.46636184024803,4.7747021324223455,2.3873510662111737,0.0150605137451103,2.3873510662111737,0.0150605137451103,-277.33970346288487,1.0,857.0,982.0,0.9808152470880018,0,8,0.1311752360814332,0.6389287947938931,6.088179921486322,2.0281247483924534,3.397939852069177,6.372978693881751,7.382346976718861,0.5566539571521141,0.7861137495538066,1,False,,False,2,2,29,0,[],33.86824344698107,"(29, 152)",,[0],"{""feature_selection"": {""even"": [""range""], ""odd"": [""mean""]}, ""n_chunks"": 16, ""parameter_selection"": {""mean"": {""likelihood"": ""student_t""}, ""range"": {""likelihood"": ""beta""}}, ""rem_profile_params"": {""rem_stage"": 2, ""step_size_hours"": 1, ""window_size_hours"": 6}, ""tau_threshold"": 5.0}",run_output_8day_rem_w6_s1_stage2_no_pareto,rem_w6_s1_stage2
123,a7f80a0a999aa5fe,ok,,"even: mean, range; odd: mean",mean=student_t; range=beta,16,5.0,6,1,2,207.3459387649552,207.3459387649552,7.149859957412248,2.383286652470748,0.012169105306979,2.383286652470748,0.012169105306979,-415.1557350421519,1.01,882.0,522.0,1.0145552281983554,0,8,0.6196095117160321,0.9373016389478904,7.583916482814003,1.1483008792809335,7.087007530904347,7.391338353936231,7.695669176968115,0.9220639779387658,0.9706130744611255,3,False,,False,3,3,29,0,[],56.74111936602276,"(29, 152)",,[0],"{""feature_selection"": {""even"": [""mean"", ""range""], ""odd"": [""mean""]}, ""n_chunks"": 16, ""parameter_selection"": {""mean"": {""likelihood"": ""student_t""}, ""range"": {""likelihood"": ""beta""}}, ""rem_profile_params"": {""rem_stage"": 2, ""step_size_hours"": 1, ""window_size_hours"": 6}, ""tau_threshold"": 5.0}",run_output_8day_rem_w6_s1_stage2_no_pareto,rem_w6_s1_stage2
111,3d7093e85ef25d5d,ok,,concat: range; even: range; odd: mean,mean=lognormal; range=beta,16,5.0,2,2,2,207.03126168561195,207.03126168561195,7.139009023641791,2.379669674547264,0.0140743296835558,2.379669674547264,0.0140743296835558,-412.2655713649596,1.0,1630.0,1503.0,0.9033588307712752,0,7,0.4912218083087993,0.9840305656675384,7.125079559266304,0.6583862163532922,6.232261362232104,6.615336900736498,6.998412439240893,0.9015767380624852,1.2484145099726698,3,False,,False,3,3,29,0,[],45.28616032603895,"(29, 96)",,[0],"{""feature_selection"": {""concat"": [""range""], ""even"": [""range""], ""odd"": [""mean""]}, ""n_chunks"": 16, ""parameter_selection"": {""mean"": {""likelihood"": ""lognormal""}, ""range"": {""likelihood"": ""beta""}}, ""rem_profile_params"": {""rem_stage"": 2, ""step_size_hours"": 2, ""window_size_hours"": 2}, ""tau_threshold"": 5.0}",run_output_8day_rem_w2_s2_stage2_no_pareto,rem_w2_s2_stage2
192,6dbb590a8bf512d3,ok,,"concat: range; even: range; odd: mean, range",mean=student_t; range=lognormal,16,5.0,2,1,2,275.9903928218105,275.9903928218105,9.516910097303809,2.3792275243259526,0.0117235505468826,2.3792275243259526,0.0117235505468826,-552.4793806647633,1.0,623.0,775.0,0.9913875391861782,0,7,0.3123631726912882,0.7296883591330737,6.258503282939248,1.4033018157276431,4.362433805720973,6.301867643402172,6.74831896456876,0.6690372662653256,0.98647556036227,4,False,,False,4,4,29,0,[],60.87570661096834,"(29, 184)",,[0],"{""feature_selection"": {""concat"": [""range""], ""even"": [""range""], ""odd"": [""mean"", ""range""]}, ""n_chunks"": 16, ""parameter_selection"": {""mean"": {""likelihood"": ""student_t""}, ""range"": {""likelihood"": ""lognormal""}}, ""rem_profile_params"": {""rem_stage"": 2, ""step_size_hours"": 1, ""window_size_hours"": 2}, ""tau_threshold"": 5.0}",run_output_8day_rem_w2_s1_stage2_no_pareto,rem_w2_s1_stage2
102,364d96aa0103c373,ok,,"concat: range; even: mean, range",mean=student_t; range=lognormal,16,5.0,3,1,2,206.76577380076463,206.76577380076463,7.129854268991885,2.3766180896639613,0.0083500520597197,2.3766180896639613,0.0083500520597197,-414.7677891014304,1.01,1125.0,1181.0,0.9844522173549124,0,7,0.3870416487370904,0.8353168110205079,6.722061039283496,0.9917237231816796,6.058270510022653,6.443935911255156,6.82960131248766,0.787772710383426,0.9086736415048354,2,False,,False,3,3,29,0,[],35.22931665997021,"(29, 176)",,[0],"{""feature_selection"": {""concat"": [""range""], ""even"": [""mean"", ""range""]}, ""n_chunks"": 16, ""parameter_selection"": {""mean"": {""likelihood"": ""student_t""}, ""range"": {""likelihood"": ""lognormal""}}, ""rem_profile_params"": {""rem_stage"": 2, ""step_size_hours"": 1, ""window_size_hours"": 3}, ""tau_threshold"": 5.0}",run_output_8day_rem_w3_s1_stage2_no_pareto,rem_w3_s1_stage2
196,384a22a3e95093c8,ok,,"even: mean, range; odd: mean, range",mean=student_t; range=lognormal,16,5.0,2,2,2,274.5431556181608,274.5431556181608,9.467005366143477,2.3667513415358687,0.0120492358380991,2.3667513415358687,0.0120492358380991,-549.984164437413,1.0,2727.0,1715.0,1.0237264232344647,0,8,0.8631222415982752,0.989117523137681,7.901643662577455,0.5063108646730311,7.213879623174749,7.475919748783166,7.737959874391583,0.9669973828912064,0.7767367579786706,2,False,,False,4,4,29,0,[],70.55405329697533,"(29, 96)",,[0],"{""feature_selection"": {""even"": [""mean"", ""range""], ""odd"": [""mean"", ""range""]}, ""n_chunks"": 16, ""parameter_selection"": {""mean"": {""likelihood"": ""student_t""}, ""range"": {""likelihood"": ""lognormal""}}, ""rem_profile_params"": {""rem_stage"": 2, ""step_size_hours"": 2, ""window_size_hours"": 2}, ""tau_threshold"": 5.0}",run_output_8day_rem_w2_s2_stage2_no_pareto,rem_w2_s2_stage2
117,feff868b13fdc0b0,ok,,"concat: range; odd: mean, range",mean=lognormal; range=beta,16,5.0,2,2,2,205.63591161703133,205.63591161703133,7.090893504035564,2.363631168011855,0.0163780860007899,2.363631168011855,0.0163780860007899,-411.9491383904984,1.0,1511.0,1289.0,0.8916111792822384,1,7,0.7241871525474097,0.9999144024000948,7.018057737895237,0.3707876734822442,6.220844063079925,6.51056146387273,6.800278864665535,0.940568518214292,1.518376853199077,5,False,,False,3,3,29,0,[],45.983799921988975,"(29, 96)",,[0],"{""feature_selection"": {""concat"": [""range""], ""odd"": [""mean"", ""range""]}, ""n_chunks"": 16, ""parameter_selection"": {""mean"": {""likelihood"": ""lognormal""}, ""range"": {""likelihood"": ""beta""}}, ""rem_profile_params"": {""rem_stage"": 2, ""step_size_hours"": 2, ""window_size_hours"": 2}, ""tau_threshold"": 5.0}",run_output_8day_rem_w2_s2_stage2_no_pareto,rem_w2_s2_stage2
48,7b00970363c43bbb,ok,,even: mean; odd: range,mean=lognormal; range=lognormal,16,5.0,3,1,2,137.05965374921428,137.05965374921428,4.726194956869458,2.3630974784347294,0.0134564756809197,2.3630974784347294,0.0134564756809197,-274.70204082969576,1.01,551.0,580.0,1.0441994541317483,0,8,0.4755154139278297,0.7989808471328731,7.11876779090346,1.607881934604832,6.669025517785729,7.319409912497601,7.659704956248801,0.7810148557212055,0.9711493020971452,1,False,,False,2,2,29,0,[],11.82322517997818,"(29, 176)",,[0],"{""feature_selection"": {""even"": [""mean""], ""odd"": [""range""]}, ""n_chunks"": 16, ""parameter_selection"": {""mean"": {""likelihood"": ""lognormal""}, ""range"": {""likelihood"": ""lognormal""}}, ""rem_profile_params"": {""rem_stage"": 2, ""step_size_hours"": 1, ""window_size_hours"": 3}, ""tau_threshold"": 5.0}",run_output_8day_rem_w3_s1_stage2_no_pareto,rem_w3_s1_stage2
58,8c9e436a1b62a546,ok,,"odd: mean, range",mean=lognormal; range=lognormal,16,5.0,2,1,2,137.05887920353422,137.05887920353422,4.726168248397732,2.3630841241988656,0.0223508108267228,2.3630841241988656,0.0223508108267228,-274.7233639997248,1.01,685.0,586.0,0.9233849449062445,0,4,0.2848837047620545,0.3506845530592611,5.186829267115451,1.6641561550063848,3.380700694705204,3.81738226855374,6.401260680136598,0.3053854317282088,1.4541072245799116,3,False,,False,2,2,29,0,[],22.077849260997027,"(29, 184)",,[0],"{""feature_selection"": {""odd"": [""mean"", ""range""]}, ""n_chunks"": 16, ""parameter_selection"": {""mean"": {""likelihood"": ""lognormal""}, ""range"": {""likelihood"": ""lognormal""}}, ""rem_profile_params"": {""rem_stage"": 2, ""step_size_hours"": 1, ""window_size_hours"": 2}, ""tau_threshold"": 5.0}",run_output_8day_rem_w2_s1_stage2_no_pareto,rem_w2_s1_stage2
181,42d34f6d8d38103a,ok,,"concat: range; even: mean, range; odd: range",mean=lognormal; range=beta,16,5.0,2,2,2,273.0259550227958,273.0259550227958,9.414688104234338,2.353672026058584,0.0086941631277358,2.353672026058584,0.0086941631277358,-546.5542599280936,1.0,1893.0,1650.0,0.8574929425114716,0,7,0.8046424684041168,0.9999956215930615,7.025531439654081,0.2927939540223369,6.240353786640783,6.513977338830804,6.787600891020824,0.969602611614613,0.8903993451703748,3,False,,False,4,4,29,0,[],77.67761260899715,"(29, 96)",,[0],"{""feature_selection"": {""concat"": [""range""], ""even"": [""mean"", ""range""], ""odd"": [""range""]}, ""n_chunks"": 16, ""parameter_selection"": {""mean"": {""likelihood"": ""lognormal""}, ""range"": {""likelihood"": ""beta""}}, ""rem_profile_params"": {""rem_stage"": 2, ""step_size_hours"": 2, ""window_size_hours"": 2}, ""tau_threshold"": 5.0}",run_output_8day_rem_w2_s2_stage2_no_pareto,rem_w2_s2_stage2
186,a2c10d5f921e252a,ok,,"concat: range; even: mean; odd: mean, range",mean=lognormal; range=lognormal,16,5.0,2,2,2,272.91867702768025,272.91867702768025,9.410988863023457,2.352747215755864,0.01493436659578,2.352747215755864,0.01493436659578,-543.5841850322096,1.01,571.0,1360.0,0.9832797373755676,0,8,0.3399729249950098,0.9328986143812638,7.200597191064135,0.9282390037989496,6.185158993921714,6.89193365446376,7.458610587973815,0.8154943521106539,1.5905591996109647,3,False,,False,4,4,29,0,[],53.93305620702449,"(29, 96)",,[0],"{""feature_selection"": {""concat"": [""range""], ""even"": [""mean""], ""odd"": [""mean"", ""range""]}, ""n_chunks"": 16, ""parameter_selection"": {""mean"": {""likelihood"": ""lognormal""}, ""range"": {""likelihood"": ""lognormal""}}, ""rem_profile_params"": {""rem_stage"": 2, ""step_size_hours"": 2, ""window_size_hours"": 2}, ""tau_threshold"": 5.0}",run_output_8day_rem_w2_s2_stage2_no_pareto,rem_w2_s2_stage2
189,a4385cbcab8cdd4f,ok,,"concat: range; even: range; odd: mean, range",mean=lognormal; range=beta,16,5.0,3,1,2,272.07614819845554,272.07614819845554,9.381936144774327,2.3454840361935823,0.0135945982487229,2.3454840361935823,0.0135945982487229,-534.6849983069081,1.0,749.0,1059.0,0.934941993759048,0,8,0.5652917393827583,0.9787622017701104,7.537427966126787,0.781556510160422,6.627218717091722,7.187589536357371,7.593794768178686,0.9763814024067938,1.4596578400112246,3,False,,False,4,4,29,0,[],79.48487257800298,"(29, 176)",,[0],"{""feature_selection"": {""concat"": [""range""], ""even"": [""range""], ""odd"": [""mean"", ""range""]}, ""n_chunks"": 16, ""parameter_selection"": {""mean"": {""likelihood"": ""lognormal""}, ""range"": {""likelihood"": ""beta""}}, ""rem_profile_params"": {""rem_stage"": 2, ""step_size_hours"": 1, ""window_size_hours"": 3}, ""tau_threshold"": 5.0}",run_output_8day_rem_w3_s1_stage2_no_pareto,rem_w3_s1_stage2
179,a311cb2838a4c5a5,ok,,"concat: range; even: mean, range; odd: mean",mean=student_t; range=beta,16,5.0,6,1,2,271.3049548774858,271.3049548774858,9.35534327163744,2.33883581790936,0.0092587476206776,2.33883581790936,0.0092587476206776,-544.1154536731985,1.0,723.0,558.0,0.8705638079904141,0,5,0.4293049581173572,0.2459381952961231,5.2177459036993215,0.9742522232138718,4.25553314085903,4.624767058304097,4.994000975749163,0.0735517459101733,0.679667154434657,0,False,,False,4,4,29,0,[],87.43766370898811,"(29, 152)",,[0],"{""feature_selection"": {""concat"": [""range""], ""even"": [""mean"", ""range""], ""odd"": [""mean""]}, ""n_chunks"": 16, ""parameter_selection"": {""mean"": {""likelihood"": ""student_t""}, ""range"": {""likelihood"": ""beta""}}, ""rem_profile_params"": {""rem_stage"": 2, ""step_size_hours"": 1, ""window_size_hours"": 6}, ""tau_threshold"": 5.0}",run_output_8day_rem_w6_s1_stage2_no_pareto,rem_w6_s1_stage2
113,bbafbe1c31ab7bee,ok,,concat: range; even: range; odd: mean,mean=student_t; range=beta,16,5.0,6,1,2,203.41358452614665,203.41358452614665,7.014261535384367,2.338087178461455,0.010729008086573,2.338087178461455,0.010729008086573,-408.0865050625936,1.0,2415.0,1970.0,0.9967667421995938,0,5,0.569162441260842,0.1736733076860502,5.035736397312911,0.7155406222982035,4.231293308427384,4.564744240782375,4.898195173137364,0.0094909550043436,0.8234313003055423,1,False,,False,3,3,29,0,[],51.59122705797199,"(29, 152)",,[0],"{""feature_selection"": {""concat"": [""range""], ""even"": [""range""], ""odd"": [""mean""]}, ""n_chunks"": 16, ""parameter_selection"": {""mean"": {""likelihood"": ""student_t""}, ""range"": {""likelihood"": ""beta""}}, ""rem_profile_params"": {""rem_stage"": 2, ""step_size_hours"": 1, ""window_size_hours"": 6}, ""tau_threshold"": 5.0}",run_output_8day_rem_w6_s1_stage2_no_pareto,rem_w6_s1_stage2
118,ffc36cb9f7c31fd5,ok,,"concat: range; odd: mean, range",mean=lognormal; range=lognormal,16,5.0,3,1,2,203.18845641642983,203.18845641642983,7.00649849711827,2.335499499039424,0.0183433530534474,2.335499499039424,0.0183433530534474,-403.5519500442675,1.02,220.0,424.0,0.9027183814521776,0,4,0.1758520061436181,0.4361752202283178,5.794261410017597,1.615101563363542,3.841379287676564,4.760999384068239,7.057614195792611,0.3914611502845679,1.6043744065281715,3,False,,False,3,3,29,0,[],35.49888773000566,"(29, 176)",,[0],"{""feature_selection"": {""concat"": [""range""], ""odd"": [""mean"", ""range""]}, ""n_chunks"": 16, ""parameter_selection"": {""mean"": {""likelihood"": ""lognormal""}, ""range"": {""likelihood"": ""lognormal""}}, ""rem_profile_params"": {""rem_stage"": 2, ""step_size_hours"": 1, ""window_size_hours"": 3}, ""tau_threshold"": 5.0}",run_output_8day_rem_w3_s1_stage2_no_pareto,rem_w3_s1_stage2
6,8ab3b346d478d49f,ok,,even: mean,mean=student_t,16,5.0,6,1,2,67.64807743704097,67.64807743704097,2.3326923254152057,2.332692325415206,0.0160569813546288,2.332692325415206,0.0160569813546288,-135.2255743020055,1.0,1777.0,2049.0,1.0503083513651232,0,8,0.2847547270723815,0.8311238045734438,7.001631242661803,1.5318633214241473,6.131611752667337,7.134845792350252,7.567422896175127,0.7760784470525253,0.4683007230947443,0,False,,False,1,1,29,0,[],17.361449588963296,"(29, 152)",,[0],"{""feature_selection"": {""even"": [""mean""]}, ""n_chunks"": 16, ""parameter_selection"": {""mean"": {""likelihood"": ""student_t""}}, ""rem_profile_params"": {""rem_stage"": 2, ""step_size_hours"": 1, ""window_size_hours"": 6}, ""tau_threshold"": 5.0}",run_output_8day_rem_w6_s1_stage2_no_pareto,rem_w6_s1_stage2
131,69e86acd03923379,ok,,"even: mean; odd: mean, range",mean=student_t; range=beta,16,5.0,6,1,2,202.6526741886024,202.6526741886024,6.98802324788284,2.329341082627613,0.0110635121900151,2.329341082627613,0.0110635121900151,-405.496301179708,1.0,2733.0,2007.0,0.9908358024813808,0,5,0.931038574515018,0.0232423869572262,5.028353964892809,0.1964079812590376,4.255944510319139,4.511894869946493,4.767845229573847,0.0047396136526935,0.9875150149159444,2,False,,False,3,3,29,0,[],54.49283553799614,"(29, 152)",,[0],"{""feature_selection"": {""even"": [""mean""], ""odd"": [""mean"", ""range""]}, ""n_chunks"": 16, ""parameter_selection"": {""mean"": {""likelihood"": ""student_t""}, ""range"": {""likelihood"": ""beta""}}, ""rem_profile_params"": {""rem_stage"": 2, ""step_size_hours"": 1, ""window_size_hours"": 6}, ""tau_threshold"": 5.0}",run_output_8day_rem_w6_s1_stage2_no_pareto,rem_w6_s1_stage2
182,90b51e4869050831,ok,,"concat: range; even: mean, range; odd: range",mean=lognormal; range=lognormal,16,5.0,2,1,2,269.6568078444649,269.6568078444649,9.298510615326377,2.3246276538315938,0.0103449178523316,2.3246276538315938,0.0103449178523316,-544.2216892110516,1.0,768.0,661.0,0.9886370602911932,0,7,0.4714505014285522,0.8455181764322338,6.610571690603059,1.1523624082752542,6.0935439683252905,6.4370685701369,6.78059317194851,0.8180766150604478,1.216066862674334,4,False,,False,4,4,29,0,[],51.3017073040246,"(29, 184)",,[0],"{""feature_selection"": {""concat"": [""range""], ""even"": [""mean"", ""range""], ""odd"": [""range""]}, ""n_chunks"": 16, ""parameter_selection"": {""mean"": {""likelihood"": ""lognormal""}, ""range"": {""likelihood"": ""lognormal""}}, ""rem_profile_params"": {""rem_stage"": 2, ""step_size_hours"": 1, ""window_size_hours"": 2}, ""tau_threshold"": 5.0}",run_output_8day_rem_w2_s1_stage2_no_pareto,rem_w2_s1_stage2
13,e2566af607b31e31,ok,,"concat: range; even: mean, range; odd: mean, range",mean=lognormal; range=beta,16,5.0,2,2,2,337.0200304754482,337.0200304754482,11.621380361222352,2.3242760722444697,0.010516925161934,2.3242760722444697,0.010516925161934,-672.4195217900733,1.0,955.0,472.0,0.8598278936839319,0,7,0.6656399729502444,0.9999839218751864,7.118209778667112,0.4300890317459264,6.261758260195126,6.573791247130852,6.885824234066576,0.9597200225252508,1.4831823743156265,4,False,,False,5,5,29,0,[],51.0786101379781,"(29, 96)",,[0],"{""feature_selection"": {""concat"": [""range""], ""even"": [""mean"", ""range""], ""odd"": [""mean"", ""range""]}, ""n_chunks"": 16, ""parameter_selection"": {""mean"": {""likelihood"": ""lognormal""}, ""range"": {""likelihood"": ""beta""}}, ""rem_profile_params"": {""rem_stage"": 2, ""step_size_hours"": 2, ""window_size_hours"": 2}, ""tau_threshold"": 5.0}",run_output_8day_rem_w2_s2_stage2_no_pareto,rem_w2_s2_stage2
135,050defdb0597593a,ok,,"even: range; odd: mean, range",mean=student_t; range=beta,16,5.0,3,1,2,201.1548110445601,201.1548110445601,6.936372794640002,2.312124264880001,0.0125773506312493,2.312124264880001,0.0125773506312493,-395.3147121705526,1.02,277.0,434.0,0.9107917072430112,0,8,0.3446367281417706,0.6277129647822414,6.191509215423643,2.2422238254194107,2.280473241819595,7.1124468120887325,7.556223406044366,0.6097017132264256,1.2181326853869885,1,False,,False,3,3,29,0,[],64.45205634797458,"(29, 176)",,[0],"{""feature_selection"": {""even"": [""range""], ""odd"": [""mean"", ""range""]}, ""n_chunks"": 16, ""parameter_selection"": {""mean"": {""likelihood"": ""student_t""}, ""range"": {""likelihood"": ""beta""}}, ""rem_profile_params"": {""rem_stage"": 2, ""step_size_hours"": 1, ""window_size_hours"": 3}, ""tau_threshold"": 5.0}",run_output_8day_rem_w3_s1_stage2_no_pareto,rem_w3_s1_stage2
187,748f72457dc335f8,ok,,"concat: range; even: mean; odd: mean, range",mean=student_t; range=beta,16,5.0,6,1,2,267.3415107104968,267.3415107104968,9.218672783120578,2.3046681957801445,0.0100728171275175,2.3046681957801445,0.0100728171275175,-533.0966259534467,1.0,2886.0,2273.0,0.985413100160948,0,5,0.9850197550253154,0.004123047823512,5.004134575164743,0.0643648790996699,4.2510348425406095,4.502069934613736,4.753105026686862,1.195379135513482e-05,0.872451237308253,2,False,,False,4,4,29,0,[],84.66936199704651,"(29, 152)",,[0],"{""feature_selection"": {""concat"": [""range""], ""even"": [""mean""], ""odd"": [""mean"", ""range""]}, ""n_chunks"": 16, ""parameter_selection"": {""mean"": {""likelihood"": ""student_t""}, ""range"": {""likelihood"": ""beta""}}, ""rem_profile_params"": {""rem_stage"": 2, ""step_size_hours"": 1, ""window_size_hours"": 6}, ""tau_threshold"": 5.0}",run_output_8day_rem_w6_s1_stage2_no_pareto,rem_w6_s1_stage2
59,d36a9d423f594f69,ok,,"odd: mean, range",mean=student_t; range=beta,16,5.0,6,1,2,133.5994181924809,133.5994181924809,4.606876489395893,2.3034382446979462,0.014173894713346,2.3034382446979462,0.014173894713346,-266.6594503701254,1.0,2101.0,1735.0,0.929803502945184,0,5,0.9437659132276952,0.0190143700021827,5.02091969098543,0.1578408319065149,4.254833930195478,4.509683697148745,4.764533464102011,0.00167548472669,0.8899842656140935,2,False,,False,2,2,29,0,[],32.94112515001325,"(29, 152)",,[0],"{""feature_selection"": {""odd"": [""mean"", ""range""]}, ""n_chunks"": 16, ""parameter_selection"": {""mean"": {""likelihood"": ""student_t""}, ""range"": {""likelihood"": ""beta""}}, ""rem_profile_params"": {""rem_stage"": 2, ""step_size_hours"": 1, ""window_size_hours"": 6}, ""tau_threshold"": 5.0}",run_output_8day_rem_w6_s1_stage2_no_pareto,rem_w6_s1_stage2
130,68899533f4b6f558,ok,,"even: mean; odd: mean, range",mean=lognormal; range=lognormal,16,5.0,3,1,2,199.79507843893143,199.79507843893143,6.88948546341143,2.2964951544704766,0.0169156153091249,2.2964951544704766,0.0169156153091249,-399.195651230427,1.01,304.0,209.0,1.0320388866300612,0,8,0.6279082723174378,0.8669678970278384,7.427622272032022,1.359891901875201,7.096339542529127,7.397559695019418,7.698779847509709,0.8570779094845005,1.440298683356204,1,False,,False,3,3,29,0,[],34.05193471297389,"(29, 176)",,[0],"{""feature_selection"": {""even"": [""mean""], ""odd"": [""mean"", ""range""]}, ""n_chunks"": 16, ""parameter_selection"": {""mean"": {""likelihood"": ""lognormal""}, ""range"": {""likelihood"": ""lognormal""}}, ""rem_profile_params"": {""rem_stage"": 2, ""step_size_hours"": 1, ""window_size_hours"": 3}, ""tau_threshold"": 5.0}",run_output_8day_rem_w3_s1_stage2_no_pareto,rem_w3_s1_stage2
127,94a782a6629bf39e,ok,,"even: mean, range; odd: range",mean=student_t; range=beta,16,5.0,3,1,2,199.6625813861512,199.6625813861512,6.884916599522455,2.2949721998408186,0.0092599965751872,2.2949721998408186,0.0092599965751872,-396.86560372653855,1.02,318.0,158.0,1.0586429729367766,0,8,0.5936352642581547,0.8453933717033248,7.225906272336443,1.706665712540402,7.062943495150403,7.375295663433603,7.687647831716801,0.8396062396794823,0.9176581807042856,1,False,,False,3,3,29,0,[],62.09023716300726,"(29, 176)",,[0],"{""feature_selection"": {""even"": [""mean"", ""range""], ""odd"": [""range""]}, ""n_chunks"": 16, ""parameter_selection"": {""mean"": {""likelihood"": ""student_t""}, ""range"": {""likelihood"": ""beta""}}, ""rem_profile_params"": {""rem_stage"": 2, ""step_size_hours"": 1, ""window_size_hours"": 3}, ""tau_threshold"": 5.0}",run_output_8day_rem_w3_s1_stage2_no_pareto,rem_w3_s1_stage2
192,2e0035dedb722a1d,ok,,"concat: range; even: range; odd: mean, range",mean=student_t; range=lognormal,16,5.0,3,1,2,264.7204577800492,264.7204577800492,9.128291647587902,2.282072911896976,0.0114144891429815,2.282072911896976,0.0114144891429815,-523.8818742569867,1.02,257.0,845.0,1.0075649147465773,0,8,0.229614680951029,0.6691540285432841,6.617993942400182,1.5510787109695006,4.566780119935454,6.768208825109384,7.455110547390569,0.6365174940628715,1.108501980585004,1,False,,False,4,4,29,0,[],61.04821711499244,"(29, 176)",,[0],"{""feature_selection"": {""concat"": [""range""], ""even"": [""range""], ""odd"": [""mean"", ""range""]}, ""n_chunks"": 16, ""parameter_selection"": {""mean"": {""likelihood"": ""student_t""}, ""range"": {""likelihood"": ""lognormal""}}, ""rem_profile_params"": {""rem_stage"": 2, ""step_size_hours"": 1, ""window_size_hours"": 3}, ""tau_threshold"": 5.0}",run_output_8day_rem_w3_s1_stage2_no_pareto,rem_w3_s1_stage2
127,99d3885af3fc3770,ok,,"even: mean, range; odd: range",mean=student_t; range=beta,16,5.0,2,2,2,198.00014002082057,198.00014002082057,6.827591035200709,2.275863678400237,0.0091355528937875,2.275863678400237,0.0091355528937875,-395.8197573674056,1.01,1144.0,1434.0,0.9856261901813428,0,8,0.3995324249030888,0.9997116529959312,7.181309962374261,0.7967317330288589,6.025610181493232,6.771403456404169,7.409501839892264,0.7585848794682047,0.7953629931635078,2,False,,False,3,3,29,0,[],59.502985703991726,"(29, 96)",,[0],"{""feature_selection"": {""even"": [""mean"", ""range""], ""odd"": [""range""]}, ""n_chunks"": 16, ""parameter_selection"": {""mean"": {""likelihood"": ""student_t""}, ""range"": {""likelihood"": ""beta""}}, ""rem_profile_params"": {""rem_stage"": 2, ""step_size_hours"": 2, ""window_size_hours"": 2}, ""tau_threshold"": 5.0}",run_output_8day_rem_w2_s2_stage2_no_pareto,rem_w2_s2_stage2
119,a0931466448660c9,ok,,"concat: range; odd: mean, range",mean=student_t; range=beta,16,5.0,6,1,2,197.84514213910828,197.84514213910828,6.822246280658906,2.274082093552969,0.0121705203094001,2.274082093552969,0.0121705203094001,-395.93966249025146,1.0,2925.0,2067.0,1.0102481398913146,0,5,0.9869431718604808,0.0035112307401549,5.003516581985788,0.0592987448651789,4.25088077176578,4.501761715687074,4.752642659608368,5.63823354844447e-06,1.0079872293261622,2,False,,False,3,3,29,0,[],54.21041228697868,"(29, 152)",,[0],"{""feature_selection"": {""concat"": [""range""], ""odd"": [""mean"", ""range""]}, ""n_chunks"": 16, ""parameter_selection"": {""mean"": {""likelihood"": ""student_t""}, ""range"": {""likelihood"": ""beta""}}, ""rem_profile_params"": {""rem_stage"": 2, ""step_size_hours"": 1, ""window_size_hours"": 6}, ""tau_threshold"": 5.0}",run_output_8day_rem_w6_s1_stage2_no_pareto,rem_w6_s1_stage2
47,e318b06c25d419c2,ok,,even: mean; odd: range,mean=lognormal; range=beta,16,5.0,3,1,2,131.807707485879,131.807707485879,4.545093361582035,2.272546680791017,0.0159147966721994,2.272546680791017,0.0159147966721994,-252.16646193642868,1.01,389.0,608.0,0.9771121106840556,0,8,0.3304705666994895,0.6564276843757328,6.177144172318055,2.233174649027287,1.4008377099161824,7.029517454296867,7.5147587271484335,0.6364979411907266,1.099761379139416,2,False,,False,2,2,29,0,[],31.15482077398337,"(29, 176)",,[0],"{""feature_selection"": {""even"": [""mean""], ""odd"": [""range""]}, ""n_chunks"": 16, ""parameter_selection"": {""mean"": {""likelihood"": ""lognormal""}, ""range"": {""likelihood"": ""beta""}}, ""rem_profile_params"": {""rem_stage"": 2, ""step_size_hours"": 1, ""window_size_hours"": 3}, ""tau_threshold"": 5.0}",run_output_8day_rem_w3_s1_stage2_no_pareto,rem_w3_s1_stage2
9,ede32aa208e3b024,ok,,odd: mean,mean=lognormal,16,5.0,2,2,2,65.7425400520406,65.7425400520406,2.2669841397255377,2.266984139725538,0.0416349967715812,2.266984139725538,0.0416349967715812,-132.2652183382505,1.0,1116.0,1413.0,1.057017006522032,0,8,0.0573249908506009,0.5937109164554706,5.974320789601931,1.8706257982558527,3.811130017486617,5.687295850702611,7.2849885869149,0.4573636413196301,1.695115492695563,2,False,,False,1,1,29,0,[],15.5263162140036,"(29, 96)",,[0],"{""feature_selection"": {""odd"": [""mean""]}, ""n_chunks"": 16, ""parameter_selection"": {""mean"": {""likelihood"": ""lognormal""}}, ""rem_profile_params"": {""rem_stage"": 2, ""step_size_hours"": 2, ""window_size_hours"": 2}, ""tau_threshold"": 5.0}",run_output_8day_rem_w2_s2_stage2_no_pareto,rem_w2_s2_stage2
188,9c010614ba0173d0,ok,,"concat: range; even: mean; odd: mean, range",mean=student_t; range=lognormal,16,5.0,6,1,2,262.8467773368051,262.8467773368051,9.063681977131209,2.2659204942828017,0.009173618103467,2.2659204942828017,0.009173618103467,-526.9746303567667,1.0,2185.0,2135.0,1.052220871816751,0,7,0.729983429767179,0.9809851441718724,6.940791871365882,0.4175311714915892,6.194122637088414,6.477541207927183,6.760959778765951,0.921233166297037,1.0134750289939476,2,False,,False,4,4,29,0,[],63.13095662003616,"(29, 152)",,[0],"{""feature_selection"": {""concat"": [""range""], ""even"": [""mean""], ""odd"": [""mean"", ""range""]}, ""n_chunks"": 16, ""parameter_selection"": {""mean"": {""likelihood"": ""student_t""}, ""range"": {""likelihood"": ""lognormal""}}, ""rem_profile_params"": {""rem_stage"": 2, ""step_size_hours"": 1, ""window_size_hours"": 6}, ""tau_threshold"": 5.0}",run_output_8day_rem_w6_s1_stage2_no_pareto,rem_w6_s1_stage2
122,8a5079a7bbc5c6b4,ok,,"even: mean, range; odd: mean",mean=lognormal; range=lognormal,16,5.0,2,1,2,196.8953937320636,196.8953937320636,6.7894963355884,2.2631654451961327,0.0168807833079142,2.2631654451961327,0.0168807833079142,-393.7067393979214,1.0,729.0,749.0,1.042241086864444,0,8,0.2572661906591098,0.8144058889890637,6.853172722169326,1.630675767194645,6.089937934270964,7.01135644546295,7.505678222731476,0.7741389357459375,1.2731730074857592,3,False,,False,3,3,29,0,[],33.20721805898938,"(29, 184)",,[0],"{""feature_selection"": {""even"": [""mean"", ""range""], ""odd"": [""mean""]}, ""n_chunks"": 16, ""parameter_selection"": {""mean"": {""likelihood"": ""lognormal""}, ""range"": {""likelihood"": ""lognormal""}}, ""rem_profile_params"": {""rem_stage"": 2, ""step_size_hours"": 1, ""window_size_hours"": 2}, ""tau_threshold"": 5.0}",run_output_8day_rem_w2_s1_stage2_no_pareto,rem_w2_s1_stage2
44,b7f6ec98f89349ec,ok,,"even: mean, range",mean=student_t; range=lognormal,16,5.0,2,2,2,131.2482597900246,131.2482597900246,4.525802061724987,2.2629010308624933,0.0128975073521573,2.2629010308624933,0.0128975073521573,-263.0010399525245,1.0,1254.0,1335.0,0.973332828769092,0,8,0.2873785735670437,0.8468426718396115,7.024483282545976,1.5008771669322878,5.938264773906636,7.163367702243663,7.581683851121832,0.743628020141254,0.5283208648801198,0,False,,False,2,2,29,0,[],24.59647979197325,"(29, 96)",,[0],"{""feature_selection"": {""even"": [""mean"", ""range""]}, ""n_chunks"": 16, ""parameter_selection"": {""mean"": {""likelihood"": ""student_t""}, ""range"": {""likelihood"": ""lognormal""}}, ""rem_profile_params"": {""rem_stage"": 2, ""step_size_hours"": 2, ""window_size_hours"": 2}, ""tau_threshold"": 5.0}",run_output_8day_rem_w2_s2_stage2_no_pareto,rem_w2_s2_stage2
106,80799d0071cc50d1,ok,,concat: range; even: mean; odd: mean,mean=student_t; range=lognormal,16,5.0,6,1,2,196.69025049286088,196.69025049286088,6.782422430788305,2.2608074769294357,0.0117308668595891,2.2608074769294357,0.0117308668595891,-393.25090615202527,1.0,2414.0,2073.0,0.9981720707099414,0,7,0.6970470653068351,0.9616620742863226,6.9525304709029605,0.5188518251342125,6.209449330959038,6.497438343630128,6.785427356301217,0.9318205918833512,0.9855226737684876,1,False,,False,3,3,29,0,[],41.08804711297853,"(29, 152)",,[0],"{""feature_selection"": {""concat"": [""range""], ""even"": [""mean""], ""odd"": [""mean""]}, ""n_chunks"": 16, ""parameter_selection"": {""mean"": {""likelihood"": ""student_t""}, ""range"": {""likelihood"": ""lognormal""}}, ""rem_profile_params"": {""rem_stage"": 2, ""step_size_hours"": 1, ""window_size_hours"": 6}, ""tau_threshold"": 5.0}",run_output_8day_rem_w6_s1_stage2_no_pareto,rem_w6_s1_stage2
10,99a66a79a6dd33a2,ok,,"concat: range; even: mean, range; odd: mean, range",mean=student_t; range=lognormal,16,5.0,6,1,2,327.27066890317445,327.27066890317445,11.285195479419809,2.257039095883961,0.0093818442585323,2.257039095883961,0.0093818442585323,-656.5110172953212,1.0,1982.0,1705.0,0.9979117383304452,0,7,0.838506693045419,0.9963636525270956,7.03406039794595,0.2773277817486436,6.252267440362867,6.520219300619725,6.788171160876583,0.9853663827161384,1.059480679778333,3,False,,False,5,5,29,0,[],43.89628248201916,"(29, 152)",,[0],"{""feature_selection"": {""concat"": [""range""], ""even"": [""mean"", ""range""], ""odd"": [""mean"", ""range""]}, ""n_chunks"": 16, ""parameter_selection"": {""mean"": {""likelihood"": ""student_t""}, ""range"": {""likelihood"": ""lognormal""}}, ""rem_profile_params"": {""rem_stage"": 2, ""step_size_hours"": 1, ""window_size_hours"": 6}, ""tau_threshold"": 5.0}",run_output_8day_rem_w6_s1_stage2_no_pareto,rem_w6_s1_stage2
44,573e54a69b89c51b,ok,,"even: mean, range",mean=student_t; range=lognormal,16,5.0,6,1,2,130.83116300919727,130.83116300919727,4.511419414110251,2.255709707055125,0.0175229577551167,2.255709707055125,0.0175229577551167,-261.9643498985531,1.0,2614.0,2130.0,1.0758721642595055,0,8,0.6250896177873062,0.9647702408044856,7.673095507553924,0.8641910400253863,7.058320400376825,7.372213600251217,7.686106800125608,0.9553044872243374,0.7062155396270307,1,False,,False,2,2,29,0,[],24.38118258601753,"(29, 152)",,[0],"{""feature_selection"": {""even"": [""mean"", ""range""]}, ""n_chunks"": 16, ""parameter_selection"": {""mean"": {""likelihood"": ""student_t""}, ""range"": {""likelihood"": ""lognormal""}}, ""rem_profile_params"": {""rem_stage"": 2, ""step_size_hours"": 1, ""window_size_hours"": 6}, ""tau_threshold"": 5.0}",run_output_8day_rem_w6_s1_stage2_no_pareto,rem_w6_s1_stage2
128,298ea82bf49c8c3e,ok,,"even: mean, range; odd: range",mean=student_t; range=lognormal,16,5.0,2,1,2,195.89154270930436,195.89154270930436,6.75488078307946,2.251626927693153,0.010245153677671,2.251626927693153,0.010245153677671,-394.79079597501686,1.01,456.0,983.0,0.9693974814549025,0,4,0.2722525246284222,0.4939714411947122,5.740657231851403,1.8272431628667776,3.490693223090758,4.758677799128379,7.114718353391778,0.472733830938944,0.7754181645398833,2,False,,False,3,3,29,0,[],34.170242530002724,"(29, 184)",,[0],"{""feature_selection"": {""even"": [""mean"", ""range""], ""odd"": [""range""]}, ""n_chunks"": 16, ""parameter_selection"": {""mean"": {""likelihood"": ""student_t""}, ""range"": {""likelihood"": ""lognormal""}}, ""rem_profile_params"": {""rem_stage"": 2, ""step_size_hours"": 1, ""window_size_hours"": 2}, ""tau_threshold"": 5.0}",run_output_8day_rem_w2_s1_stage2_no_pareto,rem_w2_s1_stage2
180,2c7ec5c12a9176ae,ok,,"concat: range; even: mean, range; odd: mean",mean=student_t; range=lognormal,16,5.0,6,1,2,260.519481357996,260.519481357996,8.983430391655036,2.245857597913759,0.0104565456695642,2.245857597913759,0.0104565456695642,-523.6403724054318,1.0,2155.0,1497.0,0.9864097620360812,0,7,0.7747998625337008,0.9892940850303036,7.060279167575405,0.3756831696134195,6.260347153957094,6.540343110715354,6.820339067473616,0.9824561727349048,1.1432990732259776,3,False,,False,4,4,29,0,[],65.07390369201312,"(29, 152)",,[0],"{""feature_selection"": {""concat"": [""range""], ""even"": [""mean"", ""range""], ""odd"": [""mean""]}, ""n_chunks"": 16, ""parameter_selection"": {""mean"": {""likelihood"": ""student_t""}, ""range"": {""likelihood"": ""lognormal""}}, ""rem_profile_params"": {""rem_stage"": 2, ""step_size_hours"": 1, ""window_size_hours"": 6}, ""tau_threshold"": 5.0}",run_output_8day_rem_w6_s1_stage2_no_pareto,rem_w6_s1_stage2
50,74bbc233eb48ab32,ok,,even: mean; odd: range,mean=student_t; range=lognormal,16,5.0,6,1,2,129.7358444169275,129.7358444169275,4.47364980748026,2.2368249037401293,0.009638581396481,2.2368249037401293,0.009638581396481,-259.58547008203146,1.0,1808.0,2444.0,0.983163129536137,0,8,0.3359245583124839,0.9464934008171824,7.22901262801478,0.9949024823050726,6.167130496885236,7.029336721064812,7.514668360532406,0.7971346353373585,0.408171520930604,0,False,,False,2,2,29,0,[],24.560127830016427,"(29, 152)",,[0],"{""feature_selection"": {""even"": [""mean""], ""odd"": [""range""]}, ""n_chunks"": 16, ""parameter_selection"": {""mean"": {""likelihood"": ""student_t""}, ""range"": {""likelihood"": ""lognormal""}}, ""rem_profile_params"": {""rem_stage"": 2, ""step_size_hours"": 1, ""window_size_hours"": 6}, ""tau_threshold"": 5.0}",run_output_8day_rem_w6_s1_stage2_no_pareto,rem_w6_s1_stage2
31,8b2717df25dc1c28,ok,,concat: range; even: mean,mean=student_t; range=beta,16,5.0,6,1,2,129.69288280949405,129.69288280949405,4.472168372741174,2.236084186370587,0.0098077755313782,2.236084186370587,0.0098077755313782,-259.6018923997134,1.0,2549.0,2006.0,0.9585287510219704,0,5,0.5855451283281947,0.200192883555227,5.161975778511473,0.6272728671754759,4.2807550769003,4.607799280943422,4.934843484986544,0.0227957255321672,0.478184934122068,0,False,,False,2,2,29,0,[],33.5741008099867,"(29, 152)",,[0],"{""feature_selection"": {""concat"": [""range""], ""even"": [""mean""]}, ""n_chunks"": 16, ""parameter_selection"": {""mean"": {""likelihood"": ""student_t""}, ""range"": {""likelihood"": ""beta""}}, ""rem_profile_params"": {""rem_stage"": 2, ""step_size_hours"": 1, ""window_size_hours"": 6}, ""tau_threshold"": 5.0}",run_output_8day_rem_w6_s1_stage2_no_pareto,rem_w6_s1_stage2
184,9092df5327927fbd,ok,,"concat: range; even: mean, range; odd: range",mean=student_t; range=lognormal,16,5.0,3,1,2,259.1759221157298,259.1759221157298,8.937100762611372,2.234275190652842,0.0082495780174326,2.234275190652842,0.0082495780174326,-515.1688082103398,1.01,402.0,386.0,1.0013218704708529,0,8,0.4417313610633437,0.8368543681196766,7.271713614836645,1.2890400203715755,6.54045844117738,7.271659532513343,7.635829766256672,0.8246904451624599,0.7086244514150266,1,False,,False,4,4,29,0,[],62.58501341199735,"(29, 176)",,[0],"{""feature_selection"": {""concat"": [""range""], ""even"": [""mean"", ""range""], ""odd"": [""range""]}, ""n_chunks"": 16, ""parameter_selection"": {""mean"": {""likelihood"": ""student_t""}, ""range"": {""likelihood"": ""lognormal""}}, ""rem_profile_params"": {""rem_stage"": 2, ""step_size_hours"": 1, ""window_size_hours"": 3}, ""tau_threshold"": 5.0}",run_output_8day_rem_w3_s1_stage2_no_pareto,rem_w3_s1_stage2
120,e7e470e4ac6f3582,ok,,"concat: range; odd: mean, range",mean=student_t; range=lognormal,16,5.0,6,1,2,194.38178157899796,194.38178157899796,6.702820054448204,2.234273351482735,0.0109328257241075,2.234273351482735,0.0109328257241075,-388.0837051073372,1.01,2737.0,2537.0,1.051553830779068,0,7,0.5710413124906277,0.9340872095988356,6.692810649701395,0.6091161899013238,5.998137549461035,6.337724488758151,6.675913640024136,0.7496565069384284,0.7633920933304809,1,False,,False,3,3,29,0,[],37.38071698299609,"(29, 152)",,[0],"{""feature_selection"": {""concat"": [""range""], ""odd"": [""mean"", ""range""]}, ""n_chunks"": 16, ""parameter_selection"": {""mean"": {""likelihood"": ""student_t""}, ""range"": {""likelihood"": ""lognormal""}}, ""rem_profile_params"": {""rem_stage"": 2, ""step_size_hours"": 1, ""window_size_hours"": 6}, ""tau_threshold"": 5.0}",run_output_8day_rem_w6_s1_stage2_no_pareto,rem_w6_s1_stage2
192,207a288852dc02ae,ok,,"concat: range; even: range; odd: mean, range",mean=student_t; range=lognormal,16,5.0,6,1,2,257.9907963490912,257.9907963490912,8.896234356865213,2.2240585892163027,0.0109974720484459,2.2240585892163027,0.0109974720484459,-516.9972444386377,1.0,2261.0,2314.0,0.987795419812429,0,7,0.7661979968328256,0.9778018658447246,6.932283058291187,0.4003139537346443,6.198320403389091,6.475006838741545,6.751693274094,0.9291923799376556,0.8521703801626747,2,False,,False,4,4,29,0,[],58.81054380896967,"(29, 152)",,[0],"{""feature_selection"": {""concat"": [""range""], ""even"": [""range""], ""odd"": [""mean"", ""range""]}, ""n_chunks"": 16, ""parameter_selection"": {""mean"": {""likelihood"": ""student_t""}, ""range"": {""likelihood"": ""lognormal""}}, ""rem_profile_params"": {""rem_stage"": 2, ""step_size_hours"": 1, ""window_size_hours"": 6}, ""tau_threshold"": 5.0}",run_output_8day_rem_w6_s1_stage2_no_pareto,rem_w6_s1_stage2
178,c4c0fa02610d2bb3,ok,,"concat: range; even: mean, range; odd: mean",mean=lognormal; range=lognormal,16,5.0,2,2,2,257.6349508713601,257.6349508713601,8.88396382315035,2.220990955787587,0.0130673606963714,2.220990955787587,0.0130673606963714,-513.1670263724278,1.01,1047.0,1005.0,0.9411496954417754,0,7,0.3528134951584144,0.9239501107111112,6.802443029089823,0.8270411372671308,5.884311911546934,6.401850287090538,6.843942701853677,0.727243373597485,1.602149402659073,3,False,,False,4,4,29,0,[],47.26190372003475,"(29, 96)",,[0],"{""feature_selection"": {""concat"": [""range""], ""even"": [""mean"", ""range""], ""odd"": [""mean""]}, ""n_chunks"": 16, ""parameter_selection"": {""mean"": {""likelihood"": ""lognormal""}, ""range"": {""likelihood"": ""lognormal""}}, ""rem_profile_params"": {""rem_stage"": 2, ""step_size_hours"": 2, ""window_size_hours"": 2}, ""tau_threshold"": 5.0}",run_output_8day_rem_w2_s2_stage2_no_pareto,rem_w2_s2_stage2
121,646e37837cfccf22,ok,,"even: mean, range; odd: mean",mean=lognormal; range=beta,16,5.0,2,2,2,192.915934873074,192.915934873074,6.652273616312896,2.217424538770965,0.0157510480784847,2.217424538770965,0.0157510480784847,-387.1571628869893,1.0,1091.0,1013.0,0.9845857655753038,0,8,0.4308832618468678,0.9047034613102752,7.2871328046347825,1.3650696269925784,6.558562451075198,7.2912614327675955,7.645630716383797,0.806333896819176,1.4134681640822917,3,False,,False,3,3,29,0,[],39.52416865201667,"(29, 96)",,[0],"{""feature_selection"": {""even"": [""mean"", ""range""], ""odd"": [""mean""]}, ""n_chunks"": 16, ""parameter_selection"": {""mean"": {""likelihood"": ""lognormal""}, ""range"": {""likelihood"": ""beta""}}, ""rem_profile_params"": {""rem_stage"": 2, ""step_size_hours"": 2, ""window_size_hours"": 2}, ""tau_threshold"": 5.0}",run_output_8day_rem_w2_s2_stage2_no_pareto,rem_w2_s2_stage2
129,7faed4561fbab74e,ok,,"even: mean; odd: mean, range",mean=lognormal; range=beta,16,5.0,3,1,2,192.6996941130474,192.6996941130474,6.644817038380944,2.214939012793648,0.0179625839261715,2.214939012793648,0.0179625839261715,-376.7933346695903,1.02,339.0,366.0,1.0295805554511894,0,8,0.4349697062931291,0.7915950772057923,6.85758852922527,1.930539936819048,6.242265003718727,7.248919170612374,7.624459585306187,0.7769502774459502,1.775851256558561,4,False,,False,3,3,29,0,[],45.4987749470165,"(29, 176)",,[0],"{""feature_selection"": {""even"": [""mean""], ""odd"": [""mean"", ""range""]}, ""n_chunks"": 16, ""parameter_selection"": {""mean"": {""likelihood"": ""lognormal""}, ""range"": {""likelihood"": ""beta""}}, ""rem_profile_params"": {""rem_stage"": 2, ""step_size_hours"": 1, ""window_size_hours"": 3}, ""tau_threshold"": 5.0}",run_output_8day_rem_w3_s1_stage2_no_pareto,rem_w3_s1_stage2
130,0b7cc60e5f1b0b38,ok,,"even: mean; odd: mean, range",mean=lognormal; range=lognormal,16,5.0,2,2,2,192.67783069192265,192.67783069192265,6.6440631273076765,2.214687709102559,0.0181220770139893,2.214687709102559,0.0181220770139893,-385.5474436478653,1.0,2758.0,1592.0,1.0283832790732157,0,8,0.8273534178789713,0.9704829382088376,7.843928377461735,0.7251711683317489,7.204394603683336,7.469596402455558,7.734798201227779,0.9595847097065012,1.3911264450579193,2,False,,False,3,3,29,0,[],35.613853367976844,"(29, 96)",,[0],"{""feature_selection"": {""even"": [""mean""], ""odd"": [""mean"", ""range""]}, ""n_chunks"": 16, ""parameter_selection"": {""mean"": {""likelihood"": ""lognormal""}, ""range"": {""likelihood"": ""lognormal""}}, ""rem_profile_params"": {""rem_stage"": 2, ""step_size_hours"": 2, ""window_size_hours"": 2}, ""tau_threshold"": 5.0}",run_output_8day_rem_w2_s2_stage2_no_pareto,rem_w2_s2_stage2
100,c9df8cb6a1364531,ok,,"concat: range; even: mean, range",mean=lognormal; range=lognormal,16,5.0,2,2,2,192.5717462771436,192.5717462771436,6.640405044039434,2.2134683480131443,0.0108778784420777,2.2134683480131443,0.0108778784420777,-386.1729002864611,1.0,2255.0,2440.0,1.044760261865078,0,7,0.460961971279859,0.9211965586328412,6.679384639479027,0.7363345006023029,5.867613906686216,6.331606743978303,6.70190568129557,0.7238777313140019,0.8210907091389685,1,False,,False,3,3,29,0,[],31.796729504945688,"(29, 96)",,[0],"{""feature_selection"": {""concat"": [""range""], ""even"": [""mean"", ""range""]}, ""n_chunks"": 16, ""parameter_selection"": {""mean"": {""likelihood"": ""lognormal""}, ""range"": {""likelihood"": ""lognormal""}}, ""rem_profile_params"": {""rem_stage"": 2, ""step_size_hours"": 2, ""window_size_hours"": 2}, ""tau_threshold"": 5.0}",run_output_8day_rem_w2_s2_stage2_no_pareto,rem_w2_s2_stage2
128,7250999d3edf14f8,ok,,"even: mean, range; odd: range",mean=student_t; range=lognormal,16,5.0,6,1,2,192.57058060740832,192.57058060740832,6.640364848531322,2.2134549495104405,0.0137346972048235,2.2134549495104405,0.0137346972048235,-385.3953022536975,1.01,1995.0,2074.0,1.0367431148553146,0,8,0.5872420151845233,0.9896709075527742,7.657717528984325,0.6189401982444983,6.842327410566161,7.295463636670933,7.647731818335466,0.9653646452052428,0.6362653408751682,0,False,,False,3,3,29,0,[],40.01856438699178,"(29, 152)",,[0],"{""feature_selection"": {""even"": [""mean"", ""range""], ""odd"": [""range""]}, ""n_chunks"": 16, ""parameter_selection"": {""mean"": {""likelihood"": ""student_t""}, ""range"": {""likelihood"": ""lognormal""}}, ""rem_profile_params"": {""rem_stage"": 2, ""step_size_hours"": 1, ""window_size_hours"": 6}, ""tau_threshold"": 5.0}",run_output_8day_rem_w6_s1_stage2_no_pareto,rem_w6_s1_stage2
114,53fca5c9ba8b3f6a,ok,,concat: range; even: range; odd: mean,mean=student_t; range=lognormal,16,5.0,6,1,2,191.73858836463245,191.73858836463245,6.611675460849395,2.203891820283132,0.0122842484823887,2.203891820283132,0.0122842484823887,-383.8137583625549,1.0,2225.0,2258.0,1.0390516554272318,0,7,0.7416793514957599,0.953113132026484,6.914868782312328,0.5055594846585648,6.200408048280892,6.48021199038404,6.76001593248719,0.929061137214975,0.9184078303332168,3,False,,False,3,3,29,0,[],36.337792121979874,"(29, 152)",,[0],"{""feature_selection"": {""concat"": [""range""], ""even"": [""range""], ""odd"": [""mean""]}, ""n_chunks"": 16, ""parameter_selection"": {""mean"": {""likelihood"": ""student_t""}, ""range"": {""likelihood"": ""lognormal""}}, ""rem_profile_params"": {""rem_stage"": 2, ""step_size_hours"": 1, ""window_size_hours"": 6}, ""tau_threshold"": 5.0}",run_output_8day_rem_w6_s1_stage2_no_pareto,rem_w6_s1_stage2
41,5996bfaee0523be8,ok,,"even: mean, range",mean=lognormal; range=beta,16,5.0,2,2,2,127.41430004875862,127.41430004875862,4.3935965534054695,2.1967982767027348,0.0131279504586367,2.1967982767027348,0.0131279504586367,-257.7270426663596,1.0,1188.0,1271.0,0.9565326382421422,0,8,0.194803715243788,0.8504173798518233,6.749409446129378,1.5255879485829102,5.536959670106595,6.716004441655175,7.425533790118327,0.6634063519437331,1.4281995051847232,2,False,,False,2,2,29,0,[],25.974592551006936,"(29, 96)",,[0],"{""feature_selection"": {""even"": [""mean"", ""range""]}, ""n_chunks"": 16, ""parameter_selection"": {""mean"": {""likelihood"": ""lognormal""}, ""range"": {""likelihood"": ""beta""}}, ""rem_profile_params"": {""rem_stage"": 2, ""step_size_hours"": 2, ""window_size_hours"": 2}, ""tau_threshold"": 5.0}",run_output_8day_rem_w2_s2_stage2_no_pareto,rem_w2_s2_stage2
9,c0ce4af5a6e66cc7,ok,,"concat: range; even: mean, range; odd: mean, range",mean=student_t; range=beta,16,5.0,6,1,2,318.48194104073497,318.48194104073497,10.98213589795638,2.196427179591276,0.0086105849463394,2.196427179591276,0.0086105849463394,-635.6839838820512,1.0,3212.0,2189.0,0.9810696918585148,0,5,0.9833429681154672,0.004378436273304,5.004944079655358,0.0778205126367291,4.251099302885529,4.502198765919895,4.753298228954261,0.0005641480511504,0.9694832961776402,3,False,,False,5,5,29,0,[],63.53602487797616,"(29, 152)",,[0],"{""feature_selection"": {""concat"": [""range""], ""even"": [""mean"", ""range""], ""odd"": [""mean"", ""range""]}, ""n_chunks"": 16, ""parameter_selection"": {""mean"": {""likelihood"": ""student_t""}, ""range"": {""likelihood"": ""beta""}}, ""rem_profile_params"": {""rem_stage"": 2, ""step_size_hours"": 1, ""window_size_hours"": 6}, ""tau_threshold"": 5.0}",run_output_8day_rem_w6_s1_stage2_no_pareto,rem_w6_s1_stage2
195,5833ea7ccf0f8c5b,ok,,"even: mean, range; odd: mean, range",mean=student_t; range=beta,16,5.0,6,1,2,254.50999480785407,254.50999480785407,8.77620671751221,2.1940516793780525,0.0097262483629277,2.1940516793780525,0.0097262483629277,-507.9469431065067,1.0,2735.0,2037.0,0.946476401873266,0,5,0.9048935989936816,0.0322621813231012,5.046617386687199,0.2783608076230344,4.258174244590256,4.516564472925044,4.774954701259831,0.0136289305809711,0.8775594972356374,2,False,,False,4,4,29,0,[],101.32228342699818,"(29, 152)",,[0],"{""feature_selection"": {""even"": [""mean"", ""range""], ""odd"": [""mean"", ""range""]}, ""n_chunks"": 16, ""parameter_selection"": {""mean"": {""likelihood"": ""student_t""}, ""range"": {""likelihood"": ""beta""}}, ""rem_profile_params"": {""rem_stage"": 2, ""step_size_hours"": 1, ""window_size_hours"": 6}, ""tau_threshold"": 5.0}",run_output_8day_rem_w6_s1_stage2_no_pareto,rem_w6_s1_stage2
41,487d2002af83b088,ok,,"even: mean, range",mean=lognormal; range=beta,16,5.0,3,1,2,126.96561906696424,126.96561906696424,4.37812479541256,2.18906239770628,0.0133185202112445,2.18906239770628,0.0133185202112445,-254.9687492060883,1.0,943.0,1634.0,0.9488255265169891,0,8,0.0919894489151726,0.49670242058821,5.694100850537647,1.98209450783924,3.076708331934015,4.98273607166105,7.171465957377872,0.4527735076468309,0.7116382323750012,1,False,,False,2,2,29,0,[],25.973403638985477,"(29, 176)",,[0],"{""feature_selection"": {""even"": [""mean"", ""range""]}, ""n_chunks"": 16, ""parameter_selection"": {""mean"": {""likelihood"": ""lognormal""}, ""range"": {""likelihood"": ""beta""}}, ""rem_profile_params"": {""rem_stage"": 2, ""step_size_hours"": 1, ""window_size_hours"": 3}, ""tau_threshold"": 5.0}",run_output_8day_rem_w3_s1_stage2_no_pareto,rem_w3_s1_stage2
184,76d49873e3afc8c8,ok,,"concat: range; even: mean, range; odd: range",mean=student_t; range=lognormal,16,5.0,2,2,2,253.7444532638316,253.7444532638316,8.749808733235572,2.187452183308892,0.0084114545972289,2.187452183308892,0.0084114545972289,-508.9066286698602,1.01,874.0,1790.0,1.0392555112498856,0,8,0.3925725138845443,0.9646321784356676,7.330181455710143,0.8388525518370877,6.292687972265186,7.051679379827784,7.525839689913893,0.8421755534242564,1.0258559771018414,1,False,,False,4,4,29,0,[],62.806772937998176,"(29, 96)",,[0],"{""feature_selection"": {""concat"": [""range""], ""even"": [""mean"", ""range""], ""odd"": [""range""]}, ""n_chunks"": 16, ""parameter_selection"": {""mean"": {""likelihood"": ""student_t""}, ""range"": {""likelihood"": ""lognormal""}}, ""rem_profile_params"": {""rem_stage"": 2, ""step_size_hours"": 2, ""window_size_hours"": 2}, ""tau_threshold"": 5.0}",run_output_8day_rem_w2_s2_stage2_no_pareto,rem_w2_s2_stage2
135,e9997176de9c22a4,ok,,"even: range; odd: mean, range",mean=student_t; range=beta,16,5.0,2,2,2,190.24877743771063,190.24877743771063,6.560302670265884,2.1867675567552944,0.0117010839147942,2.1867675567552944,0.0117010839147942,-381.17646927997214,1.0,921.0,1081.0,0.9189530381079084,0,6,0.4541128024178454,0.9993747220346952,6.627243071593622,0.8088401925134656,5.431323882689021,5.863729259595078,6.801225326117571,0.421213548857807,0.9047824699713716,3,False,,False,3,3,29,0,[],62.1958769520279,"(29, 96)",,[0],"{""feature_selection"": {""even"": [""range""], ""odd"": [""mean"", ""range""]}, ""n_chunks"": 16, ""parameter_selection"": {""mean"": {""likelihood"": ""student_t""}, ""range"": {""likelihood"": ""beta""}}, ""rem_profile_params"": {""rem_stage"": 2, ""step_size_hours"": 2, ""window_size_hours"": 2}, ""tau_threshold"": 5.0}",run_output_8day_rem_w2_s2_stage2_no_pareto,rem_w2_s2_stage2
38,12eb0b45fa7c80a2,ok,,concat: range; odd: mean,mean=student_t; range=lognormal,16,5.0,6,1,2,126.65388021395344,126.65388021395344,4.367375179791497,2.183687589895749,0.0150360171585179,2.183687589895749,0.0150360171585179,-253.38089795909963,1.0,2508.0,2664.0,1.031537059988788,0,7,0.5138829652061918,0.8418532199339895,6.590318144034664,0.8070409433084261,5.936347791180648,6.335897486053763,6.680399406191115,0.7437558881528454,0.7835572744723952,2,False,,False,2,2,29,0,[],23.8587820790126,"(29, 152)",,[0],"{""feature_selection"": {""concat"": [""range""], ""odd"": [""mean""]}, ""n_chunks"": 16, ""parameter_selection"": {""mean"": {""likelihood"": ""student_t""}, ""range"": {""likelihood"": ""lognormal""}}, ""rem_profile_params"": {""rem_stage"": 2, ""step_size_hours"": 1, ""window_size_hours"": 6}, ""tau_threshold"": 5.0}",run_output_8day_rem_w6_s1_stage2_no_pareto,rem_w6_s1_stage2
189,fd48b7f175071929,ok,,"concat: range; even: range; odd: mean, range",mean=lognormal; range=beta,16,5.0,2,2,2,252.97317676026495,252.97317676026495,8.723212991733275,2.1808032479333184,0.0114900854171583,2.1808032479333184,0.0114900854171583,-502.5583935805879,1.0,1392.0,1089.0,0.9135798110177428,0,7,0.6667216977719784,0.9999880296346516,7.070212392219712,0.426315625647086,6.235823155945807,6.543171811282786,6.8505204666197645,0.9418205528565348,1.2619233037668744,5,False,,False,4,4,29,0,[],82.38238667004043,"(29, 96)",,[0],"{""feature_selection"": {""concat"": [""range""], ""even"": [""range""], ""odd"": [""mean"", ""range""]}, ""n_chunks"": 16, ""parameter_selection"": {""mean"": {""likelihood"": ""lognormal""}, ""range"": {""likelihood"": ""beta""}}, ""rem_profile_params"": {""rem_stage"": 2, ""step_size_hours"": 2, ""window_size_hours"": 2}, ""tau_threshold"": 5.0}",run_output_8day_rem_w2_s2_stage2_no_pareto,rem_w2_s2_stage2
129,26ee280a99da3492,ok,,"even: mean; odd: mean, range",mean=lognormal; range=beta,16,5.0,2,2,2,189.4754951572104,189.4754951572104,6.533637764041736,2.1778792546805783,0.0166833262246148,2.1778792546805783,0.0166833262246148,-378.4389473766549,1.0,1256.0,1688.0,0.9979666983321592,0,8,0.4372345003761958,0.9977846672005954,7.356186558818834,0.7508242426431777,6.293446434092956,7.026091711609291,7.513045855804646,0.8482668408183714,1.3512541789578176,4,False,,False,3,3,29,0,[],40.5845170589746,"(29, 96)",,[0],"{""feature_selection"": {""even"": [""mean""], ""odd"": [""mean"", ""range""]}, ""n_chunks"": 16, ""parameter_selection"": {""mean"": {""likelihood"": ""lognormal""}, ""range"": {""likelihood"": ""beta""}}, ""rem_profile_params"": {""rem_stage"": 2, ""step_size_hours"": 2, ""window_size_hours"": 2}, ""tau_threshold"": 5.0}",run_output_8day_rem_w2_s2_stage2_no_pareto,rem_w2_s2_stage2
12,7109dd9218f432ad,ok,,odd: range,range=lognormal,16,5.0,6,1,2,63.13306775408902,63.13306775408902,2.1770023363478974,2.1770023363478974,0.0144448200597294,2.1770023363478974,0.0144448200597294,-126.35263833091906,1.0,2035.0,1974.0,1.0187350090987293,0,6,0.1951759455999867,0.8212430000187676,6.244850002410873,1.1101256751104789,5.15869961554704,5.715595084243029,6.528405777242453,0.3723257183152674,0.3767139711210229,0,False,,False,1,1,29,0,[],14.411075246986002,"(29, 152)",,[0],"{""feature_selection"": {""odd"": [""range""]}, ""n_chunks"": 16, ""parameter_selection"": {""range"": {""likelihood"": ""lognormal""}}, ""rem_profile_params"": {""rem_stage"": 2, ""step_size_hours"": 1, ""window_size_hours"": 6}, ""tau_threshold"": 5.0}",run_output_8day_rem_w6_s1_stage2_no_pareto,rem_w6_s1_stage2
47,3874d76390e06a8a,ok,,even: mean; odd: range,mean=lognormal; range=beta,16,5.0,2,2,2,126.24921749621927,126.24921749621927,4.353421292973079,2.17671064648654,0.0137012025219349,2.17671064648654,0.0137012025219349,-253.16168358088183,1.0,1701.0,1620.0,0.9578858577592932,0,7,0.4383355222046012,0.9980953754814096,7.008283419648489,0.684162760892611,6.062656764211131,6.512033089552177,6.961409414893223,0.7848576241547542,0.8945845133854043,2,False,,False,2,2,29,0,[],25.336560939031187,"(29, 96)",,[0],"{""feature_selection"": {""even"": [""mean""], ""odd"": [""range""]}, ""n_chunks"": 16, ""parameter_selection"": {""mean"": {""likelihood"": ""lognormal""}, ""range"": {""likelihood"": ""beta""}}, ""rem_profile_params"": {""rem_stage"": 2, ""step_size_hours"": 2, ""window_size_hours"": 2}, ""tau_threshold"": 5.0}",run_output_8day_rem_w2_s2_stage2_no_pareto,rem_w2_s2_stage2
194,53f741136718f0ef,ok,,"even: mean, range; odd: mean, range",mean=lognormal; range=lognormal,16,5.0,2,1,2,251.99076075160065,251.99076075160065,8.689336577641402,2.17233414441035,0.0141840749851416,2.17233414441035,0.0141840749851416,-504.9873073496644,1.01,374.0,996.0,0.9421150084268888,0,8,0.2553851279203143,0.6265589048353966,6.213943649131197,1.7961875293374534,3.681998574841976,6.439829363661096,7.306206387673028,0.6096586880685737,1.381539638112803,5,False,,False,4,4,29,0,[],52.13375345402165,"(29, 184)",,[0],"{""feature_selection"": {""even"": [""mean"", ""range""], ""odd"": [""mean"", ""range""]}, ""n_chunks"": 16, ""parameter_selection"": {""mean"": {""likelihood"": ""lognormal""}, ""range"": {""likelihood"": ""lognormal""}}, ""rem_profile_params"": {""rem_stage"": 2, ""step_size_hours"": 1, ""window_size_hours"": 2}, ""tau_threshold"": 5.0}",run_output_8day_rem_w2_s1_stage2_no_pareto,rem_w2_s1_stage2
54,9e172a78158a9067,ok,,even: range; odd: mean,mean=student_t; range=lognormal,16,5.0,3,1,2,125.76622104509087,125.76622104509087,4.336766242934168,2.1683831214670835,0.0164717057523818,2.1683831214670835,0.0164717057523818,-251.64546695679363,1.0,1010.0,1488.0,1.0562089533786057,0,8,0.104702442316549,0.7226448325550302,6.429474012292249,1.7171706422989843,4.676096664529115,6.50230601172822,7.350059375802607,0.6164183974445492,0.738219600882224,2,False,,False,2,2,29,0,[],26.4354105819948,"(29, 176)",,[0],"{""feature_selection"": {""even"": [""range""], ""odd"": [""mean""]}, ""n_chunks"": 16, ""parameter_selection"": {""mean"": {""likelihood"": ""student_t""}, ""range"": {""likelihood"": ""lognormal""}}, ""rem_profile_params"": {""rem_stage"": 2, ""step_size_hours"": 1, ""window_size_hours"": 3}, ""tau_threshold"": 5.0}",run_output_8day_rem_w3_s1_stage2_no_pareto,rem_w3_s1_stage2
118,51ea4f1d1c217078,ok,,"concat: range; odd: mean, range",mean=lognormal; range=lognormal,16,5.0,2,2,2,188.50228342016695,188.50228342016695,6.500078738626447,2.1666929128754826,0.0184800980458974,2.1666929128754826,0.0184800980458974,-374.12428165447005,1.0,697.0,1615.0,0.9966681890844452,0,8,0.2581011213264819,0.8836051797641539,6.95969503554274,1.0521891305117614,5.715740918939775,6.643605088467488,7.36052531425165,0.6969382221699691,1.39290642869327,3,False,,False,3,3,29,0,[],33.16574493900407,"(29, 96)",,[0],"{""feature_selection"": {""concat"": [""range""], ""odd"": [""mean"", ""range""]}, ""n_chunks"": 16, ""parameter_selection"": {""mean"": {""likelihood"": ""lognormal""}, ""range"": {""likelihood"": ""lognormal""}}, ""rem_profile_params"": {""rem_stage"": 2, ""step_size_hours"": 2, ""window_size_hours"": 2}, ""tau_threshold"": 5.0}",run_output_8day_rem_w2_s2_stage2_no_pareto,rem_w2_s2_stage2
100,04a52f689dd46f43,ok,,"concat: range; even: mean, range",mean=lognormal; range=lognormal,16,5.0,3,1,2,188.24449587068125,188.24449587068125,6.491189512782112,2.1637298375940377,0.0113295546265039,2.1637298375940377,0.0113295546265039,-375.2332594073768,1.0,1517.0,1446.0,1.020034799991354,0,7,0.5033897448820039,0.8572118737248227,6.706390240019328,0.8853118357843105,6.089684959300599,6.422957865179003,6.756230771057408,0.8172759154124888,0.7517519427306881,1,False,,False,3,3,29,0,[],31.306432359968312,"(29, 176)",,[0],"{""feature_selection"": {""concat"": [""range""], ""even"": [""mean"", ""range""]}, ""n_chunks"": 16, ""parameter_selection"": {""mean"": {""likelihood"": ""lognormal""}, ""range"": {""likelihood"": ""lognormal""}}, ""rem_profile_params"": {""rem_stage"": 2, ""step_size_hours"": 1, ""window_size_hours"": 3}, ""tau_threshold"": 5.0}",run_output_8day_rem_w3_s1_stage2_no_pareto,rem_w3_s1_stage2
133,e75ecf348677b7cd,ok,,"even: range; odd: mean, range",mean=lognormal; range=beta,16,5.0,2,1,2,188.1468660766843,188.1468660766843,6.487822968161527,2.162607656053842,0.0156556338300362,2.162607656053842,0.0156556338300362,-376.87129747591297,1.0,540.0,756.0,0.9078154349230664,0,5,0.1224263386689263,0.4196239856797448,5.535410048369255,1.3602716058718485,4.060752779090628,4.771493859100524,5.839584885251831,0.2175908277949806,1.3818358994418116,3,False,,False,3,3,29,0,[],53.252043717948254,"(29, 184)",,[0],"{""feature_selection"": {""even"": [""range""], ""odd"": [""mean"", ""range""]}, ""n_chunks"": 16, ""parameter_selection"": {""mean"": {""likelihood"": ""lognormal""}, ""range"": {""likelihood"": ""beta""}}, ""rem_profile_params"": {""rem_stage"": 2, ""step_size_hours"": 1, ""window_size_hours"": 2}, ""tau_threshold"": 5.0}",run_output_8day_rem_w2_s1_stage2_no_pareto,rem_w2_s1_stage2
40,9482697a72bc326e,ok,,concat: range; odd: range,range=lognormal,16,5.0,2,2,2,125.2491582597282,125.2491582597282,4.318936491714765,2.159468245857383,0.0112372082323576,2.159468245857383,0.0112372082323576,-251.1051034637698,1.01,1380.0,1502.0,0.9614920674271782,0,7,0.2682286398384647,0.8665391961162268,6.682739086195661,0.9526578127156414,5.528531279471832,6.315480695943499,6.855528728001539,0.6460428874915305,0.7875145123991336,1,False,,False,2,2,29,0,[],20.90193319000537,"(29, 96)",,[0],"{""feature_selection"": {""concat"": [""range""], ""odd"": [""range""]}, ""n_chunks"": 16, ""parameter_selection"": {""range"": {""likelihood"": ""lognormal""}}, ""rem_profile_params"": {""rem_stage"": 2, ""step_size_hours"": 2, ""window_size_hours"": 2}, ""tau_threshold"": 5.0}",run_output_8day_rem_w2_s2_stage2_no_pareto,rem_w2_s2_stage2
115,6ce20266fe185d3b,ok,,concat: range; even: range; odd: range,range=beta,16,5.0,2,2,2,187.43521579899843,187.43521579899843,6.463283303413739,2.15442776780458,0.0081118619819221,2.15442776780458,0.0081118619819221,-375.1547077581582,1.0,1837.0,1537.0,0.8968901882598623,0,7,0.7632829688520868,0.9999837222019924,6.978162300163159,0.3329185805575264,6.206447466167411,6.487729187018402,6.769010907869394,0.9334881640573944,0.9331446257838087,2,False,,False,3,3,29,0,[],50.96951262000948,"(29, 96)",,[0],"{""feature_selection"": {""concat"": [""range""], ""even"": [""range""], ""odd"": [""range""]}, ""n_chunks"": 16, ""parameter_selection"": {""range"": {""likelihood"": ""beta""}}, ""rem_profile_params"": {""rem_stage"": 2, ""step_size_hours"": 2, ""window_size_hours"": 2}, ""tau_threshold"": 5.0}",run_output_8day_rem_w2_s2_stage2_no_pareto,rem_w2_s2_stage2
121,5072423f33215910,ok,,"even: mean, range; odd: mean",mean=lognormal; range=beta,16,5.0,3,1,2,187.39063705911627,187.39063705911627,6.461746105486768,2.15391536849559,0.0162985592007749,2.15391536849559,0.0162985592007749,-373.882172865522,1.01,529.0,811.0,0.9132084528682396,0,8,0.1468243783509031,0.635547796670159,6.236072643827354,1.958371859816528,4.027200966781463,6.5811554672101655,7.418756637551009,0.5969704395329161,1.3110854395958216,2,False,,False,3,3,29,0,[],41.42405378603144,"(29, 176)",,[0],"{""feature_selection"": {""even"": [""mean"", ""range""], ""odd"": [""mean""]}, ""n_chunks"": 16, ""parameter_selection"": {""mean"": {""likelihood"": ""lognormal""}, ""range"": {""likelihood"": ""beta""}}, ""rem_profile_params"": {""rem_stage"": 2, ""step_size_hours"": 1, ""window_size_hours"": 3}, ""tau_threshold"": 5.0}",run_output_8day_rem_w3_s1_stage2_no_pareto,rem_w3_s1_stage2
178,13b049938ec3f243,ok,,"concat: range; even: mean, range; odd: mean",mean=lognormal; range=lognormal,16,5.0,3,1,2,249.42407799572916,249.42407799572916,8.600830275714797,2.1502075689287,0.0144417487525871,2.1502075689287,0.0144417487525871,-500.6210505887933,1.01,1033.0,713.0,0.9026766964161388,0,7,0.5142903442622752,0.8845163143704764,6.781244460300711,0.8636729580910942,6.130080882962622,6.457820316833437,6.785559750704252,0.84922584034692,1.5847580161379735,4,False,,False,4,4,29,0,[],47.30692080495646,"(29, 176)",,[0],"{""feature_selection"": {""concat"": [""range""], ""even"": [""mean"", ""range""], ""odd"": [""mean""]}, ""n_chunks"": 16, ""parameter_selection"": {""mean"": {""likelihood"": ""lognormal""}, ""range"": {""likelihood"": ""lognormal""}}, ""rem_profile_params"": {""rem_stage"": 2, ""step_size_hours"": 1, ""window_size_hours"": 3}, ""tau_threshold"": 5.0}",run_output_8day_rem_w3_s1_stage2_no_pareto,rem_w3_s1_stage2
191,9ddf4872a1038a51,ok,,"concat: range; even: range; odd: mean, range",mean=student_t; range=beta,16,5.0,6,1,2,249.23944634790456,249.23944634790456,8.594463667169123,2.148615916792281,0.0100813659641874,2.148615916792281,0.0100813659641874,-497.9742138905075,1.0,2325.0,1904.0,0.9328857284623894,0,5,0.9880173075697116,0.0031708961657977,5.00317830031572,0.0564413071799766,4.250795046714346,4.5015903590017405,4.752385671289135,7.906181879865678e-06,0.8755963204495574,4,False,,False,4,4,29,0,[],89.3685873359791,"(29, 152)",,[0],"{""feature_selection"": {""concat"": [""range""], ""even"": [""range""], ""odd"": [""mean"", ""range""]}, ""n_chunks"": 16, ""parameter_selection"": {""mean"": {""likelihood"": ""student_t""}, ""range"": {""likelihood"": ""beta""}}, ""rem_profile_params"": {""rem_stage"": 2, ""step_size_hours"": 1, ""window_size_hours"": 6}, ""tau_threshold"": 5.0}",run_output_8day_rem_w6_s1_stage2_no_pareto,rem_w6_s1_stage2
9,080c17955b1c39ed,ok,,odd: mean,mean=lognormal,16,5.0,3,1,2,62.26600281144513,62.26600281144513,2.1471035452222456,2.147103545222245,0.0401421915909791,2.147103545222245,0.0401421915909791,-122.58846365733052,1.01,876.0,1360.0,0.9887301920301556,0,8,0.0221257355250077,0.5824587185419086,5.849948482861093,1.7771972087890795,3.692411516733895,5.581834205753971,7.031922950105759,0.4407366992339266,1.42087648811487,2,False,,False,1,1,29,0,[],15.318222135014366,"(29, 176)",,[0],"{""feature_selection"": {""odd"": [""mean""]}, ""n_chunks"": 16, ""parameter_selection"": {""mean"": {""likelihood"": ""lognormal""}}, ""rem_profile_params"": {""rem_stage"": 2, ""step_size_hours"": 1, ""window_size_hours"": 3}, ""tau_threshold"": 5.0}",run_output_8day_rem_w3_s1_stage2_no_pareto,rem_w3_s1_stage2
192,5496e502bb6c18f0,ok,,"concat: range; even: range; odd: mean, range",mean=student_t; range=lognormal,16,5.0,2,2,2,248.7177797852273,248.7177797852273,8.576475165007839,2.14411879125196,0.0115003706834943,2.14411879125196,0.0115003706834943,-498.81296867547366,1.01,588.0,1368.0,0.9434955835678064,0,6,0.2830168276563951,0.9288262104745968,6.846217732098293,0.9686500716278544,5.535151921969893,6.352162659688645,7.232780046600692,0.5946665015524315,1.0417324607319758,2,False,,False,4,4,29,0,[],59.29175296396716,"(29, 96)",,[0],"{""feature_selection"": {""concat"": [""range""], ""even"": [""range""], ""odd"": [""mean"", ""range""]}, ""n_chunks"": 16, ""parameter_selection"": {""mean"": {""likelihood"": ""student_t""}, ""range"": {""likelihood"": ""lognormal""}}, ""rem_profile_params"": {""rem_stage"": 2, ""step_size_hours"": 2, ""window_size_hours"": 2}, ""tau_threshold"": 5.0}",run_output_8day_rem_w2_s2_stage2_no_pareto,rem_w2_s2_stage2
48,80f49abae527c985,ok,,even: mean; odd: range,mean=lognormal; range=lognormal,16,5.0,2,2,2,124.21827288676464,124.21827288676464,4.283388720233264,2.1416943601166314,0.0134141326680996,2.1416943601166314,0.0134141326680996,-248.67957430986849,1.0,1947.0,1291.0,1.054816343165596,0,8,0.60545152981258,0.9144982667738756,7.5494517589068755,1.1845463139616368,7.10100429595002,7.400669530633347,7.700334765316673,0.8877212523532018,0.5350333303092546,0,False,,False,2,2,29,0,[],21.081748697033618,"(29, 96)",,[0],"{""feature_selection"": {""even"": [""mean""], ""odd"": [""range""]}, ""n_chunks"": 16, ""parameter_selection"": {""mean"": {""likelihood"": ""lognormal""}, ""range"": {""likelihood"": ""lognormal""}}, ""rem_profile_params"": {""rem_stage"": 2, ""step_size_hours"": 2, ""window_size_hours"": 2}, ""tau_threshold"": 5.0}",run_output_8day_rem_w2_s2_stage2_no_pareto,rem_w2_s2_stage2
54,54b4167f90f6611b,ok,,even: range; odd: mean,mean=student_t; range=lognormal,16,5.0,2,2,2,124.15136233431798,124.15136233431798,4.281081459804068,2.1405407299020345,0.0170979215925713,2.1405407299020345,0.0170979215925713,-249.19945769095867,1.0,1256.0,1864.0,0.969884449811071,0,8,0.1456989715213861,0.7850345739489034,6.46357560160714,1.4942631926982468,5.117205424112504,5.953560850351191,7.314103312529964,0.4861185961757734,0.6713526226710969,0,False,,False,2,2,29,0,[],25.73969161103014,"(29, 96)",,[0],"{""feature_selection"": {""even"": [""range""], ""odd"": [""mean""]}, ""n_chunks"": 16, ""parameter_selection"": {""mean"": {""likelihood"": ""student_t""}, ""range"": {""likelihood"": ""lognormal""}}, ""rem_profile_params"": {""rem_stage"": 2, ""step_size_hours"": 2, ""window_size_hours"": 2}, ""tau_threshold"": 5.0}",run_output_8day_rem_w2_s2_stage2_no_pareto,rem_w2_s2_stage2
56,233eb6830ec85d26,ok,,even: range; odd: range,range=lognormal,16,5.0,6,1,2,123.78836594202724,123.78836594202724,4.268564342828525,2.1342821714142626,0.0192741740688835,2.1342821714142626,0.0192741740688835,-247.8089294484477,1.0,2001.0,2585.0,0.9605659974064354,0,8,0.3003580124449985,0.9332199836423088,7.087620902998856,0.9940169634977506,6.08595745033634,6.743374363241846,7.378745203726005,0.7826875718622923,0.4632282788459611,0,False,,False,2,2,29,0,[],22.156786295003258,"(29, 152)",,[0],"{""feature_selection"": {""even"": [""range""], ""odd"": [""range""]}, ""n_chunks"": 16, ""parameter_selection"": {""range"": {""likelihood"": ""lognormal""}}, ""rem_profile_params"": {""rem_stage"": 2, ""step_size_hours"": 1, ""window_size_hours"": 6}, ""tau_threshold"": 5.0}",run_output_8day_rem_w6_s1_stage2_no_pareto,rem_w6_s1_stage2
54,cbeba8a7bcea9345,ok,,even: range; odd: mean,mean=student_t; range=lognormal,16,5.0,2,1,2,123.75449093441831,123.75449093441831,4.267396239117874,2.1336981195589373,0.0161680330839728,2.1336981195589373,0.0161680330839728,-247.99555984533413,1.01,967.0,1631.0,0.969519803083177,0,8,0.0743424902390895,0.6815658462675753,6.247592226788198,1.7807276174744446,4.195235159813257,6.300921467519578,7.294413842806216,0.5627106101789904,0.7048681510779249,1,False,,False,2,2,29,0,[],25.763613837014415,"(29, 184)",,[0],"{""feature_selection"": {""even"": [""range""], ""odd"": [""mean""]}, ""n_chunks"": 16, ""parameter_selection"": {""mean"": {""likelihood"": ""student_t""}, ""range"": {""likelihood"": ""lognormal""}}, ""rem_profile_params"": {""rem_stage"": 2, ""step_size_hours"": 1, ""window_size_hours"": 2}, ""tau_threshold"": 5.0}",run_output_8day_rem_w2_s1_stage2_no_pareto,rem_w2_s1_stage2
135,1fa47038d50999e7,ok,,"even: range; odd: mean, range",mean=student_t; range=beta,16,5.0,6,1,2,185.1301599178701,185.1301599178701,6.383798617857588,2.1279328726191955,0.0121221279983932,2.1279328726191955,0.0121221279983932,-371.8778589825572,1.0,3459.0,2147.0,0.940690849614966,0,5,0.9400579064039232,0.0195696333880973,5.023563271914723,0.1791269939496433,4.254966631720852,4.509964713103675,4.764962794486498,0.0036498765583908,1.1793284466121072,2,False,,False,3,3,29,0,[],57.49622420402011,"(29, 152)",,[0],"{""feature_selection"": {""even"": [""range""], ""odd"": [""mean"", ""range""]}, ""n_chunks"": 16, ""parameter_selection"": {""mean"": {""likelihood"": ""student_t""}, ""range"": {""likelihood"": ""beta""}}, ""rem_profile_params"": {""rem_stage"": 2, ""step_size_hours"": 1, ""window_size_hours"": 6}, ""tau_threshold"": 5.0}",run_output_8day_rem_w6_s1_stage2_no_pareto,rem_w6_s1_stage2
44,958c8efc1a4dd508,ok,,"even: mean, range",mean=student_t; range=lognormal,16,5.0,3,1,2,122.5480555901695,122.5480555901695,4.225795020350672,2.112897510175336,0.0122650277286998,2.112897510175336,0.0122650277286998,-244.4578677556953,1.0,1160.0,1054.0,1.1263290359236522,0,8,0.3228182958554336,0.8434499862153657,7.055541816033378,1.54001341336262,6.265879700340658,7.167482959633035,7.583741479816518,0.804113114872349,0.641659590656237,0,False,,False,2,2,29,0,[],25.70379330997821,"(29, 176)",,[0],"{""feature_selection"": {""even"": [""mean"", ""range""]}, ""n_chunks"": 16, ""parameter_selection"": {""mean"": {""likelihood"": ""student_t""}, ""range"": {""likelihood"": ""lognormal""}}, ""rem_profile_params"": {""rem_stage"": 2, ""step_size_hours"": 1, ""window_size_hours"": 3}, ""tau_threshold"": 5.0}",run_output_8day_rem_w3_s1_stage2_no_pareto,rem_w3_s1_stage2
136,020607b5ca422a22,ok,,"even: range; odd: mean, range",mean=student_t; range=lognormal,16,5.0,3,1,2,182.60057244355556,182.60057244355556,6.2965714635708805,2.0988571545236265,0.0120822092126076,2.0988571545236265,0.0120822092126076,-363.9537834614585,1.02,333.0,285.0,1.0328789744381217,0,8,0.5823988740493539,0.8322672188495991,7.294482438809789,1.4769306730915228,7.056980757264853,7.3713205048432355,7.685660252421617,0.8193094546613635,0.8735437161528439,1,False,,False,3,3,29,0,[],41.22593814803986,"(29, 176)",,[0],"{""feature_selection"": {""even"": [""range""], ""odd"": [""mean"", ""range""]}, ""n_chunks"": 16, ""parameter_selection"": {""mean"": {""likelihood"": ""student_t""}, ""range"": {""likelihood"": ""lognormal""}}, ""rem_profile_params"": {""rem_stage"": 2, ""step_size_hours"": 1, ""window_size_hours"": 3}, ""tau_threshold"": 5.0}",run_output_8day_rem_w3_s1_stage2_no_pareto,rem_w3_s1_stage2
112,01aa85463953483a,ok,,concat: range; even: range; odd: mean,mean=lognormal; range=lognormal,16,5.0,2,1,2,182.39440139136616,182.39440139136616,6.28946211694366,2.0964873723145536,0.0158618626745366,2.0964873723145536,0.0158618626745366,-359.5726573057529,1.0,1141.0,1294.0,0.9681173012792408,0,7,0.3847690186669059,0.9094021708618704,6.85398325972482,1.0279218988374743,6.1338794130473815,6.519557056474216,6.905234699901051,0.836781937797737,1.444197859928392,3,False,,False,3,3,29,0,[],35.93727444100659,"(29, 184)",,[0],"{""feature_selection"": {""concat"": [""range""], ""even"": [""range""], ""odd"": [""mean""]}, ""n_chunks"": 16, ""parameter_selection"": {""mean"": {""likelihood"": ""lognormal""}, ""range"": {""likelihood"": ""lognormal""}}, ""rem_profile_params"": {""rem_stage"": 2, ""step_size_hours"": 1, ""window_size_hours"": 2}, ""tau_threshold"": 5.0}",run_output_8day_rem_w2_s1_stage2_no_pareto,rem_w2_s1_stage2
8,77f33c334f68dfc1,ok,,even: range,range=lognormal,16,5.0,6,1,2,60.57817552058739,60.57817552058739,2.088902604158186,2.088902604158186,0.030355046938925,2.088902604158186,0.030355046938925,-121.44146545902016,1.0,1609.0,1594.0,1.0147888865625618,0,8,0.2092696731957822,0.7893353147448803,6.730515968856371,1.654162187215238,5.710615265878731,6.841547380348279,7.451687393224921,0.733981431098377,0.5977135385212065,0,False,,False,1,1,29,0,[],15.403097326052375,"(29, 152)",,[0],"{""feature_selection"": {""even"": [""range""]}, ""n_chunks"": 16, ""parameter_selection"": {""range"": {""likelihood"": ""lognormal""}}, ""rem_profile_params"": {""rem_stage"": 2, ""step_size_hours"": 1, ""window_size_hours"": 6}, ""tau_threshold"": 5.0}",run_output_8day_rem_w6_s1_stage2_no_pareto,rem_w6_s1_stage2
43,058b3fd21aa47a5d,ok,,"even: mean, range",mean=student_t; range=beta,16,5.0,6,1,2,120.98588439035856,120.98588439035856,4.171927047943399,2.0859635239716985,0.0143504006312716,2.0859635239716985,0.0143504006312716,-242.27088739173317,1.0,1408.0,948.0,0.9686827484010886,0,8,0.613239105986289,0.9335298375847216,7.580315062901195,1.146079160669041,7.086602245401208,7.391068163600805,7.695534081800402,0.9195950876037988,0.6437072450502054,0,False,,False,2,2,29,0,[],30.99044778896496,"(29, 152)",,[0],"{""feature_selection"": {""even"": [""mean"", ""range""]}, ""n_chunks"": 16, ""parameter_selection"": {""mean"": {""likelihood"": ""student_t""}, ""range"": {""likelihood"": ""beta""}}, ""rem_profile_params"": {""rem_stage"": 2, ""step_size_hours"": 1, ""window_size_hours"": 6}, ""tau_threshold"": 5.0}",run_output_8day_rem_w6_s1_stage2_no_pareto,rem_w6_s1_stage2
13,eaa68356c501baec,ok,,"concat: range; even: mean, range; odd: mean, range",mean=lognormal; range=lognormal,16,5.0,3,1,2,302.0151900670637,302.0151900670637,10.414316898864266,2.082863379772853,0.0125871478734727,2.082863379772853,0.0125871478734727,-590.3306427105858,1.01,217.0,333.0,0.972802666396946,0,8,0.3952451153746867,0.8510912370799875,7.225421692851498,1.2475900600149452,6.393146947481316,7.182799661322815,7.591399830661407,0.8395030321168997,1.3778949491892594,4,False,,False,5,5,29,0,[],37.74765460303752,"(29, 176)",,[0],"{""feature_selection"": {""concat"": [""range""], ""even"": [""mean"", ""range""], ""odd"": [""mean"", ""range""]}, ""n_chunks"": 16, ""parameter_selection"": {""mean"": {""likelihood"": ""lognormal""}, ""range"": {""likelihood"": ""lognormal""}}, ""rem_profile_params"": {""rem_stage"": 2, ""step_size_hours"": 1, ""window_size_hours"": 3}, ""tau_threshold"": 5.0}",run_output_8day_rem_w3_s1_stage2_no_pareto,rem_w3_s1_stage2
3,686863abd8353289,ok,,concat: range,range=beta,16,5.0,6,1,2,60.38509092028581,60.38509092028581,2.082244514492614,2.082244514492614,0.0126040833731869,2.082244514492614,0.0126040833731869,-121.01107472825096,1.0,1747.0,1462.0,1.0216882463540546,0,5,0.6701685746216014,0.1604890293297884,5.113740633452999,0.5089263127831689,4.274174876377323,4.581983025730969,4.889791175084615,0.0038027379249082,0.5473060367140801,0,False,,False,1,1,29,0,[],17.06897692201892,"(29, 152)",,[0],"{""feature_selection"": {""concat"": [""range""]}, ""n_chunks"": 16, ""parameter_selection"": {""range"": {""likelihood"": ""beta""}}, ""rem_profile_params"": {""rem_stage"": 2, ""step_size_hours"": 1, ""window_size_hours"": 6}, ""tau_threshold"": 5.0}",run_output_8day_rem_w6_s1_stage2_no_pareto,rem_w6_s1_stage2
101,e85f78171aef2365,ok,,"concat: range; even: mean, range",mean=student_t; range=beta,16,5.0,6,1,2,180.90172809671031,180.90172809671031,6.237990624024493,2.0793302080081646,0.008682448461792,2.0793302080081646,0.008682448461792,-363.4527517464704,1.01,1321.0,1015.0,0.9012839009788872,0,5,0.4442785150995967,0.2247165123081958,5.183481783270012,0.958368091529692,4.245279117973753,4.604476056251136,4.96367299452852,0.0729423064305805,0.8306781314665296,1,False,,False,3,3,29,0,[],51.00520061701536,"(29, 152)",,[0],"{""feature_selection"": {""concat"": [""range""], ""even"": [""mean"", ""range""]}, ""n_chunks"": 16, ""parameter_selection"": {""mean"": {""likelihood"": ""student_t""}, ""range"": {""likelihood"": ""beta""}}, ""rem_profile_params"": {""rem_stage"": 2, ""step_size_hours"": 1, ""window_size_hours"": 6}, ""tau_threshold"": 5.0}",run_output_8day_rem_w6_s1_stage2_no_pareto,rem_w6_s1_stage2
182,1f81b575a8c2025f,ok,,"concat: range; even: mean, range; odd: range",mean=lognormal; range=lognormal,16,5.0,3,1,2,240.9989280059731,240.9989280059731,8.310307862274936,2.077576965568733,0.0104851123647269,2.077576965568733,0.0104851123647269,-477.44817739114376,1.01,345.0,588.0,0.9881701878355024,0,8,0.296129380312498,0.7784745483246281,6.947676742246239,1.3690202081076002,6.046521138721464,7.001243391006587,7.500621695503294,0.7621673664332269,0.7070142654200967,1,False,,False,4,4,29,0,[],51.7590872469591,"(29, 176)",,[0],"{""feature_selection"": {""concat"": [""range""], ""even"": [""mean"", ""range""], ""odd"": [""range""]}, ""n_chunks"": 16, ""parameter_selection"": {""mean"": {""likelihood"": ""lognormal""}, ""range"": {""likelihood"": ""lognormal""}}, ""rem_profile_params"": {""rem_stage"": 2, ""step_size_hours"": 1, ""window_size_hours"": 3}, ""tau_threshold"": 5.0}",run_output_8day_rem_w3_s1_stage2_no_pareto,rem_w3_s1_stage2
128,51e09a3f026c64a5,ok,,"even: mean, range; odd: range",mean=student_t; range=lognormal,16,5.0,3,1,2,180.28964563945908,180.28964563945908,6.216884332395141,2.0722947774650478,0.0097048595638732,2.0722947774650478,0.0097048595638732,-359.7972846284728,1.0,679.0,317.0,1.039732868266246,0,8,0.8163142818091011,0.950029167363466,7.782923496931967,0.8750762385465782,7.195892235510526,7.463928157007017,7.731964078503509,0.946964515319164,0.4738209858012563,0,False,,False,3,3,29,0,[],43.584360903012566,"(29, 176)",,[0],"{""feature_selection"": {""even"": [""mean"", ""range""], ""odd"": [""range""]}, ""n_chunks"": 16, ""parameter_selection"": {""mean"": {""likelihood"": ""student_t""}, ""range"": {""likelihood"": ""lognormal""}}, ""rem_profile_params"": {""rem_stage"": 2, ""step_size_hours"": 1, ""window_size_hours"": 3}, ""tau_threshold"": 5.0}",run_output_8day_rem_w3_s1_stage2_no_pareto,rem_w3_s1_stage2
136,560bafec0f62b133,ok,,"even: range; odd: mean, range",mean=student_t; range=lognormal,16,5.0,2,1,2,180.13164516572212,180.13164516572212,6.211436040197315,2.0704786800657717,0.0130105830450577,2.0704786800657717,0.0130105830450577,-362.6909419965096,1.01,519.0,692.0,0.9522874141616454,0,4,0.2742353715083193,0.3776125849832594,5.27649639545781,1.6979582322316094,3.395327827758864,3.8494890039209646,6.54567093304447,0.3343557683395137,0.8920576387305269,4,False,,False,3,3,29,0,[],42.64998169301544,"(29, 184)",,[0],"{""feature_selection"": {""even"": [""range""], ""odd"": [""mean"", ""range""]}, ""n_chunks"": 16, ""parameter_selection"": {""mean"": {""likelihood"": ""student_t""}, ""range"": {""likelihood"": ""lognormal""}}, ""rem_profile_params"": {""rem_stage"": 2, ""step_size_hours"": 1, ""window_size_hours"": 2}, ""tau_threshold"": 5.0}",run_output_8day_rem_w2_s1_stage2_no_pareto,rem_w2_s1_stage2
193,b983c408876615cc,ok,,"even: mean, range; odd: mean, range",mean=lognormal; range=beta,16,5.0,3,1,2,239.5009941902881,239.5009941902881,8.2586549720789,2.064663743019725,0.0135497973458099,2.064663743019725,0.0135497973458099,-477.94184043982494,1.02,181.0,121.0,0.9544898231902792,0,8,0.5929978383373579,0.8421563226534913,7.179744684268088,1.7608728163210423,7.046567715608888,7.364378477072592,7.682189238536296,0.8380027918262436,1.4704669620942472,4,False,,False,4,4,29,0,[],72.14101553399814,"(29, 176)",,[0],"{""feature_selection"": {""even"": [""mean"", ""range""], ""odd"": [""mean"", ""range""]}, ""n_chunks"": 16, ""parameter_selection"": {""mean"": {""likelihood"": ""lognormal""}, ""range"": {""likelihood"": ""beta""}}, ""rem_profile_params"": {""rem_stage"": 2, ""step_size_hours"": 1, ""window_size_hours"": 3}, ""tau_threshold"": 5.0}",run_output_8day_rem_w3_s1_stage2_no_pareto,rem_w3_s1_stage2
190,af1fa8bda71e60fe,ok,,"concat: range; even: range; odd: mean, range",mean=lognormal; range=lognormal,16,5.0,2,1,2,238.9128468895917,238.9128468895917,8.238374030675576,2.0595935076688936,0.0135673677028774,2.0595935076688936,0.0135673677028774,-469.64943780453456,1.01,425.0,452.0,0.9369047975349488,0,7,0.3907044721478877,0.8027126781029448,6.519749613579036,1.2954028898702037,6.03175677063778,6.424434403928535,6.817112037219291,0.7702180923647527,1.4381322175438214,3,False,,False,4,4,29,0,[],54.90027268201811,"(29, 184)",,[0],"{""feature_selection"": {""concat"": [""range""], ""even"": [""range""], ""odd"": [""mean"", ""range""]}, ""n_chunks"": 16, ""parameter_selection"": {""mean"": {""likelihood"": ""lognormal""}, ""range"": {""likelihood"": ""lognormal""}}, ""rem_profile_params"": {""rem_stage"": 2, ""step_size_hours"": 1, ""window_size_hours"": 2}, ""tau_threshold"": 5.0}",run_output_8day_rem_w2_s1_stage2_no_pareto,rem_w2_s1_stage2
58,7b29060f1ee1e130,ok,,"odd: mean, range",mean=lognormal; range=lognormal,16,5.0,3,1,2,119.19207706099444,119.19207706099444,4.110071622792912,2.055035811396456,0.0216998835550722,2.055035811396456,0.0216998835550722,-238.16807298106067,1.04,119.0,281.0,1.0247832982156793,0,8,0.5022058416684312,0.7385291447802209,6.924925857295223,1.7320949319602683,4.66919215963204,7.290783625218167,7.645391812609083,0.7232861411472012,1.3911582552180703,2,False,,False,2,2,29,0,[],22.875987426028587,"(29, 176)",,[0],"{""feature_selection"": {""odd"": [""mean"", ""range""]}, ""n_chunks"": 16, ""parameter_selection"": {""mean"": {""likelihood"": ""lognormal""}, ""range"": {""likelihood"": ""lognormal""}}, ""rem_profile_params"": {""rem_stage"": 2, ""step_size_hours"": 1, ""window_size_hours"": 3}, ""tau_threshold"": 5.0}",run_output_8day_rem_w3_s1_stage2_no_pareto,rem_w3_s1_stage2
29,2412e46fb52ada96,ok,,concat: range; even: mean,mean=lognormal; range=beta,16,5.0,6,1,2,118.74640294913584,118.74640294913584,4.094703549970202,2.047351774985101,0.0129761303996937,2.047351774985101,0.0129761303996937,-237.79306782970545,1.0,2299.0,1954.0,0.9889940285622414,0,5,0.771630646135495,0.0759793613598161,5.031037957376616,0.4221032708541102,4.2496712407984445,4.527974573139766,4.806277905481087,0.0027241346604781,0.5613101581981609,0,False,,False,2,2,29,0,[],23.40118772600545,"(29, 152)",,[0],"{""feature_selection"": {""concat"": [""range""], ""even"": [""mean""]}, ""n_chunks"": 16, ""parameter_selection"": {""mean"": {""likelihood"": ""lognormal""}, ""range"": {""likelihood"": ""beta""}}, ""rem_profile_params"": {""rem_stage"": 2, ""step_size_hours"": 1, ""window_size_hours"": 6}, ""tau_threshold"": 5.0}",run_output_8day_rem_w6_s1_stage2_no_pareto,rem_w6_s1_stage2
125,85fd82086f15e0bf,ok,,"even: mean, range; odd: range",mean=lognormal; range=beta,16,5.0,3,1,2,177.9698146254641,177.9698146254641,6.136890159498762,2.0456300531662537,0.0117451949662758,2.0456300531662537,0.0117451949662758,-347.6033237962277,1.02,163.0,423.0,0.9600288723019024,0,8,0.4235577787418884,0.672469196119954,6.360404139164495,2.236598360218068,1.488532415128896,7.176476679311022,7.588238339655511,0.6654996348171626,1.0418846155422412,3,False,,False,3,3,29,0,[],52.84163585404167,"(29, 176)",,[0],"{""feature_selection"": {""even"": [""mean"", ""range""], ""odd"": [""range""]}, ""n_chunks"": 16, ""parameter_selection"": {""mean"": {""likelihood"": ""lognormal""}, ""range"": {""likelihood"": ""beta""}}, ""rem_profile_params"": {""rem_stage"": 2, ""step_size_hours"": 1, ""window_size_hours"": 3}, ""tau_threshold"": 5.0}",run_output_8day_rem_w3_s1_stage2_no_pareto,rem_w3_s1_stage2
184,f5e318e9129ea176,ok,,"concat: range; even: mean, range; odd: range",mean=student_t; range=lognormal,16,5.0,6,1,2,237.2336061662484,237.2336061662484,8.180469178146497,2.0451172945366243,0.0104802695223046,2.0451172945366243,0.0104802695223046,-475.7928156641768,1.0,2304.0,1796.0,0.9197745751523636,0,7,0.8039194834396532,0.9949656874476998,7.049248490201593,0.3179962003627098,6.2557104991411485,6.529813415944311,6.803916332747472,0.983224897899189,0.7699478329711272,1,False,,False,4,4,29,0,[],53.825784703018144,"(29, 152)",,[0],"{""feature_selection"": {""concat"": [""range""], ""even"": [""mean"", ""range""], ""odd"": [""range""]}, ""n_chunks"": 16, ""parameter_selection"": {""mean"": {""likelihood"": ""student_t""}, ""range"": {""likelihood"": ""lognormal""}}, ""rem_profile_params"": {""rem_stage"": 2, ""step_size_hours"": 1, ""window_size_hours"": 6}, ""tau_threshold"": 5.0}",run_output_8day_rem_w6_s1_stage2_no_pareto,rem_w6_s1_stage2
48,8709c1cf0cd6925c,ok,,even: mean; odd: range,mean=lognormal; range=lognormal,16,5.0,6,1,2,118.40195395492164,118.40195395492164,4.082825998445574,2.041412999222787,0.0125291675629701,2.041412999222787,0.0125291675629701,-237.24104996218583,1.0,1657.0,2099.0,1.009672174480118,0,6,0.1171056362596534,0.7519190775315928,6.376037700731443,1.2936434702554056,5.006983231468718,5.916695235511811,6.983675502890853,0.4771068304809784,0.6403831029971548,0,False,,False,2,2,29,0,[],20.94758448901121,"(29, 152)",,[0],"{""feature_selection"": {""even"": [""mean""], ""odd"": [""range""]}, ""n_chunks"": 16, ""parameter_selection"": {""mean"": {""likelihood"": ""lognormal""}, ""range"": {""likelihood"": ""lognormal""}}, ""rem_profile_params"": {""rem_stage"": 2, ""step_size_hours"": 1, ""window_size_hours"": 6}, ""tau_threshold"": 5.0}",run_output_8day_rem_w6_s1_stage2_no_pareto,rem_w6_s1_stage2
126,ff4ca8f40bb465ad,ok,,"even: mean, range; odd: range",mean=lognormal; range=lognormal,16,5.0,6,1,2,177.4466921208681,177.4466921208681,6.118851452443728,2.0396171508145757,0.0162941421600851,2.0396171508145757,0.0162941421600851,-355.9777734414915,1.0,1368.0,1382.0,0.9644562693930668,0,8,0.3499099799429258,0.917726249047362,7.256340923686797,1.0376194294437722,6.293384764101644,7.063682406126418,7.531841203063209,0.8396797845997899,0.9639442736986154,1,False,,False,3,3,29,0,[],33.85458934499184,"(29, 152)",,[0],"{""feature_selection"": {""even"": [""mean"", ""range""], ""odd"": [""range""]}, ""n_chunks"": 16, ""parameter_selection"": {""mean"": {""likelihood"": ""lognormal""}, ""range"": {""likelihood"": ""lognormal""}}, ""rem_profile_params"": {""rem_stage"": 2, ""step_size_hours"": 1, ""window_size_hours"": 6}, ""tau_threshold"": 5.0}",run_output_8day_rem_w6_s1_stage2_no_pareto,rem_w6_s1_stage2
109,53a477e33e338f59,ok,,concat: range; even: mean; odd: range,mean=student_t; range=beta,16,5.0,6,1,2,176.5803943695486,176.5803943695486,6.088979116191331,2.02965970539711,0.0088134242331614,2.02965970539711,0.0088134242331614,-351.8194781163052,1.0,2758.0,1714.0,0.9950244638786656,0,5,0.9871782949792196,0.0034298691822827,5.00344242851851,0.0587889684396732,4.250860390244252,4.501720818096897,4.75258124594954,1.2579447809467407e-05,0.7776214609656014,2,False,,False,3,3,29,0,[],54.12448905000929,"(29, 152)",,[0],"{""feature_selection"": {""concat"": [""range""], ""even"": [""mean""], ""odd"": [""range""]}, ""n_chunks"": 16, ""parameter_selection"": {""mean"": {""likelihood"": ""student_t""}, ""range"": {""likelihood"": ""beta""}}, ""rem_profile_params"": {""rem_stage"": 2, ""step_size_hours"": 1, ""window_size_hours"": 6}, ""tau_threshold"": 5.0}",run_output_8day_rem_w6_s1_stage2_no_pareto,rem_w6_s1_stage2
193,c1e3251e25c207a4,ok,,"even: mean, range; odd: mean, range",mean=lognormal; range=beta,16,5.0,2,2,2,234.65848984888663,234.65848984888663,8.09167206375471,2.0229180159386777,0.0129741824049519,2.0229180159386777,0.0129741824049519,-467.001071944953,1.01,813.0,1218.0,0.935434092090697,0,8,0.4697756886120053,0.9991722202902374,7.431131696593084,0.7699556207266632,6.357172843594618,7.167111434639321,7.58355571731966,0.8331661923702216,1.469367336542598,4,False,,False,4,4,29,0,[],69.57388089998858,"(29, 96)",,[0],"{""feature_selection"": {""even"": [""mean"", ""range""], ""odd"": [""mean"", ""range""]}, ""n_chunks"": 16, ""parameter_selection"": {""mean"": {""likelihood"": ""lognormal""}, ""range"": {""likelihood"": ""beta""}}, ""rem_profile_params"": {""rem_stage"": 2, ""step_size_hours"": 2, ""window_size_hours"": 2}, ""tau_threshold"": 5.0}",run_output_8day_rem_w2_s2_stage2_no_pareto,rem_w2_s2_stage2
14,b793214bfde31b80,ok,,"concat: range; even: mean, range; odd: mean, range",mean=lognormal; range=lognormal,16,5.0,2,2,2,292.20942350490463,292.20942350490463,10.076187017410504,2.015237403482101,0.0124456456422244,2.015237403482101,0.0124456456422244,-580.0592865564823,1.0,631.0,725.0,1.0199845551439768,0,8,0.5261032859104933,0.9710969664957204,7.585963356267708,0.7503444278729461,6.799621341332019,7.296411066652024,7.648205533326013,0.9070592538130954,1.237493736400095,4,False,,False,5,5,29,0,[],37.710094806039706,"(29, 96)",,[0],"{""feature_selection"": {""concat"": [""range""], ""even"": [""mean"", ""range""], ""odd"": [""mean"", ""range""]}, ""n_chunks"": 16, ""parameter_selection"": {""mean"": {""likelihood"": ""lognormal""}, ""range"": {""likelihood"": ""lognormal""}}, ""rem_profile_params"": {""rem_stage"": 2, ""step_size_hours"": 2, ""window_size_hours"": 2}, ""tau_threshold"": 5.0}",run_output_8day_rem_w2_s2_stage2_no_pareto,rem_w2_s2_stage2
42,82b144c9ce5c5553,ok,,"even: mean, range",mean=lognormal; range=lognormal,16,5.0,6,1,2,115.86482884651,115.86482884651,3.995338925741725,1.9976694628708629,0.0213326743114603,1.9976694628708629,0.0213326743114603,-231.47267967052045,1.01,992.0,919.0,1.0508262758574658,0,8,0.2792759565311365,0.7928933824261584,6.889703255649353,1.6417012046348507,6.07654428150563,7.095315172406103,7.5476575862030515,0.7663557599399377,0.8045758506497099,1,False,,False,2,2,29,0,[],20.824109310051423,"(29, 152)",,[0],"{""feature_selection"": {""even"": [""mean"", ""range""]}, ""n_chunks"": 16, ""parameter_selection"": {""mean"": {""likelihood"": ""lognormal""}, ""range"": {""likelihood"": ""lognormal""}}, ""rem_profile_params"": {""rem_stage"": 2, ""step_size_hours"": 1, ""window_size_hours"": 6}, ""tau_threshold"": 5.0}",run_output_8day_rem_w6_s1_stage2_no_pareto,rem_w6_s1_stage2
42,48dd9aa91f43575f,ok,,"even: mean, range",mean=lognormal; range=lognormal,16,5.0,2,1,2,115.83148136482096,115.83148136482096,3.994189012580033,1.9970945062900165,0.0162138874918481,1.9970945062900165,0.0162138874918481,-231.19596322471403,1.0,1065.0,1510.0,1.0493446017496475,0,8,0.1204001570848313,0.699169526500532,6.312918690886573,1.803672268577167,4.338078495246456,6.467294035156665,7.268654301799883,0.638743101691372,0.950657705279271,2,False,,False,2,2,29,0,[],21.39300755597651,"(29, 184)",,[0],"{""feature_selection"": {""even"": [""mean"", ""range""]}, ""n_chunks"": 16, ""parameter_selection"": {""mean"": {""likelihood"": ""lognormal""}, ""range"": {""likelihood"": ""lognormal""}}, ""rem_profile_params"": {""rem_stage"": 2, ""step_size_hours"": 1, ""window_size_hours"": 2}, ""tau_threshold"": 5.0}",run_output_8day_rem_w2_s1_stage2_no_pareto,rem_w2_s1_stage2
12,d21f9d8961825698,ok,,odd: range,range=lognormal,16,5.0,3,1,2,57.8904256626725,57.8904256626725,1.9962215745749137,1.996221574574914,0.0139978011378059,1.996221574574914,0.0139978011378059,-115.45032897164944,1.01,241.0,682.0,1.1057251882275725,0,8,0.3400504637296043,0.6092400357319601,6.39892289332612,1.881676877167339,3.774958800387111,7.093205643190887,7.546602821595444,0.5794003431031147,0.4487102598685115,0,False,,False,1,1,29,0,[],7.897887458966579,"(29, 176)",,[0],"{""feature_selection"": {""odd"": [""range""]}, ""n_chunks"": 16, ""parameter_selection"": {""range"": {""likelihood"": ""lognormal""}}, ""rem_profile_params"": {""rem_stage"": 2, ""step_size_hours"": 1, ""window_size_hours"": 3}, ""tau_threshold"": 5.0}",run_output_8day_rem_w3_s1_stage2_no_pareto,rem_w3_s1_stage2
134,553ee12f82975a50,ok,,"even: range; odd: mean, range",mean=lognormal; range=lognormal,16,5.0,6,1,2,173.27060242450597,173.27060242450597,5.974848359465723,1.991616119821908,0.0145832239809582,1.991616119821908,0.0145832239809582,-342.3906847769025,1.0,1019.0,1952.0,0.957967372032052,0,7,0.4323338027366341,0.9710262293633524,7.178568738634631,0.7711282769656385,6.256275649772518,6.700405183254073,7.245529971766254,0.8942572664350641,1.319700942529732,2,False,,False,3,3,29,0,[],35.245851336978376,"(29, 152)",,[0],"{""feature_selection"": {""even"": [""range""], ""odd"": [""mean"", ""range""]}, ""n_chunks"": 16, ""parameter_selection"": {""mean"": {""likelihood"": ""lognormal""}, ""range"": {""likelihood"": ""lognormal""}}, ""rem_profile_params"": {""rem_stage"": 2, ""step_size_hours"": 1, ""window_size_hours"": 6}, ""tau_threshold"": 5.0}",run_output_8day_rem_w6_s1_stage2_no_pareto,rem_w6_s1_stage2
112,3d4fb6d82d3d87a1,ok,,concat: range; even: range; odd: mean,mean=lognormal; range=lognormal,16,5.0,2,2,2,172.49311989598235,172.49311989598235,5.94803861710284,1.98267953903428,0.0153828837256633,1.98267953903428,0.0153828837256633,-345.0142965478232,1.0,1436.0,1186.0,0.9914402463973284,0,7,0.3057093608989891,0.8761062948085314,6.532389207542606,0.8680968656884428,5.409815699170776,6.146061792245539,6.67997859817213,0.5683916438966811,1.5523869782456052,2,False,,False,3,3,29,0,[],31.99922742997296,"(29, 96)",,[0],"{""feature_selection"": {""concat"": [""range""], ""even"": [""range""], ""odd"": [""mean""]}, ""n_chunks"": 16, ""parameter_selection"": {""mean"": {""likelihood"": ""lognormal""}, ""range"": {""likelihood"": ""lognormal""}}, ""rem_profile_params"": {""rem_stage"": 2, ""step_size_hours"": 2, ""window_size_hours"": 2}, ""tau_threshold"": 5.0}",run_output_8day_rem_w2_s2_stage2_no_pareto,rem_w2_s2_stage2
110,8c7a0c7372a5aca2,ok,,concat: range; even: mean; odd: range,mean=student_t; range=lognormal,16,5.0,6,1,2,172.26569524231078,172.26569524231078,5.940196387665889,1.980065462555296,0.0078722025636592,1.980065462555296,0.0078722025636592,-345.2882215268935,1.0,2941.0,2249.0,1.0093007704205244,0,7,0.724634824866111,0.9788290496994474,6.944365433157275,0.4310690272531051,6.197127971069788,6.48105756212399,6.764987153178192,0.9235711751088296,0.7089026204677531,1,False,,False,3,3,29,0,[],36.95279485802166,"(29, 152)",,[0],"{""feature_selection"": {""concat"": [""range""], ""even"": [""mean""], ""odd"": [""range""]}, ""n_chunks"": 16, ""parameter_selection"": {""mean"": {""likelihood"": ""student_t""}, ""range"": {""likelihood"": ""lognormal""}}, ""rem_profile_params"": {""rem_stage"": 2, ""step_size_hours"": 1, ""window_size_hours"": 6}, ""tau_threshold"": 5.0}",run_output_8day_rem_w6_s1_stage2_no_pareto,rem_w6_s1_stage2
102,f31aeea8e3a6036d,ok,,"concat: range; even: mean, range",mean=student_t; range=lognormal,16,5.0,6,1,2,171.91305819880594,171.91305819880594,5.928036489613998,1.976012163204666,0.0112382791793061,1.976012163204666,0.0112382791793061,-344.695499336429,1.01,2693.0,2094.0,0.9855371648374316,0,7,0.7531423736668428,0.9876731448730284,7.073674690398573,0.4022002417410039,6.264369125653911,6.549746401689167,6.835123677724424,0.9815961604641298,0.7793331694407154,1,False,,False,3,3,29,0,[],34.94969624996884,"(29, 152)",,[0],"{""feature_selection"": {""concat"": [""range""], ""even"": [""mean"", ""range""]}, ""n_chunks"": 16, ""parameter_selection"": {""mean"": {""likelihood"": ""student_t""}, ""range"": {""likelihood"": ""lognormal""}}, ""rem_profile_params"": {""rem_stage"": 2, ""step_size_hours"": 1, ""window_size_hours"": 6}, ""tau_threshold"": 5.0}",run_output_8day_rem_w6_s1_stage2_no_pareto,rem_w6_s1_stage2
99,3b60d27c46be0703,ok,,"concat: range; even: mean, range",mean=lognormal; range=beta,16,5.0,6,1,2,171.8979325813184,171.8979325813184,5.927514916597186,1.975838305532396,0.0115337467406863,1.975838305532396,0.0115337467406863,-344.2697581777628,1.0,2387.0,1855.0,0.9120803404682324,0,5,0.7096577361837734,0.0740848663971421,4.978574875892923,0.5834118724020253,4.223134321365704,4.5104727903586,4.797811259351496,0.009825125106638,0.633426360209493,0,False,,False,3,3,29,0,[],41.14137802500045,"(29, 152)",,[0],"{""feature_selection"": {""concat"": [""range""], ""even"": [""mean"", ""range""]}, ""n_chunks"": 16, ""parameter_selection"": {""mean"": {""likelihood"": ""lognormal""}, ""range"": {""likelihood"": ""beta""}}, ""rem_profile_params"": {""rem_stage"": 2, ""step_size_hours"": 1, ""window_size_hours"": 6}, ""tau_threshold"": 5.0}",run_output_8day_rem_w6_s1_stage2_no_pareto,rem_w6_s1_stage2
126,1956df6b0051194c,ok,,"even: mean, range; odd: range",mean=lognormal; range=lognormal,16,5.0,2,1,2,171.61223606920797,171.61223606920797,5.917663312731309,1.972554437577103,0.0125949782458978,1.972554437577103,0.0125949782458978,-346.05175059722467,1.0,617.0,1063.0,0.9715624043540966,0,4,0.2158116054153168,0.5046399232788922,5.693196669138033,1.7534985397635807,3.5038121392943915,5.186455772576374,6.838262706277899,0.479755076782699,1.038748707440342,3,False,,False,3,3,29,0,[],15.453019896987826,"(29, 184)",,[0],"{""feature_selection"": {""even"": [""mean"", ""range""], ""odd"": [""range""]}, ""n_chunks"": 16, ""parameter_selection"": {""mean"": {""likelihood"": ""lognormal""}, ""range"": {""likelihood"": ""lognormal""}}, ""rem_profile_params"": {""rem_stage"": 2, ""step_size_hours"": 1, ""window_size_hours"": 2}, ""tau_threshold"": 5.0}",run_output_8day_rem_w2_s1_stage2_no_pareto,rem_w2_s1_stage2
125,d110588ad8d928c2,ok,,"even: mean, range; odd: range",mean=lognormal; range=beta,16,5.0,2,2,2,171.444654316296,171.444654316296,5.911884631596414,1.970628210532138,0.0109602414977386,1.970628210532138,0.0109602414977386,-342.24594934851814,1.0,1344.0,1790.0,0.9739552523307258,0,7,0.4008434829181653,0.9996516075273392,7.1192178516273685,0.7556024891939925,6.045524416771401,6.643444197228083,7.287583281987076,0.7690345002203433,0.6833638584332391,0,False,,False,3,3,29,0,[],49.71542505698744,"(29, 96)",,[0],"{""feature_selection"": {""even"": [""mean"", ""range""], ""odd"": [""range""]}, ""n_chunks"": 16, ""parameter_selection"": {""mean"": {""likelihood"": ""lognormal""}, ""range"": {""likelihood"": ""beta""}}, ""rem_profile_params"": {""rem_stage"": 2, ""step_size_hours"": 2, ""window_size_hours"": 2}, ""tau_threshold"": 5.0}",run_output_8day_rem_w2_s2_stage2_no_pareto,rem_w2_s2_stage2
103,fb147ed3a4255f59,ok,,concat: range; even: mean; odd: mean,mean=lognormal; range=beta,16,5.0,6,1,2,171.39793081958538,171.39793081958538,5.910273476537427,1.970091158845809,0.0152788739443387,1.970091158845809,0.0152788739443387,-343.17459241846166,1.0,2074.0,1898.0,0.9919973932141496,0,5,0.6901177964481603,0.1081417235481038,5.051629036164468,0.5203127692615107,4.248544524354468,4.54123198481672,4.83391944527897,0.0105169843318718,1.252078672950225,1,False,,False,3,3,29,0,[],37.25676337798359,"(29, 152)",,[0],"{""feature_selection"": {""concat"": [""range""], ""even"": [""mean""], ""odd"": [""mean""]}, ""n_chunks"": 16, ""parameter_selection"": {""mean"": {""likelihood"": ""lognormal""}, ""range"": {""likelihood"": ""beta""}}, ""rem_profile_params"": {""rem_stage"": 2, ""step_size_hours"": 1, ""window_size_hours"": 6}, ""tau_threshold"": 5.0}",run_output_8day_rem_w6_s1_stage2_no_pareto,rem_w6_s1_stage2
128,1d1c70ff4249c25b,ok,,"even: mean, range; odd: range",mean=student_t; range=lognormal,16,5.0,2,2,2,171.10713359780218,171.10713359780218,5.900245986131109,1.966748662043704,0.0112008241791263,1.966748662043704,0.0112008241791263,-342.1056794296048,1.01,3588.0,2261.0,1.0353973979410065,0,8,0.8736169465077487,0.98568072879699,7.9083992882557315,0.5236428212001999,7.218847897903305,7.479231931935537,7.739615965967769,0.975263691264988,0.9058815878456606,1,False,,False,3,3,29,0,[],41.26459896401502,"(29, 96)",,[0],"{""feature_selection"": {""even"": [""mean"", ""range""], ""odd"": [""range""]}, ""n_chunks"": 16, ""parameter_selection"": {""mean"": {""likelihood"": ""student_t""}, ""range"": {""likelihood"": ""lognormal""}}, ""rem_profile_params"": {""rem_stage"": 2, ""step_size_hours"": 2, ""window_size_hours"": 2}, ""tau_threshold"": 5.0}",run_output_8day_rem_w2_s2_stage2_no_pareto,rem_w2_s2_stage2
194,ed793f10f0f7e16b,ok,,"even: mean, range; odd: mean, range",mean=lognormal; range=lognormal,16,5.0,6,1,2,228.02206889623565,228.02206889623565,7.862829961939161,1.9657074904847895,0.0132860912684534,1.9657074904847895,0.0132860912684534,-450.1131860258872,1.01,602.0,1553.0,0.9981212001967222,0,7,0.455410440248177,0.968571632846538,7.339571784429205,0.7701944130219207,6.379766034414447,6.909274380044783,7.45315167998353,0.9293012506546832,1.37415988307977,2,False,,False,4,4,29,0,[],49.1114981060382,"(29, 152)",,[0],"{""feature_selection"": {""even"": [""mean"", ""range""], ""odd"": [""mean"", ""range""]}, ""n_chunks"": 16, ""parameter_selection"": {""mean"": {""likelihood"": ""lognormal""}, ""range"": {""likelihood"": ""lognormal""}}, ""rem_profile_params"": {""rem_stage"": 2, ""step_size_hours"": 1, ""window_size_hours"": 6}, ""tau_threshold"": 5.0}",run_output_8day_rem_w6_s1_stage2_no_pareto,rem_w6_s1_stage2
58,68b9f02ec2cbea1c,ok,,"odd: mean, range",mean=lognormal; range=lognormal,16,5.0,6,1,2,113.81457133020966,113.81457133020966,3.9246403906968848,1.9623201953484424,0.0171127680938806,1.9623201953484424,0.0171127680938806,-223.1984660793023,1.0,1509.0,1287.0,0.9713749390441684,0,7,0.2501226599795374,0.8957479477790589,6.566969669948858,1.0216980087282024,5.477410785064636,6.204248278069547,6.768722000554239,0.5904596042002138,1.2807155099886978,1,False,,False,2,2,29,0,[],22.251231964037288,"(29, 152)",,[0],"{""feature_selection"": {""odd"": [""mean"", ""range""]}, ""n_chunks"": 16, ""parameter_selection"": {""mean"": {""likelihood"": ""lognormal""}, ""range"": {""likelihood"": ""lognormal""}}, ""rem_profile_params"": {""rem_stage"": 2, ""step_size_hours"": 1, ""window_size_hours"": 6}, ""tau_threshold"": 5.0}",run_output_8day_rem_w6_s1_stage2_no_pareto,rem_w6_s1_stage2
183,da0791691268d2b3,ok,,"concat: range; even: mean, range; odd: range",mean=student_t; range=beta,16,5.0,6,1,2,226.65674855597476,226.65674855597476,7.815749950206025,1.9539374875515063,0.0086690610269632,1.9539374875515063,0.0086690610269632,-455.5215239552637,1.0,2697.0,2091.0,0.9811169436376984,0,5,0.9858299846063644,0.0038079996513141,5.0038818084131735,0.0633969141776943,4.250955288745415,4.501911045073734,4.752866801402054,7.460510504585603e-05,1.1778607733897497,4,False,,False,4,4,29,0,[],89.66194742004154,"(29, 152)",,[0],"{""feature_selection"": {""concat"": [""range""], ""even"": [""mean"", ""range""], ""odd"": [""range""]}, ""n_chunks"": 16, ""parameter_selection"": {""mean"": {""likelihood"": ""student_t""}, ""range"": {""likelihood"": ""beta""}}, ""rem_profile_params"": {""rem_stage"": 2, ""step_size_hours"": 1, ""window_size_hours"": 6}, ""tau_threshold"": 5.0}",run_output_8day_rem_w6_s1_stage2_no_pareto,rem_w6_s1_stage2
12,64cefb6dd9a93666,ok,,odd: range,range=lognormal,16,5.0,2,1,2,56.48656952082326,56.48656952082326,1.9478127420973537,1.9478127420973532,0.0112364702374834,1.9478127420973532,0.0112364702374834,-113.35692768664276,1.0,1869.0,1703.0,1.043164764849574,0,4,0.3562280770378485,0.2299930020322282,4.734759520616659,1.363147081028758,3.3181679560594137,3.693283211149049,4.694977914612427,0.1777094628699682,0.9114176904902552,1,False,,False,1,1,29,0,[],7.0803901120089,"(29, 184)",,[0],"{""feature_selection"": {""odd"": [""range""]}, ""n_chunks"": 16, ""parameter_selection"": {""range"": {""likelihood"": ""lognormal""}}, ""rem_profile_params"": {""rem_stage"": 2, ""step_size_hours"": 1, ""window_size_hours"": 2}, ""tau_threshold"": 5.0}",run_output_8day_rem_w2_s1_stage2_no_pareto,rem_w2_s1_stage2
33,e8804798687248e5,ok,,concat: range; even: range,range=beta,16,5.0,6,1,2,112.9429548655753,112.9429548655753,3.89458465053708,1.9472923252685392,0.0114717231065473,1.9472923252685392,0.0114717231065473,-226.4864792085366,1.0,1913.0,1478.0,0.9221625849761236,0,5,0.6111865230263394,0.1474094205356824,5.028885429553293,0.6577368496363086,4.234311233738966,4.551976657143737,4.869642080548507,0.0079291275435953,0.6759820221061026,0,False,,False,2,2,29,0,[],27.098040468990803,"(29, 152)",,[0],"{""feature_selection"": {""concat"": [""range""], ""even"": [""range""]}, ""n_chunks"": 16, ""parameter_selection"": {""range"": {""likelihood"": ""beta""}}, ""rem_profile_params"": {""rem_stage"": 2, ""step_size_hours"": 1, ""window_size_hours"": 6}, ""tau_threshold"": 5.0}",run_output_8day_rem_w6_s1_stage2_no_pareto,rem_w6_s1_stage2
182,0fcf28da1bc09dcb,ok,,"concat: range; even: mean, range; odd: range",mean=lognormal; range=lognormal,16,5.0,2,2,2,225.5609647749561,225.5609647749561,7.777964302584691,1.944491075646173,0.0099342218232969,1.944491075646173,0.0099342218232969,-453.2210514877146,1.01,778.0,1301.0,0.9806499878458648,0,8,0.3834358051897257,0.9528066050695334,7.282418573162641,0.8396389794005196,6.27410255813604,6.947275794320214,7.479621483396869,0.8517949553705398,1.1233869241960177,2,False,,False,4,4,29,0,[],51.336286609002855,"(29, 96)",,[0],"{""feature_selection"": {""concat"": [""range""], ""even"": [""mean"", ""range""], ""odd"": [""range""]}, ""n_chunks"": 16, ""parameter_selection"": {""mean"": {""likelihood"": ""lognormal""}, ""range"": {""likelihood"": ""lognormal""}}, ""rem_profile_params"": {""rem_stage"": 2, ""step_size_hours"": 2, ""window_size_hours"": 2}, ""tau_threshold"": 5.0}",run_output_8day_rem_w2_s2_stage2_no_pareto,rem_w2_s2_stage2
57,95f4e274e3ecfe82,ok,,"odd: mean, range",mean=lognormal; range=beta,16,5.0,3,1,2,112.69094113820778,112.69094113820778,3.885894522007165,1.9429472610035825,0.0233534146216979,1.9429472610035825,0.0233534146216979,-219.52928798325112,1.0,302.0,362.0,0.9224847817646832,0,8,0.3441783601137717,0.7154432541155199,6.543811525745183,2.0750363007492725,3.735057076762039,7.178254816761106,7.589127408380553,0.6878689709433384,1.6692954501113109,3,False,,False,2,2,29,0,[],31.387541340955067,"(29, 176)",,[0],"{""feature_selection"": {""odd"": [""mean"", ""range""]}, ""n_chunks"": 16, ""parameter_selection"": {""mean"": {""likelihood"": ""lognormal""}, ""range"": {""likelihood"": ""beta""}}, ""rem_profile_params"": {""rem_stage"": 2, ""step_size_hours"": 1, ""window_size_hours"": 3}, ""tau_threshold"": 5.0}",run_output_8day_rem_w3_s1_stage2_no_pareto,rem_w3_s1_stage2
122,6b0fbc04a86a5cc2,ok,,"even: mean, range; odd: mean",mean=lognormal; range=lognormal,16,5.0,2,2,2,168.56135792648428,168.56135792648428,5.81246061815463,1.9374868727182095,0.0170262334909482,1.9374868727182095,0.0170262334909482,-341.599645030424,1.0,838.0,745.0,1.0401641847955907,0,8,0.412308754984297,0.8442855410562522,7.143421070397219,1.579075124424377,6.434151748941241,7.292491774025931,7.646245887012966,0.7832180138312541,1.4964277590142712,4,False,,False,3,3,29,0,[],35.42542045505252,"(29, 96)",,[0],"{""feature_selection"": {""even"": [""mean"", ""range""], ""odd"": [""mean""]}, ""n_chunks"": 16, ""parameter_selection"": {""mean"": {""likelihood"": ""lognormal""}, ""range"": {""likelihood"": ""lognormal""}}, ""rem_profile_params"": {""rem_stage"": 2, ""step_size_hours"": 2, ""window_size_hours"": 2}, ""tau_threshold"": 5.0}",run_output_8day_rem_w2_s2_stage2_no_pareto,rem_w2_s2_stage2
5,302808a29b4f4ff3,ok,,even: mean,mean=lognormal,16,5.0,6,1,2,56.139454084464894,56.139454084464894,1.935843244291893,1.9358432442918936,0.0205558346794343,1.9358432442918936,0.0205558346794343,-112.54551221918388,1.0,1046.0,1416.0,1.0612909214512125,0,8,0.0246372306442421,0.4448472218243231,5.529156373318555,1.7859146272611093,3.506295491660951,4.751987132278396,6.81074180154601,0.3572296714473262,0.6955463230625383,0,False,,False,1,1,29,0,[],15.230498901975809,"(29, 152)",,[0],"{""feature_selection"": {""even"": [""mean""]}, ""n_chunks"": 16, ""parameter_selection"": {""mean"": {""likelihood"": ""lognormal""}}, ""rem_profile_params"": {""rem_stage"": 2, ""step_size_hours"": 1, ""window_size_hours"": 6}, ""tau_threshold"": 5.0}",run_output_8day_rem_w6_s1_stage2_no_pareto,rem_w6_s1_stage2
35,4e7a356a139fe15b,ok,,concat: range; odd: mean,mean=lognormal; range=beta,16,5.0,6,1,2,112.02021714784092,112.02021714784092,3.8627661085462384,1.931383054273119,0.0199953733813178,1.931383054273119,0.0199953733813178,-226.21920987747225,1.0,1808.0,1563.0,0.9697693123742944,0,5,0.5717392616131072,0.215753984108378,5.145347973730442,0.6269535516657748,4.27651974535684,4.615071757502274,4.953623769647708,0.0123249834471399,1.5441499247755033,1,False,,False,2,2,29,0,[],24.321757725032512,"(29, 152)",,[0],"{""feature_selection"": {""concat"": [""range""], ""odd"": [""mean""]}, ""n_chunks"": 16, ""parameter_selection"": {""mean"": {""likelihood"": ""lognormal""}, ""range"": {""likelihood"": ""beta""}}, ""rem_profile_params"": {""rem_stage"": 2, ""step_size_hours"": 1, ""window_size_hours"": 6}, ""tau_threshold"": 5.0}",run_output_8day_rem_w6_s1_stage2_no_pareto,rem_w6_s1_stage2
130,b15864b37e5209a6,ok,,"even: mean; odd: mean, range",mean=lognormal; range=lognormal,16,5.0,6,1,2,168.0175484185594,168.0175484185594,5.793708566157221,1.931236188719074,0.0138018982434554,1.931236188719074,0.0138018982434554,-335.61604379120126,1.01,674.0,770.0,0.978970808756238,0,7,0.185480505423128,0.8391556719217678,6.591961531232412,1.191399236384039,5.4553190285369055,6.329150608939372,6.903198039724882,0.6433464341478596,1.4380019697246922,2,False,,False,3,3,29,0,[],33.00118694698904,"(29, 152)",,[0],"{""feature_selection"": {""even"": [""mean""], ""odd"": [""mean"", ""range""]}, ""n_chunks"": 16, ""parameter_selection"": {""mean"": {""likelihood"": ""lognormal""}, ""range"": {""likelihood"": ""lognormal""}}, ""rem_profile_params"": {""rem_stage"": 2, ""step_size_hours"": 1, ""window_size_hours"": 6}, ""tau_threshold"": 5.0}",run_output_8day_rem_w6_s1_stage2_no_pareto,rem_w6_s1_stage2
182,24b1c2efa25cce91,ok,,"concat: range; even: mean, range; odd: range",mean=lognormal; range=lognormal,16,5.0,6,1,2,223.77634364798257,223.77634364798257,7.716425643033881,1.9291064107584703,0.0121102917944762,1.9291064107584703,0.0121102917944762,-448.2945028970124,1.0,2028.0,1756.0,0.9924463765837388,0,7,0.7419493676992912,0.9606475814063384,6.932273989996548,0.4762502619772853,6.204547769788047,6.484681299345799,6.764814828903552,0.9325448832481495,0.8296675390605541,1,False,,False,4,4,29,0,[],47.22324069897877,"(29, 152)",,[0],"{""feature_selection"": {""concat"": [""range""], ""even"": [""mean"", ""range""], ""odd"": [""range""]}, ""n_chunks"": 16, ""parameter_selection"": {""mean"": {""likelihood"": ""lognormal""}, ""range"": {""likelihood"": ""lognormal""}}, ""rem_profile_params"": {""rem_stage"": 2, ""step_size_hours"": 1, ""window_size_hours"": 6}, ""tau_threshold"": 5.0}",run_output_8day_rem_w6_s1_stage2_no_pareto,rem_w6_s1_stage2
112,9dd412fc7d4d1767,ok,,concat: range; even: range; odd: mean,mean=lognormal; range=lognormal,16,5.0,3,1,2,167.6875775226569,167.6875775226569,5.782330259401962,1.9274434198006545,0.0162111926971337,1.9274434198006545,0.0162111926971337,-334.7305739765626,1.0,860.0,955.0,0.934055979229484,0,7,0.3291001030279007,0.7698131179163252,6.502915664472363,1.087987058227528,5.295243273636319,6.334589013126515,6.747243412441064,0.7027053471878003,1.8094398079160907,3,False,,False,3,3,29,0,[],31.90287271502893,"(29, 176)",,[0],"{""feature_selection"": {""concat"": [""range""], ""even"": [""range""], ""odd"": [""mean""]}, ""n_chunks"": 16, ""parameter_selection"": {""mean"": {""likelihood"": ""lognormal""}, ""range"": {""likelihood"": ""lognormal""}}, ""rem_profile_params"": {""rem_stage"": 2, ""step_size_hours"": 1, ""window_size_hours"": 3}, ""tau_threshold"": 5.0}",run_output_8day_rem_w3_s1_stage2_no_pareto,rem_w3_s1_stage2
49,23c11f0a27804e4f,ok,,even: mean; odd: range,mean=student_t; range=beta,16,5.0,6,1,2,111.71714437210136,111.71714437210136,3.8523153231759095,1.9261576615879548,0.0095848966078073,1.9261576615879548,0.0095848966078073,-223.3358983103396,1.0,2336.0,1823.0,1.0088883645420663,0,5,0.9348101440957832,0.0214043853282207,5.02686370782291,0.1949078089556892,4.255455662853301,4.510928082036782,4.766400501220263,0.0050802988753298,1.024435828890245,2,False,,False,2,2,29,0,[],30.498900531965774,"(29, 152)",,[0],"{""feature_selection"": {""even"": [""mean""], ""odd"": [""range""]}, ""n_chunks"": 16, ""parameter_selection"": {""mean"": {""likelihood"": ""student_t""}, ""range"": {""likelihood"": ""beta""}}, ""rem_profile_params"": {""rem_stage"": 2, ""step_size_hours"": 1, ""window_size_hours"": 6}, ""tau_threshold"": 5.0}",run_output_8day_rem_w6_s1_stage2_no_pareto,rem_w6_s1_stage2
116,7770a0d33af9d487,ok,,concat: range; even: range; odd: range,range=lognormal,16,5.0,6,1,2,167.5208866053556,167.5208866053556,5.7765822967364,1.9255274322454667,0.01373636045154,1.9255274322454667,0.01373636045154,-335.6802340236593,1.0,2892.0,2677.0,1.0406701347442078,0,7,0.7827882970052439,0.9757073199454552,6.928766280173235,0.3965449633388611,6.200668723191024,6.474533203178677,6.7483976831663295,0.9331825025283222,0.690859663322708,0,False,,False,3,3,29,0,[],32.19724538101582,"(29, 152)",,[0],"{""feature_selection"": {""concat"": [""range""], ""even"": [""range""], ""odd"": [""range""]}, ""n_chunks"": 16, ""parameter_selection"": {""range"": {""likelihood"": ""lognormal""}}, ""rem_profile_params"": {""rem_stage"": 2, ""step_size_hours"": 1, ""window_size_hours"": 6}, ""tau_threshold"": 5.0}",run_output_8day_rem_w6_s1_stage2_no_pareto,rem_w6_s1_stage2
8,5e0ac194822ea275,ok,,"concat: range; even: mean, range; odd: mean, range",mean=lognormal; range=lognormal,16,5.0,6,1,2,279.04936905455963,279.04936905455963,9.622392036364126,1.9244784072728256,0.01088637200202,1.9244784072728256,0.01088637200202,-561.3015670815902,1.0,1907.0,1645.0,0.9962285730053988,0,7,0.8865635970058715,0.9890596426309624,6.986039595532139,0.2677030478907438,6.2386245074568,6.498527065744029,6.758429624031258,0.9795326650777773,1.6326738471158937,4,False,,False,5,5,29,0,[],35.04770544002531,"(29, 152)",,[0],"{""feature_selection"": {""concat"": [""range""], ""even"": [""mean"", ""range""], ""odd"": [""mean"", ""range""]}, ""n_chunks"": 16, ""parameter_selection"": {""mean"": {""likelihood"": ""lognormal""}, ""range"": {""likelihood"": ""lognormal""}}, ""rem_profile_params"": {""rem_stage"": 2, ""step_size_hours"": 1, ""window_size_hours"": 6}, ""tau_threshold"": 5.0}",run_output_8day_rem_w6_s1_stage2_no_pareto,rem_w6_s1_stage2
177,e5f89b8729465434,ok,,"concat: range; even: mean, range; odd: mean",mean=lognormal; range=beta,16,5.0,6,1,2,223.0210175313068,223.0210175313068,7.690379914872647,1.922594978718162,0.012180860301623,1.922594978718162,0.012180860301623,-447.8189290555389,1.0,1609.0,1645.0,0.9367677444553436,0,5,0.6139986114459228,0.106271017402316,4.974013380833844,0.7073983132964746,4.207874705348621,4.515506222673994,4.8231377399993685,0.0205602885300273,1.4738651279042436,1,False,,False,4,4,29,0,[],61.592748194991145,"(29, 152)",,[0],"{""feature_selection"": {""concat"": [""range""], ""even"": [""mean"", ""range""], ""odd"": [""mean""]}, ""n_chunks"": 16, ""parameter_selection"": {""mean"": {""likelihood"": ""lognormal""}, ""range"": {""likelihood"": ""beta""}}, ""rem_profile_params"": {""rem_stage"": 2, ""step_size_hours"": 1, ""window_size_hours"": 6}, ""tau_threshold"": 5.0}",run_output_8day_rem_w6_s1_stage2_no_pareto,rem_w6_s1_stage2
190,b0d0e503fbb91d4e,ok,,"concat: range; even: range; odd: mean, range",mean=lognormal; range=lognormal,16,5.0,3,1,2,222.94408433800976,222.94408433800976,7.687727046138267,1.9219317615345664,0.0134463943544943,1.9219317615345664,0.0134463943544943,-436.1287960343985,1.02,193.0,497.0,1.014527104975909,0,8,0.2793712991249648,0.7095759306837395,6.7607900117907445,1.5529001316511086,4.706625961973989,7.0300012822406135,7.515000641120307,0.6895829218664279,1.7332348872407404,3,False,,False,4,4,29,0,[],50.01814796897816,"(29, 176)",,[0],"{""feature_selection"": {""concat"": [""range""], ""even"": [""range""], ""odd"": [""mean"", ""range""]}, ""n_chunks"": 16, ""parameter_selection"": {""mean"": {""likelihood"": ""lognormal""}, ""range"": {""likelihood"": ""lognormal""}}, ""rem_profile_params"": {""rem_stage"": 2, ""step_size_hours"": 1, ""window_size_hours"": 3}, ""tau_threshold"": 5.0}",run_output_8day_rem_w3_s1_stage2_no_pareto,rem_w3_s1_stage2
194,12a2a24f89145d1c,ok,,"even: mean, range; odd: mean, range",mean=lognormal; range=lognormal,16,5.0,3,1,2,222.8874778613167,222.8874778613167,7.685775098666093,1.9214437746665236,0.0140121353476269,1.9214437746665236,0.0140121353476269,-443.81526491803135,1.02,585.0,327.0,1.039126085098645,0,8,0.8040850867412451,0.9550744294864238,7.788719888165945,0.8599691180565763,7.191620587660182,7.461080391773455,7.730540195886728,0.9531156202726498,1.1981941468003108,2,False,,False,4,4,29,0,[],48.515833936980926,"(29, 176)",,[0],"{""feature_selection"": {""even"": [""mean"", ""range""], ""odd"": [""mean"", ""range""]}, ""n_chunks"": 16, ""parameter_selection"": {""mean"": {""likelihood"": ""lognormal""}, ""range"": {""likelihood"": ""lognormal""}}, ""rem_profile_params"": {""rem_stage"": 2, ""step_size_hours"": 1, ""window_size_hours"": 3}, ""tau_threshold"": 5.0}",run_output_8day_rem_w3_s1_stage2_no_pareto,rem_w3_s1_stage2
190,89507f67c73862d2,ok,,"concat: range; even: range; odd: mean, range",mean=lognormal; range=lognormal,16,5.0,6,1,2,222.42963810931025,222.42963810931025,7.669987521010698,1.9174968802526744,0.0118995658803517,1.9174968802526744,0.0118995658803517,-446.66101927658974,1.0,3268.0,2492.0,1.0345403981131582,0,7,0.894349785487952,0.992702229225839,6.980340275839338,0.2416654565004661,6.234778079146826,6.493801662287076,6.752825245427325,0.9765991346236844,1.5591333222245904,3,False,,False,4,4,29,0,[],47.46641407802235,"(29, 152)",,[0],"{""feature_selection"": {""concat"": [""range""], ""even"": [""range""], ""odd"": [""mean"", ""range""]}, ""n_chunks"": 16, ""parameter_selection"": {""mean"": {""likelihood"": ""lognormal""}, ""range"": {""likelihood"": ""lognormal""}}, ""rem_profile_params"": {""rem_stage"": 2, ""step_size_hours"": 1, ""window_size_hours"": 6}, ""tau_threshold"": 5.0}",run_output_8day_rem_w6_s1_stage2_no_pareto,rem_w6_s1_stage2
107,3313b64782215552,ok,,concat: range; even: mean; odd: range,mean=lognormal; range=beta,16,5.0,6,1,2,166.05830909553742,166.05830909553742,5.726148589501291,1.9087161965004305,0.0109822175595402,1.9087161965004305,0.0109822175595402,-331.2657113962349,1.0,2644.0,1511.0,0.9839283716467728,0,5,0.9957665716053804,0.0009520584566314,5.0009533070489,0.030905165799502,4.250238222504358,4.5004764702561655,4.750714718007972,1.2918715768938538e-06,0.9037424209618222,2,False,,False,3,3,29,0,[],42.63979339099024,"(29, 152)",,[0],"{""feature_selection"": {""concat"": [""range""], ""even"": [""mean""], ""odd"": [""range""]}, ""n_chunks"": 16, ""parameter_selection"": {""mean"": {""likelihood"": ""lognormal""}, ""range"": {""likelihood"": ""beta""}}, ""rem_profile_params"": {""rem_stage"": 2, ""step_size_hours"": 1, ""window_size_hours"": 6}, ""tau_threshold"": 5.0}",run_output_8day_rem_w6_s1_stage2_no_pareto,rem_w6_s1_stage2
111,077f880bde2b30cf,ok,,concat: range; even: range; odd: mean,mean=lognormal; range=beta,16,5.0,6,1,2,165.80518884233274,165.80518884233274,5.717420304908026,1.905806768302675,0.0131220805787137,1.905806768302675,0.0131220805787137,-331.5371337523071,1.0,1951.0,1790.0,0.8942362413245799,0,5,0.4939296964236345,0.2041615741144511,5.042822048234352,0.8109906701376388,4.218801298665754,4.576598892370731,4.934396486075707,0.0236979219209955,1.333732914719909,1,False,,False,3,3,29,0,[],45.72019892698154,"(29, 152)",,[0],"{""feature_selection"": {""concat"": [""range""], ""even"": [""range""], ""odd"": [""mean""]}, ""n_chunks"": 16, ""parameter_selection"": {""mean"": {""likelihood"": ""lognormal""}, ""range"": {""likelihood"": ""beta""}}, ""rem_profile_params"": {""rem_stage"": 2, ""step_size_hours"": 1, ""window_size_hours"": 6}, ""tau_threshold"": 5.0}",run_output_8day_rem_w6_s1_stage2_no_pareto,rem_w6_s1_stage2
52,c1041db95d174531,ok,,even: range; odd: mean,mean=lognormal; range=lognormal,16,5.0,6,1,2,110.01820937914567,110.01820937914567,3.793731357901575,1.8968656789507885,0.020000502508984,1.8968656789507885,0.020000502508984,-215.69872144937648,1.0,931.0,1191.0,1.0255186936548415,0,7,0.3156482108346219,0.8751695818144873,6.935868886369628,1.3582510551481048,6.19892509771042,6.740887602400233,7.342926506033516,0.8417614668861054,1.2874704152211731,1,False,,False,2,2,29,0,[],21.902279378962703,"(29, 152)",,[0],"{""feature_selection"": {""even"": [""range""], ""odd"": [""mean""]}, ""n_chunks"": 16, ""parameter_selection"": {""mean"": {""likelihood"": ""lognormal""}, ""range"": {""likelihood"": ""lognormal""}}, ""rem_profile_params"": {""rem_stage"": 2, ""step_size_hours"": 1, ""window_size_hours"": 6}, ""tau_threshold"": 5.0}",run_output_8day_rem_w6_s1_stage2_no_pareto,rem_w6_s1_stage2
51,9932c0e45e41fff1,ok,,even: range; odd: mean,mean=lognormal; range=beta,16,5.0,2,1,2,110.00801965288063,110.00801965288063,3.793379988030367,1.896689994015183,0.0216543973216456,1.896689994015183,0.0216543973216456,-220.51749294735407,1.01,722.0,906.0,0.907331622315302,0,5,0.0837846104838899,0.3554356451049447,5.364567275238612,1.5588506138022462,3.67737908473878,4.541334077780146,5.91779120188168,0.2405558719182136,1.4087642224399852,3,False,,False,2,2,29,0,[],26.73708369198721,"(29, 184)",,[0],"{""feature_selection"": {""even"": [""range""], ""odd"": [""mean""]}, ""n_chunks"": 16, ""parameter_selection"": {""mean"": {""likelihood"": ""lognormal""}, ""range"": {""likelihood"": ""beta""}}, ""rem_profile_params"": {""rem_stage"": 2, ""step_size_hours"": 1, ""window_size_hours"": 2}, ""tau_threshold"": 5.0}",run_output_8day_rem_w2_s1_stage2_no_pareto,rem_w2_s1_stage2
122,c64301a58a455f81,ok,,"even: mean, range; odd: mean",mean=lognormal; range=lognormal,16,5.0,6,1,2,164.81735051813766,164.81735051813766,5.68335691441854,1.89445230480618,0.0168504703043779,1.89445230480618,0.0168504703043779,-324.5133107354721,1.0,751.0,764.0,0.9699515877808196,0,8,0.3417514351882846,0.8749743779458101,7.079137686223057,1.3592473284816742,6.295253108278332,6.979116052297785,7.492247068094347,0.8579357753115562,1.2929693853708375,2,False,,False,3,3,29,0,[],34.60620212100912,"(29, 152)",,[0],"{""feature_selection"": {""even"": [""mean"", ""range""], ""odd"": [""mean""]}, ""n_chunks"": 16, ""parameter_selection"": {""mean"": {""likelihood"": ""lognormal""}, ""range"": {""likelihood"": ""lognormal""}}, ""rem_profile_params"": {""rem_stage"": 2, ""step_size_hours"": 1, ""window_size_hours"": 6}, ""tau_threshold"": 5.0}",run_output_8day_rem_w6_s1_stage2_no_pareto,rem_w6_s1_stage2
51,0d68517ebe946c55,ok,,even: range; odd: mean,mean=lognormal; range=beta,16,5.0,2,2,2,109.70027264959214,109.70027264959214,3.7827680223997286,1.8913840111998643,0.0210809824493006,1.8913840111998643,0.0210809824493006,-219.8231933219997,1.0,1045.0,1309.0,0.9939867643011054,0,8,0.310368607247694,0.8813850484435468,7.039248381399489,1.413444401867857,5.700052945311009,7.157604532605634,7.578802266302817,0.6937063173938873,1.596513732250375,2,False,,False,2,2,29,0,[],27.090569805994164,"(29, 96)",,[0],"{""feature_selection"": {""even"": [""range""], ""odd"": [""mean""]}, ""n_chunks"": 16, ""parameter_selection"": {""mean"": {""likelihood"": ""lognormal""}, ""range"": {""likelihood"": ""beta""}}, ""rem_profile_params"": {""rem_stage"": 2, ""step_size_hours"": 2, ""window_size_hours"": 2}, ""tau_threshold"": 5.0}",run_output_8day_rem_w2_s2_stage2_no_pareto,rem_w2_s2_stage2
127,bfc1eed7c17d81f6,ok,,"even: mean, range; odd: range",mean=student_t; range=beta,16,5.0,6,1,2,164.0634844772433,164.0634844772433,5.657361533698045,1.885787177899348,0.0106488742295549,1.885787177899348,0.0106488742295549,-329.06794680846514,1.0,2594.0,2149.0,0.900358815674701,0,5,0.9214302299950016,0.0252377528491756,5.037122534684558,0.2553596316573027,4.256416743385865,4.512908875646237,4.769401007906609,0.0095286251325378,1.0052366144703782,3,False,,False,3,3,29,0,[],57.46406349795871,"(29, 152)",,[0],"{""feature_selection"": {""even"": [""mean"", ""range""], ""odd"": [""range""]}, ""n_chunks"": 16, ""parameter_selection"": {""mean"": {""likelihood"": ""student_t""}, ""range"": {""likelihood"": ""beta""}}, ""rem_profile_params"": {""rem_stage"": 2, ""step_size_hours"": 1, ""window_size_hours"": 6}, ""tau_threshold"": 5.0}",run_output_8day_rem_w6_s1_stage2_no_pareto,rem_w6_s1_stage2
185,81f41296b49cb78c,ok,,"concat: range; even: mean; odd: mean, range",mean=lognormal; range=beta,16,5.0,6,1,2,218.45863692093613,218.45863692093613,7.533056445549522,1.8832641113873805,0.01220563318912,1.8832641113873805,0.01220563318912,-437.0724264518977,1.0,3398.0,2173.0,0.986880611491367,0,5,0.9947639216402424,0.001214673374788,5.001216276498435,0.034904700358532,4.250304008200051,4.500608055682807,4.750912103165561,1.6693986448333392e-06,1.1509089844180724,3,False,,False,4,4,29,0,[],61.58044229698135,"(29, 152)",,[0],"{""feature_selection"": {""concat"": [""range""], ""even"": [""mean""], ""odd"": [""mean"", ""range""]}, ""n_chunks"": 16, ""parameter_selection"": {""mean"": {""likelihood"": ""lognormal""}, ""range"": {""likelihood"": ""beta""}}, ""rem_profile_params"": {""rem_stage"": 2, ""step_size_hours"": 1, ""window_size_hours"": 6}, ""tau_threshold"": 5.0}",run_output_8day_rem_w6_s1_stage2_no_pareto,rem_w6_s1_stage2
122,a520b976e56b948d,ok,,"even: mean, range; odd: mean",mean=lognormal; range=lognormal,16,5.0,3,1,2,162.9535223945863,162.9535223945863,5.619086979123665,1.8730289930412212,0.0178036976102028,1.8730289930412212,0.0178036976102028,-323.5663659794534,1.0,781.0,863.0,0.9981348906439352,0,8,0.3148156287326871,0.8595883376650151,7.032953756318425,1.4831496418906849,6.259207701051576,7.061138665411121,7.530569332705561,0.8260835668570297,1.5906347247572663,4,False,,False,3,3,29,0,[],34.77602121903328,"(29, 176)",,[0],"{""feature_selection"": {""even"": [""mean"", ""range""], ""odd"": [""mean""]}, ""n_chunks"": 16, ""parameter_selection"": {""mean"": {""likelihood"": ""lognormal""}, ""range"": {""likelihood"": ""lognormal""}}, ""rem_profile_params"": {""rem_stage"": 2, ""step_size_hours"": 1, ""window_size_hours"": 3}, ""tau_threshold"": 5.0}",run_output_8day_rem_w3_s1_stage2_no_pareto,rem_w3_s1_stage2
58,8b01dc09284ccdb3,ok,,"odd: mean, range",mean=lognormal; range=lognormal,16,5.0,2,2,2,108.40919565851316,108.40919565851316,3.7382481261556255,1.869124063077813,0.0251413567109947,1.869124063077813,0.0251413567109947,-218.57797319899407,1.0,2452.0,1342.0,1.050400208545775,0,8,0.7377760647590961,0.9418048758806644,7.716417546337471,0.9654835133967786,7.1702467987792255,7.446831199186151,7.723415599593075,0.921412701518476,1.3810114184329243,2,False,,False,2,2,29,0,[],22.60174506698968,"(29, 96)",,[0],"{""feature_selection"": {""odd"": [""mean"", ""range""]}, ""n_chunks"": 16, ""parameter_selection"": {""mean"": {""likelihood"": ""lognormal""}, ""range"": {""likelihood"": ""lognormal""}}, ""rem_profile_params"": {""rem_stage"": 2, ""step_size_hours"": 2, ""window_size_hours"": 2}, ""tau_threshold"": 5.0}",run_output_8day_rem_w2_s2_stage2_no_pareto,rem_w2_s2_stage2
136,531dcee3e58761bf,ok,,"even: range; odd: mean, range",mean=student_t; range=lognormal,16,5.0,2,2,2,162.4399630105968,162.4399630105968,5.601378034848166,1.8671260116160555,0.0141672005034631,1.8671260116160555,0.0141672005034631,-324.46325976683295,1.0,2234.0,1166.0,1.071781151642598,0,8,0.7409480303444416,0.965501571518218,7.761673585428774,0.7850358132432188,7.165381597913124,7.443587731942082,7.7217938659710414,0.9171301624335404,0.6910047303962514,0,False,,False,3,3,29,0,[],44.07393108098768,"(29, 96)",,[0],"{""feature_selection"": {""even"": [""range""], ""odd"": [""mean"", ""range""]}, ""n_chunks"": 16, ""parameter_selection"": {""mean"": {""likelihood"": ""student_t""}, ""range"": {""likelihood"": ""lognormal""}}, ""rem_profile_params"": {""rem_stage"": 2, ""step_size_hours"": 2, ""window_size_hours"": 2}, ""tau_threshold"": 5.0}",run_output_8day_rem_w2_s2_stage2_no_pareto,rem_w2_s2_stage2
181,220bb6c3dd4fec02,ok,,"concat: range; even: mean, range; odd: range",mean=lognormal; range=beta,16,5.0,6,1,2,216.3544176331931,216.3544176331931,7.4604971597652785,1.8651242899413192,0.0106638270877769,1.8651242899413192,0.0106638270877769,-432.7435857730919,1.0,3087.0,2167.0,1.0010236881476342,0,5,0.9954925717801224,0.0010197462186701,5.001024845856838,0.0321603436465113,4.250255179834708,4.500510382285007,4.750765584735306,5.103576043667245e-06,1.0886327008077528,3,False,,False,4,4,29,0,[],77.42967461998342,"(29, 152)",,[0],"{""feature_selection"": {""concat"": [""range""], ""even"": [""mean"", ""range""], ""odd"": [""range""]}, ""n_chunks"": 16, ""parameter_selection"": {""mean"": {""likelihood"": ""lognormal""}, ""range"": {""likelihood"": ""beta""}}, ""rem_profile_params"": {""rem_stage"": 2, ""step_size_hours"": 1, ""window_size_hours"": 6}, ""tau_threshold"": 5.0}",run_output_8day_rem_w6_s1_stage2_no_pareto,rem_w6_s1_stage2
133,52ffec79ba9e7f7c,ok,,"even: range; odd: mean, range",mean=lognormal; range=beta,16,5.0,3,1,2,162.13935992216875,162.13935992216875,5.591012411109268,1.863670803703089,0.0146558881211587,1.863670803703089,0.0146558881211587,-316.7620588017219,1.06,72.0,183.0,0.8388904578809078,30,8,0.4873177529152028,0.770769241786726,6.874521304646414,1.9648903125787591,6.285001462534073,7.305438848986981,7.65271942449349,0.7620063513407562,1.4361025961688685,2,False,,False,3,3,29,0,[],52.34639275603695,"(29, 176)",,[0],"{""feature_selection"": {""even"": [""range""], ""odd"": [""mean"", ""range""]}, ""n_chunks"": 16, ""parameter_selection"": {""mean"": {""likelihood"": ""lognormal""}, ""range"": {""likelihood"": ""beta""}}, ""rem_profile_params"": {""rem_stage"": 2, ""step_size_hours"": 1, ""window_size_hours"": 3}, ""tau_threshold"": 5.0}",run_output_8day_rem_w3_s1_stage2_no_pareto,rem_w3_s1_stage2
116,1daa9f5ddb69a4df,ok,,concat: range; even: range; odd: range,range=lognormal,16,5.0,3,1,2,161.77371320630337,161.77371320630337,5.578403903665634,1.8594679678885448,0.0098328749368845,1.8594679678885448,0.0098328749368845,-321.29396814123965,1.02,264.0,1050.0,0.9645248618411816,0,8,0.1956687489133234,0.5808561854210144,6.317980388546822,1.5980148315151386,4.276663445799479,6.297159322671456,7.325015205963749,0.5548035632929408,0.6553370931482093,0,False,,False,3,3,29,0,[],16.46762629202567,"(29, 176)",,[0],"{""feature_selection"": {""concat"": [""range""], ""even"": [""range""], ""odd"": [""range""]}, ""n_chunks"": 16, ""parameter_selection"": {""range"": {""likelihood"": ""lognormal""}}, ""rem_profile_params"": {""rem_stage"": 2, ""step_size_hours"": 1, ""window_size_hours"": 3}, ""tau_threshold"": 5.0}",run_output_8day_rem_w3_s1_stage2_no_pareto,rem_w3_s1_stage2
7,c21fcda1932c1192,ok,,"concat: range; even: mean, range; odd: mean, range",mean=lognormal; range=beta,16,5.0,6,1,2,269.4052085349586,269.4052085349586,9.289834777067538,1.857966955413508,0.0105769435931538,1.857966955413508,0.0105769435931538,-538.6744317252899,1.0,2622.0,2096.0,0.9950261226302828,0,5,0.9935167294381744,0.001542831019848,5.00155778389284,0.0398249165042157,4.250386244833921,4.500772568271608,4.751158891709295,1.5093312296258126e-05,1.3788835727531044,4,False,,False,5,5,29,0,[],49.50403107702732,"(29, 152)",,[0],"{""feature_selection"": {""concat"": [""range""], ""even"": [""mean"", ""range""], ""odd"": [""mean"", ""range""]}, ""n_chunks"": 16, ""parameter_selection"": {""mean"": {""likelihood"": ""lognormal""}, ""range"": {""likelihood"": ""beta""}}, ""rem_profile_params"": {""rem_stage"": 2, ""step_size_hours"": 1, ""window_size_hours"": 6}, ""tau_threshold"": 5.0}",run_output_8day_rem_w6_s1_stage2_no_pareto,rem_w6_s1_stage2
186,ded753f1b07b6141,ok,,"concat: range; even: mean; odd: mean, range",mean=lognormal; range=lognormal,16,5.0,6,1,2,215.0814176959747,215.0814176959747,7.416600610206024,1.854150152551506,0.0107298429253103,1.854150152551506,0.0107298429253103,-430.0546806191125,1.0,1971.0,1758.0,1.0300153038283733,0,7,0.7697547262868043,0.962146810740253,6.89024081308399,0.4503728235600115,6.1847669564697885,6.460973576488943,6.737180196508097,0.9172361767224976,1.4528994129398611,3,False,,False,4,4,29,0,[],46.159322098013945,"(29, 152)",,[0],"{""feature_selection"": {""concat"": [""range""], ""even"": [""mean""], ""odd"": [""mean"", ""range""]}, ""n_chunks"": 16, ""parameter_selection"": {""mean"": {""likelihood"": ""lognormal""}, ""range"": {""likelihood"": ""lognormal""}}, ""rem_profile_params"": {""rem_stage"": 2, ""step_size_hours"": 1, ""window_size_hours"": 6}, ""tau_threshold"": 5.0}",run_output_8day_rem_w6_s1_stage2_no_pareto,rem_w6_s1_stage2
32,47d221d411a837b5,ok,,concat: range; even: mean,mean=student_t; range=lognormal,16,5.0,6,1,2,107.14064750457024,107.14064750457024,3.694505086364492,1.8472525431822464,0.0087371933003939,1.8472525431822464,0.0087371933003939,-214.7001729261825,1.0,3020.0,2591.0,1.001642727968942,0,7,0.6915210693810625,0.9497028946267636,6.920881982626896,0.5549055711023008,6.1981310505821225,6.486639905183679,6.775148759785235,0.9216854157351174,0.7043319313674153,1,False,,False,2,2,29,0,[],22.64594474399928,"(29, 152)",,[0],"{""feature_selection"": {""concat"": [""range""], ""even"": [""mean""]}, ""n_chunks"": 16, ""parameter_selection"": {""mean"": {""likelihood"": ""student_t""}, ""range"": {""likelihood"": ""lognormal""}}, ""rem_profile_params"": {""rem_stage"": 2, ""step_size_hours"": 1, ""window_size_hours"": 6}, ""tau_threshold"": 5.0}",run_output_8day_rem_w6_s1_stage2_no_pareto,rem_w6_s1_stage2
51,3f05e21c4dbe91e1,ok,,even: range; odd: mean,mean=lognormal; range=beta,16,5.0,3,1,2,106.87454674903796,106.87454674903796,3.685329198242688,1.842664599121344,0.0208617369335807,1.842664599121344,0.0208617369335807,-214.0540420417336,1.0,872.0,1707.0,0.9336627007217724,0,8,0.0802299124511352,0.5083437901528058,5.868974455626377,1.88993669688147,3.7453496084491977,5.140355680369114,7.279156417856942,0.4488963197628443,1.6333733775535482,2,False,,False,2,2,29,0,[],26.582235866982955,"(29, 176)",,[0],"{""feature_selection"": {""even"": [""range""], ""odd"": [""mean""]}, ""n_chunks"": 16, ""parameter_selection"": {""mean"": {""likelihood"": ""lognormal""}, ""range"": {""likelihood"": ""beta""}}, ""rem_profile_params"": {""rem_stage"": 2, ""step_size_hours"": 1, ""window_size_hours"": 3}, ""tau_threshold"": 5.0}",run_output_8day_rem_w3_s1_stage2_no_pareto,rem_w3_s1_stage2
39,ab3e8eabb708d8f2,ok,,concat: range; odd: range,range=beta,16,5.0,6,1,2,106.7985754083074,106.7985754083074,3.6827094968381857,1.8413547484190929,0.0124145416473046,1.8413547484190929,0.0124145416473046,-213.66846223817583,1.0,2483.0,1786.0,0.9641907516346058,0,5,0.989037959587209,0.0028579208748232,5.002862553349322,0.0535534177115621,4.250716198993658,4.501432837080644,4.752149475167631,5.47959206774248e-06,1.0763599264373849,2,False,,False,2,2,29,0,[],28.04477041400969,"(29, 152)",,[0],"{""feature_selection"": {""concat"": [""range""], ""odd"": [""range""]}, ""n_chunks"": 16, ""parameter_selection"": {""range"": {""likelihood"": ""beta""}}, ""rem_profile_params"": {""rem_stage"": 2, ""step_size_hours"": 1, ""window_size_hours"": 6}, ""tau_threshold"": 5.0}",run_output_8day_rem_w6_s1_stage2_no_pareto,rem_w6_s1_stage2
117,489f315dc9f077f8,ok,,"concat: range; odd: mean, range",mean=lognormal; range=beta,16,5.0,6,1,2,159.7499899644721,159.7499899644721,5.508620343602486,1.8362067812008285,0.0143740943824237,1.8362067812008285,0.0143740943824237,-318.9880791532543,1.0,2651.0,1908.0,0.984814613587932,0,5,0.9866966047420018,0.0035849963071428,5.003594218763619,0.0600166717575262,4.250899296003703,4.501798829202444,4.752698362401184,9.666316414436968e-06,1.3062727970748549,2,False,,False,3,3,29,0,[],43.6005323069985,"(29, 152)",,[0],"{""feature_selection"": {""concat"": [""range""], ""odd"": [""mean"", ""range""]}, ""n_chunks"": 16, ""parameter_selection"": {""mean"": {""likelihood"": ""lognormal""}, ""range"": {""likelihood"": ""beta""}}, ""rem_profile_params"": {""rem_stage"": 2, ""step_size_hours"": 1, ""window_size_hours"": 6}, ""tau_threshold"": 5.0}",run_output_8day_rem_w6_s1_stage2_no_pareto,rem_w6_s1_stage2
34,a67d69d4571c0949,ok,,concat: range; even: range,range=lognormal,16,5.0,2,2,2,106.44462211675996,106.44462211675996,3.6705042109227577,1.8352521054613784,0.0099920772152014,1.8352521054613784,0.0099920772152014,-213.2386880628412,1.0,2284.0,2811.0,1.0237215004761069,0,7,0.3806165233566444,0.8800473181419238,6.493178064455042,0.7981905537936173,5.447799224872691,6.162665883790458,6.616365778765786,0.5896329741267101,0.5748321003050952,0,False,,False,2,2,29,0,[],20.748923175036907,"(29, 96)",,[0],"{""feature_selection"": {""concat"": [""range""], ""even"": [""range""]}, ""n_chunks"": 16, ""parameter_selection"": {""range"": {""likelihood"": ""lognormal""}}, ""rem_profile_params"": {""rem_stage"": 2, ""step_size_hours"": 2, ""window_size_hours"": 2}, ""tau_threshold"": 5.0}",run_output_8day_rem_w2_s2_stage2_no_pareto,rem_w2_s2_stage2
57,e5534b3f8f75ae61,ok,,"odd: mean, range",mean=lognormal; range=beta,16,5.0,2,2,2,106.2691243709209,106.2691243709209,3.664452564514514,1.8322262822572568,0.0217328731577043,1.8322262822572568,0.0217328731577043,-210.32210690428772,1.0,1172.0,1551.0,1.0725253161751975,0,8,0.3863161293019447,0.9981769633461436,7.1186836738654335,0.8310234747923038,5.887103383491549,6.695592743928747,7.381824972915245,0.7184159253830777,1.3597798383930706,3,False,,False,2,2,29,0,[],28.217474001983646,"(29, 96)",,[0],"{""feature_selection"": {""odd"": [""mean"", ""range""]}, ""n_chunks"": 16, ""parameter_selection"": {""mean"": {""likelihood"": ""lognormal""}, ""range"": {""likelihood"": ""beta""}}, ""rem_profile_params"": {""rem_stage"": 2, ""step_size_hours"": 2, ""window_size_hours"": 2}, ""tau_threshold"": 5.0}",run_output_8day_rem_w2_s2_stage2_no_pareto,rem_w2_s2_stage2
118,d41538ec701f3c1f,ok,,"concat: range; odd: mean, range",mean=lognormal; range=lognormal,16,5.0,6,1,2,159.2651382583137,159.2651382583137,5.491901319252197,1.8306337730840652,0.0131023313756558,1.8306337730840652,0.0131023313756558,-318.05289532929186,1.0,2794.0,2476.0,0.9996853096688276,0,7,0.7589418690343479,0.9737472849584464,6.875888135244421,0.4252573709638942,6.165705397823722,6.446120785455564,6.726536173087405,0.897732083484375,1.449259030064077,2,False,,False,3,3,29,0,[],32.26579132297775,"(29, 152)",,[0],"{""feature_selection"": {""concat"": [""range""], ""odd"": [""mean"", ""range""]}, ""n_chunks"": 16, ""parameter_selection"": {""mean"": {""likelihood"": ""lognormal""}, ""range"": {""likelihood"": ""lognormal""}}, ""rem_profile_params"": {""rem_stage"": 2, ""step_size_hours"": 1, ""window_size_hours"": 6}, ""tau_threshold"": 5.0}",run_output_8day_rem_w6_s1_stage2_no_pareto,rem_w6_s1_stage2
55,80e9aa9a8a9a43c8,ok,,even: range; odd: range,range=beta,16,5.0,2,1,2,106.1235188537433,106.1235188537433,3.659431684611838,1.8297158423059192,0.0110992905863595,1.8297158423059192,0.0110992905863595,-211.28462871705057,1.01,615.0,914.0,0.9766600456569507,0,5,0.2031919133589033,0.3284478287947201,5.248341720158019,1.0964118070569948,4.0608224149927405,4.617798306210435,5.358800552019643,0.1098087315214658,0.8484478650089071,1,False,,False,2,2,29,0,[],30.67649433901533,"(29, 184)",,[0],"{""feature_selection"": {""even"": [""range""], ""odd"": [""range""]}, ""n_chunks"": 16, ""parameter_selection"": {""range"": {""likelihood"": ""beta""}}, ""rem_profile_params"": {""rem_stage"": 2, ""step_size_hours"": 1, ""window_size_hours"": 2}, ""tau_threshold"": 5.0}",run_output_8day_rem_w2_s1_stage2_no_pareto,rem_w2_s1_stage2
126,26ce6b01633d0961,ok,,"even: mean, range; odd: range",mean=lognormal; range=lognormal,16,5.0,3,1,2,159.18376085485716,159.18376085485716,5.489095201891626,1.829698400630542,0.0131661729149703,1.829698400630542,0.0131661729149703,-316.24589979684373,1.01,587.0,250.0,1.036022021209993,0,8,0.6924065942453199,0.9094770999659524,7.598060247898046,1.1666194580868063,7.141680878994316,7.427787252662877,7.713893626331439,0.9040049709170196,0.7858603894018718,2,False,,False,3,3,29,0,[],33.959323275019415,"(29, 176)",,[0],"{""feature_selection"": {""even"": [""mean"", ""range""], ""odd"": [""range""]}, ""n_chunks"": 16, ""parameter_selection"": {""mean"": {""likelihood"": ""lognormal""}, ""range"": {""likelihood"": ""lognormal""}}, ""rem_profile_params"": {""rem_stage"": 2, ""step_size_hours"": 1, ""window_size_hours"": 3}, ""tau_threshold"": 5.0}",run_output_8day_rem_w3_s1_stage2_no_pareto,rem_w3_s1_stage2
108,0bbddd64eb17d5a1,ok,,concat: range; even: mean; odd: range,mean=lognormal; range=lognormal,16,5.0,6,1,2,159.1419845697223,159.1419845697223,5.487654640335252,1.829218213445084,0.0092873420046653,1.829218213445084,0.0092873420046653,-318.0946243690234,1.0,1606.0,1413.0,1.0305648626674704,0,7,0.5374478010591726,0.8573210451769354,6.618115067068936,0.752031093839729,5.98072916431377,6.338657961808258,6.680196879051089,0.7478911953447146,0.6754067105836571,0,False,,False,3,3,29,0,[],31.56343287997879,"(29, 152)",,[0],"{""feature_selection"": {""concat"": [""range""], ""even"": [""mean""], ""odd"": [""range""]}, ""n_chunks"": 16, ""parameter_selection"": {""mean"": {""likelihood"": ""lognormal""}, ""range"": {""likelihood"": ""lognormal""}}, ""rem_profile_params"": {""rem_stage"": 2, ""step_size_hours"": 1, ""window_size_hours"": 6}, ""tau_threshold"": 5.0}",run_output_8day_rem_w6_s1_stage2_no_pareto,rem_w6_s1_stage2
41,b15d8acada9474e4,ok,,"even: mean, range",mean=lognormal; range=beta,16,5.0,6,1,2,105.81844403534208,105.81844403534208,3.648911863287658,1.824455931643829,0.0177545121285678,1.824455931643829,0.0177545121285678,-212.4614099335995,1.01,771.0,919.0,0.9858019149548968,0,8,0.2004629344488888,0.6271019150644347,6.216479700423859,2.066663993770757,3.600319526517073,6.871727385378001,7.4862417841427344,0.5909955356121916,0.7916686590076797,2,False,,False,2,2,29,0,[],27.29056071600644,"(29, 152)",,[0],"{""feature_selection"": {""even"": [""mean"", ""range""]}, ""n_chunks"": 16, ""parameter_selection"": {""mean"": {""likelihood"": ""lognormal""}, ""range"": {""likelihood"": ""beta""}}, ""rem_profile_params"": {""rem_stage"": 2, ""step_size_hours"": 1, ""window_size_hours"": 6}, ""tau_threshold"": 5.0}",run_output_8day_rem_w6_s1_stage2_no_pareto,rem_w6_s1_stage2
115,4e7804c09c68b209,ok,,concat: range; even: range; odd: range,range=beta,16,5.0,6,1,2,158.57856484516478,158.57856484516478,5.468226373971199,1.8227421246570668,0.0112684374812139,1.8227421246570668,0.0112684374812139,-317.651314731788,1.0,2725.0,1744.0,0.9369788017266631,0,5,0.9905265871674744,0.0024092778995867,5.0024137678161305,0.0492005456798627,4.250603484382438,4.501207355412323,4.751811226442208,5.231553794894577e-06,1.0182378887862935,2,False,,False,3,3,29,0,[],48.44131772901165,"(29, 152)",,[0],"{""feature_selection"": {""concat"": [""range""], ""even"": [""range""], ""odd"": [""range""]}, ""n_chunks"": 16, ""parameter_selection"": {""range"": {""likelihood"": ""beta""}}, ""rem_profile_params"": {""rem_stage"": 2, ""step_size_hours"": 1, ""window_size_hours"": 6}, ""tau_threshold"": 5.0}",run_output_8day_rem_w6_s1_stage2_no_pareto,rem_w6_s1_stage2
45,d479c7a5e6b77a56,ok,,even: mean; odd: mean,mean=lognormal,16,5.0,6,1,2,105.35752600575752,105.35752600575752,3.63301813812957,1.816509069064785,0.021115397491332,1.816509069064785,0.021115397491332,-207.51109252943863,1.01,771.0,1254.0,1.006898799724042,0,7,0.0574000194749944,0.5797566124646464,5.895884379005545,1.770952869325969,3.693594841644434,6.049683208029495,6.928468557904113,0.5141340567513397,1.2678475657593729,2,False,,False,2,2,29,0,[],21.31035396497464,"(29, 152)",,[0],"{""feature_selection"": {""even"": [""mean""], ""odd"": [""mean""]}, ""n_chunks"": 16, ""parameter_selection"": {""mean"": {""likelihood"": ""lognormal""}}, ""rem_profile_params"": {""rem_stage"": 2, ""step_size_hours"": 1, ""window_size_hours"": 6}, ""tau_threshold"": 5.0}",run_output_8day_rem_w6_s1_stage2_no_pareto,rem_w6_s1_stage2
189,f5ba2683b0355dab,ok,,"concat: range; even: range; odd: mean, range",mean=lognormal; range=beta,16,5.0,6,1,2,210.53493758858497,210.53493758858497,7.259825434089136,1.8149563585222843,0.0113744724097048,1.8149563585222843,0.0113744724097048,-422.8900289317697,1.0,3212.0,2028.0,0.9432445952725216,0,5,0.987644969669767,0.003278903645995,5.003294213586635,0.0575943274134354,4.2508221183903,4.501644642779825,4.75246716716935,1.5951521804276952e-05,1.369440584948754,4,False,,False,4,4,29,0,[],72.38948393700412,"(29, 152)",,[0],"{""feature_selection"": {""concat"": [""range""], ""even"": [""range""], ""odd"": [""mean"", ""range""]}, ""n_chunks"": 16, ""parameter_selection"": {""mean"": {""likelihood"": ""lognormal""}, ""range"": {""likelihood"": ""beta""}}, ""rem_profile_params"": {""rem_stage"": 2, ""step_size_hours"": 1, ""window_size_hours"": 6}, ""tau_threshold"": 5.0}",run_output_8day_rem_w6_s1_stage2_no_pareto,rem_w6_s1_stage2
100,fd40f7b562c5257e,ok,,"concat: range; even: mean, range",mean=lognormal; range=lognormal,16,5.0,6,1,2,157.72378637360538,157.72378637360538,5.438751254262255,1.8129170847540843,0.0135980294302466,1.8129170847540843,0.0135980294302466,-316.4249769703072,1.0,1885.0,1889.0,1.004626661061989,0,7,0.6818788577905591,0.9230696492283412,6.881612533578575,0.6257520302346933,6.1858368318526695,6.478697484747425,6.77155813764218,0.9086392965526284,0.8180883089445187,1,False,,False,3,3,29,0,[],29.925343791022897,"(29, 152)",,[0],"{""feature_selection"": {""concat"": [""range""], ""even"": [""mean"", ""range""]}, ""n_chunks"": 16, ""parameter_selection"": {""mean"": {""likelihood"": ""lognormal""}, ""range"": {""likelihood"": ""lognormal""}}, ""rem_profile_params"": {""rem_stage"": 2, ""step_size_hours"": 1, ""window_size_hours"": 6}, ""tau_threshold"": 5.0}",run_output_8day_rem_w6_s1_stage2_no_pareto,rem_w6_s1_stage2
194,ccbbffd75d075189,ok,,"even: mean, range; odd: mean, range",mean=lognormal; range=lognormal,16,5.0,2,2,2,210.12585172907183,210.12585172907183,7.245719025140408,1.811429756285102,0.0152175693783973,1.811429756285102,0.0152175693783973,-421.964085878562,1.0,3407.0,1996.0,1.0232378873892467,0,8,0.9245700564136616,0.9902384209624012,7.946439630694253,0.4148956840058467,7.2335896914722735,7.489059794314849,7.744529897157425,0.9853278451107512,1.370226081403701,3,False,,False,4,4,29,0,[],49.06760544801364,"(29, 96)",,[0],"{""feature_selection"": {""even"": [""mean"", ""range""], ""odd"": [""mean"", ""range""]}, ""n_chunks"": 16, ""parameter_selection"": {""mean"": {""likelihood"": ""lognormal""}, ""range"": {""likelihood"": ""lognormal""}}, ""rem_profile_params"": {""rem_stage"": 2, ""step_size_hours"": 2, ""window_size_hours"": 2}, ""tau_threshold"": 5.0}",run_output_8day_rem_w2_s2_stage2_no_pareto,rem_w2_s2_stage2
34,fcc42f2cf0b157eb,ok,,concat: range; even: range,range=lognormal,16,5.0,3,1,2,104.96001344198864,104.96001344198864,3.619310808344436,1.8096554041722184,0.0104839690129389,1.8096554041722184,0.0104839690129389,-210.44707171086657,1.0,1414.0,1999.0,0.976857457363914,0,7,0.3212316385875259,0.7139785939016299,6.359788472041912,1.0888628536500509,4.845945443105216,6.239783591501637,6.679880537279149,0.6362106655148538,0.8483005088604944,2,False,,False,2,2,29,0,[],21.082255474990237,"(29, 176)",,[0],"{""feature_selection"": {""concat"": [""range""], ""even"": [""range""]}, ""n_chunks"": 16, ""parameter_selection"": {""range"": {""likelihood"": ""lognormal""}}, ""rem_profile_params"": {""rem_stage"": 2, ""step_size_hours"": 1, ""window_size_hours"": 3}, ""tau_threshold"": 5.0}",run_output_8day_rem_w3_s1_stage2_no_pareto,rem_w3_s1_stage2
116,8e05f760f68711e3,ok,,concat: range; even: range; odd: range,range=lognormal,16,5.0,2,1,2,157.07193193215653,157.07193193215653,5.416273514901949,1.8054245049673168,0.0101069499823399,1.8054245049673168,0.0101069499823399,-315.70227089206605,1.01,719.0,1189.0,1.0281099542475258,0,7,0.3565946685838278,0.6985797978109322,6.13554679479237,1.4062046687331864,3.9438871867458136,6.257404869613731,6.681335813179163,0.6517964620893513,1.1819348940230008,2,False,,False,3,3,29,0,[],32.72541978897061,"(29, 184)",,[0],"{""feature_selection"": {""concat"": [""range""], ""even"": [""range""], ""odd"": [""range""]}, ""n_chunks"": 16, ""parameter_selection"": {""range"": {""likelihood"": ""lognormal""}}, ""rem_profile_params"": {""rem_stage"": 2, ""step_size_hours"": 1, ""window_size_hours"": 2}, ""tau_threshold"": 5.0}",run_output_8day_rem_w2_s1_stage2_no_pareto,rem_w2_s1_stage2
178,06cd53102ca455ba,ok,,"concat: range; even: mean, range; odd: mean",mean=lognormal; range=lognormal,16,5.0,6,1,2,209.34354102239124,209.34354102239124,7.21874279387556,1.8046856984688904,0.0129707436196642,1.8046856984688904,0.0129707436196642,-423.2721636719993,1.0,1609.0,1437.0,0.9792810343783164,0,7,0.8415069664973195,0.9770603878602108,6.9774094734923455,0.3669077141734839,6.235296673634229,6.500931734463265,6.7665667952923005,0.9714473052802955,1.9099179588111608,1,False,,False,4,4,29,0,[],45.50454778800486,"(29, 152)",,[0],"{""feature_selection"": {""concat"": [""range""], ""even"": [""mean"", ""range""], ""odd"": [""mean""]}, ""n_chunks"": 16, ""parameter_selection"": {""mean"": {""likelihood"": ""lognormal""}, ""range"": {""likelihood"": ""lognormal""}}, ""rem_profile_params"": {""rem_stage"": 2, ""step_size_hours"": 1, ""window_size_hours"": 6}, ""tau_threshold"": 5.0}",run_output_8day_rem_w6_s1_stage2_no_pareto,rem_w6_s1_stage2
11,c82789eecf5d14d9,ok,,odd: range,range=beta,16,5.0,3,1,2,52.33551911478715,52.33551911478715,1.8046730729236944,1.8046730729236944,0.0233544248217972,1.8046730729236944,0.0233544248217972,-96.90457346751217,1.01,382.0,487.0,1.021217103673368,0,8,0.2340712435458208,0.6315213678124686,6.101432929462684,2.176011004302361,2.822127955361549,6.852969067659929,7.484438310494071,0.5875529296615558,1.2032111230561098,1,False,,False,1,1,29,0,[],20.40668623300735,"(29, 176)",,[0],"{""feature_selection"": {""odd"": [""range""]}, ""n_chunks"": 16, ""parameter_selection"": {""range"": {""likelihood"": ""beta""}}, ""rem_profile_params"": {""rem_stage"": 2, ""step_size_hours"": 1, ""window_size_hours"": 3}, ""tau_threshold"": 5.0}",run_output_8day_rem_w3_s1_stage2_no_pareto,rem_w3_s1_stage2
121,12b0d34e8953194b,ok,,"even: mean, range; odd: mean",mean=lognormal; range=beta,16,5.0,6,1,2,155.62225894077815,155.62225894077815,5.366284791061315,1.7887615970204385,0.0154321343434746,1.7887615970204385,0.0154321343434746,-306.32366015786243,1.0,560.0,657.0,1.0452174911751604,0,8,0.2482797640098802,0.7682977348813051,6.714942609590929,1.782840302192689,5.708141199658716,7.0262428500853495,7.513121425042675,0.7424586297845763,1.3062623642388334,2,False,,False,3,3,29,0,[],39.2345742789912,"(29, 152)",,[0],"{""feature_selection"": {""even"": [""mean"", ""range""], ""odd"": [""mean""]}, ""n_chunks"": 16, ""parameter_selection"": {""mean"": {""likelihood"": ""lognormal""}, ""range"": {""likelihood"": ""beta""}}, ""rem_profile_params"": {""rem_stage"": 2, ""step_size_hours"": 1, ""window_size_hours"": 6}, ""tau_threshold"": 5.0}",run_output_8day_rem_w6_s1_stage2_no_pareto,rem_w6_s1_stage2
112,bb7dbbf329a2d960,ok,,concat: range; even: range; odd: mean,mean=lognormal; range=lognormal,16,5.0,6,1,2,154.5387979871651,154.5387979871651,5.328924068522935,1.7763080228409784,0.014267333891516,1.7763080228409784,0.014267333891516,-309.93451006302286,1.01,2765.0,2064.0,1.004728642256856,0,7,0.8548188817935657,0.9830063082274674,6.980073972789011,0.3333422761228308,6.235927179290086,6.499402291578989,6.7628774038678925,0.9738609723329296,1.6909015568934005,2,False,,False,3,3,29,0,[],33.52685500198277,"(29, 152)",,[0],"{""feature_selection"": {""concat"": [""range""], ""even"": [""range""], ""odd"": [""mean""]}, ""n_chunks"": 16, ""parameter_selection"": {""mean"": {""likelihood"": ""lognormal""}, ""range"": {""likelihood"": ""lognormal""}}, ""rem_profile_params"": {""rem_stage"": 2, ""step_size_hours"": 1, ""window_size_hours"": 6}, ""tau_threshold"": 5.0}",run_output_8day_rem_w6_s1_stage2_no_pareto,rem_w6_s1_stage2
40,285f8e561e7a9748,ok,,concat: range; odd: range,range=lognormal,16,5.0,6,1,2,102.95621686364404,102.95621686364404,3.5502143746084154,1.7751071873042077,0.0111783976355782,1.7751071873042077,0.0111783976355782,-205.92845209493944,1.0,3090.0,2502.0,1.0410465529951105,0,7,0.5535624904273421,0.9142724918246432,6.664396292349642,0.6514770864984546,5.953535100916277,6.3307621399935625,6.672465412759008,0.7419951507317045,0.6789662617458573,0,False,,False,2,2,29,0,[],20.891064599971287,"(29, 152)",,[0],"{""feature_selection"": {""concat"": [""range""], ""odd"": [""range""]}, ""n_chunks"": 16, ""parameter_selection"": {""range"": {""likelihood"": ""lognormal""}}, ""rem_profile_params"": {""rem_stage"": 2, ""step_size_hours"": 1, ""window_size_hours"": 6}, ""tau_threshold"": 5.0}",run_output_8day_rem_w6_s1_stage2_no_pareto,rem_w6_s1_stage2
42,9fb777eedf19bb79,ok,,"even: mean, range",mean=lognormal; range=lognormal,16,5.0,3,1,2,102.58099260008514,102.58099260008514,3.537275606899488,1.768637803449744,0.017073860744583,1.768637803449744,0.017073860744583,-202.7360492524328,1.0,1071.0,1368.0,1.0394260788512242,0,8,0.183470298593486,0.7509187053454003,6.50321332223443,1.7790809378891814,5.0196984189216,6.643406339922595,7.353641496058951,0.704280173133409,0.8322419200283714,3,False,,False,2,2,29,0,[],22.3808199139894,"(29, 176)",,[0],"{""feature_selection"": {""even"": [""mean"", ""range""]}, ""n_chunks"": 16, ""parameter_selection"": {""mean"": {""likelihood"": ""lognormal""}, ""range"": {""likelihood"": ""lognormal""}}, ""rem_profile_params"": {""rem_stage"": 2, ""step_size_hours"": 1, ""window_size_hours"": 3}, ""tau_threshold"": 5.0}",run_output_8day_rem_w3_s1_stage2_no_pareto,rem_w3_s1_stage2
190,f76fbe6164065e51,ok,,"concat: range; even: range; odd: mean, range",mean=lognormal; range=lognormal,16,5.0,2,2,2,204.86883529008375,204.86883529008375,7.064442596209785,1.7661106490524463,0.0142741407979787,1.7661106490524463,0.0142741407979787,-407.87322156389774,1.0,633.0,891.0,1.0554793781385168,0,8,0.4259474698081212,0.9464514861156108,7.403377813098794,0.9037913949017446,6.396239122561707,7.209053969231053,7.604526984615527,0.8273402942395548,1.4822966220413945,3,False,,False,4,4,29,0,[],54.72119474300416,"(29, 96)",,[0],"{""feature_selection"": {""concat"": [""range""], ""even"": [""range""], ""odd"": [""mean"", ""range""]}, ""n_chunks"": 16, ""parameter_selection"": {""mean"": {""likelihood"": ""lognormal""}, ""range"": {""likelihood"": ""lognormal""}}, ""rem_profile_params"": {""rem_stage"": 2, ""step_size_hours"": 2, ""window_size_hours"": 2}, ""tau_threshold"": 5.0}",run_output_8day_rem_w2_s2_stage2_no_pareto,rem_w2_s2_stage2
125,52c4da4cf7f9261d,ok,,"even: mean, range; odd: range",mean=lognormal; range=beta,16,5.0,6,1,2,153.42659039818096,153.42659039818096,5.290572082695896,1.7635240275652984,0.0131994835504632,1.7635240275652984,0.0131994835504632,-307.2319212291813,1.0,2991.0,2238.0,0.9535780934599812,0,5,0.9792473349215948,0.0056942724727985,5.006307656957835,0.0872721024729165,4.251428770806764,4.502861482362071,4.754294193917376,0.0005742990179348,1.0281350710626005,2,False,,False,3,3,29,0,[],44.08191553200595,"(29, 152)",,[0],"{""feature_selection"": {""even"": [""mean"", ""range""], ""odd"": [""range""]}, ""n_chunks"": 16, ""parameter_selection"": {""mean"": {""likelihood"": ""lognormal""}, ""range"": {""likelihood"": ""beta""}}, ""rem_profile_params"": {""rem_stage"": 2, ""step_size_hours"": 1, ""window_size_hours"": 6}, ""tau_threshold"": 5.0}",run_output_8day_rem_w6_s1_stage2_no_pareto,rem_w6_s1_stage2
42,9a184563ea8e713e,ok,,"even: mean, range",mean=lognormal; range=lognormal,16,5.0,2,2,2,102.00442161720994,102.00442161720994,3.5173938488693084,1.758696924434654,0.0170326703811567,1.758696924434654,0.0170326703811567,-205.63476976212135,1.0,1237.0,1523.0,1.019194329190367,0,8,0.1777372301543099,0.7556641921794667,6.617002933000104,1.7517167906086213,5.057914405941568,6.918897418394676,7.485667651557589,0.6578613728743458,1.1883167907920866,2,False,,False,2,2,29,0,[],21.584813623980157,"(29, 96)",,[0],"{""feature_selection"": {""even"": [""mean"", ""range""]}, ""n_chunks"": 16, ""parameter_selection"": {""mean"": {""likelihood"": ""lognormal""}, ""range"": {""likelihood"": ""lognormal""}}, ""rem_profile_params"": {""rem_stage"": 2, ""step_size_hours"": 2, ""window_size_hours"": 2}, ""tau_threshold"": 5.0}",run_output_8day_rem_w2_s2_stage2_no_pareto,rem_w2_s2_stage2
193,f8d702dcd2554db2,ok,,"even: mean, range; odd: mean, range",mean=lognormal; range=beta,16,5.0,6,1,2,203.65383603882836,203.65383603882836,7.022546070304426,1.7556365175761064,0.0122308123379278,1.7556365175761064,0.0122308123379278,-409.8504514546489,1.0,2854.0,1997.0,0.9663032502045084,0,5,0.9460754596853248,0.0165827908331819,5.024337482831826,0.1989402827349582,4.254206422365442,4.508425156366039,4.762643890366636,0.0076605224699362,1.3027876398658096,4,False,,False,4,4,29,0,[],65.5303213300067,"(29, 152)",,[0],"{""feature_selection"": {""even"": [""mean"", ""range""], ""odd"": [""mean"", ""range""]}, ""n_chunks"": 16, ""parameter_selection"": {""mean"": {""likelihood"": ""lognormal""}, ""range"": {""likelihood"": ""beta""}}, ""rem_profile_params"": {""rem_stage"": 2, ""step_size_hours"": 1, ""window_size_hours"": 6}, ""tau_threshold"": 5.0}",run_output_8day_rem_w6_s1_stage2_no_pareto,rem_w6_s1_stage2
129,6d50952d05c16251,ok,,"even: mean; odd: mean, range",mean=lognormal; range=beta,16,5.0,6,1,2,152.22030862865023,152.22030862865023,5.248976159608628,1.7496587198695426,0.0141347140253433,1.7496587198695426,0.0141347140253433,-305.9582410735049,1.0,2531.0,2258.0,0.9917765497818632,0,5,0.9490845601903504,0.0152559197083356,5.021726025954553,0.1881152458743403,4.253854998902408,4.507734213826264,4.761613428750119,0.0059842294833877,1.2671882727109072,3,False,,False,3,3,29,0,[],38.69283918803558,"(29, 152)",,[0],"{""feature_selection"": {""even"": [""mean""], ""odd"": [""mean"", ""range""]}, ""n_chunks"": 16, ""parameter_selection"": {""mean"": {""likelihood"": ""lognormal""}, ""range"": {""likelihood"": ""beta""}}, ""rem_profile_params"": {""rem_stage"": 2, ""step_size_hours"": 1, ""window_size_hours"": 6}, ""tau_threshold"": 5.0}",run_output_8day_rem_w6_s1_stage2_no_pareto,rem_w6_s1_stage2
34,261369998dd0b552,ok,,concat: range; even: range,range=lognormal,16,5.0,6,1,2,101.0560410446754,101.0560410446754,3.4846910705060488,1.7423455352530242,0.0157271347531523,1.7423455352530242,0.0157271347531523,-202.6790732439528,1.0,3124.0,2654.0,0.9863302194866042,0,7,0.7338833456082186,0.9483632654458938,6.908190709139362,0.5249347873615416,6.1980398522911,6.479278822285651,6.760517792280202,0.9260423282510748,0.7150560921114284,1,False,,False,2,2,29,0,[],20.335293321986683,"(29, 152)",,[0],"{""feature_selection"": {""concat"": [""range""], ""even"": [""range""]}, ""n_chunks"": 16, ""parameter_selection"": {""range"": {""likelihood"": ""lognormal""}}, ""rem_profile_params"": {""rem_stage"": 2, ""step_size_hours"": 1, ""window_size_hours"": 6}, ""tau_threshold"": 5.0}",run_output_8day_rem_w6_s1_stage2_no_pareto,rem_w6_s1_stage2
34,446a60fa5456da9b,ok,,concat: range; even: range,range=lognormal,16,5.0,2,1,2,100.7161137455376,100.7161137455376,3.472969439501297,1.7364847197506486,0.0106427090143275,1.7364847197506486,0.0106427090143275,-202.034964397132,1.0,1489.0,1600.0,0.9552560941228156,0,7,0.3320174976238287,0.8520891642801761,6.583016949739763,1.1584822925600406,6.000936702764611,6.389247588423109,6.777558474081607,0.7506030623909902,0.7035363279077135,1,False,,False,2,2,29,0,[],21.25293807999697,"(29, 184)",,[0],"{""feature_selection"": {""concat"": [""range""], ""even"": [""range""]}, ""n_chunks"": 16, ""parameter_selection"": {""range"": {""likelihood"": ""lognormal""}}, ""rem_profile_params"": {""rem_stage"": 2, ""step_size_hours"": 1, ""window_size_hours"": 2}, ""tau_threshold"": 5.0}",run_output_8day_rem_w2_s1_stage2_no_pareto,rem_w2_s1_stage2
133,dc43ebe1942a62a0,ok,,"even: range; odd: mean, range",mean=lognormal; range=beta,16,5.0,2,2,2,150.58230800329267,150.58230800329267,5.192493379423885,1.730831126474628,0.0149493693039246,1.730831126474628,0.0149493693039246,-298.5126921558352,1.0,928.0,1534.0,0.940705771352484,0,8,0.4203771282659893,0.9998691926998609,7.206562174537447,0.86205681144625,5.8652910275076255,6.980175654697919,7.495693662440673,0.711100229707628,1.2339093444349016,4,False,,False,3,3,29,0,[],49.06741432700073,"(29, 96)",,[0],"{""feature_selection"": {""even"": [""range""], ""odd"": [""mean"", ""range""]}, ""n_chunks"": 16, ""parameter_selection"": {""mean"": {""likelihood"": ""lognormal""}, ""range"": {""likelihood"": ""beta""}}, ""rem_profile_params"": {""rem_stage"": 2, ""step_size_hours"": 2, ""window_size_hours"": 2}, ""tau_threshold"": 5.0}",run_output_8day_rem_w2_s2_stage2_no_pareto,rem_w2_s2_stage2
51,a6dbfd7988e1c8d5,ok,,even: range; odd: mean,mean=lognormal; range=beta,16,5.0,6,1,2,100.26549684460798,100.26549684460798,3.457430925676137,1.7287154628380683,0.0194628655814651,1.7287154628380683,0.0194628655814651,-196.6487865592688,1.0,685.0,830.0,0.974149682404596,0,8,0.2016724672532009,0.7718763624046074,6.616349725229167,1.7619513644853912,5.418607113773141,6.794682785276798,7.435995745619049,0.7196164707667818,1.5216275502402752,1,False,,False,2,2,29,0,[],26.821116617997177,"(29, 152)",,[0],"{""feature_selection"": {""even"": [""range""], ""odd"": [""mean""]}, ""n_chunks"": 16, ""parameter_selection"": {""mean"": {""likelihood"": ""lognormal""}, ""range"": {""likelihood"": ""beta""}}, ""rem_profile_params"": {""rem_stage"": 2, ""step_size_hours"": 1, ""window_size_hours"": 6}, ""tau_threshold"": 5.0}",run_output_8day_rem_w6_s1_stage2_no_pareto,rem_w6_s1_stage2
9,db8f66e345e46b91,ok,,odd: mean,mean=lognormal,16,5.0,6,1,2,49.983958414373326,49.983958414373326,1.7235847729094251,1.7235847729094254,0.0357681724016626,1.7235847729094254,0.0357681724016626,-96.47342947948437,1.0,1051.0,1018.0,0.9837003191732526,0,7,0.0540796790115783,0.6107484592817158,5.845720611630631,1.706744876635846,3.689772046208067,5.937911718798129,6.758060048489205,0.4926686261140138,1.3714317534781502,1,False,,False,1,1,29,0,[],15.884311315021478,"(29, 152)",,[0],"{""feature_selection"": {""odd"": [""mean""]}, ""n_chunks"": 16, ""parameter_selection"": {""mean"": {""likelihood"": ""lognormal""}}, ""rem_profile_params"": {""rem_stage"": 2, ""step_size_hours"": 1, ""window_size_hours"": 6}, ""tau_threshold"": 5.0}",run_output_8day_rem_w6_s1_stage2_no_pareto,rem_w6_s1_stage2
47,5ceab44523ef5b81,ok,,even: mean; odd: range,mean=lognormal; range=beta,16,5.0,6,1,2,99.91835550778428,99.91835550778428,3.445460534751182,1.7227302673755918,0.0131237652065466,1.7227302673755918,0.0131237652065466,-201.03595076064624,1.0,2254.0,1805.0,0.9693699755434652,0,5,0.9773493828564176,0.0063011766394535,5.006974101289703,0.0916436443965241,4.25157687031242,4.503164981715395,4.754753093118371,0.0006668828913166,1.1028956419175622,2,False,,False,2,2,29,0,[],24.519191380008124,"(29, 152)",,[0],"{""feature_selection"": {""even"": [""mean""], ""odd"": [""range""]}, ""n_chunks"": 16, ""parameter_selection"": {""mean"": {""likelihood"": ""lognormal""}, ""range"": {""likelihood"": ""beta""}}, ""rem_profile_params"": {""rem_stage"": 2, ""step_size_hours"": 1, ""window_size_hours"": 6}, ""tau_threshold"": 5.0}",run_output_8day_rem_w6_s1_stage2_no_pareto,rem_w6_s1_stage2
7,a3c5b9164e51aca8,ok,,even: range,range=beta,16,5.0,6,1,2,49.861646685541,49.861646685541,1.7193671270876203,1.7193671270876207,0.0250436592220546,1.7193671270876207,0.0250436592220546,-101.02691324370568,1.02,271.0,248.0,0.7353089662912037,0,8,0.1398234095150372,0.6373007822409924,6.128284503301813,2.0318399659473143,3.489714826829022,6.472508109711596,7.415319352072249,0.5648677653026882,0.8116910129395148,1,False,,False,1,1,29,0,[],17.67822626401903,"(29, 152)",,[0],"{""feature_selection"": {""even"": [""range""]}, ""n_chunks"": 16, ""parameter_selection"": {""range"": {""likelihood"": ""beta""}}, ""rem_profile_params"": {""rem_stage"": 2, ""step_size_hours"": 1, ""window_size_hours"": 6}, ""tau_threshold"": 5.0}",run_output_8day_rem_w6_s1_stage2_no_pareto,rem_w6_s1_stage2
133,b120aec4f24a5f88,ok,,"even: range; odd: mean, range",mean=lognormal; range=beta,16,5.0,6,1,2,147.28705228758642,147.28705228758642,5.078863871985739,1.6929546239952462,0.0138946694703344,1.6929546239952462,0.0138946694703344,-294.8649452089388,1.0,2897.0,2206.0,0.9694389686514228,0,5,0.9254853187863978,0.0248917756780723,5.033684962059438,0.2248482345071148,4.256369387587139,4.512755464682131,4.769141541777125,0.0086875874421737,1.3164446147092848,4,False,,False,3,3,29,0,[],46.99164752900833,"(29, 152)",,[0],"{""feature_selection"": {""even"": [""range""], ""odd"": [""mean"", ""range""]}, ""n_chunks"": 16, ""parameter_selection"": {""mean"": {""likelihood"": ""lognormal""}, ""range"": {""likelihood"": ""beta""}}, ""rem_profile_params"": {""rem_stage"": 2, ""step_size_hours"": 1, ""window_size_hours"": 6}, ""tau_threshold"": 5.0}",run_output_8day_rem_w6_s1_stage2_no_pareto,rem_w6_s1_stage2
55,9df26f4480cf3998,ok,,even: range; odd: range,range=beta,16,5.0,3,1,2,97.87192207208464,97.87192207208464,3.3748938645546422,1.6874469322773216,0.0125859270648513,1.6874469322773216,0.0125859270648513,-188.2335061078288,1.02,304.0,505.0,0.9656153479952876,0,8,0.3537732739871934,0.6314340052709969,6.205940466454738,2.2455435106269594,2.242849051391762,7.118894866766228,7.559447433383114,0.6171711480484402,1.1286289170887471,1,False,,False,2,2,29,0,[],34.39971389900893,"(29, 176)",,[0],"{""feature_selection"": {""even"": [""range""], ""odd"": [""range""]}, ""n_chunks"": 16, ""parameter_selection"": {""range"": {""likelihood"": ""beta""}}, ""rem_profile_params"": {""rem_stage"": 2, ""step_size_hours"": 1, ""window_size_hours"": 3}, ""tau_threshold"": 5.0}",run_output_8day_rem_w3_s1_stage2_no_pareto,rem_w3_s1_stage2
104,71c15db0fab107a7,ok,,concat: range; even: mean; odd: mean,mean=lognormal; range=lognormal,16,5.0,6,1,2,146.4876842785126,146.4876842785126,5.051299457879745,1.683766485959915,0.0140881213192781,1.683766485959915,0.0140881213192781,-293.0368629075779,1.0,1863.0,1510.0,0.9847692306085798,0,7,0.7236409304856797,0.9266840798996596,6.841964343609073,0.593910534853579,6.173272895582309,6.4564863571938975,6.7396998188054855,0.9029525597020728,1.2395758145400104,3,False,,False,3,3,29,0,[],30.69089510396589,"(29, 152)",,[0],"{""feature_selection"": {""concat"": [""range""], ""even"": [""mean""], ""odd"": [""mean""]}, ""n_chunks"": 16, ""parameter_selection"": {""mean"": {""likelihood"": ""lognormal""}, ""range"": {""likelihood"": ""lognormal""}}, ""rem_profile_params"": {""rem_stage"": 2, ""step_size_hours"": 1, ""window_size_hours"": 6}, ""tau_threshold"": 5.0}",run_output_8day_rem_w6_s1_stage2_no_pareto,rem_w6_s1_stage2
55,0c2f82cd7e6dd6f8,ok,,even: range; odd: range,range=beta,16,5.0,6,1,2,95.45315629617166,95.45315629617166,3.2914881481438503,1.6457440740719247,0.0158976796788783,1.6457440740719247,0.0158976796788783,-191.1594047334529,1.0,2345.0,1776.0,0.96084913852553,0,5,0.9581124048455416,0.0131225973658422,5.014697782148256,0.1337436525323427,4.253315879511719,4.506642999402716,4.7599701192937145,0.0015154647125541,0.9431400243617416,2,False,,False,2,2,29,0,[],29.939252067008056,"(29, 152)",,[0],"{""feature_selection"": {""even"": [""range""], ""odd"": [""range""]}, ""n_chunks"": 16, ""parameter_selection"": {""range"": {""likelihood"": ""beta""}}, ""rem_profile_params"": {""rem_stage"": 2, ""step_size_hours"": 1, ""window_size_hours"": 6}, ""tau_threshold"": 5.0}",run_output_8day_rem_w6_s1_stage2_no_pareto,rem_w6_s1_stage2
116,0bbcca81e0c63a78,ok,,concat: range; even: range; odd: range,range=lognormal,16,5.0,2,2,2,142.7932232154887,142.7932232154887,4.923904248809955,1.6413014162699848,0.0090282849522381,1.6413014162699848,0.0090282849522381,-286.6067203399772,1.0,988.0,1856.0,1.0311042424384458,0,8,0.2933613233747716,0.9153979634723032,7.043045783707997,0.9643557840444796,5.967305963927655,6.688158927431023,7.357731130807286,0.7444097036659434,0.985573269197931,1,False,,False,3,3,29,0,[],33.091679945006035,"(29, 96)",,[0],"{""feature_selection"": {""concat"": [""range""], ""even"": [""range""], ""odd"": [""range""]}, ""n_chunks"": 16, ""parameter_selection"": {""range"": {""likelihood"": ""lognormal""}}, ""rem_profile_params"": {""rem_stage"": 2, ""step_size_hours"": 2, ""window_size_hours"": 2}, ""tau_threshold"": 5.0}",run_output_8day_rem_w2_s2_stage2_no_pareto,rem_w2_s2_stage2
134,d8233ec1d2708bfb,ok,,"even: range; odd: mean, range",mean=lognormal; range=lognormal,16,5.0,2,1,2,142.6883622820734,142.6883622820734,4.920288354554256,1.6400961181847515,0.0156927665946441,1.6400961181847515,0.0156927665946441,-284.19526942648264,1.01,434.0,1076.0,0.9255407653221012,0,4,0.2623056961651979,0.5039206743322551,5.775867579876088,1.8174914192936669,3.5095652617596147,5.1497479514346,7.125026598747219,0.477738851511345,1.0674375506953282,2,False,,False,3,3,29,0,[],38.3983272939804,"(29, 184)",,[0],"{""feature_selection"": {""even"": [""range""], ""odd"": [""mean"", ""range""]}, ""n_chunks"": 16, ""parameter_selection"": {""mean"": {""likelihood"": ""lognormal""}, ""range"": {""likelihood"": ""lognormal""}}, ""rem_profile_params"": {""rem_stage"": 2, ""step_size_hours"": 1, ""window_size_hours"": 2}, ""tau_threshold"": 5.0}",run_output_8day_rem_w2_s1_stage2_no_pareto,rem_w2_s1_stage2
126,d4b7600632a5c1de,ok,,"even: mean, range; odd: range",mean=lognormal; range=lognormal,16,5.0,2,2,2,141.90650682279562,141.90650682279562,4.893327821475711,1.6311092738252368,0.0134165544310566,1.6311092738252368,0.0134165544310566,-282.2051630001389,1.0,3470.0,2155.0,0.9612770871653192,0,8,0.828820760156602,0.9772708533277644,7.86552372878225,0.6351252946480014,7.203835529059736,7.469223686039824,7.734611843019912,0.9648981158257264,0.659015828413384,0,False,,False,3,3,29,0,[],35.55009825399611,"(29, 96)",,[0],"{""feature_selection"": {""even"": [""mean"", ""range""], ""odd"": [""range""]}, ""n_chunks"": 16, ""parameter_selection"": {""mean"": {""likelihood"": ""lognormal""}, ""range"": {""likelihood"": ""lognormal""}}, ""rem_profile_params"": {""rem_stage"": 2, ""step_size_hours"": 2, ""window_size_hours"": 2}, ""tau_threshold"": 5.0}",run_output_8day_rem_w2_s2_stage2_no_pareto,rem_w2_s2_stage2
57,2bdf696acddbfbfc,ok,,"odd: mean, range",mean=lognormal; range=beta,16,5.0,6,1,2,94.3176010654886,94.3176010654886,3.252331071223745,1.6261655356118725,0.0185946096838785,1.6261655356118725,0.0185946096838785,-190.21190844020225,1.0,2213.0,1930.0,0.9867540816695022,0,5,0.927090321537997,0.025119035611753,5.030304869352775,0.1999102980114282,4.256421589540273,4.512870043489971,4.769318497439668,0.0051900224636725,1.339694408853943,3,False,,False,2,2,29,0,[],26.87559455499286,"(29, 152)",,[0],"{""feature_selection"": {""odd"": [""mean"", ""range""]}, ""n_chunks"": 16, ""parameter_selection"": {""mean"": {""likelihood"": ""lognormal""}, ""range"": {""likelihood"": ""beta""}}, ""rem_profile_params"": {""rem_stage"": 2, ""step_size_hours"": 1, ""window_size_hours"": 6}, ""tau_threshold"": 5.0}",run_output_8day_rem_w6_s1_stage2_no_pareto,rem_w6_s1_stage2
134,27d0498e30f43309,ok,,"even: range; odd: mean, range",mean=lognormal; range=lognormal,16,5.0,3,1,2,141.33207132372726,141.33207132372726,4.873519700818181,1.6245065669393937,0.0150933122666699,1.6245065669393937,0.0150933122666699,-282.05335297644496,1.01,250.0,108.0,1.0666022748075372,0,8,0.7263561127071569,0.9046091373982652,7.597566043845322,1.1733266412178154,7.150747007892162,7.433831338594775,7.7169156692973875,0.8997367570637851,1.3253290980219536,1,False,,False,3,3,29,0,[],33.91138361598132,"(29, 176)",,[0],"{""feature_selection"": {""even"": [""range""], ""odd"": [""mean"", ""range""]}, ""n_chunks"": 16, ""parameter_selection"": {""mean"": {""likelihood"": ""lognormal""}, ""range"": {""likelihood"": ""lognormal""}}, ""rem_profile_params"": {""rem_stage"": 2, ""step_size_hours"": 1, ""window_size_hours"": 3}, ""tau_threshold"": 5.0}",run_output_8day_rem_w3_s1_stage2_no_pareto,rem_w3_s1_stage2
7,3c62c879f248bfbe,ok,,even: range,range=beta,16,5.0,3,1,2,46.44676665465283,46.44676665465283,1.6016126432638909,1.6016126432638909,0.0133404398041985,1.6016126432638909,0.0133404398041985,-93.19254456971912,1.0,945.0,889.0,0.8859052752532744,0,5,0.0641422788562285,0.3913678343801625,5.433838992650166,1.7961737826044122,3.452500882858972,4.627705277074892,6.78669186469766,0.324183568318953,0.4309586532991384,0,False,,False,1,1,29,0,[],17.66431839496363,"(29, 176)",,[0],"{""feature_selection"": {""even"": [""range""]}, ""n_chunks"": 16, ""parameter_selection"": {""range"": {""likelihood"": ""beta""}}, ""rem_profile_params"": {""rem_stage"": 2, ""step_size_hours"": 1, ""window_size_hours"": 3}, ""tau_threshold"": 5.0}",run_output_8day_rem_w3_s1_stage2_no_pareto,rem_w3_s1_stage2
30,375e5de854570e7a,ok,,concat: range; even: mean,mean=lognormal; range=lognormal,16,5.0,6,1,2,92.3623463893397,92.3623463893397,3.184908496184128,1.5924542480920636,0.0106645478847381,1.5924542480920636,0.0106645478847381,-185.01819588213016,1.0,1574.0,2077.0,0.9878759798230872,0,7,0.4776029657545799,0.7494529992356573,6.456953695606955,0.9409841262503384,4.997672224927587,6.295211010722024,6.668814220589737,0.6975431439859374,0.8836903799226363,2,False,,False,2,2,29,0,[],19.918346808000933,"(29, 152)",,[0],"{""feature_selection"": {""concat"": [""range""], ""even"": [""mean""]}, ""n_chunks"": 16, ""parameter_selection"": {""mean"": {""likelihood"": ""lognormal""}, ""range"": {""likelihood"": ""lognormal""}}, ""rem_profile_params"": {""rem_stage"": 2, ""step_size_hours"": 1, ""window_size_hours"": 6}, ""tau_threshold"": 5.0}",run_output_8day_rem_w6_s1_stage2_no_pareto,rem_w6_s1_stage2
36,a24977f40d2e893a,ok,,concat: range; odd: mean,mean=lognormal; range=lognormal,16,5.0,6,1,2,89.92593083811802,89.92593083811802,3.100894166831656,1.550447083415828,0.01985969736836,1.550447083415828,0.01985969736836,-181.69222104237696,1.0,2550.0,2319.0,0.976908611641624,0,7,0.7337028642568286,0.9402466184051342,6.843719001573224,0.5609182899367846,6.170296783206435,6.451191815435198,6.732086847663961,0.9015662112775856,1.551845888512399,2,False,,False,2,2,29,0,[],21.04140285897301,"(29, 152)",,[0],"{""feature_selection"": {""concat"": [""range""], ""odd"": [""mean""]}, ""n_chunks"": 16, ""parameter_selection"": {""mean"": {""likelihood"": ""lognormal""}, ""range"": {""likelihood"": ""lognormal""}}, ""rem_profile_params"": {""rem_stage"": 2, ""step_size_hours"": 1, ""window_size_hours"": 6}, ""tau_threshold"": 5.0}",run_output_8day_rem_w6_s1_stage2_no_pareto,rem_w6_s1_stage2
7,0ee03993a84d032c,ok,,even: range,range=beta,16,5.0,2,2,2,44.00084060715581,44.00084060715581,1.5172703657639934,1.517270365763994,0.0124393441841712,1.517270365763994,0.0124393441841712,-88.12424104170555,1.0,1546.0,1547.0,0.988873055963983,0,8,0.1400422730618645,0.8221814924725692,6.543128138087557,1.4803486353940027,5.264556160713174,6.256290853912436,7.299366443155468,0.5493415318457333,0.453813843646956,0,False,,False,1,1,29,0,[],18.32003582199104,"(29, 96)",,[0],"{""feature_selection"": {""even"": [""range""]}, ""n_chunks"": 16, ""parameter_selection"": {""range"": {""likelihood"": ""beta""}}, ""rem_profile_params"": {""rem_stage"": 2, ""step_size_hours"": 2, ""window_size_hours"": 2}, ""tau_threshold"": 5.0}",run_output_8day_rem_w2_s2_stage2_no_pareto,rem_w2_s2_stage2
52,7eecc4190c14c9f0,ok,,even: range; odd: mean,mean=lognormal; range=lognormal,16,5.0,2,2,2,86.21877444766727,86.21877444766727,2.9730611878505955,1.4865305939252973,0.0212928955956281,1.4865305939252973,0.0212928955956281,-172.74058443545871,1.0,1071.0,1342.0,1.0188107498019594,0,8,0.2993896563858294,0.8017582616454482,6.932479606604075,1.6197448516817006,5.504453876738643,7.198178674553254,7.599089337276626,0.6991556967091417,1.2028782297920149,3,False,,False,2,2,29,0,[],22.273391294002067,"(29, 96)",,[0],"{""feature_selection"": {""even"": [""range""], ""odd"": [""mean""]}, ""n_chunks"": 16, ""parameter_selection"": {""mean"": {""likelihood"": ""lognormal""}, ""range"": {""likelihood"": ""lognormal""}}, ""rem_profile_params"": {""rem_stage"": 2, ""step_size_hours"": 2, ""window_size_hours"": 2}, ""tau_threshold"": 5.0}",run_output_8day_rem_w2_s2_stage2_no_pareto,rem_w2_s2_stage2
52,2e0dff789938d1f4,ok,,even: range; odd: mean,mean=lognormal; range=lognormal,16,5.0,2,1,2,85.714809893046,85.714809893046,2.955683099760207,1.4778415498801032,0.0206118302205333,1.4778415498801032,0.0206118302205333,-169.35744253288607,1.0,1001.0,1375.0,0.9978121228727728,0,8,0.1596825040478305,0.7429584846880484,6.580184999548909,1.725141413968191,4.885092811599533,6.773417517167343,7.443520932506268,0.6732193330993173,1.2427863222055031,2,False,,False,2,2,29,0,[],21.712981354037765,"(29, 184)",,[0],"{""feature_selection"": {""even"": [""range""], ""odd"": [""mean""]}, ""n_chunks"": 16, ""parameter_selection"": {""mean"": {""likelihood"": ""lognormal""}, ""range"": {""likelihood"": ""lognormal""}}, ""rem_profile_params"": {""rem_stage"": 2, ""step_size_hours"": 1, ""window_size_hours"": 2}, ""tau_threshold"": 5.0}",run_output_8day_rem_w2_s1_stage2_no_pareto,rem_w2_s1_stage2
55,fdd83130786140b6,ok,,even: range; odd: range,range=beta,16,5.0,2,2,2,85.47633102927746,85.47633102927746,2.94745969066474,1.4737298453323702,0.0103709949808609,1.4737298453323702,0.0103709949808609,-171.2683143563661,1.0,1265.0,1806.0,0.9584178205655264,0,7,0.3867395235751196,0.9992032638621662,6.923192098017044,0.8007298152344093,5.700578054300903,6.396541407653262,7.112318896112711,0.6434923443831899,0.8727903445314338,2,False,,False,2,2,29,0,[],30.958761276036967,"(29, 96)",,[0],"{""feature_selection"": {""even"": [""range""], ""odd"": [""range""]}, ""n_chunks"": 16, ""parameter_selection"": {""range"": {""likelihood"": ""beta""}}, ""rem_profile_params"": {""rem_stage"": 2, ""step_size_hours"": 2, ""window_size_hours"": 2}, ""tau_threshold"": 5.0}",run_output_8day_rem_w2_s2_stage2_no_pareto,rem_w2_s2_stage2
134,a6f49c5c0f851f27,ok,,"even: range; odd: mean, range",mean=lognormal; range=lognormal,16,5.0,2,2,2,127.24012489492524,127.24012489492524,4.387590513618112,1.462530171206037,0.0171891888776055,1.462530171206037,0.0171891888776055,-250.6533516985652,1.0,3473.0,1968.0,1.024574702760433,0,8,0.8792189770397675,0.9817287029430724,7.903716664828323,0.5460997600160298,7.220913502423846,7.480609001615897,7.740304500807949,0.9714337413578172,1.2353077559945234,1,False,,False,3,3,29,0,[],33.655651586013846,"(29, 96)",,[0],"{""feature_selection"": {""even"": [""range""], ""odd"": [""mean"", ""range""]}, ""n_chunks"": 16, ""parameter_selection"": {""mean"": {""likelihood"": ""lognormal""}, ""range"": {""likelihood"": ""lognormal""}}, ""rem_profile_params"": {""rem_stage"": 2, ""step_size_hours"": 2, ""window_size_hours"": 2}, ""tau_threshold"": 5.0}",run_output_8day_rem_w2_s2_stage2_no_pareto,rem_w2_s2_stage2
11,1fd076efcd0435e0,ok,,odd: range,range=beta,16,5.0,6,1,2,42.26405545463973,42.26405545463973,1.457381222573784,1.457381222573784,0.0173900715769105,1.457381222573784,0.0173900715769105,-85.50648268797423,1.0,1555.0,1651.0,1.0087498851642351,0,5,0.9536667793795888,0.0151553038071404,5.016402888331766,0.1368916560128955,4.253842632068221,4.507691292811617,4.761539953555012,0.0012226466128154,1.153976178000622,2,False,,False,1,1,29,0,[],17.57455449999543,"(29, 152)",,[0],"{""feature_selection"": {""odd"": [""range""]}, ""n_chunks"": 16, ""parameter_selection"": {""range"": {""likelihood"": ""beta""}}, ""rem_profile_params"": {""rem_stage"": 2, ""step_size_hours"": 1, ""window_size_hours"": 6}, ""tau_threshold"": 5.0}",run_output_8day_rem_w6_s1_stage2_no_pareto,rem_w6_s1_stage2
52,9f6b2e73c67ae49f,ok,,even: range; odd: mean,mean=lognormal; range=lognormal,16,5.0,3,1,2,84.20937156209797,84.20937156209797,2.903771433175792,1.451885716587896,0.0208350006748564,1.451885716587896,0.0208350006748564,-165.1578839282832,1.0,1017.0,1123.0,1.0158841856747118,0,8,0.1922352557705,0.7656035082339727,6.692984875594087,1.6909913625462962,5.25591041806625,6.927169950253685,7.483392142059708,0.7046309681088836,1.239584302761641,1,False,,False,2,2,29,0,[],22.04949004203081,"(29, 176)",,[0],"{""feature_selection"": {""even"": [""range""], ""odd"": [""mean""]}, ""n_chunks"": 16, ""parameter_selection"": {""mean"": {""likelihood"": ""lognormal""}, ""range"": {""likelihood"": ""lognormal""}}, ""rem_profile_params"": {""rem_stage"": 2, ""step_size_hours"": 1, ""window_size_hours"": 3}, ""tau_threshold"": 5.0}",run_output_8day_rem_w3_s1_stage2_no_pareto,rem_w3_s1_stage2
11,96a0f6ffa5c1b52f,ok,,odd: range,range=beta,16,5.0,2,2,2,40.183305947546245,40.183305947546245,1.38563123957056,1.38563123957056,0.0152486216380798,1.38563123957056,0.0152486216380798,-80.83734757874862,1.0,1156.0,1132.0,0.97219252199834,0,7,0.40770285075022,0.9958873424872714,6.8364526033631545,0.7374893763916879,5.729410679536496,6.33662292852411,6.866626847136237,0.6587832262663238,0.8586046576358465,2,False,,False,1,1,29,0,[],18.29187554301461,"(29, 96)",,[0],"{""feature_selection"": {""odd"": [""range""]}, ""n_chunks"": 16, ""parameter_selection"": {""range"": {""likelihood"": ""beta""}}, ""rem_profile_params"": {""rem_stage"": 2, ""step_size_hours"": 2, ""window_size_hours"": 2}, ""tau_threshold"": 5.0}",run_output_8day_rem_w2_s2_stage2_no_pareto,rem_w2_s2_stage2
56,e5e0f38e16e87810,ok,,even: range; odd: range,range=lognormal,16,5.0,3,1,2,79.64546723688652,79.64546723688652,2.746395421961604,1.373197710980802,0.0121745271560832,1.373197710980802,0.0121745271560832,-158.371243219265,1.01,428.0,463.0,1.0543304678121774,0,8,0.5334191843346736,0.7994311975757544,7.160925245200904,1.5808356589569277,7.009777346423256,7.339851564282171,7.669925782141085,0.7880656309536906,0.5557124146491461,0,False,,False,2,2,29,0,[],22.336114186036863,"(29, 176)",,[0],"{""feature_selection"": {""even"": [""range""], ""odd"": [""range""]}, ""n_chunks"": 16, ""parameter_selection"": {""range"": {""likelihood"": ""lognormal""}}, ""rem_profile_params"": {""rem_stage"": 2, ""step_size_hours"": 1, ""window_size_hours"": 3}, ""tau_threshold"": 5.0}",run_output_8day_rem_w3_s1_stage2_no_pareto,rem_w3_s1_stage2
12,4ec34f9eea69d348,ok,,odd: range,range=lognormal,16,5.0,2,2,2,39.80734803157043,39.80734803157043,1.3726671735024285,1.3726671735024285,0.014067562792663,1.3726671735024285,0.014067562792663,-79.70004881623662,1.0,2521.0,2469.0,1.0934424137704757,0,8,0.4783327837833958,0.8656214113458316,7.334571686563404,1.3469996029484277,7.011419939941298,7.340946626627532,7.670473313313766,0.8138758892397385,0.5855057880539185,0,False,,False,1,1,29,0,[],14.985210545011796,"(29, 96)",,[0],"{""feature_selection"": {""odd"": [""range""]}, ""n_chunks"": 16, ""parameter_selection"": {""range"": {""likelihood"": ""lognormal""}}, ""rem_profile_params"": {""rem_stage"": 2, ""step_size_hours"": 2, ""window_size_hours"": 2}, ""tau_threshold"": 5.0}",run_output_8day_rem_w2_s2_stage2_no_pareto,rem_w2_s2_stage2
4,fd64752d1b314eb7,ok,,concat: range,range=lognormal,16,5.0,6,1,2,36.25976890216532,36.25976890216532,1.2503368586953558,1.2503368586953554,0.0125577210005845,1.2503368586953554,0.0125577210005845,-72.32941551248062,1.0,2403.0,2420.0,1.0849008930433717,0,7,0.5090372052546019,0.8248534430614339,6.566333467901982,0.8348266030778148,5.864307383591026,6.330971051359152,6.6782673560260175,0.7382483249257625,0.5361390403961916,0,False,,False,1,1,29,0,[],14.721619725984056,"(29, 152)",,[0],"{""feature_selection"": {""concat"": [""range""]}, ""n_chunks"": 16, ""parameter_selection"": {""range"": {""likelihood"": ""lognormal""}}, ""rem_profile_params"": {""rem_stage"": 2, ""step_size_hours"": 1, ""window_size_hours"": 6}, ""tau_threshold"": 5.0}",run_output_8day_rem_w6_s1_stage2_no_pareto,rem_w6_s1_stage2
56,19fe92898819d40c,ok,,even: range; odd: range,range=lognormal,16,5.0,2,1,2,59.784550071844095,59.784550071844095,2.0615362093739344,1.0307681046869672,0.0123344533610107,1.0307681046869672,0.0123344533610107,-121.5171689200524,1.0,934.0,1007.0,0.9136585369898084,0,4,0.2775239255808323,0.3722408937386937,5.251808829221055,1.6674601879157926,3.3959073655995264,3.8505860070174287,6.483763629927422,0.3388445083373106,0.9142846319925468,2,False,,False,2,2,29,0,[],11.106802646012513,"(29, 184)",,[0],"{""feature_selection"": {""even"": [""range""], ""odd"": [""range""]}, ""n_chunks"": 16, ""parameter_selection"": {""range"": {""likelihood"": ""lognormal""}}, ""rem_profile_params"": {""rem_stage"": 2, ""step_size_hours"": 1, ""window_size_hours"": 2}, ""tau_threshold"": 5.0}",run_output_8day_rem_w2_s1_stage2_no_pareto,rem_w2_s1_stage2
7,014c397a615b7ae8,ok,,even: range,range=beta,16,5.0,2,1,2,29.577539398540967,29.577539398540967,1.0199151516738263,1.0199151516738263,0.0178399191303674,1.0199151516738263,0.0178399191303674,-59.09098600477474,1.01,883.0,925.0,0.9702855240903616,0,5,0.1612594993342311,0.2270049183864198,4.966255854635656,1.2444688436399611,3.6071591470668274,4.351850951513471,4.945404729713011,0.1127466845657482,1.0720804260271743,1,False,,False,1,1,29,0,[],17.756459058029577,"(29, 184)",,[0],"{""feature_selection"": {""even"": [""range""]}, ""n_chunks"": 16, ""parameter_selection"": {""range"": {""likelihood"": ""beta""}}, ""rem_profile_params"": {""rem_stage"": 2, ""step_size_hours"": 1, ""window_size_hours"": 2}, ""tau_threshold"": 5.0}",run_output_8day_rem_w2_s1_stage2_no_pareto,rem_w2_s1_stage2
56,04fd5b4900af0a35,ok,,even: range; odd: range,range=lognormal,16,5.0,2,2,2,57.361406006348375,57.361406006348375,1.9779795174602888,0.9889897587301444,0.0130642480794794,0.9889897587301444,0.0130642480794794,-114.47989211304872,1.01,2699.0,1578.0,1.033539884996826,0,8,0.739574791967697,0.9531659740583344,7.750423245662227,0.8673567996543113,7.169978536407505,7.446652357605004,7.723326178802502,0.9288352964064124,0.6819925025091177,0,False,,False,2,2,29,0,[],22.38070618995698,"(29, 96)",,[0],"{""feature_selection"": {""even"": [""range""], ""odd"": [""range""]}, ""n_chunks"": 16, ""parameter_selection"": {""range"": {""likelihood"": ""lognormal""}}, ""rem_profile_params"": {""rem_stage"": 2, ""step_size_hours"": 2, ""window_size_hours"": 2}, ""tau_threshold"": 5.0}",run_output_8day_rem_w2_s2_stage2_no_pareto,rem_w2_s2_stage2
8,fcad37d18395c9d0,ok,,even: range,range=lognormal,16,5.0,3,1,2,22.644199531123355,22.644199531123355,0.7808344665904605,0.7808344665904606,0.018533379039039,0.7808344665904606,0.018533379039039,-45.137954932000206,1.0,1220.0,1599.0,1.0263353729047515,0,8,0.090282862064952,0.6829011652827366,6.307923057152175,1.77437671390672,4.317204299134777,6.415379542891903,7.311728948584996,0.5971773707726293,0.442113371983186,0,False,,False,1,1,29,0,[],15.224412064009812,"(29, 176)",,[0],"{""feature_selection"": {""even"": [""range""]}, ""n_chunks"": 16, ""parameter_selection"": {""range"": {""likelihood"": ""lognormal""}}, ""rem_profile_params"": {""rem_stage"": 2, ""step_size_hours"": 1, ""window_size_hours"": 3}, ""tau_threshold"": 5.0}",run_output_8day_rem_w3_s1_stage2_no_pareto,rem_w3_s1_stage2
8,73f365ee485f9c7a,ok,,even: range,range=lognormal,16,5.0,2,2,2,19.132956693181047,19.132956693181047,0.6597571273510706,0.6597571273510705,0.0186747321787248,0.6597571273510705,0.0186747321787248,-38.65900308159343,1.0,1506.0,2002.0,1.017913753016946,0,8,0.080150412161464,0.6855872782409065,6.30187787257956,1.719926955410258,4.501388673913159,6.187994012538461,7.336847653425263,0.528479660251236,0.5519340589823774,0,False,,False,1,1,29,0,[],14.80407907499466,"(29, 96)",,[0],"{""feature_selection"": {""even"": [""range""]}, ""n_chunks"": 16, ""parameter_selection"": {""range"": {""likelihood"": ""lognormal""}}, ""rem_profile_params"": {""rem_stage"": 2, ""step_size_hours"": 2, ""window_size_hours"": 2}, ""tau_threshold"": 5.0}",run_output_8day_rem_w2_s2_stage2_no_pareto,rem_w2_s2_stage2
8,18617bd5ffd5f7ac,ok,,even: range,range=lognormal,16,5.0,2,1,2,4.418429617462312,4.418429617462312,0.152359641981459,0.152359641981459,0.0181098814677512,0.152359641981459,0.0181098814677512,-9.316630119011514,1.0,1224.0,1770.0,1.020243546666089,0,8,0.0391686962322983,0.6060022532735879,5.964836197979457,1.7960972599282892,3.785674972131344,6.028769464560166,7.069248688956836,0.5068544467463215,0.7919662052579997,1,False,,False,1,1,29,0,[],15.034138861985411,"(29, 184)",,[0],"{""feature_selection"": {""even"": [""range""]}, ""n_chunks"": 16, ""parameter_selection"": {""range"": {""likelihood"": ""lognormal""}}, ""rem_profile_params"": {""rem_stage"": 2, ""step_size_hours"": 1, ""window_size_hours"": 2}, ""tau_threshold"": 5.0}",run_output_8day_rem_w2_s1_stage2_no_pareto,rem_w2_s1_stage2