rank_by_loo,fingerprint,status,error,features,likelihoods,n_chunks,tau_threshold,window_size_hours,step_size_hours,rem_stage,loo,elpd_loo,elpd_loo_per_event,elpd_loo_per_feature,se_elpd_per_feature,elpd_loo_per_feature_event,se_elpd_per_feature_event,waic,r_hat_max,ess_min_bulk,ess_min_tail,bfmi,n_divergences,tau_map,tau_map_concentration,p_tau_gt_threshold,e_tau,tau_std,tau_q1,tau_q2,tau_q3,p_tau_gt_6,loo_pareto_k_max,loo_n_over_threshold,pareto_filtered,pareto_filter_reason,waic_warning_flag,n_feature_blocks,n_active_features,n_model_events,pareto_retry_count,removed_event_indices,elapsed_time,data_shape,data_output_dir,bad_sample_indices,config_json,source_run_dir,source_profile_dir
2,ad3ffc15b8281043,ok,,concat: mean,mean=student_t,16,5.0,2,1,2,237.75330665497464,237.75330665497464,7.925110221832488,7.925110221832489,0.0189609894929668,7.925110221832489,0.0189609894929668,-476.05024160588925,1.0,1514.0,2018.0,1.043323900299889,0,7,0.0301854755674242,0.655745843132493,5.932751070025095,1.6925509610560308,4.009143837137661,5.752292747674593,6.8484215550586365,0.4487176036420581,0.7414049513786635,1,False,,False,1,1,30,0,[],14.030267452006228,"(30, 184)",,[],"{""feature_selection"": {""concat"": [""mean""]}, ""n_chunks"": 16, ""parameter_selection"": {""mean"": {""likelihood"": ""student_t""}}, ""rem_profile_params"": {""rem_stage"": 2, ""step_size_hours"": 1, ""window_size_hours"": 2}, ""tau_threshold"": 5.0}",run_output_8day_rem_w2_s1_stage2_no_pareto,rem_w2_s1_stage2
2,6ba779ebaf87db51,ok,,concat: mean,mean=student_t,16,5.0,2,2,2,227.45919668968756,227.45919668968756,7.581973222989585,7.581973222989585,0.0189283253346136,7.581973222989585,0.0189283253346136,-455.1611747340279,1.0,1491.0,2000.0,1.024370284590865,0,8,0.0189633204563528,0.599438655271489,5.764284138329654,1.7957543812041563,3.5892638314257947,5.535831818709441,6.882596701425489,0.4138605469930582,0.5727841179094951,0,False,,False,1,1,30,0,[],14.01999464200344,"(30, 96)",,[],"{""feature_selection"": {""concat"": [""mean""]}, ""n_chunks"": 16, ""parameter_selection"": {""mean"": {""likelihood"": ""student_t""}}, ""rem_profile_params"": {""rem_stage"": 2, ""step_size_hours"": 2, ""window_size_hours"": 2}, ""tau_threshold"": 5.0}",run_output_8day_rem_w2_s2_stage2_no_pareto,rem_w2_s2_stage2
1,84047078947410e4,ok,,concat: mean,mean=lognormal,16,5.0,2,1,2,211.4181900369192,211.4181900369192,7.047273001230639,7.047273001230641,0.021348080168799,7.047273001230641,0.021348080168799,-424.25979824454953,1.0,2845.0,2561.0,1.0013957120339103,0,7,0.5801580092166676,0.9802823704967454,6.67010888503367,0.583525129436001,5.807931779696842,6.284186856918904,6.64805246355983,0.6952553715796419,1.015514949428193,2,False,,False,1,1,30,0,[],8.37911813199753,"(30, 184)",,[],"{""feature_selection"": {""concat"": [""mean""]}, ""n_chunks"": 16, ""parameter_selection"": {""mean"": {""likelihood"": ""lognormal""}}, ""rem_profile_params"": {""rem_stage"": 2, ""step_size_hours"": 1, ""window_size_hours"": 2}, ""tau_threshold"": 5.0}",run_output_8day_rem_w2_s1_stage2_no_pareto,rem_w2_s1_stage2
2,ba868fff732bda32,ok,,concat: mean,mean=student_t,16,5.0,3,1,2,207.10320300006657,207.10320300006657,6.903440100002219,6.903440100002218,0.0188919985850417,6.903440100002218,0.0188919985850417,-414.7400380072382,1.0,1673.0,1797.0,0.9962210926458648,0,6,0.0808801886743558,0.7384175310617637,6.054761505101855,1.494033299398462,4.860283454735484,5.790826386360979,6.678388138720008,0.4369385526492552,0.6589874963963603,0,False,,False,1,1,30,0,[],13.530018238991032,"(30, 176)",,[],"{""feature_selection"": {""concat"": [""mean""]}, ""n_chunks"": 16, ""parameter_selection"": {""mean"": {""likelihood"": ""student_t""}}, ""rem_profile_params"": {""rem_stage"": 2, ""step_size_hours"": 1, ""window_size_hours"": 3}, ""tau_threshold"": 5.0}",run_output_8day_rem_w3_s1_stage2_no_pareto,rem_w3_s1_stage2
1,1eb6aa5552e0b45f,ok,,concat: mean,mean=lognormal,16,5.0,2,2,2,199.9395091541874,199.9395091541874,6.664650305139579,6.664650305139578,0.0217387152017251,6.664650305139578,0.0217387152017251,-399.8398400530297,1.0,2931.0,2536.0,1.0756131693861612,0,7,0.5964375153263523,0.9835411249457492,6.681945748452498,0.5679158886140474,5.839012008955595,6.293565726107207,6.651243674136193,0.7051885835602428,0.7014913652690763,1,False,,False,1,1,30,0,[],8.09986714599654,"(30, 96)",,[],"{""feature_selection"": {""concat"": [""mean""]}, ""n_chunks"": 16, ""parameter_selection"": {""mean"": {""likelihood"": ""lognormal""}}, ""rem_profile_params"": {""rem_stage"": 2, ""step_size_hours"": 2, ""window_size_hours"": 2}, ""tau_threshold"": 5.0}",run_output_8day_rem_w2_s2_stage2_no_pareto,rem_w2_s2_stage2
18,220b2831e7b61535,ok,,concat: mean; even: mean,mean=student_t,16,5.0,2,1,2,379.2209679253861,379.2209679253861,12.640698930846202,6.320349465423102,0.0128309711711786,6.320349465423102,0.0128309711711786,-758.7639993006355,1.0,1280.0,1443.0,0.9911876831882266,0,8,0.1468158109242768,0.7765886660747183,6.5957586102296,1.668781393613407,5.225493344964279,6.681212344712258,7.412793389559246,0.6586753587931651,0.5546542586223114,0,False,,False,2,2,30,0,[],22.465951508958824,"(30, 184)",,[],"{""feature_selection"": {""concat"": [""mean""], ""even"": [""mean""]}, ""n_chunks"": 16, ""parameter_selection"": {""mean"": {""likelihood"": ""student_t""}}, ""rem_profile_params"": {""rem_stage"": 2, ""step_size_hours"": 1, ""window_size_hours"": 2}, ""tau_threshold"": 5.0}",run_output_8day_rem_w2_s1_stage2_no_pareto,rem_w2_s1_stage2
1,4366166189da4bc9,ok,,concat: mean,mean=lognormal,16,5.0,3,1,2,182.01328011500317,182.01328011500317,6.067109337166771,6.06710933716677,0.0216274089479036,6.06710933716677,0.0216274089479036,-365.245597271496,1.0,3045.0,2545.0,1.06321671111698,0,7,0.5886565329129438,0.9867131306203664,6.643414406092511,0.5502745547208083,5.724930031035364,6.244327145726576,6.6256575326811005,0.6601807475125976,0.7806929514910839,3,False,,False,1,1,30,0,[],8.23012781701982,"(30, 176)",,[],"{""feature_selection"": {""concat"": [""mean""]}, ""n_chunks"": 16, ""parameter_selection"": {""mean"": {""likelihood"": ""lognormal""}}, ""rem_profile_params"": {""rem_stage"": 2, ""step_size_hours"": 1, ""window_size_hours"": 3}, ""tau_threshold"": 5.0}",run_output_8day_rem_w3_s1_stage2_no_pareto,rem_w3_s1_stage2
24,5f84c98f34908df9,ok,,concat: mean; odd: mean,mean=student_t,16,5.0,2,1,2,361.9814325935272,361.9814325935272,12.066047753117571,6.033023876558787,0.0206440904820575,6.033023876558787,0.0206440904820575,-723.7779899157464,1.0,1245.0,1739.0,0.9676857002567218,0,8,0.0930886066308083,0.7658454492137958,6.30662660756869,1.592885109803175,5.05892306763138,5.988575910481656,7.182448823545842,0.4969278614038016,0.6259307819248043,0,False,,False,2,2,30,0,[],23.672701589006465,"(30, 184)",,[],"{""feature_selection"": {""concat"": [""mean""], ""odd"": [""mean""]}, ""n_chunks"": 16, ""parameter_selection"": {""mean"": {""likelihood"": ""student_t""}}, ""rem_profile_params"": {""rem_stage"": 2, ""step_size_hours"": 1, ""window_size_hours"": 2}, ""tau_threshold"": 5.0}",run_output_8day_rem_w2_s1_stage2_no_pareto,rem_w2_s1_stage2
15,116d855aceae2306,ok,,"concat: mean, range",mean=student_t; range=beta,16,5.0,2,1,2,361.6686704206861,361.6686704206861,12.055622347356204,6.027811173678104,0.0149213167385553,6.027811173678104,0.0149213167385553,-723.9324937190232,1.0,1688.0,1739.0,0.9445139461179706,0,6,0.2634919916977634,0.9090667024267658,6.425219619822071,1.104210266181337,5.324271458566026,5.833918439390501,6.728976079615197,0.4185310779528099,0.7298822147556465,1,False,,False,2,2,30,0,[],24.82518628600519,"(30, 184)",,[],"{""feature_selection"": {""concat"": [""mean"", ""range""]}, ""n_chunks"": 16, ""parameter_selection"": {""mean"": {""likelihood"": ""student_t""}, ""range"": {""likelihood"": ""beta""}}, ""rem_profile_params"": {""rem_stage"": 2, ""step_size_hours"": 1, ""window_size_hours"": 2}, ""tau_threshold"": 5.0}",run_output_8day_rem_w2_s1_stage2_no_pareto,rem_w2_s1_stage2
2,e422b61b4efb4aa9,ok,,concat: mean,mean=student_t,16,5.0,6,1,2,176.87365117879446,176.87365117879446,5.895788372626482,5.895788372626482,0.0160805668906065,5.895788372626482,0.0160805668906065,-354.0072520163882,1.0,1495.0,1740.0,1.040721786331473,0,8,0.0307444379210988,0.6309640151155884,5.895528138881394,1.7972886495001603,3.73311964471943,5.699619189018961,7.047244633828005,0.4437707288662039,0.4315609310136105,0,False,,False,1,1,30,0,[],13.488001835998148,"(30, 152)",,[],"{""feature_selection"": {""concat"": [""mean""]}, ""n_chunks"": 16, ""parameter_selection"": {""mean"": {""likelihood"": ""student_t""}}, ""rem_profile_params"": {""rem_stage"": 2, ""step_size_hours"": 1, ""window_size_hours"": 6}, ""tau_threshold"": 5.0}",run_output_8day_rem_w6_s1_stage2_no_pareto,rem_w6_s1_stage2
18,e62cff90c8f3d250,ok,,concat: mean; even: mean,mean=student_t,16,5.0,2,2,2,344.7120265786967,344.7120265786967,11.490400885956555,5.74520044297828,0.0131227739373792,5.74520044297828,0.0131227739373792,-689.8864452768723,1.0,807.0,1342.0,0.93941579153527,0,8,0.1492574100296465,0.7715034695796891,6.567992275317279,1.7160959132854314,5.160325284157513,6.713559162196194,7.438015822196336,0.6373794622985742,0.6616928706607993,0,False,,False,2,2,30,0,[],23.381265553005505,"(30, 96)",,[],"{""feature_selection"": {""concat"": [""mean""], ""even"": [""mean""]}, ""n_chunks"": 16, ""parameter_selection"": {""mean"": {""likelihood"": ""student_t""}}, ""rem_profile_params"": {""rem_stage"": 2, ""step_size_hours"": 2, ""window_size_hours"": 2}, ""tau_threshold"": 5.0}",run_output_8day_rem_w2_s2_stage2_no_pareto,rem_w2_s2_stage2
13,e6efd3a560499801,ok,,"concat: mean, range",mean=lognormal; range=beta,16,5.0,2,1,2,337.5441128898558,337.5441128898558,11.25147042966186,5.62573521483093,0.0148206165663937,5.62573521483093,0.0148206165663937,-675.5044010507964,1.0,1560.0,1532.0,0.9260631092374012,0,7,0.591191579360888,0.996114629370887,6.523403677100393,0.5203562023953825,5.5245850579909925,6.051374610864671,6.52787637531899,0.526954050696698,0.8743322393562964,2,False,,False,2,2,30,0,[],18.48625327204354,"(30, 184)",,[],"{""feature_selection"": {""concat"": [""mean"", ""range""]}, ""n_chunks"": 16, ""parameter_selection"": {""mean"": {""likelihood"": ""lognormal""}, ""range"": {""likelihood"": ""beta""}}, ""rem_profile_params"": {""rem_stage"": 2, ""step_size_hours"": 1, ""window_size_hours"": 2}, ""tau_threshold"": 5.0}",run_output_8day_rem_w2_s1_stage2_no_pareto,rem_w2_s1_stage2
24,3f83b5b22482d95f,ok,,concat: mean; odd: mean,mean=student_t,16,5.0,2,2,2,336.0329657788815,336.0329657788815,11.20109885929605,5.600549429648024,0.0215260357257789,5.600549429648024,0.0215260357257789,-672.973895725541,1.0,1239.0,1297.0,0.985676332600218,0,6,0.1014363381159947,0.7229516125292674,5.940500596420471,1.545683197444183,4.708179120039409,5.579575451168703,6.606829748155638,0.3382707015629907,0.8802055754418042,2,False,,False,2,2,30,0,[],23.790496634028383,"(30, 96)",,[],"{""feature_selection"": {""concat"": [""mean""], ""odd"": [""mean""]}, ""n_chunks"": 16, ""parameter_selection"": {""mean"": {""likelihood"": ""student_t""}}, ""rem_profile_params"": {""rem_stage"": 2, ""step_size_hours"": 2, ""window_size_hours"": 2}, ""tau_threshold"": 5.0}",run_output_8day_rem_w2_s2_stage2_no_pareto,rem_w2_s2_stage2
63,e2a0f11877dcbc64,ok,,"concat: mean, range; even: mean",mean=student_t; range=beta,16,5.0,2,1,2,502.5767302816197,502.5767302816197,16.75255767605399,5.584185892017997,0.0117457548106061,5.584185892017997,0.0117457548106061,-1006.3203638000346,1.0,1414.0,1760.0,1.004138615391691,0,8,0.2542458733436084,0.929919380059262,6.876864180349682,1.1756453832147196,5.613591837477339,6.547767968830886,7.354247044280642,0.6366961507559438,0.9111243644321848,1,False,,False,3,3,30,0,[],34.799675836984534,"(30, 184)",,[],"{""feature_selection"": {""concat"": [""mean"", ""range""], ""even"": [""mean""]}, ""n_chunks"": 16, ""parameter_selection"": {""mean"": {""likelihood"": ""student_t""}, ""range"": {""likelihood"": ""beta""}}, ""rem_profile_params"": {""rem_stage"": 2, ""step_size_hours"": 1, ""window_size_hours"": 2}, ""tau_threshold"": 5.0}",run_output_8day_rem_w2_s1_stage2_no_pareto,rem_w2_s1_stage2
82,d4780cd7d23ec7f1,ok,,concat: mean; even: mean; odd: mean,mean=student_t,16,5.0,2,1,2,501.8604790632451,501.8604790632451,16.728682635441505,5.576227545147168,0.0155127143957515,5.576227545147168,0.0155127143957515,-1004.1463946371814,1.0,1078.0,1238.0,0.9934381400106498,0,8,0.2408428935220371,0.851207346701555,6.917096103971245,1.5116776124751097,5.720069789668292,7.062562443887193,7.531281221943596,0.7106552111256725,0.7644763105888006,2,False,,False,3,3,30,0,[],34.91560104000382,"(30, 184)",,[],"{""feature_selection"": {""concat"": [""mean""], ""even"": [""mean""], ""odd"": [""mean""]}, ""n_chunks"": 16, ""parameter_selection"": {""mean"": {""likelihood"": ""student_t""}}, ""rem_profile_params"": {""rem_stage"": 2, ""step_size_hours"": 1, ""window_size_hours"": 2}, ""tau_threshold"": 5.0}",run_output_8day_rem_w2_s1_stage2_no_pareto,rem_w2_s1_stage2
16,fff2da0103a60f09,ok,,"concat: mean, range",mean=student_t; range=lognormal,16,5.0,2,1,2,333.1818006377942,333.1818006377942,11.106060021259806,5.553030010629905,0.0135727544788641,5.553030010629905,0.0135727544788641,-666.473146813583,1.01,1296.0,1232.0,0.994536671032423,0,7,0.2013585808686313,0.8205333622924683,6.2879173092432605,1.4013105560341843,5.299537035452315,6.182891811911952,6.720437261484355,0.5850587666854195,0.728525486023303,1,False,,False,2,2,30,0,[],19.36862874397775,"(30, 184)",,[],"{""feature_selection"": {""concat"": [""mean"", ""range""]}, ""n_chunks"": 16, ""parameter_selection"": {""mean"": {""likelihood"": ""student_t""}, ""range"": {""likelihood"": ""lognormal""}}, ""rem_profile_params"": {""rem_stage"": 2, ""step_size_hours"": 1, ""window_size_hours"": 2}, ""tau_threshold"": 5.0}",run_output_8day_rem_w2_s1_stage2_no_pareto,rem_w2_s1_stage2
17,48c5ba55b356ffa7,ok,,concat: mean; even: mean,mean=lognormal,16,5.0,2,1,2,327.8543339601718,327.8543339601718,10.928477798672391,5.464238899336196,0.0160892953064282,5.464238899336196,0.0160892953064282,-656.9265356564924,1.0,3317.0,2515.0,1.0155190605899245,0,7,0.6941245759645842,0.9894138760133814,6.8165771686618175,0.4571403080504688,6.093037564422439,6.397928634282894,6.70281970414335,0.8262875446508006,0.9439708622236584,2,False,,False,2,2,30,0,[],9.644761845003814,"(30, 184)",,[],"{""feature_selection"": {""concat"": [""mean""], ""even"": [""mean""]}, ""n_chunks"": 16, ""parameter_selection"": {""mean"": {""likelihood"": ""lognormal""}}, ""rem_profile_params"": {""rem_stage"": 2, ""step_size_hours"": 1, ""window_size_hours"": 2}, ""tau_threshold"": 5.0}",run_output_8day_rem_w2_s1_stage2_no_pareto,rem_w2_s1_stage2
15,ede65a9494bcef0a,ok,,"concat: mean, range",mean=student_t; range=beta,16,5.0,2,2,2,324.4458804033391,324.4458804033391,10.814862680111304,5.407431340055652,0.014289504245116,5.407431340055652,0.014289504245116,-648.3279989486202,1.0,1604.0,1250.0,0.8704747353540784,0,7,0.6738576115007571,0.974457638744947,6.946257004726285,0.5772090562273284,6.203954429755357,6.495613683019512,6.7872729362836655,0.9248225261780368,0.8902990254092926,1,False,,False,2,2,30,0,[],25.319634774990845,"(30, 96)",,[],"{""feature_selection"": {""concat"": [""mean"", ""range""]}, ""n_chunks"": 16, ""parameter_selection"": {""mean"": {""likelihood"": ""student_t""}, ""range"": {""likelihood"": ""beta""}}, ""rem_profile_params"": {""rem_stage"": 2, ""step_size_hours"": 2, ""window_size_hours"": 2}, ""tau_threshold"": 5.0}",run_output_8day_rem_w2_s2_stage2_no_pareto,rem_w2_s2_stage2
71,9e197c518ee358f2,ok,,"concat: mean, range; odd: mean",mean=student_t; range=beta,16,5.0,2,1,2,486.1075064060377,486.1075064060377,16.203583546867925,5.401194515622641,0.0164431701078186,5.401194515622641,0.0164431701078186,-972.0422285571136,1.0,1115.0,1577.0,0.9363240384185668,0,6,0.329028380461802,0.944374992089785,6.536857589803747,1.0463015394563486,5.364450167404571,5.833196382499238,6.924093275117288,0.4110373523405008,0.6966517630900164,0,False,,False,3,3,30,0,[],35.01234536600532,"(30, 184)",,[],"{""feature_selection"": {""concat"": [""mean"", ""range""], ""odd"": [""mean""]}, ""n_chunks"": 16, ""parameter_selection"": {""mean"": {""likelihood"": ""student_t""}, ""range"": {""likelihood"": ""beta""}}, ""rem_profile_params"": {""rem_stage"": 2, ""step_size_hours"": 1, ""window_size_hours"": 2}, ""tau_threshold"": 5.0}",run_output_8day_rem_w2_s1_stage2_no_pareto,rem_w2_s1_stage2
15,13b7d7374ef6e34d,ok,,"concat: mean, range",mean=student_t; range=beta,16,5.0,3,1,2,319.1426738618294,319.1426738618294,10.638089128727646,5.319044564363821,0.0134835572404563,5.319044564363821,0.0134835572404563,-638.6232054759793,1.0,1197.0,1085.0,0.98927892220292,3,7,0.8212009220280391,0.9958226117575806,7.0189618967796,0.3237674548813681,6.244793902857234,6.514338230271787,6.78388255768634,0.9770441982634888,0.6981579269202417,0,False,,False,2,2,30,0,[],23.457364325004164,"(30, 176)",,[],"{""feature_selection"": {""concat"": [""mean"", ""range""]}, ""n_chunks"": 16, ""parameter_selection"": {""mean"": {""likelihood"": ""student_t""}, ""range"": {""likelihood"": ""beta""}}, ""rem_profile_params"": {""rem_stage"": 2, ""step_size_hours"": 1, ""window_size_hours"": 3}, ""tau_threshold"": 5.0}",run_output_8day_rem_w3_s1_stage2_no_pareto,rem_w3_s1_stage2
64,86f7923c78b828d6,ok,,"concat: mean, range; even: mean",mean=student_t; range=lognormal,16,5.0,2,1,2,474.78350117589946,474.78350117589946,15.826116705863315,5.2753722352877706,0.0107889789957536,5.2753722352877706,0.0107889789957536,-950.046296293592,1.0,869.0,712.0,0.9524337885068136,0,7,0.2210683412116931,0.8486649737497332,6.584770124711536,1.4608788362753646,5.715111647566268,6.4560644839478325,6.997211197712642,0.7106935477695822,0.7395452258274375,1,False,,False,3,3,30,0,[],28.95023564901203,"(30, 184)",,[],"{""feature_selection"": {""concat"": [""mean"", ""range""], ""even"": [""mean""]}, ""n_chunks"": 16, ""parameter_selection"": {""mean"": {""likelihood"": ""student_t""}, ""range"": {""likelihood"": ""lognormal""}}, ""rem_profile_params"": {""rem_stage"": 2, ""step_size_hours"": 1, ""window_size_hours"": 2}, ""tau_threshold"": 5.0}",run_output_8day_rem_w2_s1_stage2_no_pareto,rem_w2_s1_stage2
27,5ef0e1a17b2bd037,ok,,concat: mean; odd: range,mean=student_t; range=beta,16,5.0,2,1,2,315.08033835067386,315.08033835067386,10.502677945022462,5.251338972511232,0.0123817149765057,5.251338972511232,0.0123817149765057,-630.6238370064626,1.0,1380.0,1622.0,0.9361569430372112,0,6,0.1969073117658198,0.8678623661302349,6.394424646961161,1.2013384232442492,5.2752400436530085,5.859056686509295,6.8003123688734,0.4396457281514154,0.5444291143892314,0,False,,False,2,2,30,0,[],26.630369947000872,"(30, 184)",,[],"{""feature_selection"": {""concat"": [""mean""], ""odd"": [""range""]}, ""n_chunks"": 16, ""parameter_selection"": {""mean"": {""likelihood"": ""student_t""}, ""range"": {""likelihood"": ""beta""}}, ""rem_profile_params"": {""rem_stage"": 2, ""step_size_hours"": 1, ""window_size_hours"": 2}, ""tau_threshold"": 5.0}",run_output_8day_rem_w2_s1_stage2_no_pareto,rem_w2_s1_stage2
24,e78c7ff3a681f72c,ok,,concat: mean; odd: mean,mean=student_t,16,5.0,3,1,2,313.4577436679916,313.4577436679916,10.448591455599718,5.224295727799861,0.0205037925291831,5.224295727799861,0.0205037925291831,-627.4313913973874,1.0,1458.0,1182.0,0.962715714583974,0,6,0.1699978784504596,0.8359979747064478,6.267642731576891,1.2855707570959507,5.204815425033359,5.8002231242625895,6.698043802490417,0.416117613193436,0.965227212957734,1,False,,False,2,2,30,0,[],22.31621942197671,"(30, 176)",,[],"{""feature_selection"": {""concat"": [""mean""], ""odd"": [""mean""]}, ""n_chunks"": 16, ""parameter_selection"": {""mean"": {""likelihood"": ""student_t""}}, ""rem_profile_params"": {""rem_stage"": 2, ""step_size_hours"": 1, ""window_size_hours"": 3}, ""tau_threshold"": 5.0}",run_output_8day_rem_w3_s1_stage2_no_pareto,rem_w3_s1_stage2
143,0392ec3cfeadb75f,ok,,"concat: mean, range; even: mean; odd: mean",mean=student_t; range=beta,16,5.0,2,1,2,625.1958606279444,625.1958606279444,20.83986202093148,5.209965505232868,0.0136226958961006,5.209965505232868,0.0136226958961006,-1250.866179706463,1.0,1249.0,1975.0,0.9559863594532436,0,8,0.3447226058522883,0.9643944858612388,7.074162674671133,1.069779610159852,5.706128218105389,6.925399843277794,7.48669441230979,0.660774717717034,0.8509319927955086,2,False,,False,4,4,30,0,[],55.95386000996223,"(30, 184)",,[],"{""feature_selection"": {""concat"": [""mean"", ""range""], ""even"": [""mean""], ""odd"": [""mean""]}, ""n_chunks"": 16, ""parameter_selection"": {""mean"": {""likelihood"": ""student_t""}, ""range"": {""likelihood"": ""beta""}}, ""rem_profile_params"": {""rem_stage"": 2, ""step_size_hours"": 1, ""window_size_hours"": 2}, ""tau_threshold"": 5.0}",run_output_8day_rem_w2_s1_stage2_no_pareto,rem_w2_s1_stage2
18,daf5e30b90145309,ok,,concat: mean; even: mean,mean=student_t,16,5.0,3,1,2,312.5362507857388,312.5362507857388,10.417875026191291,5.208937513095645,0.0129198335386907,5.208937513095645,0.0129198335386907,-625.3367315462448,1.0,1404.0,2002.0,1.0344667874995788,0,8,0.1401943521414398,0.8231264136598058,6.587820467636686,1.485312403966086,5.387485114423244,6.44247301213099,7.24390276622494,0.6344058385000312,0.4838721514412648,0,False,,False,2,2,30,0,[],21.906523232988548,"(30, 176)",,[],"{""feature_selection"": {""concat"": [""mean""], ""even"": [""mean""]}, ""n_chunks"": 16, ""parameter_selection"": {""mean"": {""likelihood"": ""student_t""}}, ""rem_profile_params"": {""rem_stage"": 2, ""step_size_hours"": 1, ""window_size_hours"": 3}, ""tau_threshold"": 5.0}",run_output_8day_rem_w3_s1_stage2_no_pareto,rem_w3_s1_stage2
16,d10ca97cfeaa9e0c,ok,,"concat: mean, range",mean=student_t; range=lognormal,16,5.0,2,2,2,311.83211634816183,311.83211634816183,10.394403878272062,5.197201939136031,0.0130394261735542,5.197201939136031,0.0130394261735542,-624.1193475125784,1.0,2425.0,2473.0,0.9834959757152086,0,7,0.5292004197646905,0.9660166224999018,6.720278265689196,0.6173569980905931,5.914724043898396,6.330262967532548,6.689460503858044,0.7298616597646093,0.8091877320317633,1,False,,False,2,2,30,0,[],18.15618693397846,"(30, 96)",,[],"{""feature_selection"": {""concat"": [""mean"", ""range""]}, ""n_chunks"": 16, ""parameter_selection"": {""mean"": {""likelihood"": ""student_t""}, ""range"": {""likelihood"": ""lognormal""}}, ""rem_profile_params"": {""rem_stage"": 2, ""step_size_hours"": 2, ""window_size_hours"": 2}, ""tau_threshold"": 5.0}",run_output_8day_rem_w2_s2_stage2_no_pareto,rem_w2_s2_stage2
14,e87438e7dbee238e,ok,,"concat: mean, range",mean=lognormal; range=lognormal,16,5.0,2,1,2,310.94052139005555,310.94052139005555,10.364684046335183,5.1823420231675925,0.0145362879039883,5.1823420231675925,0.0145362879039883,-621.9944841794158,1.0,3913.0,2849.0,1.022173071586148,0,7,0.7004564297711598,0.9951384596415968,6.801292918000748,0.4358515306303369,6.070400916452946,6.3814164841035135,6.692432051754082,0.8065895438810018,0.951191457655036,2,False,,False,2,2,30,0,[],9.603374025959056,"(30, 184)",,[],"{""feature_selection"": {""concat"": [""mean"", ""range""]}, ""n_chunks"": 16, ""parameter_selection"": {""mean"": {""likelihood"": ""lognormal""}, ""range"": {""likelihood"": ""lognormal""}}, ""rem_profile_params"": {""rem_stage"": 2, ""step_size_hours"": 1, ""window_size_hours"": 2}, ""tau_threshold"": 5.0}",run_output_8day_rem_w2_s1_stage2_no_pareto,rem_w2_s1_stage2
72,c84fe03134e46a81,ok,,"concat: mean, range; odd: mean",mean=student_t; range=lognormal,16,5.0,2,1,2,457.5374783434564,457.5374783434564,15.251249278115212,5.083749759371738,0.0163592687349353,5.083749759371738,0.0163592687349353,-914.7211108363148,1.01,977.0,1152.0,0.939781097020253,0,7,0.2219934156988255,0.8846251117103774,6.490232313224935,1.249061991412478,5.439492993313905,6.194687887465449,6.81624924598072,0.5783059808972444,0.8240747972311608,1,False,,False,3,3,30,0,[],29.015643287973944,"(30, 184)",,[],"{""feature_selection"": {""concat"": [""mean"", ""range""], ""odd"": [""mean""]}, ""n_chunks"": 16, ""parameter_selection"": {""mean"": {""likelihood"": ""student_t""}, ""range"": {""likelihood"": ""lognormal""}}, ""rem_profile_params"": {""rem_stage"": 2, ""step_size_hours"": 1, ""window_size_hours"": 2}, ""tau_threshold"": 5.0}",run_output_8day_rem_w2_s1_stage2_no_pareto,rem_w2_s1_stage2
85,90380427f5c6559c,ok,,concat: mean; even: mean; odd: range,mean=student_t; range=beta,16,5.0,2,1,2,456.9124061167143,456.9124061167143,15.230413537223807,5.076804512407937,0.010461405365207,5.076804512407937,0.010461405365207,-914.532508814001,1.0,1296.0,1746.0,0.9525493120867274,0,8,0.2219393399444172,0.9054953467346868,6.835666486076775,1.2100870837674935,5.571525642140738,6.52663286303118,7.342227113620148,0.6334247076077096,0.7099777353856268,1,False,,False,3,3,30,0,[],38.19056865602033,"(30, 184)",,[],"{""feature_selection"": {""concat"": [""mean""], ""even"": [""mean""], ""odd"": [""range""]}, ""n_chunks"": 16, ""parameter_selection"": {""mean"": {""likelihood"": ""student_t""}, ""range"": {""likelihood"": ""beta""}}, ""rem_profile_params"": {""rem_stage"": 2, ""step_size_hours"": 1, ""window_size_hours"": 2}, ""tau_threshold"": 5.0}",run_output_8day_rem_w2_s1_stage2_no_pareto,rem_w2_s1_stage2
82,920f7ef3e1b12bf1,ok,,concat: mean; even: mean; odd: mean,mean=student_t,16,5.0,2,2,2,453.060371774112,453.060371774112,15.102012392470398,5.034004130823465,0.0159950934870382,5.034004130823465,0.0159950934870382,-906.8214404991144,1.01,882.0,1326.0,0.9636139088156872,0,8,0.174544792989407,0.838225052107805,6.569263798292505,1.5129151026156105,5.297158397828643,6.26636102246624,7.352610778349217,0.5413293468123423,0.8237605124567845,2,False,,False,3,3,30,0,[],35.03635186498286,"(30, 96)",,[],"{""feature_selection"": {""concat"": [""mean""], ""even"": [""mean""], ""odd"": [""mean""]}, ""n_chunks"": 16, ""parameter_selection"": {""mean"": {""likelihood"": ""student_t""}}, ""rem_profile_params"": {""rem_stage"": 2, ""step_size_hours"": 2, ""window_size_hours"": 2}, ""tau_threshold"": 5.0}",run_output_8day_rem_w2_s2_stage2_no_pareto,rem_w2_s2_stage2
61,0859546ed3c2a948,ok,,"concat: mean, range; even: mean",mean=lognormal; range=beta,16,5.0,2,1,2,452.4504803073799,452.4504803073799,15.081682676912662,5.027227558970886,0.0132025938116236,5.027227558970886,0.0132025938116236,-906.3948996648344,1.0,2074.0,1594.0,0.9984495619175188,0,7,0.6276538507430975,0.9971200250923744,6.694139504408049,0.4859445675999723,5.812884899962114,6.280820652065288,6.644358879526717,0.6931163154603075,0.9493355751747822,3,False,,False,3,3,30,0,[],24.437261629966088,"(30, 184)",,[],"{""feature_selection"": {""concat"": [""mean"", ""range""], ""even"": [""mean""]}, ""n_chunks"": 16, ""parameter_selection"": {""mean"": {""likelihood"": ""lognormal""}, ""range"": {""likelihood"": ""beta""}}, ""rem_profile_params"": {""rem_stage"": 2, ""step_size_hours"": 1, ""window_size_hours"": 2}, ""tau_threshold"": 5.0}",run_output_8day_rem_w2_s1_stage2_no_pareto,rem_w2_s1_stage2
13,050d10a5decd7ee1,ok,,"concat: mean, range",mean=lognormal; range=beta,16,5.0,2,2,2,300.2269122802052,300.2269122802052,10.007563742673506,5.003781871336753,0.0147897473285796,5.003781871336753,0.0147897473285796,-600.2169153301711,1.0,1924.0,1419.0,0.9895219119605332,1,7,0.941390401139752,0.9997792506522036,6.979580824758884,0.1469874849717621,6.234378105073927,6.489723148933266,6.745068192792606,0.9794719544302548,0.895481394243514,1,False,,False,2,2,30,0,[],18.36926765099633,"(30, 96)",,[],"{""feature_selection"": {""concat"": [""mean"", ""range""]}, ""n_chunks"": 16, ""parameter_selection"": {""mean"": {""likelihood"": ""lognormal""}, ""range"": {""likelihood"": ""beta""}}, ""rem_profile_params"": {""rem_stage"": 2, ""step_size_hours"": 2, ""window_size_hours"": 2}, ""tau_threshold"": 5.0}",run_output_8day_rem_w2_s2_stage2_no_pareto,rem_w2_s2_stage2
144,38341efb57929e59,ok,,"concat: mean, range; even: mean; odd: mean",mean=student_t; range=lognormal,16,5.0,2,1,2,597.7334519407408,597.7334519407408,19.92444839802469,4.9811120995061735,0.0134164036645214,4.9811120995061735,0.0134164036645214,-1195.312014604981,1.0,877.0,962.0,0.9330921625655308,0,7,0.2592143761807312,0.9142889851532936,6.861096659383737,1.2421059489130082,5.925871034170665,6.583079168608877,7.243906739141316,0.7368463618397205,0.9149998160665757,1,False,,False,4,4,30,0,[],47.85880606801948,"(30, 184)",,[],"{""feature_selection"": {""concat"": [""mean"", ""range""], ""even"": [""mean""], ""odd"": [""mean""]}, ""n_chunks"": 16, ""parameter_selection"": {""mean"": {""likelihood"": ""student_t""}, ""range"": {""likelihood"": ""lognormal""}}, ""rem_profile_params"": {""rem_stage"": 2, ""step_size_hours"": 1, ""window_size_hours"": 2}, ""tau_threshold"": 5.0}",run_output_8day_rem_w2_s1_stage2_no_pareto,rem_w2_s1_stage2
63,f44da5d2fcdaa83c,ok,,"concat: mean, range; even: mean",mean=student_t; range=beta,16,5.0,2,2,2,443.2103978324514,443.2103978324514,14.77367992774838,4.924559975916127,0.0108822940862548,4.924559975916127,0.0108822940862548,-886.7984939403462,1.0,2102.0,1577.0,0.9060854902976104,0,7,0.6882868627610752,0.9879099081443816,7.043320180303834,0.5043581945614307,6.244368980037334,6.5396652778352,6.834961575633065,0.9568845612522776,1.0053940568924007,2,False,,False,3,3,30,0,[],36.757912375964224,"(30, 96)",,[],"{""feature_selection"": {""concat"": [""mean"", ""range""], ""even"": [""mean""]}, ""n_chunks"": 16, ""parameter_selection"": {""mean"": {""likelihood"": ""student_t""}, ""range"": {""likelihood"": ""beta""}}, ""rem_profile_params"": {""rem_stage"": 2, ""step_size_hours"": 2, ""window_size_hours"": 2}, ""tau_threshold"": 5.0}",run_output_8day_rem_w2_s2_stage2_no_pareto,rem_w2_s2_stage2
13,f1c8d9a56986aff4,ok,,"concat: mean, range",mean=lognormal; range=beta,16,5.0,3,1,2,295.15100199173463,295.15100199173463,9.83836673305782,4.919183366528911,0.014324475910293,4.919183366528911,0.014324475910293,-590.6658879798413,1.0,2383.0,2061.0,0.992251013549957,0,7,0.9664134923007616,0.9999034935430868,6.991668585264067,0.1023165080057592,6.243303992931949,6.495854055922833,6.748404118913717,0.9908472898903324,0.688638189724346,0,False,,False,2,2,30,0,[],18.75511040602578,"(30, 176)",,[],"{""feature_selection"": {""concat"": [""mean"", ""range""]}, ""n_chunks"": 16, ""parameter_selection"": {""mean"": {""likelihood"": ""lognormal""}, ""range"": {""likelihood"": ""beta""}}, ""rem_profile_params"": {""rem_stage"": 2, ""step_size_hours"": 1, ""window_size_hours"": 3}, ""tau_threshold"": 5.0}",run_output_8day_rem_w3_s1_stage2_no_pareto,rem_w3_s1_stage2
23,b9184ce441593c91,ok,,concat: mean; odd: mean,mean=lognormal,16,5.0,2,1,2,295.0980506329168,295.0980506329168,9.836601687763894,4.918300843881946,0.0256276958386655,4.918300843881946,0.0256276958386655,-588.4677767825648,1.0,2788.0,2221.0,1.0472384191709403,0,7,0.5758479884075838,0.9850672911038154,6.691011050626807,0.5819715322731337,5.832743561003721,6.295361326612309,6.6594892908454,0.7027867642865505,1.686804076794559,3,False,,False,2,2,30,0,[],9.338339733018074,"(30, 184)",,[],"{""feature_selection"": {""concat"": [""mean""], ""odd"": [""mean""]}, ""n_chunks"": 16, ""parameter_selection"": {""mean"": {""likelihood"": ""lognormal""}}, ""rem_profile_params"": {""rem_stage"": 2, ""step_size_hours"": 1, ""window_size_hours"": 2}, ""tau_threshold"": 5.0}",run_output_8day_rem_w2_s1_stage2_no_pareto,rem_w2_s1_stage2
75,0fd1deaa47c014e8,ok,,"concat: mean, range; odd: range",mean=student_t; range=beta,16,5.0,2,1,2,442.3167206922362,442.3167206922362,14.743890689741209,4.914630229913735,0.0121000887165405,4.914630229913735,0.0121000887165405,-885.4048383473196,1.0,1439.0,1296.0,0.8840540833924532,0,6,0.4948767433155624,0.9766479015753582,6.3542800330150335,0.7574367537056291,5.324236034537858,5.681878916166361,6.169689103105448,0.2776265793512399,0.7832811576408569,2,False,,False,3,3,30,0,[],35.71919536101632,"(30, 184)",,[],"{""feature_selection"": {""concat"": [""mean"", ""range""], ""odd"": [""range""]}, ""n_chunks"": 16, ""parameter_selection"": {""mean"": {""likelihood"": ""student_t""}, ""range"": {""likelihood"": ""beta""}}, ""rem_profile_params"": {""rem_stage"": 2, ""step_size_hours"": 1, ""window_size_hours"": 2}, ""tau_threshold"": 5.0}",run_output_8day_rem_w2_s1_stage2_no_pareto,rem_w2_s1_stage2
97,b36602c37eac3944,ok,,"concat: mean; odd: mean, range",mean=student_t; range=beta,16,5.0,2,1,2,438.9258111339767,438.9258111339767,14.630860371132558,4.876953457044187,0.0153648583481658,4.876953457044187,0.0153648583481658,-878.2571990675358,1.0,1201.0,1639.0,0.8944148154381966,0,6,0.2705300816262139,0.9087013686806458,6.4677874940414455,1.1295557910821277,5.316141949806458,5.814155849174002,6.903792029321697,0.4067073473943134,0.7885375330571004,1,False,,False,3,3,30,0,[],38.503541754966136,"(30, 184)",,[],"{""feature_selection"": {""concat"": [""mean""], ""odd"": [""mean"", ""range""]}, ""n_chunks"": 16, ""parameter_selection"": {""mean"": {""likelihood"": ""student_t""}, ""range"": {""likelihood"": ""beta""}}, ""rem_profile_params"": {""rem_stage"": 2, ""step_size_hours"": 1, ""window_size_hours"": 2}, ""tau_threshold"": 5.0}",run_output_8day_rem_w2_s1_stage2_no_pareto,rem_w2_s1_stage2
25,0d98f310e876edb9,ok,,concat: mean; odd: range,mean=lognormal; range=beta,16,5.0,2,1,2,291.731438430983,291.731438430983,9.724381281032768,4.862190640516383,0.0130196504206994,4.862190640516383,0.0130196504206994,-584.0637362733531,1.0,2599.0,2283.0,0.9731380426966572,0,7,0.5804769768379717,0.9933801991369317,6.5341535653157,0.5304015731836096,5.536656604007216,6.074345156200887,6.540538267317093,0.5398682189998915,0.9862158419747122,1,False,,False,2,2,30,0,[],18.638029483961876,"(30, 184)",,[],"{""feature_selection"": {""concat"": [""mean""], ""odd"": [""range""]}, ""n_chunks"": 16, ""parameter_selection"": {""mean"": {""likelihood"": ""lognormal""}, ""range"": {""likelihood"": ""beta""}}, ""rem_profile_params"": {""rem_stage"": 2, ""step_size_hours"": 1, ""window_size_hours"": 2}, ""tau_threshold"": 5.0}",run_output_8day_rem_w2_s1_stage2_no_pareto,rem_w2_s1_stage2
147,393acf8684b6c75a,ok,,"concat: mean, range; even: mean; odd: range",mean=student_t; range=beta,16,5.0,2,1,2,582.2931349067155,582.2931349067155,19.409771163557185,4.852442790889296,0.0104282340722826,4.852442790889296,0.0104282340722826,-1165.6051929985856,1.0,1243.0,1738.0,0.9090779252001054,0,6,0.3802727123520195,0.9802460077542944,6.68028576398731,0.9178593220114524,5.4416656819275175,5.921224140112424,7.025993821508695,0.4589331297660057,0.6739698419643325,0,False,,False,4,4,30,0,[],55.61525989399525,"(30, 184)",,[],"{""feature_selection"": {""concat"": [""mean"", ""range""], ""even"": [""mean""], ""odd"": [""range""]}, ""n_chunks"": 16, ""parameter_selection"": {""mean"": {""likelihood"": ""student_t""}, ""range"": {""likelihood"": ""beta""}}, ""rem_profile_params"": {""rem_stage"": 2, ""step_size_hours"": 1, ""window_size_hours"": 2}, ""tau_threshold"": 5.0}",run_output_8day_rem_w2_s1_stage2_no_pareto,rem_w2_s1_stage2
171,e70bd8a0d0e75ed4,ok,,"concat: mean; even: mean; odd: mean, range",mean=student_t; range=beta,16,5.0,2,1,2,578.1038399307156,578.1038399307156,19.27012799769052,4.817531999422629,0.0129205276798565,4.817531999422629,0.0129205276798565,-1158.8552938080734,1.01,1114.0,1976.0,0.92219504972876,0,8,0.3271025912489723,0.9522633872407392,7.070318913516447,1.097792306942638,5.7062020296304965,6.968623649976029,7.494569208204739,0.6658532967081916,1.024295528426784,2,False,,False,4,4,30,0,[],59.668635713052936,"(30, 184)",,[],"{""feature_selection"": {""concat"": [""mean""], ""even"": [""mean""], ""odd"": [""mean"", ""range""]}, ""n_chunks"": 16, ""parameter_selection"": {""mean"": {""likelihood"": ""student_t""}, ""range"": {""likelihood"": ""beta""}}, ""rem_profile_params"": {""rem_stage"": 2, ""step_size_hours"": 1, ""window_size_hours"": 2}, ""tau_threshold"": 5.0}",run_output_8day_rem_w2_s1_stage2_no_pareto,rem_w2_s1_stage2
16,182f78f896441d02,ok,,"concat: mean, range",mean=student_t; range=lognormal,16,5.0,3,1,2,289.0443070009879,289.0443070009879,9.634810233366265,4.817405116683133,0.0134651921473859,4.817405116683133,0.0134651921473859,-578.4519037944501,1.0,2580.0,2791.0,1.0114050042562592,0,7,0.3956882875358232,0.9104213624604756,6.572824290873307,0.8352192972334065,5.627449757368899,6.254449521577717,6.665516797001681,0.6547493176848515,0.7287883974671217,1,False,,False,2,2,30,0,[],17.459281748975627,"(30, 176)",,[],"{""feature_selection"": {""concat"": [""mean"", ""range""]}, ""n_chunks"": 16, ""parameter_selection"": {""mean"": {""likelihood"": ""student_t""}, ""range"": {""likelihood"": ""lognormal""}}, ""rem_profile_params"": {""rem_stage"": 2, ""step_size_hours"": 1, ""window_size_hours"": 3}, ""tau_threshold"": 5.0}",run_output_8day_rem_w3_s1_stage2_no_pareto,rem_w3_s1_stage2
71,0f54240d069de8bd,ok,,"concat: mean, range; odd: mean",mean=student_t; range=beta,16,5.0,2,2,2,433.1144990685103,433.1144990685103,14.437149968950342,4.8123833229834485,0.0163153712636244,4.8123833229834485,0.0163153712636244,-866.9360310041426,1.0,1734.0,1673.0,0.9686328021786108,1,7,0.6212534870529809,0.9823227908541632,6.90545923317574,0.5540583736723118,6.150744558928367,6.460043686339013,6.769342813749659,0.8718436665101138,1.2488280700981584,1,False,,False,3,3,30,0,[],38.63023113302188,"(30, 96)",,[],"{""feature_selection"": {""concat"": [""mean"", ""range""], ""odd"": [""mean""]}, ""n_chunks"": 16, ""parameter_selection"": {""mean"": {""likelihood"": ""student_t""}, ""range"": {""likelihood"": ""beta""}}, ""rem_profile_params"": {""rem_stage"": 2, ""step_size_hours"": 2, ""window_size_hours"": 2}, ""tau_threshold"": 5.0}",run_output_8day_rem_w2_s2_stage2_no_pareto,rem_w2_s2_stage2
17,aa036c6c5b3f05f1,ok,,concat: mean; even: mean,mean=lognormal,16,5.0,2,2,2,288.1737345780619,288.1737345780619,9.605791152602064,4.80289557630103,0.0165620531025597,4.80289557630103,0.0165620531025597,-578.5157720929891,1.0,3140.0,2847.0,0.985884299040704,0,7,0.6739832951166724,0.9898971867449016,6.805385158611087,0.4888557545356549,6.079868731904964,6.390752806781737,6.70163688165851,0.8142271013211446,1.2535319030503695,2,False,,False,2,2,30,0,[],9.106792909966316,"(30, 96)",,[],"{""feature_selection"": {""concat"": [""mean""], ""even"": [""mean""]}, ""n_chunks"": 16, ""parameter_selection"": {""mean"": {""likelihood"": ""lognormal""}}, ""rem_profile_params"": {""rem_stage"": 2, ""step_size_hours"": 2, ""window_size_hours"": 2}, ""tau_threshold"": 5.0}",run_output_8day_rem_w2_s2_stage2_no_pareto,rem_w2_s2_stage2
28,3b1795bfa22e6061,ok,,concat: mean; odd: range,mean=student_t; range=lognormal,16,5.0,2,1,2,288.11422601609274,288.11422601609274,9.60380753386976,4.801903766934879,0.0119063761650665,4.801903766934879,0.0119063761650665,-576.9401812980548,1.01,1006.0,1621.0,0.9636635336625604,0,8,0.0889416993465814,0.7172206188786812,6.310364067756159,1.7202672288039782,4.37598969193737,6.316088465215474,7.279062943719333,0.570819024111392,0.7033264505182134,1,False,,False,2,2,30,0,[],19.154884714982472,"(30, 184)",,[],"{""feature_selection"": {""concat"": [""mean""], ""odd"": [""range""]}, ""n_chunks"": 16, ""parameter_selection"": {""mean"": {""likelihood"": ""student_t""}, ""range"": {""likelihood"": ""lognormal""}}, ""rem_profile_params"": {""rem_stage"": 2, ""step_size_hours"": 1, ""window_size_hours"": 2}, ""tau_threshold"": 5.0}",run_output_8day_rem_w2_s1_stage2_no_pareto,rem_w2_s1_stage2
64,4e3a1ca5c92de84a,ok,,"concat: mean, range; even: mean",mean=student_t; range=lognormal,16,5.0,2,2,2,431.73937967222565,431.73937967222565,14.391312655740856,4.797104218580286,0.0101955343874209,4.797104218580286,0.0101955343874209,-863.8542590329826,1.0,2221.0,2534.0,1.0019360355944098,0,7,0.564180328770369,0.9819979813122416,6.827900091370179,0.5620430513564866,6.061959833157051,6.399716728440731,6.737473623724411,0.7958612644347429,0.6316143477950729,0,False,,False,3,3,30,0,[],28.320910901995376,"(30, 96)",,[],"{""feature_selection"": {""concat"": [""mean"", ""range""], ""even"": [""mean""]}, ""n_chunks"": 16, ""parameter_selection"": {""mean"": {""likelihood"": ""student_t""}, ""range"": {""likelihood"": ""lognormal""}}, ""rem_profile_params"": {""rem_stage"": 2, ""step_size_hours"": 2, ""window_size_hours"": 2}, ""tau_threshold"": 5.0}",run_output_8day_rem_w2_s2_stage2_no_pareto,rem_w2_s2_stage2
14,7dc750066afe2e1e,ok,,"concat: mean, range",mean=lognormal; range=lognormal,16,5.0,2,2,2,286.859302065974,286.859302065974,9.561976735532465,4.780988367766232,0.0146267807122956,4.780988367766232,0.0146267807122956,-574.0448576539567,1.0,3867.0,2787.0,1.0147567418776324,0,7,0.787944644548839,0.9992954091909222,6.878311628287991,0.3312868803562956,6.146281157641929,6.431102856606127,6.715924555570325,0.8783971324638402,0.823800103731274,1,False,,False,2,2,30,0,[],9.126939703011884,"(30, 96)",,[],"{""feature_selection"": {""concat"": [""mean"", ""range""]}, ""n_chunks"": 16, ""parameter_selection"": {""mean"": {""likelihood"": ""lognormal""}, ""range"": {""likelihood"": ""lognormal""}}, ""rem_profile_params"": {""rem_stage"": 2, ""step_size_hours"": 2, ""window_size_hours"": 2}, ""tau_threshold"": 5.0}",run_output_8day_rem_w2_s2_stage2_no_pareto,rem_w2_s2_stage2
86,71e8d4f715c13ad6,ok,,concat: mean; even: mean; odd: range,mean=student_t; range=lognormal,16,5.0,2,1,2,428.5417908330824,428.5417908330824,14.284726361102743,4.761575453700915,0.010068468734703,4.761575453700915,0.010068468734703,-856.8443456010356,1.0,828.0,1108.0,0.9901867769675504,0,8,0.2673567194773326,0.8225378239197407,6.917342954570633,1.5853821453350814,6.000568427634936,7.102716151993885,7.5513580759969425,0.750109633982893,0.8117814107063517,1,False,,False,3,3,30,0,[],30.73677305196179,"(30, 184)",,[],"{""feature_selection"": {""concat"": [""mean""], ""even"": [""mean""], ""odd"": [""range""]}, ""n_chunks"": 16, ""parameter_selection"": {""mean"": {""likelihood"": ""student_t""}, ""range"": {""likelihood"": ""lognormal""}}, ""rem_profile_params"": {""rem_stage"": 2, ""step_size_hours"": 1, ""window_size_hours"": 2}, ""tau_threshold"": 5.0}",run_output_8day_rem_w2_s1_stage2_no_pareto,rem_w2_s1_stage2
62,1ffd10fd3d2236fd,ok,,"concat: mean, range; even: mean",mean=lognormal; range=lognormal,16,5.0,2,1,2,426.1599371072672,426.1599371072672,14.205331236908908,4.73511041230297,0.0127941193976902,4.73511041230297,0.0127941193976902,-853.2581191989364,1.0,3858.0,2757.0,1.0090644437991614,0,7,0.7939915125504619,0.9965775709580996,6.887298794380008,0.3464402857101271,6.159236376012378,6.4399070172087365,6.720577658405095,0.8918356185506545,0.9628696409077102,1,False,,False,3,3,30,0,[],12.50007077603368,"(30, 184)",,[],"{""feature_selection"": {""concat"": [""mean"", ""range""], ""even"": [""mean""]}, ""n_chunks"": 16, ""parameter_selection"": {""mean"": {""likelihood"": ""lognormal""}, ""range"": {""likelihood"": ""lognormal""}}, ""rem_profile_params"": {""rem_stage"": 2, ""step_size_hours"": 1, ""window_size_hours"": 2}, ""tau_threshold"": 5.0}",run_output_8day_rem_w2_s1_stage2_no_pareto,rem_w2_s1_stage2
71,3d0a709e782edb99,ok,,"concat: mean, range; odd: mean",mean=student_t; range=beta,16,5.0,3,1,2,426.1566351763476,426.1566351763476,14.20522117254492,4.73507372418164,0.0155554734354989,4.73507372418164,0.0155554734354989,-852.2804707980539,1.0,2432.0,1831.0,0.9512447962758932,0,7,0.7865969405590337,0.9976104382576316,7.034250538001506,0.3407809856526602,6.2453552406485375,6.521646676769539,6.79793811289054,0.9720076417253524,0.9442198171308585,3,False,,False,3,3,30,0,[],37.241094283002894,"(30, 176)",,[],"{""feature_selection"": {""concat"": [""mean"", ""range""], ""odd"": [""mean""]}, ""n_chunks"": 16, ""parameter_selection"": {""mean"": {""likelihood"": ""student_t""}, ""range"": {""likelihood"": ""beta""}}, ""rem_profile_params"": {""rem_stage"": 2, ""step_size_hours"": 1, ""window_size_hours"": 3}, ""tau_threshold"": 5.0}",run_output_8day_rem_w3_s1_stage2_no_pareto,rem_w3_s1_stage2
6,1a2a5c49478b9bc1,ok,,even: mean,mean=student_t,16,5.0,2,1,2,142.03730868890088,142.03730868890088,4.734576956296696,4.7345769562966975,0.0119295209890042,4.7345769562966975,0.0119295209890042,-284.3007573700138,1.0,1353.0,1797.0,0.9745097598026616,0,8,0.0607509228975843,0.6317541312139533,6.108640277005737,1.8310314233344995,3.8736518526664017,6.141924323901119,7.276159770533645,0.5255738829397572,0.4283223938344918,0,False,,False,1,1,30,0,[],12.930109162000008,"(30, 184)",,[],"{""feature_selection"": {""even"": [""mean""]}, ""n_chunks"": 16, ""parameter_selection"": {""mean"": {""likelihood"": ""student_t""}}, ""rem_profile_params"": {""rem_stage"": 2, ""step_size_hours"": 1, ""window_size_hours"": 2}, ""tau_threshold"": 5.0}",run_output_8day_rem_w2_s1_stage2_no_pareto,rem_w2_s1_stage2
159,917c59cb7d59fb3f,ok,,"concat: mean, range; odd: mean, range",mean=student_t; range=beta,16,5.0,2,1,2,566.6931002602595,566.6931002602595,18.88977000867532,4.722442502168828,0.0137015423044186,4.722442502168828,0.0137015423044186,-1134.4288376753218,1.0,994.0,845.0,0.8450196798369368,0,6,0.5358032770548788,0.981934417773532,6.342629216331028,0.7652103013428706,5.315060089078768,5.65466049433902,5.994260899599273,0.2457751078091846,0.97442874840356,3,False,,False,4,4,30,0,[],54.963278082956094,"(30, 184)",,[],"{""feature_selection"": {""concat"": [""mean"", ""range""], ""odd"": [""mean"", ""range""]}, ""n_chunks"": 16, ""parameter_selection"": {""mean"": {""likelihood"": ""student_t""}, ""range"": {""likelihood"": ""beta""}}, ""rem_profile_params"": {""rem_stage"": 2, ""step_size_hours"": 1, ""window_size_hours"": 2}, ""tau_threshold"": 5.0}",run_output_8day_rem_w2_s1_stage2_no_pareto,rem_w2_s1_stage2
63,da30e911a5a93df1,ok,,"concat: mean, range; even: mean",mean=student_t; range=beta,16,5.0,3,1,2,424.9026362031105,424.9026362031105,14.16342120677035,4.721140402256783,0.0106948244273157,4.721140402256783,0.0106948244273157,-850.3025727752386,1.0,2895.0,2295.0,0.8748180341566305,0,7,0.7913672712746915,0.9972229975333098,7.069709799340624,0.3523060420610062,6.264201975940093,6.542210123334767,6.82021827072944,0.9875847420444656,0.5677856762069774,0,False,,False,3,3,30,0,[],35.67336793895811,"(30, 176)",,[],"{""feature_selection"": {""concat"": [""mean"", ""range""], ""even"": [""mean""]}, ""n_chunks"": 16, ""parameter_selection"": {""mean"": {""likelihood"": ""student_t""}, ""range"": {""likelihood"": ""beta""}}, ""rem_profile_params"": {""rem_stage"": 2, ""step_size_hours"": 1, ""window_size_hours"": 3}, ""tau_threshold"": 5.0}",run_output_8day_rem_w3_s1_stage2_no_pareto,rem_w3_s1_stage2
72,fa84d48bdf098524,ok,,"concat: mean, range; odd: mean",mean=student_t; range=lognormal,16,5.0,2,2,2,422.92057099236126,422.92057099236126,14.097352366412045,4.69911745547068,0.0161169600112273,4.69911745547068,0.0161169600112273,-845.7087177793996,1.0,1986.0,2110.0,0.9077294674639838,0,7,0.4982666890985735,0.9748476808079788,6.534600454068709,0.6135517300291305,5.518738464198429,6.080060380534372,6.563554980108645,0.5413967294592674,0.7296041275425716,1,False,,False,3,3,30,0,[],30.31168720801361,"(30, 96)",,[],"{""feature_selection"": {""concat"": [""mean"", ""range""], ""odd"": [""mean""]}, ""n_chunks"": 16, ""parameter_selection"": {""mean"": {""likelihood"": ""student_t""}, ""range"": {""likelihood"": ""lognormal""}}, ""rem_profile_params"": {""rem_stage"": 2, ""step_size_hours"": 2, ""window_size_hours"": 2}, ""tau_threshold"": 5.0}",run_output_8day_rem_w2_s2_stage2_no_pareto,rem_w2_s2_stage2
69,3c44c97a3eba6885,ok,,"concat: mean, range; odd: mean",mean=lognormal; range=beta,16,5.0,2,1,2,421.7601141857476,421.7601141857476,14.058670472858257,4.686223490952753,0.0185588173894274,4.686223490952753,0.0185588173894274,-841.0884447170704,1.0,1712.0,1777.0,0.954410705911366,0,7,0.5670249379841494,0.9958031236766484,6.5310271337052335,0.5428341479987013,5.523934841020754,6.0517511461064935,6.537133138645572,0.5266548547854952,1.315810650626992,3,False,,False,3,3,30,0,[],24.07640351104783,"(30, 184)",,[],"{""feature_selection"": {""concat"": [""mean"", ""range""], ""odd"": [""mean""]}, ""n_chunks"": 16, ""parameter_selection"": {""mean"": {""likelihood"": ""lognormal""}, ""range"": {""likelihood"": ""beta""}}, ""rem_profile_params"": {""rem_stage"": 2, ""step_size_hours"": 1, ""window_size_hours"": 2}, ""tau_threshold"": 5.0}",run_output_8day_rem_w2_s1_stage2_no_pareto,rem_w2_s1_stage2
73,e94bc6d542458103,ok,,"concat: mean, range; odd: range",mean=lognormal; range=beta,16,5.0,2,1,2,418.0425517193578,418.0425517193578,13.934751723978591,4.644917241326198,0.012130720249168,4.644917241326198,0.012130720249168,-837.5039934527953,1.0,1945.0,1465.0,0.916338494532574,0,6,0.6344931063877612,0.998732489784831,6.333540892368965,0.4787352414340286,5.374177181582575,5.750261124120864,6.252387007799273,0.3339872780837282,0.9587027733416018,2,False,,False,3,3,30,0,[],29.293554797011893,"(30, 184)",,[],"{""feature_selection"": {""concat"": [""mean"", ""range""], ""odd"": [""range""]}, ""n_chunks"": 16, ""parameter_selection"": {""mean"": {""likelihood"": ""lognormal""}, ""range"": {""likelihood"": ""beta""}}, ""rem_profile_params"": {""rem_stage"": 2, ""step_size_hours"": 1, ""window_size_hours"": 2}, ""tau_threshold"": 5.0}",run_output_8day_rem_w2_s1_stage2_no_pareto,rem_w2_s1_stage2
82,82d74c17b887ea30,ok,,concat: mean; even: mean; odd: mean,mean=student_t,16,5.0,3,1,2,417.6388678964726,417.6388678964726,13.921295596549088,4.640431865516364,0.0158920353682038,4.640431865516364,0.0158920353682038,-836.0224624190465,1.0,913.0,1437.0,0.9551251626852488,0,8,0.1926416619205652,0.8828024814154187,6.740526654723936,1.3271277701760962,5.515654314252616,6.474101766687557,7.307583256299469,0.6252607955518938,0.978644367887766,1,False,,False,3,3,30,0,[],34.93068259797292,"(30, 176)",,[],"{""feature_selection"": {""concat"": [""mean""], ""even"": [""mean""], ""odd"": [""mean""]}, ""n_chunks"": 16, ""parameter_selection"": {""mean"": {""likelihood"": ""student_t""}}, ""rem_profile_params"": {""rem_stage"": 2, ""step_size_hours"": 1, ""window_size_hours"": 3}, ""tau_threshold"": 5.0}",run_output_8day_rem_w3_s1_stage2_no_pareto,rem_w3_s1_stage2
143,e0d88deaf117d458,ok,,"concat: mean, range; even: mean; odd: mean",mean=student_t; range=beta,16,5.0,2,2,2,552.6897280844302,552.6897280844302,18.422990936147677,4.605747734036918,0.012953670311482,4.605747734036918,0.012953670311482,-1104.7323762345443,1.0,1465.0,1175.0,0.9462865900192932,0,7,0.6140163077863825,0.988959651658006,7.006371175317415,0.5332877521488518,6.2018846412928745,6.51614525671351,6.830405872134145,0.9106028813240352,0.9917676579123054,1,False,,False,4,4,30,0,[],55.31886911200127,"(30, 96)",,[],"{""feature_selection"": {""concat"": [""mean"", ""range""], ""even"": [""mean""], ""odd"": [""mean""]}, ""n_chunks"": 16, ""parameter_selection"": {""mean"": {""likelihood"": ""student_t""}, ""range"": {""likelihood"": ""beta""}}, ""rem_profile_params"": {""rem_stage"": 2, ""step_size_hours"": 2, ""window_size_hours"": 2}, ""tau_threshold"": 5.0}",run_output_8day_rem_w2_s2_stage2_no_pareto,rem_w2_s2_stage2
172,99ff846550475526,ok,,"concat: mean; even: mean; odd: mean, range",mean=student_t; range=lognormal,16,5.0,2,1,2,552.276478328357,552.276478328357,18.409215944278568,4.602303986069643,0.0124711316290011,4.602303986069643,0.0124711316290011,-1103.7037071729503,1.01,919.0,823.0,1.042215297417113,0,8,0.4384408362421014,0.912674659153751,7.348550267806321,1.276480777059218,6.675016509079271,7.294100321701571,7.647050160850785,0.83658108453455,0.6797933264836084,0,False,,False,4,4,30,0,[],51.5502912439988,"(30, 184)",,[],"{""feature_selection"": {""concat"": [""mean""], ""even"": [""mean""], ""odd"": [""mean"", ""range""]}, ""n_chunks"": 16, ""parameter_selection"": {""mean"": {""likelihood"": ""student_t""}, ""range"": {""likelihood"": ""lognormal""}}, ""rem_profile_params"": {""rem_stage"": 2, ""step_size_hours"": 1, ""window_size_hours"": 2}, ""tau_threshold"": 5.0}",run_output_8day_rem_w2_s1_stage2_no_pareto,rem_w2_s1_stage2
81,1bc737d8a13ca006,ok,,concat: mean; even: mean; odd: mean,mean=lognormal,16,5.0,2,1,2,411.9118391566877,411.9118391566877,13.730394638556255,4.576798212852085,0.0188340534512138,4.576798212852085,0.0188340534512138,-821.1916960131613,1.0,2360.0,2216.0,1.0114725543690413,0,7,0.660215284349623,0.9860079665916056,6.8278118626747135,0.5367046725347953,6.104761946954241,6.412048717855204,6.719335488756166,0.8352314164445482,1.7864186605537258,2,False,,False,3,3,30,0,[],12.817485642968675,"(30, 184)",,[],"{""feature_selection"": {""concat"": [""mean""], ""even"": [""mean""], ""odd"": [""mean""]}, ""n_chunks"": 16, ""parameter_selection"": {""mean"": {""likelihood"": ""lognormal""}}, ""rem_profile_params"": {""rem_stage"": 2, ""step_size_hours"": 1, ""window_size_hours"": 2}, ""tau_threshold"": 5.0}",run_output_8day_rem_w2_s1_stage2_no_pareto,rem_w2_s1_stage2
79,ed16744ff648c2db,ok,,"concat: mean; even: mean, range",mean=student_t; range=beta,16,5.0,2,1,2,411.10588414334126,411.10588414334126,13.703529471444709,4.567843157148236,0.0113472032999118,4.567843157148236,0.0113472032999118,-823.7360280895259,1.01,638.0,1436.0,0.9563763097623134,0,8,0.0491160308349309,0.5575400816379361,5.901726111917126,1.7218443236227017,3.908601854313526,5.353941430583197,7.172179524441582,0.3949705809634147,0.9721113182525304,1,False,,False,3,3,30,0,[],38.62424870597897,"(30, 184)",,[],"{""feature_selection"": {""concat"": [""mean""], ""even"": [""mean"", ""range""]}, ""n_chunks"": 16, ""parameter_selection"": {""mean"": {""likelihood"": ""student_t""}, ""range"": {""likelihood"": ""beta""}}, ""rem_profile_params"": {""rem_stage"": 2, ""step_size_hours"": 1, ""window_size_hours"": 2}, ""tau_threshold"": 5.0}",run_output_8day_rem_w2_s1_stage2_no_pareto,rem_w2_s1_stage2
98,35c65fc497c829b1,ok,,"concat: mean; odd: mean, range",mean=student_t; range=lognormal,16,5.0,2,1,2,410.8034195046452,410.8034195046452,13.693447316821503,4.564482438940502,0.0150675839128625,4.564482438940502,0.0150675839128625,-821.3741835064233,1.01,817.0,1066.0,0.9502634585017308,0,8,0.1814962698136673,0.8179558153486941,6.715460047478308,1.5740571768271443,5.38386094196063,6.813582600369142,7.465480748603837,0.6409234374214192,0.93739998652913,2,False,,False,3,3,30,0,[],31.80668027198408,"(30, 184)",,[],"{""feature_selection"": {""concat"": [""mean""], ""odd"": [""mean"", ""range""]}, ""n_chunks"": 16, ""parameter_selection"": {""mean"": {""likelihood"": ""student_t""}, ""range"": {""likelihood"": ""lognormal""}}, ""rem_profile_params"": {""rem_stage"": 2, ""step_size_hours"": 1, ""window_size_hours"": 2}, ""tau_threshold"": 5.0}",run_output_8day_rem_w2_s1_stage2_no_pareto,rem_w2_s1_stage2
21,a714441b03403ad8,ok,,concat: mean; even: range,mean=student_t; range=beta,16,5.0,2,2,2,272.5442506895204,272.5442506895204,9.084808356317348,4.542404178158675,0.0106675965514094,4.542404178158675,0.0106675965514094,-545.4125473191398,1.0,1368.0,1828.0,0.9572617123533792,0,8,0.2320743287733466,0.9033510357739084,6.784408349527421,1.3192360848136069,5.504439784294773,6.503464629527301,7.378138797608406,0.5993483766888413,0.5481701859862957,0,False,,False,2,2,30,0,[],24.72268196498044,"(30, 96)",,[],"{""feature_selection"": {""concat"": [""mean""], ""even"": [""range""]}, ""n_chunks"": 16, ""parameter_selection"": {""mean"": {""likelihood"": ""student_t""}, ""range"": {""likelihood"": ""beta""}}, ""rem_profile_params"": {""rem_stage"": 2, ""step_size_hours"": 2, ""window_size_hours"": 2}, ""tau_threshold"": 5.0}",run_output_8day_rem_w2_s2_stage2_no_pareto,rem_w2_s2_stage2
83,f88b839a3b3f8604,ok,,concat: mean; even: mean; odd: range,mean=lognormal; range=beta,16,5.0,2,1,2,406.8663299315446,406.8663299315446,13.562210997718154,4.520736999239384,0.0124991253939466,4.520736999239384,0.0124991253939466,-814.3853614839703,1.0,2251.0,2276.0,1.0434849401400217,0,7,0.628359775029663,0.9956372100564912,6.7081287562880165,0.4857020046390194,5.853504596596572,6.296265485480485,6.65262987973023,0.7078388654008303,1.0058930420469625,2,False,,False,3,3,30,0,[],24.566254372010008,"(30, 184)",,[],"{""feature_selection"": {""concat"": [""mean""], ""even"": [""mean""], ""odd"": [""range""]}, ""n_chunks"": 16, ""parameter_selection"": {""mean"": {""likelihood"": ""lognormal""}, ""range"": {""likelihood"": ""beta""}}, ""rem_profile_params"": {""rem_stage"": 2, ""step_size_hours"": 1, ""window_size_hours"": 2}, ""tau_threshold"": 5.0}",run_output_8day_rem_w2_s1_stage2_no_pareto,rem_w2_s1_stage2
144,a5a1d46773aa7e3e,ok,,"concat: mean, range; even: mean; odd: mean",mean=student_t; range=lognormal,16,5.0,2,2,2,540.3927605337257,540.3927605337257,18.013092017790857,4.503273004447714,0.0130736197544468,4.503273004447714,0.0130736197544468,-1080.6725922622368,1.0,1782.0,1839.0,0.9363010301328069,0,7,0.4901712033815677,0.982198301195653,6.652125256206173,0.6257624545301628,5.656032490580369,6.221172289201855,6.652290526561229,0.6282550064203665,0.9473502876078596,2,False,,False,4,4,30,0,[],45.8992133080028,"(30, 96)",,[],"{""feature_selection"": {""concat"": [""mean"", ""range""], ""even"": [""mean""], ""odd"": [""mean""]}, ""n_chunks"": 16, ""parameter_selection"": {""mean"": {""likelihood"": ""student_t""}, ""range"": {""likelihood"": ""lognormal""}}, ""rem_profile_params"": {""rem_stage"": 2, ""step_size_hours"": 2, ""window_size_hours"": 2}, ""tau_threshold"": 5.0}",run_output_8day_rem_w2_s2_stage2_no_pareto,rem_w2_s2_stage2
1,044493dde32168a8,ok,,concat: mean,mean=lognormal,16,5.0,6,1,2,134.88922433964396,134.88922433964396,4.496307477988132,4.496307477988132,0.0290867619029943,4.496307477988132,0.0290867619029943,-269.3439239909008,1.01,1245.0,927.0,1.032672834906583,0,7,0.4861862110659142,0.9108425068377785,6.7100743352396135,1.1022056121668895,6.120172793323829,6.4546004631745495,6.789028133025269,0.8398346669232477,0.8922787752753326,2,False,,False,1,1,30,0,[],8.34357111301506,"(30, 152)",,[],"{""feature_selection"": {""concat"": [""mean""]}, ""n_chunks"": 16, ""parameter_selection"": {""mean"": {""likelihood"": ""lognormal""}}, ""rem_profile_params"": {""rem_stage"": 2, ""step_size_hours"": 1, ""window_size_hours"": 6}, ""tau_threshold"": 5.0}",run_output_8day_rem_w6_s1_stage2_no_pareto,rem_w6_s1_stage2
21,a35f545519825165,ok,,concat: mean; even: range,mean=student_t; range=beta,16,5.0,2,1,2,269.7221913997197,269.7221913997197,8.99073971332399,4.495369856661996,0.0138239777859869,4.495369856661996,0.0138239777859869,-539.5448745677643,1.01,805.0,1483.0,0.9886622517823566,0,5,0.0510434627648772,0.4339918665779843,5.379447799517249,1.4579997881513416,3.791011268887807,4.7606043106341165,5.809757704696883,0.2067734461655992,1.0055868822633476,1,False,,False,2,2,30,0,[],25.876770917035174,"(30, 184)",,[],"{""feature_selection"": {""concat"": [""mean""], ""even"": [""range""]}, ""n_chunks"": 16, ""parameter_selection"": {""mean"": {""likelihood"": ""student_t""}, ""range"": {""likelihood"": ""beta""}}, ""rem_profile_params"": {""rem_stage"": 2, ""step_size_hours"": 1, ""window_size_hours"": 2}, ""tau_threshold"": 5.0}",run_output_8day_rem_w2_s1_stage2_no_pareto,rem_w2_s1_stage2
207,bd1479868aeb9e6e,ok,,"concat: mean, range; even: mean; odd: mean, range",mean=student_t; range=beta,16,5.0,2,1,2,672.4336458469335,672.4336458469335,22.414454861564447,4.48289097231289,0.0116756984367724,4.48289097231289,0.0116756984367724,-1331.085519912698,2.27,5.0,4.0,1.4999973984714865,4000,8,0.4601156812639675,0.9129651806201672,7.324350052706143,1.3052278947968723,6.608594671615134,7.307118237325901,7.653559118662951,0.7941219804244326,1.3427423555629543,4,False,,False,5,5,30,0,[],101.80020456999772,"(30, 184)",,[],"{""feature_selection"": {""concat"": [""mean"", ""range""], ""even"": [""mean""], ""odd"": [""mean"", ""range""]}, ""n_chunks"": 16, ""parameter_selection"": {""mean"": {""likelihood"": ""student_t""}, ""range"": {""likelihood"": ""beta""}}, ""rem_profile_params"": {""rem_stage"": 2, ""step_size_hours"": 1, ""window_size_hours"": 2}, ""tau_threshold"": 5.0}",run_output_8day_rem_w2_s1_stage2_no_pareto,rem_w2_s1_stage2
141,c95902a64d4ad3f3,ok,,"concat: mean, range; even: mean; odd: mean",mean=lognormal; range=beta,16,5.0,2,1,2,536.240520864665,536.240520864665,17.874684028822166,4.468671007205542,0.0156005351334415,4.468671007205542,0.0156005351334415,-1070.1534961577918,1.0,1762.0,1946.0,0.9308263498715652,0,7,0.5881430245582207,0.9965235099123958,6.710117372046819,0.5200405068996259,5.814269992945149,6.288662336380058,6.661092394289435,0.6937694946001771,1.6006771981194667,5,False,,False,4,4,30,0,[],32.391933450999204,"(30, 184)",,[],"{""feature_selection"": {""concat"": [""mean"", ""range""], ""even"": [""mean""], ""odd"": [""mean""]}, ""n_chunks"": 16, ""parameter_selection"": {""mean"": {""likelihood"": ""lognormal""}, ""range"": {""likelihood"": ""beta""}}, ""rem_profile_params"": {""rem_stage"": 2, ""step_size_hours"": 1, ""window_size_hours"": 2}, ""tau_threshold"": 5.0}",run_output_8day_rem_w2_s1_stage2_no_pareto,rem_w2_s1_stage2
27,fab8ddd86f78ea26,ok,,concat: mean; odd: range,mean=student_t; range=beta,16,5.0,2,2,2,267.8134323181009,267.8134323181009,8.927114410603364,4.463557205301683,0.0123338604358912,4.463557205301683,0.0123338604358912,-536.5153023151911,1.0,1929.0,1950.0,0.9798188424194564,0,7,0.4350005634273487,0.9986216298610562,6.761047370467974,0.696052307461717,5.654957055624789,6.251272846598622,6.779060581989442,0.6190217343780058,0.9721391312929868,2,False,,False,2,2,30,0,[],25.605488007015083,"(30, 96)",,[],"{""feature_selection"": {""concat"": [""mean""], ""odd"": [""range""]}, ""n_chunks"": 16, ""parameter_selection"": {""mean"": {""likelihood"": ""student_t""}, ""range"": {""likelihood"": ""beta""}}, ""rem_profile_params"": {""rem_stage"": 2, ""step_size_hours"": 2, ""window_size_hours"": 2}, ""tau_threshold"": 5.0}",run_output_8day_rem_w2_s2_stage2_no_pareto,rem_w2_s2_stage2
139,d5a2fe5d4589ae1a,ok,,"concat: mean, range; even: mean, range",mean=student_t; range=beta,16,5.0,2,1,2,534.800803922119,534.800803922119,17.826693464070633,4.456673366017658,0.0104229485092273,4.456673366017658,0.0104229485092273,-1070.272443242318,1.01,574.0,433.0,0.8622086426920914,0,6,0.2263373610783204,0.8513900321678879,6.42660063751629,1.2530782032103678,5.220667222298797,5.764772045969732,7.126417144918826,0.3919197442308791,0.8066034015297708,2,False,,False,4,4,30,0,[],52.94149626401486,"(30, 184)",,[],"{""feature_selection"": {""concat"": [""mean"", ""range""], ""even"": [""mean"", ""range""]}, ""n_chunks"": 16, ""parameter_selection"": {""mean"": {""likelihood"": ""student_t""}, ""range"": {""likelihood"": ""beta""}}, ""rem_profile_params"": {""rem_stage"": 2, ""step_size_hours"": 1, ""window_size_hours"": 2}, ""tau_threshold"": 5.0}",run_output_8day_rem_w2_s1_stage2_no_pareto,rem_w2_s1_stage2
145,3940da8b584302a4,ok,,"concat: mean, range; even: mean; odd: range",mean=lognormal; range=beta,16,5.0,2,1,2,533.8663182630273,533.8663182630273,17.79554394210091,4.448885985525227,0.0113906594069964,4.448885985525227,0.0113906594069964,-1067.6993240073075,1.0,2023.0,1739.0,0.9919603599450336,0,7,0.5985516488961806,0.9986312544544448,6.506738561049147,0.5110287247696533,5.505186070112933,6.012843632639251,6.508853602027942,0.5064734750468224,0.8000796213994351,2,False,,False,4,4,30,0,[],39.365119399968535,"(30, 184)",,[],"{""feature_selection"": {""concat"": [""mean"", ""range""], ""even"": [""mean""], ""odd"": [""range""]}, ""n_chunks"": 16, ""parameter_selection"": {""mean"": {""likelihood"": ""lognormal""}, ""range"": {""likelihood"": ""beta""}}, ""rem_profile_params"": {""rem_stage"": 2, ""step_size_hours"": 1, ""window_size_hours"": 2}, ""tau_threshold"": 5.0}",run_output_8day_rem_w2_s1_stage2_no_pareto,rem_w2_s1_stage2
17,9f6206e6f863c352,ok,,concat: mean; even: mean,mean=lognormal,16,5.0,3,1,2,266.6424816133152,266.6424816133152,8.88808272044384,4.444041360221921,0.0168805347127393,4.444041360221921,0.0168805347127393,-534.2734117230017,1.0,2948.0,2735.0,1.01208454327121,0,7,0.693815868028785,0.9926115557282972,6.810359341652279,0.4563373460502408,6.083207395430648,6.391263820331474,6.6993202452323,0.8175260996889087,0.919106229618574,2,False,,False,2,2,30,0,[],9.014143870037516,"(30, 176)",,[],"{""feature_selection"": {""concat"": [""mean""], ""even"": [""mean""]}, ""n_chunks"": 16, ""parameter_selection"": {""mean"": {""likelihood"": ""lognormal""}}, ""rem_profile_params"": {""rem_stage"": 2, ""step_size_hours"": 1, ""window_size_hours"": 3}, ""tau_threshold"": 5.0}",run_output_8day_rem_w3_s1_stage2_no_pareto,rem_w3_s1_stage2
163,80361b39aaa89b4a,ok,,"concat: mean; even: mean, range; odd: mean",mean=student_t; range=beta,16,5.0,2,1,2,533.2667461051182,533.2667461051182,17.775558203503937,4.443889550875985,0.0129249130453011,4.443889550875985,0.0129249130453011,-1068.3112608769677,1.01,535.0,857.0,0.905013868782946,0,8,0.1525629281738943,0.7335083339734425,6.512129410650706,1.6261264796104926,4.855569928075217,6.428074481401057,7.449066608148435,0.5345981894007098,0.9566620033612596,2,False,,False,4,4,30,0,[],58.94691788696218,"(30, 184)",,[],"{""feature_selection"": {""concat"": [""mean""], ""even"": [""mean"", ""range""], ""odd"": [""mean""]}, ""n_chunks"": 16, ""parameter_selection"": {""mean"": {""likelihood"": ""student_t""}, ""range"": {""likelihood"": ""beta""}}, ""rem_profile_params"": {""rem_stage"": 2, ""step_size_hours"": 1, ""window_size_hours"": 2}, ""tau_threshold"": 5.0}",run_output_8day_rem_w2_s1_stage2_no_pareto,rem_w2_s1_stage2
14,56fb7eb266b8b5ff,ok,,"concat: mean, range",mean=lognormal; range=lognormal,16,5.0,3,1,2,266.08640388123706,266.08640388123706,8.869546796041236,4.434773398020617,0.0150118452090846,4.434773398020617,0.0150118452090846,-532.0338373712766,1.0,3737.0,2660.0,1.0404724470150777,0,7,0.7416184131325794,0.9967940880414424,6.834968435429539,0.3814823608491919,6.104937891690704,6.403455254155374,6.701972616620044,0.8378825697308677,0.6185129014852776,0,False,,False,2,2,30,0,[],9.07285082701128,"(30, 176)",,[],"{""feature_selection"": {""concat"": [""mean"", ""range""]}, ""n_chunks"": 16, ""parameter_selection"": {""mean"": {""likelihood"": ""lognormal""}, ""range"": {""likelihood"": ""lognormal""}}, ""rem_profile_params"": {""rem_stage"": 2, ""step_size_hours"": 1, ""window_size_hours"": 3}, ""tau_threshold"": 5.0}",run_output_8day_rem_w3_s1_stage2_no_pareto,rem_w3_s1_stage2
23,e3366e9e996708ed,ok,,concat: mean; odd: mean,mean=lognormal,16,5.0,2,2,2,265.7041050869372,265.7041050869372,8.856803502897908,4.428401751448954,0.0266897503939896,4.428401751448954,0.0266897503939896,-531.5384218946418,1.0,2209.0,2066.0,0.9942415502071084,0,7,0.4851147119807446,0.9701382258192984,6.5592290190715365,0.7134330630070962,5.582970729252995,6.163635683556323,6.605781087605266,0.5925236822874502,1.8362855079895704,2,False,,False,2,2,30,0,[],9.370078242034651,"(30, 96)",,[],"{""feature_selection"": {""concat"": [""mean""], ""odd"": [""mean""]}, ""n_chunks"": 16, ""parameter_selection"": {""mean"": {""likelihood"": ""lognormal""}}, ""rem_profile_params"": {""rem_stage"": 2, ""step_size_hours"": 2, ""window_size_hours"": 2}, ""tau_threshold"": 5.0}",run_output_8day_rem_w2_s2_stage2_no_pareto,rem_w2_s2_stage2
143,65badb246895807f,ok,,"concat: mean, range; even: mean; odd: mean",mean=student_t; range=beta,16,5.0,3,1,2,531.4043034122021,531.4043034122021,17.713476780406737,4.428369195101684,0.0130591025212746,4.428369195101684,0.0130591025212746,-1062.6143029144046,1.0,2047.0,1468.0,0.952608362850087,0,7,0.7414871806697283,0.998403667633477,7.105425811645998,0.3778982925973076,6.272193168692465,6.563126938221499,6.854060707750534,0.9838961622890094,0.839389160511374,3,False,,False,4,4,30,0,[],54.44112865097122,"(30, 176)",,[],"{""feature_selection"": {""concat"": [""mean"", ""range""], ""even"": [""mean""], ""odd"": [""mean""]}, ""n_chunks"": 16, ""parameter_selection"": {""mean"": {""likelihood"": ""student_t""}, ""range"": {""likelihood"": ""beta""}}, ""rem_profile_params"": {""rem_stage"": 2, ""step_size_hours"": 1, ""window_size_hours"": 3}, ""tau_threshold"": 5.0}",run_output_8day_rem_w3_s1_stage2_no_pareto,rem_w3_s1_stage2
24,ddf9e5d177caa131,ok,,concat: mean; odd: mean,mean=student_t,16,5.0,6,1,2,265.6613514156169,265.6613514156169,8.855378380520563,4.427689190260281,0.0172437198290388,4.427689190260281,0.0172437198290388,-531.775643719333,1.0,968.0,1588.0,1.0054406866995351,0,6,0.0841277732370007,0.7431088583656449,6.184101021157122,1.6206462980012295,4.903634683709482,5.827447894505982,7.12411280199086,0.4493032181799387,0.7881674775727086,1,False,,False,2,2,30,0,[],23.171518059039958,"(30, 152)",,[],"{""feature_selection"": {""concat"": [""mean""], ""odd"": [""mean""]}, ""n_chunks"": 16, ""parameter_selection"": {""mean"": {""likelihood"": ""student_t""}}, ""rem_profile_params"": {""rem_stage"": 2, ""step_size_hours"": 1, ""window_size_hours"": 6}, ""tau_threshold"": 5.0}",run_output_8day_rem_w6_s1_stage2_no_pareto,rem_w6_s1_stage2
26,05def077b68675f6,ok,,concat: mean; odd: range,mean=lognormal; range=lognormal,16,5.0,2,1,2,265.2285184706752,265.2285184706752,8.840950615689172,4.420475307844586,0.01337231600314,4.420475307844586,0.01337231600314,-534.088367774434,1.0,2522.0,2636.0,1.0197653543433591,0,7,0.6179141355053078,0.9832456231803208,6.750054909140325,0.5651092949379859,6.025491787462391,6.356072418081201,6.68665304870001,0.7692780407420374,1.2163167764981149,3,False,,False,2,2,30,0,[],9.58199426799547,"(30, 184)",,[],"{""feature_selection"": {""concat"": [""mean""], ""odd"": [""range""]}, ""n_chunks"": 16, ""parameter_selection"": {""mean"": {""likelihood"": ""lognormal""}, ""range"": {""likelihood"": ""lognormal""}}, ""rem_profile_params"": {""rem_stage"": 2, ""step_size_hours"": 1, ""window_size_hours"": 2}, ""tau_threshold"": 5.0}",run_output_8day_rem_w2_s1_stage2_no_pareto,rem_w2_s1_stage2
72,3a002ac8c594e265,ok,,"concat: mean, range; odd: mean",mean=student_t; range=lognormal,16,5.0,3,1,2,396.9636894171047,396.9636894171047,13.232122980570155,4.410707660190053,0.0161924782172585,4.410707660190053,0.0161924782172585,-794.2800440368451,1.0,1554.0,1894.0,0.998332425223266,0,7,0.4059830433999463,0.9362730702044784,6.541408921778495,0.7509739480096567,5.522492644132672,6.149485333165111,6.618005810818884,0.5797645675562009,0.9639587012403243,2,False,,False,3,3,30,0,[],29.11045404901961,"(30, 176)",,[],"{""feature_selection"": {""concat"": [""mean"", ""range""], ""odd"": [""mean""]}, ""n_chunks"": 16, ""parameter_selection"": {""mean"": {""likelihood"": ""student_t""}, ""range"": {""likelihood"": ""lognormal""}}, ""rem_profile_params"": {""rem_stage"": 2, ""step_size_hours"": 1, ""window_size_hours"": 3}, ""tau_threshold"": 5.0}",run_output_8day_rem_w3_s1_stage2_no_pareto,rem_w3_s1_stage2
31,01417cf4c0794cbb,ok,,concat: range; even: mean,mean=student_t; range=beta,16,5.0,2,1,2,264.56685381297603,264.56685381297603,8.818895127099202,4.409447563549602,0.0103141651935227,4.409447563549602,0.0103141651935227,-530.1386066880441,1.0,1369.0,1611.0,0.9965801738874208,0,8,0.1757640869982046,0.8635642682446092,6.666298802081875,1.3633470185973766,5.397164350016388,6.361882549627084,7.311520410637239,0.5776265494137951,0.7259147111856956,1,False,,False,2,2,30,0,[],23.749913185019977,"(30, 184)",,[],"{""feature_selection"": {""concat"": [""range""], ""even"": [""mean""]}, ""n_chunks"": 16, ""parameter_selection"": {""mean"": {""likelihood"": ""student_t""}, ""range"": {""likelihood"": ""beta""}}, ""rem_profile_params"": {""rem_stage"": 2, ""step_size_hours"": 1, ""window_size_hours"": 2}, ""tau_threshold"": 5.0}",run_output_8day_rem_w2_s1_stage2_no_pareto,rem_w2_s1_stage2
46,90a45432161d72be,ok,,even: mean; odd: mean,mean=student_t,16,5.0,2,1,2,264.50290882726085,264.50290882726085,8.816763627575362,4.408381813787681,0.0154734934535437,4.408381813787681,0.0154734934535437,-529.1482499425815,1.0,1195.0,1557.0,1.011724351782052,0,8,0.1763108364032761,0.7769562117681725,6.683500166617017,1.6630849382055009,5.2056660588525165,6.982945385331791,7.49745588166095,0.6458883441843295,0.7045307612790361,1,False,,False,2,2,30,0,[],22.359520805010103,"(30, 184)",,[],"{""feature_selection"": {""even"": [""mean""], ""odd"": [""mean""]}, ""n_chunks"": 16, ""parameter_selection"": {""mean"": {""likelihood"": ""student_t""}}, ""rem_profile_params"": {""rem_stage"": 2, ""step_size_hours"": 1, ""window_size_hours"": 2}, ""tau_threshold"": 5.0}",run_output_8day_rem_w2_s1_stage2_no_pareto,rem_w2_s1_stage2
28,9ea5ba5aaf7ce955,ok,,concat: mean; odd: range,mean=student_t; range=lognormal,16,5.0,2,2,2,263.72399057220827,263.72399057220827,8.790799685740275,4.395399842870138,0.0140151094681212,4.395399842870138,0.0140151094681212,-527.6877447614023,1.0,1769.0,1479.0,1.0203523177931777,0,8,0.4930832530346228,0.8893776923220871,7.3861047248558,1.2791160139555366,7.018369720201223,7.345579813467483,7.672789906733741,0.8211090619616845,0.7078376180812718,1,False,,False,2,2,30,0,[],18.612179537012707,"(30, 96)",,[],"{""feature_selection"": {""concat"": [""mean""], ""odd"": [""range""]}, ""n_chunks"": 16, ""parameter_selection"": {""mean"": {""likelihood"": ""student_t""}, ""range"": {""likelihood"": ""lognormal""}}, ""rem_profile_params"": {""rem_stage"": 2, ""step_size_hours"": 2, ""window_size_hours"": 2}, ""tau_threshold"": 5.0}",run_output_8day_rem_w2_s2_stage2_no_pareto,rem_w2_s2_stage2
199,a2d808357dcd6e79,ok,,"concat: mean, range; even: mean, range; odd: mean",mean=student_t; range=beta,16,5.0,2,1,2,658.7451203723397,658.7451203723397,21.958170679077988,4.391634135815597,0.0116736308063813,4.391634135815597,0.0116736308063813,-1317.4547239377755,1.0,547.0,368.0,0.8718911874733284,0,6,0.3025943344035435,0.8988663021753103,6.616879786900046,1.2065422363871068,5.317352577744055,5.850301561339967,7.297437165465922,0.4297782511705023,0.9187045711682468,3,False,,False,5,5,30,0,[],77.16959444002714,"(30, 184)",,[],"{""feature_selection"": {""concat"": [""mean"", ""range""], ""even"": [""mean"", ""range""], ""odd"": [""mean""]}, ""n_chunks"": 16, ""parameter_selection"": {""mean"": {""likelihood"": ""student_t""}, ""range"": {""likelihood"": ""beta""}}, ""rem_profile_params"": {""rem_stage"": 2, ""step_size_hours"": 1, ""window_size_hours"": 2}, ""tau_threshold"": 5.0}",run_output_8day_rem_w2_s1_stage2_no_pareto,rem_w2_s1_stage2
70,705cb058a0df1e58,ok,,"concat: mean, range; odd: mean",mean=lognormal; range=lognormal,16,5.0,2,1,2,394.2391546678572,394.2391546678572,13.14130515559524,4.380435051865078,0.0191367744469114,4.380435051865078,0.0191367744469114,-786.8213303000736,1.0,1992.0,2031.0,1.0195487359710795,0,7,0.6807736204059651,0.9927676625185332,6.806024824423128,0.4874819255428954,6.078310136856032,6.3896394839836885,6.700968831111346,0.8128836773488641,1.6288460019761746,3,False,,False,3,3,30,0,[],12.90970529295737,"(30, 184)",,[],"{""feature_selection"": {""concat"": [""mean"", ""range""], ""odd"": [""mean""]}, ""n_chunks"": 16, ""parameter_selection"": {""mean"": {""likelihood"": ""lognormal""}, ""range"": {""likelihood"": ""lognormal""}}, ""rem_profile_params"": {""rem_stage"": 2, ""step_size_hours"": 1, ""window_size_hours"": 2}, ""tau_threshold"": 5.0}",run_output_8day_rem_w2_s1_stage2_no_pareto,rem_w2_s1_stage2
67,6ca63520d08bdb17,ok,,"concat: mean, range; even: range",mean=student_t; range=beta,16,5.0,2,1,2,393.7839406333053,393.7839406333053,13.126131354443508,4.375377118147836,0.0120129194915227,4.375377118147836,0.0120129194915227,-787.5163689614483,1.01,648.0,542.0,0.8610779007616829,0,6,0.292948159391209,0.8166666817021828,6.047638828914044,1.070882850489082,5.110488966139047,5.524822495714698,5.939156025290348,0.2132880455197732,0.9449125597657064,1,False,,False,3,3,30,0,[],36.06111711700214,"(30, 184)",,[],"{""feature_selection"": {""concat"": [""mean"", ""range""], ""even"": [""range""]}, ""n_chunks"": 16, ""parameter_selection"": {""mean"": {""likelihood"": ""student_t""}, ""range"": {""likelihood"": ""beta""}}, ""rem_profile_params"": {""rem_stage"": 2, ""step_size_hours"": 1, ""window_size_hours"": 2}, ""tau_threshold"": 5.0}",run_output_8day_rem_w2_s1_stage2_no_pareto,rem_w2_s1_stage2
64,fa2ed9a3c6b6fcab,ok,,"concat: mean, range; even: mean",mean=student_t; range=lognormal,16,5.0,3,1,2,393.4957161253508,393.4957161253508,13.116523870845024,4.372174623615009,0.0105111392751153,4.372174623615009,0.0105111392751153,-788.2651920101988,1.0,1657.0,1748.0,0.9689813944920508,0,7,0.445243559523554,0.9481741218740418,6.827298892305017,0.7606861878573037,6.060264784049733,6.428233583607048,6.796202383164362,0.7909442214409448,0.7707678291103515,2,False,,False,3,3,30,0,[],27.970450064050965,"(30, 176)",,[],"{""feature_selection"": {""concat"": [""mean"", ""range""], ""even"": [""mean""]}, ""n_chunks"": 16, ""parameter_selection"": {""mean"": {""likelihood"": ""student_t""}, ""range"": {""likelihood"": ""lognormal""}}, ""rem_profile_params"": {""rem_stage"": 2, ""step_size_hours"": 1, ""window_size_hours"": 3}, ""tau_threshold"": 5.0}",run_output_8day_rem_w3_s1_stage2_no_pareto,rem_w3_s1_stage2
148,24ed33ca140fe867,ok,,"concat: mean, range; even: mean; odd: range",mean=student_t; range=lognormal,16,5.0,2,1,2,524.2344043097038,524.2344043097038,17.474480143656795,4.368620035914198,0.0095737081546802,4.368620035914198,0.0095737081546802,-1045.231457329336,1.01,630.0,707.0,0.9718173450378372,0,7,0.2854835229488275,0.8947494124101809,6.932523975277647,1.3328342162583298,6.134959629214106,6.725589859836869,7.348701525608106,0.8071252630735661,0.5841164142863737,0,False,,False,4,4,30,0,[],41.53990303497994,"(30, 184)",,[],"{""feature_selection"": {""concat"": [""mean"", ""range""], ""even"": [""mean""], ""odd"": [""range""]}, ""n_chunks"": 16, ""parameter_selection"": {""mean"": {""likelihood"": ""student_t""}, ""range"": {""likelihood"": ""lognormal""}}, ""rem_profile_params"": {""rem_stage"": 2, ""step_size_hours"": 1, ""window_size_hours"": 2}, ""tau_threshold"": 5.0}",run_output_8day_rem_w2_s1_stage2_no_pareto,rem_w2_s1_stage2
89,f6bd8c1943466483,ok,,concat: mean; even: range; odd: mean,mean=student_t; range=beta,16,5.0,2,1,2,392.2563876657345,392.2563876657345,13.075212922191149,4.358404307397049,0.0154119051104551,4.358404307397049,0.0154119051104551,-785.9583309453883,1.01,550.0,973.0,0.9180027843715144,0,6,0.0689238222086978,0.5707818614756965,5.7385022290513525,1.5085856268198494,4.184181741002618,5.232073536168266,6.230298953780566,0.26578430490649,1.0746156213461409,3,False,,False,3,3,30,0,[],40.6456175679923,"(30, 184)",,[],"{""feature_selection"": {""concat"": [""mean""], ""even"": [""range""], ""odd"": [""mean""]}, ""n_chunks"": 16, ""parameter_selection"": {""mean"": {""likelihood"": ""student_t""}, ""range"": {""likelihood"": ""beta""}}, ""rem_profile_params"": {""rem_stage"": 2, ""step_size_hours"": 1, ""window_size_hours"": 2}, ""tau_threshold"": 5.0}",run_output_8day_rem_w2_s1_stage2_no_pareto,rem_w2_s1_stage2
28,f575e5f4cfc64a95,ok,,concat: mean; odd: range,mean=student_t; range=lognormal,16,5.0,3,1,2,261.080176710048,261.080176710048,8.7026725570016,4.3513362785008,0.0124260142014815,4.3513362785008,0.0124260142014815,-522.1631171720267,1.0,1600.0,837.0,1.0783243720134987,0,8,0.6891068035133299,0.9592463298340148,7.721512874371869,0.8617268332217232,7.141735963983857,7.427823975989238,7.713911987994619,0.9238065060918772,0.7360053615171396,1,False,,False,2,2,30,0,[],18.30100178997964,"(30, 176)",,[],"{""feature_selection"": {""concat"": [""mean""], ""odd"": [""range""]}, ""n_chunks"": 16, ""parameter_selection"": {""mean"": {""likelihood"": ""student_t""}, ""range"": {""likelihood"": ""lognormal""}}, ""rem_profile_params"": {""rem_stage"": 2, ""step_size_hours"": 1, ""window_size_hours"": 3}, ""tau_threshold"": 5.0}",run_output_8day_rem_w3_s1_stage2_no_pareto,rem_w3_s1_stage2
27,f3c698bcf3e69a91,ok,,concat: mean; odd: range,mean=student_t; range=beta,16,5.0,3,1,2,260.89026846197606,260.89026846197606,8.696342282065869,4.348171141032935,0.0138747223407014,4.348171141032935,0.0138747223407014,-516.0862143634698,1.01,411.0,412.0,0.90885427358065,0,8,0.272439329972595,0.810235886847008,6.668989343275344,1.8286692661590072,5.572128867908408,7.008229681577169,7.504114840788584,0.7049521121141952,0.9397599134741212,1,False,,False,2,2,30,0,[],28.96111372602172,"(30, 176)",,[],"{""feature_selection"": {""concat"": [""mean""], ""odd"": [""range""]}, ""n_chunks"": 16, ""parameter_selection"": {""mean"": {""likelihood"": ""student_t""}, ""range"": {""likelihood"": ""beta""}}, ""rem_profile_params"": {""rem_stage"": 2, ""step_size_hours"": 1, ""window_size_hours"": 3}, ""tau_threshold"": 5.0}",run_output_8day_rem_w3_s1_stage2_no_pareto,rem_w3_s1_stage2
79,f3ca7c9aeaa84685,ok,,"concat: mean; even: mean, range",mean=student_t; range=beta,16,5.0,2,2,2,390.10256205509705,390.10256205509705,13.003418735169902,4.334472911723301,0.0098428281350653,4.334472911723301,0.0098428281350653,-780.5948994766173,1.01,1231.0,1683.0,0.9585187190622962,0,8,0.3846182529464037,0.9592338512722564,7.264709316013362,1.0951785230035989,6.104746130856236,7.156341129042914,7.578170564521457,0.7684094285298694,0.527316961023505,0,False,,False,3,3,30,0,[],36.31528847501613,"(30, 96)",,[],"{""feature_selection"": {""concat"": [""mean""], ""even"": [""mean"", ""range""]}, ""n_chunks"": 16, ""parameter_selection"": {""mean"": {""likelihood"": ""student_t""}, ""range"": {""likelihood"": ""beta""}}, ""rem_profile_params"": {""rem_stage"": 2, ""step_size_hours"": 2, ""window_size_hours"": 2}, ""tau_threshold"": 5.0}",run_output_8day_rem_w2_s2_stage2_no_pareto,rem_w2_s2_stage2
151,50f9b42eed2021fa,ok,,"concat: mean, range; even: range; odd: mean",mean=student_t; range=beta,16,5.0,2,1,2,518.8699764186804,518.8699764186804,17.29566588062268,4.32391647015567,0.0133114945238686,4.32391647015567,0.0133114945238686,-1037.173249838683,1.0,656.0,427.0,0.8979837419025396,0,6,0.3733895139365322,0.8719749668759784,6.160568639293844,1.012932835325183,5.185347829906295,5.56523690602868,5.945125982151064,0.2138881312348805,0.8587643464506625,1,False,,False,4,4,30,0,[],55.16153728100471,"(30, 184)",,[],"{""feature_selection"": {""concat"": [""mean"", ""range""], ""even"": [""range""], ""odd"": [""mean""]}, ""n_chunks"": 16, ""parameter_selection"": {""mean"": {""likelihood"": ""student_t""}, ""range"": {""likelihood"": ""beta""}}, ""rem_profile_params"": {""rem_stage"": 2, ""step_size_hours"": 1, ""window_size_hours"": 2}, ""tau_threshold"": 5.0}",run_output_8day_rem_w2_s1_stage2_no_pareto,rem_w2_s1_stage2
61,f428bf329e918da8,ok,,"concat: mean, range; even: mean",mean=lognormal; range=beta,16,5.0,2,2,2,388.4231041524969,388.4231041524969,12.94743680508323,4.315812268361076,0.0126998995091242,4.315812268361076,0.0126998995091242,-777.1673673040015,1.0,2282.0,1820.0,0.915716404319168,0,7,0.9640466926369836,0.9998572249565718,6.989868702728843,0.1094917109360066,6.242182734005968,6.494996822275724,6.747810910545481,0.9894869839567194,1.0291358724848825,2,False,,False,3,3,30,0,[],24.552655778010376,"(30, 96)",,[],"{""feature_selection"": {""concat"": [""mean"", ""range""], ""even"": [""mean""]}, ""n_chunks"": 16, ""parameter_selection"": {""mean"": {""likelihood"": ""lognormal""}, ""range"": {""likelihood"": ""beta""}}, ""rem_profile_params"": {""rem_stage"": 2, ""step_size_hours"": 2, ""window_size_hours"": 2}, ""tau_threshold"": 5.0}",run_output_8day_rem_w2_s2_stage2_no_pareto,rem_w2_s2_stage2
208,50723454d2ca413f,ok,,"concat: mean, range; even: mean; odd: mean, range",mean=student_t; range=lognormal,16,5.0,2,1,2,647.0844872943265,647.0844872943265,21.569482909810883,4.313896581962177,0.0116632368443421,4.313896581962177,0.0116632368443421,-1289.5291550690267,1.01,573.0,621.0,0.9500094601848138,0,8,0.3261482428918488,0.929132193264636,7.129838549215529,1.2215470559703676,6.21194743481383,6.962664736440283,7.487249750564214,0.8205816405039015,1.0317839644914764,4,False,,False,5,5,30,0,[],65.22552301298128,"(30, 184)",,[],"{""feature_selection"": {""concat"": [""mean"", ""range""], ""even"": [""mean""], ""odd"": [""mean"", ""range""]}, ""n_chunks"": 16, ""parameter_selection"": {""mean"": {""likelihood"": ""student_t""}, ""range"": {""likelihood"": ""lognormal""}}, ""rem_profile_params"": {""rem_stage"": 2, ""step_size_hours"": 1, ""window_size_hours"": 2}, ""tau_threshold"": 5.0}",run_output_8day_rem_w2_s1_stage2_no_pareto,rem_w2_s1_stage2
105,a356074de99c663e,ok,,concat: range; even: mean; odd: mean,mean=student_t; range=beta,16,5.0,2,1,2,387.2353840030788,387.2353840030788,12.907846133435958,4.3026153778119856,0.0126720062017345,4.3026153778119856,0.0126720062017345,-775.6055721300896,1.0,1123.0,1849.0,0.8936941967634943,0,8,0.2797873228225227,0.9265293483955236,6.893135153894018,1.2129413093622192,5.539243710211435,6.628202105065839,7.433504729566917,0.5991646614225273,0.7180497294233963,2,False,,False,3,3,30,0,[],38.85247971699573,"(30, 184)",,[],"{""feature_selection"": {""concat"": [""range""], ""even"": [""mean""], ""odd"": [""mean""]}, ""n_chunks"": 16, ""parameter_selection"": {""mean"": {""likelihood"": ""student_t""}, ""range"": {""likelihood"": ""beta""}}, ""rem_profile_params"": {""rem_stage"": 2, ""step_size_hours"": 1, ""window_size_hours"": 2}, ""tau_threshold"": 5.0}",run_output_8day_rem_w2_s1_stage2_no_pareto,rem_w2_s1_stage2
85,dbdc311e9bc090e9,ok,,concat: mean; even: mean; odd: range,mean=student_t; range=beta,16,5.0,2,2,2,386.6505090728696,386.6505090728696,12.888350302428988,4.296116767476328,0.010261260637637,4.296116767476328,0.010261260637637,-773.8715434085196,1.0,1403.0,1986.0,0.9707019359805112,0,7,0.4058103740248692,0.9995705229264392,6.982837045427152,0.7344888046965913,5.907803682871637,6.482736810995666,7.035786233654288,0.7246536795215108,0.9832453827851774,2,False,,False,3,3,30,0,[],36.55213635903783,"(30, 96)",,[],"{""feature_selection"": {""concat"": [""mean""], ""even"": [""mean""], ""odd"": [""range""]}, ""n_chunks"": 16, ""parameter_selection"": {""mean"": {""likelihood"": ""student_t""}, ""range"": {""likelihood"": ""beta""}}, ""rem_profile_params"": {""rem_stage"": 2, ""step_size_hours"": 2, ""window_size_hours"": 2}, ""tau_threshold"": 5.0}",run_output_8day_rem_w2_s2_stage2_no_pareto,rem_w2_s2_stage2
76,e57da2027252e179,ok,,"concat: mean, range; odd: range",mean=student_t; range=lognormal,16,5.0,2,1,2,384.25006325082126,384.25006325082126,12.808335441694044,4.269445147231348,0.0110790219880143,4.269445147231348,0.0110790219880143,-767.4709517079239,1.0,839.0,863.0,0.9906898387232173,0,7,0.2129426734249928,0.8529892409668984,6.538685238638859,1.3979548230542145,5.597476289145308,6.384102697579327,6.915760779495877,0.6806154700943758,0.6588517833515108,0,False,,False,3,3,30,0,[],25.084114963014144,"(30, 184)",,[],"{""feature_selection"": {""concat"": [""mean"", ""range""], ""odd"": [""range""]}, ""n_chunks"": 16, ""parameter_selection"": {""mean"": {""likelihood"": ""student_t""}, ""range"": {""likelihood"": ""lognormal""}}, ""rem_profile_params"": {""rem_stage"": 2, ""step_size_hours"": 1, ""window_size_hours"": 2}, ""tau_threshold"": 5.0}",run_output_8day_rem_w2_s1_stage2_no_pareto,rem_w2_s1_stage2
142,dca029df4278ef3a,ok,,"concat: mean, range; even: mean; odd: mean",mean=lognormal; range=lognormal,16,5.0,2,1,2,511.81139367235113,511.81139367235113,17.06037978907837,4.265094947269592,0.015548858395507,4.265094947269592,0.015548858395507,-1023.0281247790684,1.0,2809.0,2396.0,0.9971411711297644,0,7,0.7937411632593268,0.9975338594841776,6.899160839310704,0.3314519007197614,6.166004936375871,6.445627619904585,6.725250303433299,0.8984186961166409,1.5574870605198885,3,False,,False,4,4,30,0,[],16.493050282006152,"(30, 184)",,[],"{""feature_selection"": {""concat"": [""mean"", ""range""], ""even"": [""mean""], ""odd"": [""mean""]}, ""n_chunks"": 16, ""parameter_selection"": {""mean"": {""likelihood"": ""lognormal""}, ""range"": {""likelihood"": ""lognormal""}}, ""rem_profile_params"": {""rem_stage"": 2, ""step_size_hours"": 1, ""window_size_hours"": 2}, ""tau_threshold"": 5.0}",run_output_8day_rem_w2_s1_stage2_no_pareto,rem_w2_s1_stage2
21,36ffd2b47792462d,ok,,concat: mean; even: range,mean=student_t; range=beta,16,5.0,3,1,2,255.450758992436,255.450758992436,8.515025299747867,4.2575126498739335,0.011429949995733,4.2575126498739335,0.011429949995733,-511.656115662692,1.0,1026.0,1488.0,0.9839356794667876,0,8,0.0310157745496187,0.5596418896578987,5.793244200318295,1.767317169919623,4.036530164316125,5.414536625794102,6.920061749066434,0.4157658460305199,0.6513170815790146,0,False,,False,2,2,30,0,[],25.73451824701624,"(30, 176)",,[],"{""feature_selection"": {""concat"": [""mean""], ""even"": [""range""]}, ""n_chunks"": 16, ""parameter_selection"": {""mean"": {""likelihood"": ""student_t""}, ""range"": {""likelihood"": ""beta""}}, ""rem_profile_params"": {""rem_stage"": 2, ""step_size_hours"": 1, ""window_size_hours"": 3}, ""tau_threshold"": 5.0}",run_output_8day_rem_w3_s1_stage2_no_pareto,rem_w3_s1_stage2
80,c206a9f1a7d9cc68,ok,,"concat: mean; even: mean, range",mean=student_t; range=lognormal,16,5.0,2,1,2,382.3869930061944,382.3869930061944,12.74623310020648,4.248744366735495,0.0103473278861923,4.248744366735495,0.0103473278861923,-765.0694427722171,1.01,771.0,851.0,1.03117156026795,0,8,0.2651372379900681,0.8363388011384315,6.933648962851816,1.5456987572942849,6.116558697997096,7.0414351741919,7.52071758709595,0.780132704953638,0.7524078759624699,1,False,,False,3,3,30,0,[],30.23869280697545,"(30, 184)",,[],"{""feature_selection"": {""concat"": [""mean""], ""even"": [""mean"", ""range""]}, ""n_chunks"": 16, ""parameter_selection"": {""mean"": {""likelihood"": ""student_t""}, ""range"": {""likelihood"": ""lognormal""}}, ""rem_profile_params"": {""rem_stage"": 2, ""step_size_hours"": 1, ""window_size_hours"": 2}, ""tau_threshold"": 5.0}",run_output_8day_rem_w2_s1_stage2_no_pareto,rem_w2_s1_stage2
89,724046da1715d8bf,ok,,concat: mean; even: range; odd: mean,mean=student_t; range=beta,16,5.0,2,2,2,382.0579653717214,382.0579653717214,12.735265512390717,4.245088504130238,0.0145126579613183,4.245088504130238,0.0145126579613183,-765.288952266115,1.0,1009.0,1644.0,0.9106034096038248,0,6,0.3672223884829856,0.9564384366312249,6.617878404644795,1.0684506078503733,5.38298387364984,5.846783008999318,7.144607637084164,0.4174119897370924,0.7843663114063832,3,False,,False,3,3,30,0,[],37.90590214799158,"(30, 96)",,[],"{""feature_selection"": {""concat"": [""mean""], ""even"": [""range""], ""odd"": [""mean""]}, ""n_chunks"": 16, ""parameter_selection"": {""mean"": {""likelihood"": ""student_t""}, ""range"": {""likelihood"": ""beta""}}, ""rem_profile_params"": {""rem_stage"": 2, ""step_size_hours"": 2, ""window_size_hours"": 2}, ""tau_threshold"": 5.0}",run_output_8day_rem_w2_s2_stage2_no_pareto,rem_w2_s2_stage2
86,0971ec4244da7c90,ok,,concat: mean; even: mean; odd: range,mean=student_t; range=lognormal,16,5.0,2,2,2,381.9959004724573,381.9959004724573,12.733196682415244,4.244398894138414,0.0115674916037183,4.244398894138414,0.0115674916037183,-764.3816076819925,1.0,1751.0,1278.0,1.0417668749222813,0,8,0.6874756218051512,0.9525487318174904,7.700448426368094,0.933789653170406,7.143746565116966,7.429164376744644,7.714582188372322,0.9170230085335028,0.6129411391102129,0,False,,False,3,3,30,0,[],30.31488358002389,"(30, 96)",,[],"{""feature_selection"": {""concat"": [""mean""], ""even"": [""mean""], ""odd"": [""range""]}, ""n_chunks"": 16, ""parameter_selection"": {""mean"": {""likelihood"": ""student_t""}, ""range"": {""likelihood"": ""lognormal""}}, ""rem_profile_params"": {""rem_stage"": 2, ""step_size_hours"": 2, ""window_size_hours"": 2}, ""tau_threshold"": 5.0}",run_output_8day_rem_w2_s2_stage2_no_pareto,rem_w2_s2_stage2
160,7b0623a1d4e67d7a,ok,,"concat: mean, range; odd: mean, range",mean=student_t; range=lognormal,16,5.0,2,1,2,508.29678354679714,508.29678354679714,16.943226118226573,4.235806529556643,0.0133955849380429,4.235806529556643,0.0133955849380429,-1014.0344428654284,1.01,564.0,804.0,0.9544974701033784,0,7,0.2232826562241958,0.8936017299113341,6.680726284766125,1.3078483791288082,5.642031524375139,6.424349408989845,7.072274508956174,0.6699340057273924,0.8268043761705519,2,False,,False,4,4,30,0,[],41.90625942801125,"(30, 184)",,[],"{""feature_selection"": {""concat"": [""mean"", ""range""], ""odd"": [""mean"", ""range""]}, ""n_chunks"": 16, ""parameter_selection"": {""mean"": {""likelihood"": ""student_t""}, ""range"": {""likelihood"": ""lognormal""}}, ""rem_profile_params"": {""rem_stage"": 2, ""step_size_hours"": 1, ""window_size_hours"": 2}, ""tau_threshold"": 5.0}",run_output_8day_rem_w2_s1_stage2_no_pareto,rem_w2_s1_stage2
61,1f83203f2ca1f412,ok,,"concat: mean, range; even: mean",mean=lognormal; range=beta,16,5.0,3,1,2,380.1140143694458,380.1140143694458,12.670467145648193,4.223489048549398,0.0131685962802323,4.223489048549398,0.0131685962802323,-761.3698021737472,1.01,2782.0,2230.0,1.0358203545497269,0,7,0.9863220882655326,0.9999816253100688,6.998387488114293,0.0584061552751737,6.2483589661068,6.499200583825873,6.750042201544947,0.9975256781202724,0.8329179827465468,1,False,,False,3,3,30,0,[],23.827946525998414,"(30, 176)",,[],"{""feature_selection"": {""concat"": [""mean"", ""range""], ""even"": [""mean""]}, ""n_chunks"": 16, ""parameter_selection"": {""mean"": {""likelihood"": ""lognormal""}, ""range"": {""likelihood"": ""beta""}}, ""rem_profile_params"": {""rem_stage"": 2, ""step_size_hours"": 1, ""window_size_hours"": 3}, ""tau_threshold"": 5.0}",run_output_8day_rem_w3_s1_stage2_no_pareto,rem_w3_s1_stage2
84,b3583c979aacb0ec,ok,,concat: mean; even: mean; odd: range,mean=lognormal; range=lognormal,16,5.0,2,1,2,379.97949015150186,379.97949015150186,12.665983005050062,4.221994335016689,0.0125901274687516,4.221994335016689,0.0125901274687516,-765.2893896381108,1.0,1999.0,1594.0,0.958461140763568,0,7,0.6949849674511401,0.9891746827246796,6.872134724945179,0.4856335587490673,6.141688842615214,6.4373994009144,6.733109959213585,0.8697867633051,1.2883964552671048,4,False,,False,3,3,30,0,[],13.066629489010666,"(30, 184)",,[],"{""feature_selection"": {""concat"": [""mean""], ""even"": [""mean""], ""odd"": [""range""]}, ""n_chunks"": 16, ""parameter_selection"": {""mean"": {""likelihood"": ""lognormal""}, ""range"": {""likelihood"": ""lognormal""}}, ""rem_profile_params"": {""rem_stage"": 2, ""step_size_hours"": 1, ""window_size_hours"": 2}, ""tau_threshold"": 5.0}",run_output_8day_rem_w2_s1_stage2_no_pareto,rem_w2_s1_stage2
75,e6311cc675e5df34,ok,,"concat: mean, range; odd: range",mean=student_t; range=beta,16,5.0,3,1,2,378.69770414983554,378.69770414983554,12.62325680499452,4.2077522683315065,0.0134369424490773,4.2077522683315065,0.0134369424490773,-757.3459278085104,1.0,1306.0,956.0,0.9612293614023344,0,7,0.6923357293122905,0.998198805970022,7.176873137199904,0.4362927546854729,6.300149224303722,6.6134821041446274,6.926814983985534,0.9894811106770228,1.342352748922954,1,False,,False,3,3,30,0,[],36.68885457701981,"(30, 176)",,[],"{""feature_selection"": {""concat"": [""mean"", ""range""], ""odd"": [""range""]}, ""n_chunks"": 16, ""parameter_selection"": {""mean"": {""likelihood"": ""student_t""}, ""range"": {""likelihood"": ""beta""}}, ""rem_profile_params"": {""rem_stage"": 2, ""step_size_hours"": 1, ""window_size_hours"": 3}, ""tau_threshold"": 5.0}",run_output_8day_rem_w3_s1_stage2_no_pareto,rem_w3_s1_stage2
164,97028460124cfa25,ok,,"concat: mean; even: mean, range; odd: mean",mean=student_t; range=lognormal,16,5.0,2,1,2,504.80433338186384,504.80433338186384,16.826811112728794,4.206702778182199,0.0122251298991718,4.206702778182199,0.0122251298991718,-1010.6760103938942,1.01,782.0,759.0,0.9849898017870412,0,8,0.3872849988500509,0.903835122936846,7.270587336387459,1.314506710314134,6.469339167190037,7.232497874585101,7.616248937292551,0.8371494637459029,0.8581867745801149,2,False,,False,4,4,30,0,[],48.52081459201872,"(30, 184)",,[],"{""feature_selection"": {""concat"": [""mean""], ""even"": [""mean"", ""range""], ""odd"": [""mean""]}, ""n_chunks"": 16, ""parameter_selection"": {""mean"": {""likelihood"": ""student_t""}, ""range"": {""likelihood"": ""lognormal""}}, ""rem_profile_params"": {""rem_stage"": 2, ""step_size_hours"": 1, ""window_size_hours"": 2}, ""tau_threshold"": 5.0}",run_output_8day_rem_w2_s1_stage2_no_pareto,rem_w2_s1_stage2
157,3cc8fca9858cd4f1,ok,,"concat: mean, range; odd: mean, range",mean=lognormal; range=beta,16,5.0,2,1,2,504.1834799721018,504.1834799721018,16.80611599907006,4.201528999767515,0.0150241911794009,4.201528999767515,0.0150241911794009,-1004.9031358125584,1.0,1780.0,1891.0,0.9311812379138238,0,6,0.6205537519581874,0.9993560040014252,6.348261522463727,0.4912142346796497,5.379620158218762,5.760220737437812,6.275246775980892,0.3424994103699289,1.3737383307745024,3,False,,False,4,4,30,0,[],39.97481800604146,"(30, 184)",,[],"{""feature_selection"": {""concat"": [""mean"", ""range""], ""odd"": [""mean"", ""range""]}, ""n_chunks"": 16, ""parameter_selection"": {""mean"": {""likelihood"": ""lognormal""}, ""range"": {""likelihood"": ""beta""}}, ""rem_profile_params"": {""rem_stage"": 2, ""step_size_hours"": 1, ""window_size_hours"": 2}, ""tau_threshold"": 5.0}",run_output_8day_rem_w2_s1_stage2_no_pareto,rem_w2_s1_stage2
95,20fecf1bf442e085,ok,,"concat: mean; odd: mean, range",mean=lognormal; range=beta,16,5.0,2,1,2,378.0068301236488,378.0068301236488,12.600227670788293,4.200075890262762,0.0176569542951506,4.200075890262762,0.0176569542951506,-752.1564312924714,1.0,1852.0,2218.0,0.9706708451813474,0,7,0.5707815556059344,0.994818388369974,6.539236315760001,0.5384902725928252,5.536056304300971,6.072043334764332,6.5445746761601455,0.5381156382937068,1.3671331198798873,2,False,,False,3,3,30,0,[],26.351135674049143,"(30, 184)",,[],"{""feature_selection"": {""concat"": [""mean""], ""odd"": [""mean"", ""range""]}, ""n_chunks"": 16, ""parameter_selection"": {""mean"": {""likelihood"": ""lognormal""}, ""range"": {""likelihood"": ""beta""}}, ""rem_profile_params"": {""rem_stage"": 2, ""step_size_hours"": 1, ""window_size_hours"": 2}, ""tau_threshold"": 5.0}",run_output_8day_rem_w2_s1_stage2_no_pareto,rem_w2_s1_stage2
97,1843abd67b5c2d1a,ok,,"concat: mean; odd: mean, range",mean=student_t; range=beta,16,5.0,2,2,2,376.6293584133304,376.6293584133304,12.554311947111014,4.184770649037005,0.015111768851428,4.184770649037005,0.015111768851428,-754.4901503853347,1.0,1372.0,1123.0,0.922439717050716,0,6,0.4937486810597725,0.9991434391372034,6.497489177251143,0.686484404132694,5.410530357000261,5.822472126791539,6.499060513597418,0.3922615487023749,0.7809618347702353,4,False,,False,3,3,30,0,[],37.64688023098279,"(30, 96)",,[],"{""feature_selection"": {""concat"": [""mean""], ""odd"": [""mean"", ""range""]}, ""n_chunks"": 16, ""parameter_selection"": {""mean"": {""likelihood"": ""student_t""}, ""range"": {""likelihood"": ""beta""}}, ""rem_profile_params"": {""rem_stage"": 2, ""step_size_hours"": 2, ""window_size_hours"": 2}, ""tau_threshold"": 5.0}",run_output_8day_rem_w2_s2_stage2_no_pareto,rem_w2_s2_stage2
62,6873dcd2fac6401c,ok,,"concat: mean, range; even: mean",mean=lognormal; range=lognormal,16,5.0,2,2,2,376.39841682159096,376.39841682159096,12.546613894053031,4.18220463135101,0.0122172725051163,4.18220463135101,0.0122172725051163,-753.1977073452233,1.01,4298.0,2868.0,1.0607343038836952,0,7,0.8553517457900024,0.99922588367628,6.929635246817195,0.2627705628057236,6.19405389859608,6.462782210925665,6.731510523255251,0.930529822959331,0.8712155383515765,2,False,,False,3,3,30,0,[],12.570550754026044,"(30, 96)",,[],"{""feature_selection"": {""concat"": [""mean"", ""range""], ""even"": [""mean""]}, ""n_chunks"": 16, ""parameter_selection"": {""mean"": {""likelihood"": ""lognormal""}, ""range"": {""likelihood"": ""lognormal""}}, ""rem_profile_params"": {""rem_stage"": 2, ""step_size_hours"": 2, ""window_size_hours"": 2}, ""tau_threshold"": 5.0}",run_output_8day_rem_w2_s2_stage2_no_pareto,rem_w2_s2_stage2
144,5ccc9e88096f5667,ok,,"concat: mean, range; even: mean; odd: mean",mean=student_t; range=lognormal,16,5.0,3,1,2,501.6401300568817,501.6401300568817,16.721337668562725,4.180334417140681,0.0133883781729651,4.180334417140681,0.0133883781729651,-1002.9828852823556,1.0,1482.0,1126.0,0.9745509382096914,0,7,0.4154023562558537,0.9546705355665368,6.759670657425911,0.7559689729501624,5.876514834679719,6.357961441961933,6.762591992310385,0.7211656050523555,0.9979969836483042,2,False,,False,4,4,30,0,[],47.18751653999789,"(30, 176)",,[],"{""feature_selection"": {""concat"": [""mean"", ""range""], ""even"": [""mean""], ""odd"": [""mean""]}, ""n_chunks"": 16, ""parameter_selection"": {""mean"": {""likelihood"": ""student_t""}, ""range"": {""likelihood"": ""lognormal""}}, ""rem_profile_params"": {""rem_stage"": 2, ""step_size_hours"": 1, ""window_size_hours"": 3}, ""tau_threshold"": 5.0}",run_output_8day_rem_w3_s1_stage2_no_pareto,rem_w3_s1_stage2
163,92d379a824d05772,ok,,"concat: mean; even: mean, range; odd: mean",mean=student_t; range=beta,16,5.0,2,2,2,498.8974652232181,498.8974652232181,16.629915507440604,4.15747887686015,0.0122860510439658,4.15747887686015,0.0122860510439658,-998.7717909607566,1.0,806.0,1621.0,0.92433949164847,0,8,0.40202665617373,0.979094637755383,7.101769992505382,1.039594656092233,5.669546914226464,7.023321113090199,7.511660556545099,0.6369309552895188,0.8077507369216659,2,False,,False,4,4,30,0,[],57.67910155100981,"(30, 96)",,[],"{""feature_selection"": {""concat"": [""mean""], ""even"": [""mean"", ""range""], ""odd"": [""mean""]}, ""n_chunks"": 16, ""parameter_selection"": {""mean"": {""likelihood"": ""student_t""}, ""range"": {""likelihood"": ""beta""}}, ""rem_profile_params"": {""rem_stage"": 2, ""step_size_hours"": 2, ""window_size_hours"": 2}, ""tau_threshold"": 5.0}",run_output_8day_rem_w2_s2_stage2_no_pareto,rem_w2_s2_stage2
18,24fa522b53f06835,ok,,concat: mean; even: mean,mean=student_t,16,5.0,6,1,2,248.87278466228133,248.87278466228133,8.29575948874271,4.147879744371355,0.0125656623028462,4.147879744371355,0.0125656623028462,-497.7940606756609,1.0,1510.0,1346.0,1.049578273294975,0,8,0.3609797056672097,0.8743461802432406,7.180280888901548,1.4258631205622565,6.388375415941275,7.217583135548989,7.608791567774494,0.8204549644873508,0.4705844164400414,0,False,,False,2,2,30,0,[],22.370354353974108,"(30, 152)",,[],"{""feature_selection"": {""concat"": [""mean""], ""even"": [""mean""]}, ""n_chunks"": 16, ""parameter_selection"": {""mean"": {""likelihood"": ""student_t""}}, ""rem_profile_params"": {""rem_stage"": 2, ""step_size_hours"": 1, ""window_size_hours"": 6}, ""tau_threshold"": 5.0}",run_output_8day_rem_w6_s1_stage2_no_pareto,rem_w6_s1_stage2
98,62bcd6fa2636cb46,ok,,"concat: mean; odd: mean, range",mean=student_t; range=lognormal,16,5.0,2,2,2,372.43995220748633,372.43995220748633,12.414665073582878,4.138221691194293,0.0166385697134669,4.138221691194293,0.0166385697134669,-744.9322950081673,1.01,967.0,1453.0,1.0323608990963844,0,8,0.4246856863977838,0.9011306457746446,7.244916605672468,1.2626498718494523,5.896998706824412,7.265576718301156,7.632788359150577,0.7326458479429033,0.7532248920175639,2,False,,False,3,3,30,0,[],32.843908501032274,"(30, 96)",,[],"{""feature_selection"": {""concat"": [""mean""], ""odd"": [""mean"", ""range""]}, ""n_chunks"": 16, ""parameter_selection"": {""mean"": {""likelihood"": ""student_t""}, ""range"": {""likelihood"": ""lognormal""}}, ""rem_profile_params"": {""rem_stage"": 2, ""step_size_hours"": 2, ""window_size_hours"": 2}, ""tau_threshold"": 5.0}",run_output_8day_rem_w2_s2_stage2_no_pareto,rem_w2_s2_stage2
67,3b21f8927469ee4d,ok,,"concat: mean, range; even: range",mean=student_t; range=beta,16,5.0,2,2,2,372.4240049862513,372.4240049862513,12.414133499541707,4.138044499847236,0.0090796348344299,4.138044499847236,0.0090796348344299,-745.73786474637,1.0,1820.0,1482.0,0.9294831014094757,0,7,0.6698262383168676,0.9960508787812452,7.0123313262492335,0.4485729343329204,6.210730915577935,6.5118559164584,6.812980917338864,0.924953021969096,1.1146706848513763,1,False,,False,3,3,30,0,[],35.32075997797074,"(30, 96)",,[],"{""feature_selection"": {""concat"": [""mean"", ""range""], ""even"": [""range""]}, ""n_chunks"": 16, ""parameter_selection"": {""mean"": {""likelihood"": ""student_t""}, ""range"": {""likelihood"": ""beta""}}, ""rem_profile_params"": {""rem_stage"": 2, ""step_size_hours"": 2, ""window_size_hours"": 2}, ""tau_threshold"": 5.0}",run_output_8day_rem_w2_s2_stage2_no_pareto,rem_w2_s2_stage2
65,fdabb969cb59f3a1,ok,,"concat: mean, range; even: range",mean=lognormal; range=beta,16,5.0,2,1,2,371.7318123875799,371.7318123875799,12.39106041291933,4.130353470973111,0.0115430100338039,4.130353470973111,0.0115430100338039,-743.9678132442764,1.0,1896.0,1733.0,0.9417356334736708,0,6,0.6360457569089076,0.9877224514279244,6.236054574378477,0.4786244211865014,5.321196126900857,5.658980931166854,5.996765735432851,0.2476062684538336,0.8114555148443209,2,False,,False,3,3,30,0,[],28.7531748280162,"(30, 184)",,[],"{""feature_selection"": {""concat"": [""mean"", ""range""], ""even"": [""range""]}, ""n_chunks"": 16, ""parameter_selection"": {""mean"": {""likelihood"": ""lognormal""}, ""range"": {""likelihood"": ""beta""}}, ""rem_profile_params"": {""rem_stage"": 2, ""step_size_hours"": 1, ""window_size_hours"": 2}, ""tau_threshold"": 5.0}",run_output_8day_rem_w2_s1_stage2_no_pareto,rem_w2_s1_stage2
19,d5334c80a3ca0475,ok,,concat: mean; even: range,mean=lognormal; range=beta,16,5.0,2,2,2,247.66347526168892,247.66347526168892,8.255449175389632,4.127724587694815,0.0114831509476185,4.127724587694815,0.0114831509476185,-496.10005778153385,1.0,2331.0,2063.0,0.9427293774177168,0,7,0.5851055284833798,0.9976138538265068,6.630102293409643,0.5214528103267714,5.657983693837514,6.199385683814232,6.610348915922327,0.6212916802748112,0.937659152595174,2,False,,False,2,2,30,0,[],18.51234782300889,"(30, 96)",,[],"{""feature_selection"": {""concat"": [""mean""], ""even"": [""range""]}, ""n_chunks"": 16, ""parameter_selection"": {""mean"": {""likelihood"": ""lognormal""}, ""range"": {""likelihood"": ""beta""}}, ""rem_profile_params"": {""rem_stage"": 2, ""step_size_hours"": 2, ""window_size_hours"": 2}, ""tau_threshold"": 5.0}",run_output_8day_rem_w2_s2_stage2_no_pareto,rem_w2_s2_stage2
37,bedec65364e9b2d1,ok,,concat: range; odd: mean,mean=student_t; range=beta,16,5.0,2,1,2,247.5731199638104,247.5731199638104,8.252437332127013,4.126218666063506,0.0166807716366172,4.126218666063506,0.0166807716366172,-495.582875618101,1.0,1522.0,1594.0,0.9204534628072132,0,6,0.2866012815363853,0.902052822443604,6.393124536133536,1.1129620626977414,5.281278854771128,5.743747834713039,6.742362698963905,0.3614760252032754,0.6436937341565835,0,False,,False,2,2,30,0,[],24.157847158028744,"(30, 184)",,[],"{""feature_selection"": {""concat"": [""range""], ""odd"": [""mean""]}, ""n_chunks"": 16, ""parameter_selection"": {""mean"": {""likelihood"": ""student_t""}, ""range"": {""likelihood"": ""beta""}}, ""rem_profile_params"": {""rem_stage"": 2, ""step_size_hours"": 1, ""window_size_hours"": 2}, ""tau_threshold"": 5.0}",run_output_8day_rem_w2_s1_stage2_no_pareto,rem_w2_s1_stage2
10,6014dd63ab4e6651,ok,,odd: mean,mean=student_t,16,5.0,2,1,2,123.74725562447124,123.74725562447124,4.124908520815708,4.124908520815708,0.0259042682598991,4.124908520815708,0.0259042682598991,-247.66977469803655,1.0,1443.0,1850.0,1.0331512220576582,0,8,0.0303903429659969,0.6351356027401317,5.9282169942882765,1.7001503034957874,4.116836956099946,5.585086457111451,7.019993354610745,0.4041687069974224,0.7414834971447473,1,False,,False,1,1,30,0,[],13.775760328979231,"(30, 184)",,[],"{""feature_selection"": {""odd"": [""mean""]}, ""n_chunks"": 16, ""parameter_selection"": {""mean"": {""likelihood"": ""student_t""}}, ""rem_profile_params"": {""rem_stage"": 2, ""step_size_hours"": 1, ""window_size_hours"": 2}, ""tau_threshold"": 5.0}",run_output_8day_rem_w2_s1_stage2_no_pareto,rem_w2_s1_stage2
171,3fc15e79f19abc78,ok,,"concat: mean; even: mean; odd: mean, range",mean=student_t; range=beta,16,5.0,2,2,2,494.1475615255167,494.1475615255167,16.47158538418389,4.117896346045972,0.0125134205925751,4.117896346045972,0.0125134205925751,-989.6920617957244,1.0,1078.0,1163.0,0.9842345781397156,0,6,0.4266584734760774,0.9997759561544324,6.689973604612341,0.7657630311329027,5.505005190575732,6.016179806118395,6.797784848603832,0.5051751860719017,0.8939372538527662,4,False,,False,4,4,30,0,[],57.4332594529842,"(30, 96)",,[],"{""feature_selection"": {""concat"": [""mean""], ""even"": [""mean""], ""odd"": [""mean"", ""range""]}, ""n_chunks"": 16, ""parameter_selection"": {""mean"": {""likelihood"": ""student_t""}, ""range"": {""likelihood"": ""beta""}}, ""rem_profile_params"": {""rem_stage"": 2, ""step_size_hours"": 2, ""window_size_hours"": 2}, ""tau_threshold"": 5.0}",run_output_8day_rem_w2_s2_stage2_no_pareto,rem_w2_s2_stage2
203,7b57a5c8c3fe42e9,ok,,"concat: mean, range; even: mean, range; odd: range",mean=student_t; range=beta,16,5.0,2,1,2,616.8829078196743,616.8829078196743,20.562763593989143,4.112552718797828,0.0094190709687862,4.112552718797828,0.0094190709687862,-1234.1118809282275,1.01,623.0,516.0,0.8908887161114557,0,6,0.4363292185808873,0.9327095462269288,6.329507842639714,0.9108339868892544,5.269327706824171,5.637846638081411,6.05256323601399,0.2543183462223593,0.815913563785064,1,False,,False,5,5,30,0,[],82.67091218801215,"(30, 184)",,[],"{""feature_selection"": {""concat"": [""mean"", ""range""], ""even"": [""mean"", ""range""], ""odd"": [""range""]}, ""n_chunks"": 16, ""parameter_selection"": {""mean"": {""likelihood"": ""student_t""}, ""range"": {""likelihood"": ""beta""}}, ""rem_profile_params"": {""rem_stage"": 2, ""step_size_hours"": 1, ""window_size_hours"": 2}, ""tau_threshold"": 5.0}",run_output_8day_rem_w2_s1_stage2_no_pareto,rem_w2_s1_stage2
205,c7c958ae4499aae3,ok,,"concat: mean, range; even: mean; odd: mean, range",mean=lognormal; range=beta,16,5.0,2,1,2,616.3915125069569,616.3915125069569,20.546383750231897,4.109276750046378,0.0136001424852725,4.109276750046378,0.0136001424852725,-1230.4639495279514,1.0,1600.0,2152.0,0.9499516463945707,0,7,0.5752985693155619,0.9992452257503353,6.535748038792202,0.5270807264125624,5.52334872838603,6.045140103177175,6.535911329190064,0.5229944731804582,1.6822469198910113,4,False,,False,5,5,30,0,[],53.25475174997701,"(30, 184)",,[],"{""feature_selection"": {""concat"": [""mean"", ""range""], ""even"": [""mean""], ""odd"": [""mean"", ""range""]}, ""n_chunks"": 16, ""parameter_selection"": {""mean"": {""likelihood"": ""lognormal""}, ""range"": {""likelihood"": ""beta""}}, ""rem_profile_params"": {""rem_stage"": 2, ""step_size_hours"": 1, ""window_size_hours"": 2}, ""tau_threshold"": 5.0}",run_output_8day_rem_w2_s1_stage2_no_pareto,rem_w2_s1_stage2
75,c15f9e281a64ae32,ok,,"concat: mean, range; odd: range",mean=student_t; range=beta,16,5.0,2,2,2,369.7679433380069,369.7679433380069,12.325598111266896,4.108532703755632,0.0112984607546889,4.108532703755632,0.0112984607546889,-740.4393791490697,1.0,1489.0,1497.0,0.934622814461235,0,7,0.8379056187842688,0.9998969032092536,6.967049337331165,0.2614972443355449,6.213986798843202,6.482415038349341,6.7508432778554806,0.9492960942158126,1.2908984453998615,2,False,,False,3,3,30,0,[],35.569168201007415,"(30, 96)",,[],"{""feature_selection"": {""concat"": [""mean"", ""range""], ""odd"": [""range""]}, ""n_chunks"": 16, ""parameter_selection"": {""mean"": {""likelihood"": ""student_t""}, ""range"": {""likelihood"": ""beta""}}, ""rem_profile_params"": {""rem_stage"": 2, ""step_size_hours"": 2, ""window_size_hours"": 2}, ""tau_threshold"": 5.0}",run_output_8day_rem_w2_s2_stage2_no_pareto,rem_w2_s2_stage2
3,9e1471ef9a5ac8c8,ok,,concat: range,range=beta,16,5.0,2,1,2,123.02552288517045,123.02552288517045,4.100850762839015,4.100850762839015,0.0154866600943698,4.100850762839015,0.0154866600943698,-246.51323177144977,1.0,1562.0,1483.0,0.9715800423325932,0,6,0.1744926384658663,0.8228198279246559,6.202283605891445,1.2558287368152223,5.159965678858783,5.709148790855057,6.590429524041466,0.3675982551212734,0.7989800504956784,1,False,,False,1,1,30,0,[],13.01079008798115,"(30, 184)",,[],"{""feature_selection"": {""concat"": [""range""]}, ""n_chunks"": 16, ""parameter_selection"": {""range"": {""likelihood"": ""beta""}}, ""rem_profile_params"": {""rem_stage"": 2, ""step_size_hours"": 1, ""window_size_hours"": 2}, ""tau_threshold"": 5.0}",run_output_8day_rem_w2_s1_stage2_no_pareto,rem_w2_s1_stage2
139,eb7d094c0a64f77c,ok,,"concat: mean, range; even: mean, range",mean=student_t; range=beta,16,5.0,2,2,2,491.37628202907695,491.37628202907695,16.37920940096923,4.094802350242308,0.0080989242803001,4.094802350242308,0.0080989242803001,-982.6796265167678,1.0,1756.0,1477.0,0.9047419971632938,0,7,0.6334684129076782,0.996715278345964,7.101535963552656,0.4809112922519557,6.250253997690854,6.568644282170943,6.887034566651032,0.9464993986072022,0.9398972020787908,1,False,,False,4,4,30,0,[],53.65551874402445,"(30, 96)",,[],"{""feature_selection"": {""concat"": [""mean"", ""range""], ""even"": [""mean"", ""range""]}, ""n_chunks"": 16, ""parameter_selection"": {""mean"": {""likelihood"": ""student_t""}, ""range"": {""likelihood"": ""beta""}}, ""rem_profile_params"": {""rem_stage"": 2, ""step_size_hours"": 2, ""window_size_hours"": 2}, ""tau_threshold"": 5.0}",run_output_8day_rem_w2_s2_stage2_no_pareto,rem_w2_s2_stage2
215,329659d540c3ece0,ok,,"concat: mean; even: mean, range; odd: mean, range",mean=student_t; range=beta,16,5.0,2,1,2,612.949766752566,612.949766752566,20.4316588917522,4.08633177835044,0.0112209510992319,4.08633177835044,0.0112209510992319,-1226.186814426839,1.01,462.0,415.0,0.93691937753082,0,6,0.2464419227941391,0.8543414525593579,6.507484407746498,1.2545543498316691,5.234593435339646,5.796674539218736,7.238541558253329,0.4095657817981896,0.976733077387968,2,False,,False,5,5,30,0,[],81.99224874802167,"(30, 184)",,[],"{""feature_selection"": {""concat"": [""mean""], ""even"": [""mean"", ""range""], ""odd"": [""mean"", ""range""]}, ""n_chunks"": 16, ""parameter_selection"": {""mean"": {""likelihood"": ""student_t""}, ""range"": {""likelihood"": ""beta""}}, ""rem_profile_params"": {""rem_stage"": 2, ""step_size_hours"": 1, ""window_size_hours"": 2}, ""tau_threshold"": 5.0}",run_output_8day_rem_w2_s1_stage2_no_pareto,rem_w2_s1_stage2
98,25c58ced46a492c5,ok,,"concat: mean; odd: mean, range",mean=student_t; range=lognormal,16,5.0,3,1,2,367.4781857001554,367.4781857001554,12.249272856671846,4.083090952223948,0.01459719919819,4.083090952223948,0.01459719919819,-735.2153238129284,1.0,930.0,461.0,1.02239374781962,0,8,0.7010148579624849,0.9702558690861898,7.738204057265563,0.7977943787003102,7.144278322587569,7.429518881725046,7.714759440862523,0.9159775098804054,0.7616789827613192,1,False,,False,3,3,30,0,[],31.52440138097154,"(30, 176)",,[],"{""feature_selection"": {""concat"": [""mean""], ""odd"": [""mean"", ""range""]}, ""n_chunks"": 16, ""parameter_selection"": {""mean"": {""likelihood"": ""student_t""}, ""range"": {""likelihood"": ""lognormal""}}, ""rem_profile_params"": {""rem_stage"": 2, ""step_size_hours"": 1, ""window_size_hours"": 3}, ""tau_threshold"": 5.0}",run_output_8day_rem_w3_s1_stage2_no_pareto,rem_w3_s1_stage2
147,73cbf7718a6f24d6,ok,,"concat: mean, range; even: mean; odd: range",mean=student_t; range=beta,16,5.0,2,2,2,489.87160584989766,489.87160584989766,16.329053528329922,4.0822633820824805,0.0093010543564852,4.0822633820824805,0.0093010543564852,-979.7320790513752,1.0,2036.0,1404.0,0.9267911240245076,0,7,0.8423465401465463,0.9999957493352504,7.005485267344599,0.2532611190251489,6.235800960833483,6.502934741728346,6.770068522623209,0.970676845926768,0.9938973546082198,2,False,,False,4,4,30,0,[],53.54800755996257,"(30, 96)",,[],"{""feature_selection"": {""concat"": [""mean"", ""range""], ""even"": [""mean""], ""odd"": [""range""]}, ""n_chunks"": 16, ""parameter_selection"": {""mean"": {""likelihood"": ""student_t""}, ""range"": {""likelihood"": ""beta""}}, ""rem_profile_params"": {""rem_stage"": 2, ""step_size_hours"": 2, ""window_size_hours"": 2}, ""tau_threshold"": 5.0}",run_output_8day_rem_w2_s2_stage2_no_pareto,rem_w2_s2_stage2
169,67af0637425feee1,ok,,"concat: mean; even: mean; odd: mean, range",mean=lognormal; range=beta,16,5.0,2,1,2,489.858591216902,489.858591216902,16.328619707230068,4.082154926807517,0.0153441173846973,4.082154926807517,0.0153441173846973,-977.0743072069804,1.0,1692.0,2109.0,0.9762954186446052,0,7,0.6016477888260301,0.9942407984005306,6.725530477429496,0.5177014080100772,5.882164784991539,6.310911477497886,6.668485638635555,0.7173755204435635,1.7393649934231123,3,False,,False,4,4,30,0,[],34.34514994698111,"(30, 184)",,[],"{""feature_selection"": {""concat"": [""mean""], ""even"": [""mean""], ""odd"": [""mean"", ""range""]}, ""n_chunks"": 16, ""parameter_selection"": {""mean"": {""likelihood"": ""lognormal""}, ""range"": {""likelihood"": ""beta""}}, ""rem_profile_params"": {""rem_stage"": 2, ""step_size_hours"": 1, ""window_size_hours"": 2}, ""tau_threshold"": 5.0}",run_output_8day_rem_w2_s1_stage2_no_pareto,rem_w2_s1_stage2
22,4d7caea0f414614f,ok,,concat: mean; even: range,mean=student_t; range=lognormal,16,5.0,2,2,2,244.8724392659553,244.8724392659553,8.162414642198511,4.081207321099256,0.0128023620084514,4.081207321099256,0.0128023620084514,-490.2333767100698,1.0,1312.0,1685.0,1.0000393809774493,0,8,0.216827603837495,0.8315325555476424,6.836948419853616,1.5411347458787543,5.502418339830101,7.034185453547874,7.517092726773937,0.6692523418611487,0.6919466553390619,0,False,,False,2,2,30,0,[],18.459935484977905,"(30, 96)",,[],"{""feature_selection"": {""concat"": [""mean""], ""even"": [""range""]}, ""n_chunks"": 16, ""parameter_selection"": {""mean"": {""likelihood"": ""student_t""}, ""range"": {""likelihood"": ""lognormal""}}, ""rem_profile_params"": {""rem_stage"": 2, ""step_size_hours"": 2, ""window_size_hours"": 2}, ""tau_threshold"": 5.0}",run_output_8day_rem_w2_s2_stage2_no_pareto,rem_w2_s2_stage2
97,4570bfac99f80c23,ok,,"concat: mean; odd: mean, range",mean=student_t; range=beta,16,5.0,3,1,2,367.2032898493834,367.2032898493834,12.240109661646112,4.080036553882039,0.0153168439180718,4.080036553882039,0.0153168439180718,-732.5736226910733,1.01,341.0,336.0,0.9859532468544518,0,8,0.3194957451687933,0.8899035955604506,6.986244921053652,1.5279107943494652,5.923266894343666,7.102939164927807,7.551469582463904,0.7383725524595219,0.932912771540217,2,False,,False,3,3,30,0,[],44.13018345902674,"(30, 176)",,[],"{""feature_selection"": {""concat"": [""mean""], ""odd"": [""mean"", ""range""]}, ""n_chunks"": 16, ""parameter_selection"": {""mean"": {""likelihood"": ""student_t""}, ""range"": {""likelihood"": ""beta""}}, ""rem_profile_params"": {""rem_stage"": 2, ""step_size_hours"": 1, ""window_size_hours"": 3}, ""tau_threshold"": 5.0}",run_output_8day_rem_w3_s1_stage2_no_pareto,rem_w3_s1_stage2
67,8c115c769aa4e36f,ok,,"concat: mean, range; even: range",mean=student_t; range=beta,16,5.0,3,1,2,367.0322297705233,367.0322297705233,12.234407659017444,4.078135886339149,0.0094293626110756,4.078135886339149,0.0094293626110756,-734.6223610629144,1.0,2357.0,1856.0,0.8785116651830501,0,7,0.7269582051982876,0.9888514383072552,7.072370871415949,0.4730517575062043,6.263952476338126,6.554087248660273,6.8442220209824205,0.9774395397572766,0.7146787062602096,1,False,,False,3,3,30,0,[],35.59938636299921,"(30, 176)",,[],"{""feature_selection"": {""concat"": [""mean"", ""range""], ""even"": [""range""]}, ""n_chunks"": 16, ""parameter_selection"": {""mean"": {""likelihood"": ""student_t""}, ""range"": {""likelihood"": ""beta""}}, ""rem_profile_params"": {""rem_stage"": 2, ""step_size_hours"": 1, ""window_size_hours"": 3}, ""tau_threshold"": 5.0}",run_output_8day_rem_w3_s1_stage2_no_pareto,rem_w3_s1_stage2
172,4f056af43b7d68cd,ok,,"concat: mean; even: mean; odd: mean, range",mean=student_t; range=lognormal,16,5.0,2,2,2,489.31130661424936,489.31130661424936,16.310376887141647,4.077594221785412,0.0137110745784657,4.077594221785412,0.0137110745784657,-979.5135862947868,1.0,1594.0,1016.0,0.9989225367409844,0,8,0.6928563780635109,0.9706379879299804,7.713394543516362,0.8312601124865895,7.135983431744544,7.423988954496362,7.711994477248181,0.8990174697799758,0.7218500249354414,1,False,,False,4,4,30,0,[],49.63964678201592,"(30, 96)",,[],"{""feature_selection"": {""concat"": [""mean""], ""even"": [""mean""], ""odd"": [""mean"", ""range""]}, ""n_chunks"": 16, ""parameter_selection"": {""mean"": {""likelihood"": ""student_t""}, ""range"": {""likelihood"": ""lognormal""}}, ""rem_profile_params"": {""rem_stage"": 2, ""step_size_hours"": 2, ""window_size_hours"": 2}, ""tau_threshold"": 5.0}",run_output_8day_rem_w2_s2_stage2_no_pareto,rem_w2_s2_stage2
86,33e3d9381f6193f4,ok,,concat: mean; even: mean; odd: range,mean=student_t; range=lognormal,16,5.0,3,1,2,366.63757462192217,366.63757462192217,12.221252487397406,4.073750829132469,0.0100291147541906,4.073750829132469,0.0100291147541906,-733.8442224523576,1.0,3024.0,1563.0,1.021980152478814,0,8,0.8519068360950852,0.988501171471006,7.903079897420839,0.4981013467954745,7.209596012360111,7.473064008240074,7.736532004120037,0.9760892915648556,0.6026665423153117,0,False,,False,3,3,30,0,[],29.393010234984104,"(30, 176)",,[],"{""feature_selection"": {""concat"": [""mean""], ""even"": [""mean""], ""odd"": [""range""]}, ""n_chunks"": 16, ""parameter_selection"": {""mean"": {""likelihood"": ""student_t""}, ""range"": {""likelihood"": ""lognormal""}}, ""rem_profile_params"": {""rem_stage"": 2, ""step_size_hours"": 1, ""window_size_hours"": 3}, ""tau_threshold"": 5.0}",run_output_8day_rem_w3_s1_stage2_no_pareto,rem_w3_s1_stage2
85,4ccd74ae30cd66d8,ok,,concat: mean; even: mean; odd: range,mean=student_t; range=beta,16,5.0,3,1,2,366.4443328476848,366.4443328476848,12.214811094922826,4.071603698307609,0.0107998101013688,4.071603698307609,0.0107998101013688,-734.2912924212761,1.01,772.0,573.0,1.0721539234054196,0,8,0.5021381929007754,0.9299264206349264,7.407686266823778,1.280187680573401,6.818389082583806,7.305393327275337,7.652696663637668,0.8859460781129381,1.128749054577901,1,False,,False,3,3,30,0,[],39.86560669296887,"(30, 176)",,[],"{""feature_selection"": {""concat"": [""mean""], ""even"": [""mean""], ""odd"": [""range""]}, ""n_chunks"": 16, ""parameter_selection"": {""mean"": {""likelihood"": ""student_t""}, ""range"": {""likelihood"": ""beta""}}, ""rem_profile_params"": {""rem_stage"": 2, ""step_size_hours"": 1, ""window_size_hours"": 3}, ""tau_threshold"": 5.0}",run_output_8day_rem_w3_s1_stage2_no_pareto,rem_w3_s1_stage2
74,16490325aff58d9c,ok,,"concat: mean, range; odd: range",mean=lognormal; range=lognormal,16,5.0,2,1,2,366.25821575853286,366.25821575853286,12.208607191951096,4.069535730650364,0.0117097049769883,4.069535730650364,0.0117097049769883,-733.0092826175822,1.0,2773.0,2819.0,1.014541654537527,0,7,0.7460596964767229,0.996871542059035,6.852692992984229,0.3856871951481721,6.1228878636047925,6.416583914547569,6.710279965490347,0.8546046271394498,0.7401313126096865,3,False,,False,3,3,30,0,[],12.890332256036343,"(30, 184)",,[],"{""feature_selection"": {""concat"": [""mean"", ""range""], ""odd"": [""range""]}, ""n_chunks"": 16, ""parameter_selection"": {""mean"": {""likelihood"": ""lognormal""}, ""range"": {""likelihood"": ""lognormal""}}, ""rem_profile_params"": {""rem_stage"": 2, ""step_size_hours"": 1, ""window_size_hours"": 2}, ""tau_threshold"": 5.0}",run_output_8day_rem_w2_s1_stage2_no_pareto,rem_w2_s1_stage2
167,2cc71ddd886b99ed,ok,,"concat: mean; even: mean, range; odd: range",mean=student_t; range=beta,16,5.0,2,1,2,488.31654822375134,488.31654822375134,16.277218274125044,4.06930456853126,0.0097593340291243,4.06930456853126,0.0097593340291243,-979.5219546693191,1.0,508.0,667.0,0.8810600684022162,0,6,0.1516203714409498,0.7750425336985761,6.327118513148001,1.3551910201697508,5.066279284130264,5.72794639944728,7.132675229546025,0.3972090367441131,0.883836556363729,2,False,,False,4,4,30,0,[],59.25197575497441,"(30, 184)",,[],"{""feature_selection"": {""concat"": [""mean""], ""even"": [""mean"", ""range""], ""odd"": [""range""]}, ""n_chunks"": 16, ""parameter_selection"": {""mean"": {""likelihood"": ""student_t""}, ""range"": {""likelihood"": ""beta""}}, ""rem_profile_params"": {""rem_stage"": 2, ""step_size_hours"": 1, ""window_size_hours"": 2}, ""tau_threshold"": 5.0}",run_output_8day_rem_w2_s1_stage2_no_pareto,rem_w2_s1_stage2
69,3c23da2071f2f0ae,ok,,"concat: mean, range; odd: mean",mean=lognormal; range=beta,16,5.0,2,2,2,366.0614783351179,366.0614783351179,12.202049277837263,4.067349759279088,0.0186176419330244,4.067349759279088,0.0186176419330244,-730.8328942330254,1.0,1791.0,1551.0,0.9586957259548252,0,7,0.8777709911661449,0.9989954986247064,6.96290852634746,0.2278890761731534,6.218391629678952,6.481184062112059,6.743976494545166,0.9577605770997072,1.3169203043577358,4,False,,False,3,3,30,0,[],24.65298209100729,"(30, 96)",,[],"{""feature_selection"": {""concat"": [""mean"", ""range""], ""odd"": [""mean""]}, ""n_chunks"": 16, ""parameter_selection"": {""mean"": {""likelihood"": ""lognormal""}, ""range"": {""likelihood"": ""beta""}}, ""rem_profile_params"": {""rem_stage"": 2, ""step_size_hours"": 2, ""window_size_hours"": 2}, ""tau_threshold"": 5.0}",run_output_8day_rem_w2_s2_stage2_no_pareto,rem_w2_s2_stage2
19,cbd854d011be1f93,ok,,concat: mean; even: range,mean=lognormal; range=beta,16,5.0,2,1,2,243.9772081947917,243.9772081947917,8.132573606493057,4.066286803246529,0.0138346596520424,4.066286803246529,0.0138346596520424,-488.9539357785582,1.0,1655.0,1272.0,0.9449490179098508,0,6,0.468832362253427,0.9373201901812256,6.314170915205792,0.6700176391298853,5.343008833454833,5.800792953152481,6.367411482015925,0.3912112509608844,0.9848584722850168,2,False,,False,2,2,30,0,[],19.5374444629997,"(30, 184)",,[],"{""feature_selection"": {""concat"": [""mean""], ""even"": [""range""]}, ""n_chunks"": 16, ""parameter_selection"": {""mean"": {""likelihood"": ""lognormal""}, ""range"": {""likelihood"": ""beta""}}, ""rem_profile_params"": {""rem_stage"": 2, ""step_size_hours"": 1, ""window_size_hours"": 2}, ""tau_threshold"": 5.0}",run_output_8day_rem_w2_s1_stage2_no_pareto,rem_w2_s1_stage2
137,c38345f8eb28e952,ok,,"concat: mean, range; even: mean, range",mean=lognormal; range=beta,16,5.0,2,1,2,486.0515808522381,486.0515808522381,16.20171936174127,4.050429840435317,0.0108307487919954,4.050429840435317,0.0108307487919954,-973.1777169867516,1.0,1563.0,1778.0,0.9549148236478384,0,6,0.5880466928833317,0.9938245437372064,6.399339799819908,0.5297102119661328,5.414914191046342,5.840337104472908,6.388206461566107,0.4061740150283114,1.0833996048364585,4,False,,False,4,4,30,0,[],38.00397518498357,"(30, 184)",,[],"{""feature_selection"": {""concat"": [""mean"", ""range""], ""even"": [""mean"", ""range""]}, ""n_chunks"": 16, ""parameter_selection"": {""mean"": {""likelihood"": ""lognormal""}, ""range"": {""likelihood"": ""beta""}}, ""rem_profile_params"": {""rem_stage"": 2, ""step_size_hours"": 1, ""window_size_hours"": 2}, ""tau_threshold"": 5.0}",run_output_8day_rem_w2_s1_stage2_no_pareto,rem_w2_s1_stage2
147,a716f40574693177,ok,,"concat: mean, range; even: mean; odd: range",mean=student_t; range=beta,16,5.0,3,1,2,485.02389270240553,485.02389270240553,16.167463090080183,4.041865772520046,0.0106469440801298,4.041865772520046,0.0106469440801298,-968.6555307989,1.01,1213.0,1372.0,0.9374171413684296,0,7,0.6638005481036544,0.9991876914124916,7.255377857045795,0.4599578385076917,6.334955226911649,6.675435036168766,7.044655118186435,0.995943531602122,1.0224298663659572,1,False,,False,4,4,30,0,[],55.64567841700045,"(30, 176)",,[],"{""feature_selection"": {""concat"": [""mean"", ""range""], ""even"": [""mean""], ""odd"": [""range""]}, ""n_chunks"": 16, ""parameter_selection"": {""mean"": {""likelihood"": ""student_t""}, ""range"": {""likelihood"": ""beta""}}, ""rem_profile_params"": {""rem_stage"": 2, ""step_size_hours"": 1, ""window_size_hours"": 3}, ""tau_threshold"": 5.0}",run_output_8day_rem_w3_s1_stage2_no_pareto,rem_w3_s1_stage2
90,20bc6862f20eaf49,ok,,concat: mean; even: range; odd: mean,mean=student_t; range=lognormal,16,5.0,2,1,2,363.43154165152936,363.43154165152936,12.114384721717643,4.038128240572549,0.0144257807897094,4.038128240572549,0.0144257807897094,-728.1768272684329,1.0,837.0,957.0,0.9784594933055863,0,8,0.1581797854740073,0.8099772950119564,6.663992990449176,1.5912690096199191,5.399297671826956,6.673832416576326,7.408512796507831,0.659770321007989,0.9454030701121768,2,False,,False,3,3,30,0,[],32.544489395979326,"(30, 184)",,[],"{""feature_selection"": {""concat"": [""mean""], ""even"": [""range""], ""odd"": [""mean""]}, ""n_chunks"": 16, ""parameter_selection"": {""mean"": {""likelihood"": ""student_t""}, ""range"": {""likelihood"": ""lognormal""}}, ""rem_profile_params"": {""rem_stage"": 2, ""step_size_hours"": 1, ""window_size_hours"": 2}, ""tau_threshold"": 5.0}",run_output_8day_rem_w2_s1_stage2_no_pareto,rem_w2_s1_stage2
22,a0bf7cd3b962fe63,ok,,concat: mean; even: range,mean=student_t; range=lognormal,16,5.0,6,1,2,242.20721284183512,242.20721284183512,8.073573761394504,4.036786880697251,0.0153668841818945,4.036786880697251,0.0153668841818945,-484.3520180433672,1.0,1188.0,1183.0,1.0527428324170314,0,8,0.3050467916307732,0.8664702544188705,7.030759070687752,1.481848800265242,6.224164913084945,7.065807761725296,7.532903880862648,0.8120566788754264,0.6326624655784105,0,False,,False,2,2,30,0,[],17.831274527998175,"(30, 152)",,[],"{""feature_selection"": {""concat"": [""mean""], ""even"": [""range""]}, ""n_chunks"": 16, ""parameter_selection"": {""mean"": {""likelihood"": ""student_t""}, ""range"": {""likelihood"": ""lognormal""}}, ""rem_profile_params"": {""rem_stage"": 2, ""step_size_hours"": 1, ""window_size_hours"": 6}, ""tau_threshold"": 5.0}",run_output_8day_rem_w6_s1_stage2_no_pareto,rem_w6_s1_stage2
159,0aae62d097a5b597,ok,,"concat: mean, range; odd: mean, range",mean=student_t; range=beta,16,5.0,3,1,2,484.24782731992417,484.24782731992417,16.14159424399747,4.0353985609993686,0.0140146227522591,4.0353985609993686,0.0140146227522591,-967.1433025077722,1.01,853.0,637.0,0.989807335888352,0,7,0.6759832721056181,0.999522621325265,7.206544356186708,0.4355167248843217,6.310637190434655,6.634406184028538,6.958175177622423,0.989860206336109,1.2240300854757753,3,False,,False,4,4,30,0,[],56.20918937202077,"(30, 176)",,[],"{""feature_selection"": {""concat"": [""mean"", ""range""], ""odd"": [""mean"", ""range""]}, ""n_chunks"": 16, ""parameter_selection"": {""mean"": {""likelihood"": ""student_t""}, ""range"": {""likelihood"": ""beta""}}, ""rem_profile_params"": {""rem_stage"": 2, ""step_size_hours"": 1, ""window_size_hours"": 3}, ""tau_threshold"": 5.0}",run_output_8day_rem_w3_s1_stage2_no_pareto,rem_w3_s1_stage2
25,158069a0f35cdf5a,ok,,concat: mean; odd: range,mean=lognormal; range=beta,16,5.0,2,2,2,241.9300784517916,241.9300784517916,8.064335948393053,4.032167974196527,0.0134470992086723,4.032167974196527,0.0134470992086723,-484.29196862003056,1.0,2696.0,2168.0,0.9811583760230616,0,7,0.686100848792333,0.9999960946226372,6.767166964878261,0.4285140662444956,6.019262156320243,6.347264586821334,6.675267017322424,0.7646814127953385,0.8029520657448803,1,False,,False,2,2,30,0,[],17.715166189009324,"(30, 96)",,[],"{""feature_selection"": {""concat"": [""mean""], ""odd"": [""range""]}, ""n_chunks"": 16, ""parameter_selection"": {""mean"": {""likelihood"": ""lognormal""}, ""range"": {""likelihood"": ""beta""}}, ""rem_profile_params"": {""rem_stage"": 2, ""step_size_hours"": 2, ""window_size_hours"": 2}, ""tau_threshold"": 5.0}",run_output_8day_rem_w2_s2_stage2_no_pareto,rem_w2_s2_stage2
89,f0eeae1bb4cb958a,ok,,concat: mean; even: range; odd: mean,mean=student_t; range=beta,16,5.0,3,1,2,362.4615478340782,362.4615478340782,12.082051594469274,4.027350531489758,0.0139773839424635,4.027350531489758,0.0139773839424635,-725.6553236551579,1.01,893.0,1458.0,0.9972609435782644,0,8,0.0558716350864885,0.6592807305561392,6.071878395490632,1.6345281925049295,4.474618414373118,5.709913079246787,7.059144556751725,0.4349142056780017,0.950475805884036,1,False,,False,3,3,30,0,[],39.05953565199161,"(30, 176)",,[],"{""feature_selection"": {""concat"": [""mean""], ""even"": [""range""], ""odd"": [""mean""]}, ""n_chunks"": 16, ""parameter_selection"": {""mean"": {""likelihood"": ""student_t""}, ""range"": {""likelihood"": ""beta""}}, ""rem_profile_params"": {""rem_stage"": 2, ""step_size_hours"": 1, ""window_size_hours"": 3}, ""tau_threshold"": 5.0}",run_output_8day_rem_w3_s1_stage2_no_pareto,rem_w3_s1_stage2
23,20de196d8262af7d,ok,,concat: mean; odd: mean,mean=lognormal,16,5.0,3,1,2,241.5686769623277,241.5686769623277,8.052289232077591,4.026144616038795,0.0248026143093349,4.026144616038795,0.0248026143093349,-486.75179974939294,1.0,2933.0,2651.0,1.0415014432830454,0,7,0.5585982031807211,0.9855006787796208,6.592443061440316,0.5907212078828749,5.6280992148556805,6.1837518856996265,6.599258906398006,0.6105588332724069,1.7323180789419657,3,False,,False,2,2,30,0,[],9.433747331029736,"(30, 176)",,[],"{""feature_selection"": {""concat"": [""mean""], ""odd"": [""mean""]}, ""n_chunks"": 16, ""parameter_selection"": {""mean"": {""likelihood"": ""lognormal""}}, ""rem_profile_params"": {""rem_stage"": 2, ""step_size_hours"": 1, ""window_size_hours"": 3}, ""tau_threshold"": 5.0}",run_output_8day_rem_w3_s1_stage2_no_pareto,rem_w3_s1_stage2
22,e8cac652c778f994,ok,,concat: mean; even: range,mean=student_t; range=lognormal,16,5.0,2,1,2,241.19759801072743,241.19759801072743,8.039919933690914,4.019959966845457,0.0118471302865223,4.019959966845457,0.0118471302865223,-483.2392993138095,1.0,1235.0,1609.0,0.9615348788412196,0,8,0.1006821720166765,0.7349580752381797,6.36014986928061,1.6877344254628863,4.757487099513078,6.394128721917276,7.208210368370528,0.6198637249117003,0.6565938876067003,0,False,,False,2,2,30,0,[],18.39744009001879,"(30, 184)",,[],"{""feature_selection"": {""concat"": [""mean""], ""even"": [""range""]}, ""n_chunks"": 16, ""parameter_selection"": {""mean"": {""likelihood"": ""student_t""}, ""range"": {""likelihood"": ""lognormal""}}, ""rem_profile_params"": {""rem_stage"": 2, ""step_size_hours"": 1, ""window_size_hours"": 2}, ""tau_threshold"": 5.0}",run_output_8day_rem_w2_s1_stage2_no_pareto,rem_w2_s1_stage2
80,73808bd4df0e8626,ok,,"concat: mean; even: mean, range",mean=student_t; range=lognormal,16,5.0,2,2,2,361.6562768337049,361.6562768337049,12.055209227790163,4.018403075930055,0.0111042843903366,4.018403075930055,0.0111042843903366,-723.7429820729561,1.0,1232.0,1097.0,0.9955559441440744,0,8,0.4270710634300987,0.9148364111377087,7.330691930943534,1.2742830784329255,6.580646317732329,7.286500021835028,7.643250010917514,0.8181637353608878,0.6586324517683226,0,False,,False,3,3,30,0,[],29.493752646958452,"(30, 96)",,[],"{""feature_selection"": {""concat"": [""mean""], ""even"": [""mean"", ""range""]}, ""n_chunks"": 16, ""parameter_selection"": {""mean"": {""likelihood"": ""student_t""}, ""range"": {""likelihood"": ""lognormal""}}, ""rem_profile_params"": {""rem_stage"": 2, ""step_size_hours"": 2, ""window_size_hours"": 2}, ""tau_threshold"": 5.0}",run_output_8day_rem_w2_s2_stage2_no_pareto,rem_w2_s2_stage2
146,7bd830964556ff49,ok,,"concat: mean, range; even: mean; odd: range",mean=lognormal; range=lognormal,16,5.0,2,1,2,481.55734278712464,481.55734278712464,16.05191142623749,4.012977856559372,0.011078912062402,4.012977856559372,0.011078912062402,-966.9574378549656,1.0,3219.0,2726.0,1.0259656281629048,0,7,0.8278015851461804,0.9956815795274772,6.914042340231852,0.3433020597925998,6.186879912279374,6.458611770253229,6.730343628227083,0.9219341207107888,1.1492994439393898,4,False,,False,4,4,30,0,[],17.047854817996267,"(30, 184)",,[],"{""feature_selection"": {""concat"": [""mean"", ""range""], ""even"": [""mean""], ""odd"": [""range""]}, ""n_chunks"": 16, ""parameter_selection"": {""mean"": {""likelihood"": ""lognormal""}, ""range"": {""likelihood"": ""lognormal""}}, ""rem_profile_params"": {""rem_stage"": 2, ""step_size_hours"": 1, ""window_size_hours"": 2}, ""tau_threshold"": 5.0}",run_output_8day_rem_w2_s1_stage2_no_pareto,rem_w2_s1_stage2
211,e1ebebf295b4b622,ok,,"concat: mean, range; even: range; odd: mean, range",mean=student_t; range=beta,16,5.0,2,1,2,601.755728027,601.755728027,20.058524267566668,4.011704853513332,0.0117034306359542,4.011704853513332,0.0117034306359542,-1205.8789987421417,1.0,1121.0,852.0,0.9016960176061236,0,6,0.6684431323799419,0.9629481227998292,6.124423426852777,0.6367993108048695,5.248751256634875,5.540783951457806,5.832816646280738,0.1068795920088405,1.088711683015355,2,False,,False,5,5,30,0,[],74.75011620798614,"(30, 184)",,[],"{""feature_selection"": {""concat"": [""mean"", ""range""], ""even"": [""range""], ""odd"": [""mean"", ""range""]}, ""n_chunks"": 16, ""parameter_selection"": {""mean"": {""likelihood"": ""student_t""}, ""range"": {""likelihood"": ""beta""}}, ""rem_profile_params"": {""rem_stage"": 2, ""step_size_hours"": 1, ""window_size_hours"": 2}, ""tau_threshold"": 5.0}",run_output_8day_rem_w2_s1_stage2_no_pareto,rem_w2_s1_stage2
106,3c6c364098ba4439,ok,,concat: range; even: mean; odd: mean,mean=student_t; range=lognormal,16,5.0,2,1,2,360.8396383024444,360.8396383024444,12.027987943414812,4.009329314471605,0.0126862550788804,4.009329314471605,0.0126862550788804,-721.6865428291987,1.0,867.0,1103.0,1.016686826728311,0,7,0.1804866889278206,0.8503802806275426,6.644033145282765,1.4479455377571342,5.564907376895259,6.481299373180506,7.203552152068046,0.67268693702273,0.7936039118838477,1,False,,False,3,3,30,0,[],30.62359417899279,"(30, 184)",,[],"{""feature_selection"": {""concat"": [""range""], ""even"": [""mean""], ""odd"": [""mean""]}, ""n_chunks"": 16, ""parameter_selection"": {""mean"": {""likelihood"": ""student_t""}, ""range"": {""likelihood"": ""lognormal""}}, ""rem_profile_params"": {""rem_stage"": 2, ""step_size_hours"": 1, ""window_size_hours"": 2}, ""tau_threshold"": 5.0}",run_output_8day_rem_w2_s1_stage2_no_pareto,rem_w2_s1_stage2
151,19f2f3f8d5cb51d9,ok,,"concat: mean, range; even: range; odd: mean",mean=student_t; range=beta,16,5.0,2,2,2,481.047667417901,481.047667417901,16.034922247263367,4.008730561815843,0.011743573195757,4.008730561815843,0.011743573195757,-962.8617199431924,1.0,1212.0,1192.0,0.9190172536657448,0,7,0.57188418948158,0.9963861889627004,6.941487605599296,0.5307606596459007,6.127198413963601,6.464683255377713,6.802168096791823,0.844225279445605,1.42263266759248,1,False,,False,4,4,30,0,[],56.34042867098469,"(30, 96)",,[],"{""feature_selection"": {""concat"": [""mean"", ""range""], ""even"": [""range""], ""odd"": [""mean""]}, ""n_chunks"": 16, ""parameter_selection"": {""mean"": {""likelihood"": ""student_t""}, ""range"": {""likelihood"": ""beta""}}, ""rem_profile_params"": {""rem_stage"": 2, ""step_size_hours"": 2, ""window_size_hours"": 2}, ""tau_threshold"": 5.0}",run_output_8day_rem_w2_s2_stage2_no_pareto,rem_w2_s2_stage2
200,e954e816a26a8978,ok,,"concat: mean, range; even: mean, range; odd: mean",mean=student_t; range=lognormal,16,5.0,2,1,2,601.2657373234363,601.2657373234363,20.04219124411454,4.008438248822907,0.0111194882547617,4.008438248822907,0.0111194882547617,-1202.8645272277038,1.0,814.0,956.0,0.9366478916757698,0,7,0.3513842065426307,0.939523555163197,7.123540835402512,1.119513465072895,6.238055510820024,6.814245682280734,7.403916140846499,0.8532886027092952,1.0200077245899517,3,False,,False,5,5,30,0,[],61.47506878600689,"(30, 184)",,[],"{""feature_selection"": {""concat"": [""mean"", ""range""], ""even"": [""mean"", ""range""], ""odd"": [""mean""]}, ""n_chunks"": 16, ""parameter_selection"": {""mean"": {""likelihood"": ""student_t""}, ""range"": {""likelihood"": ""lognormal""}}, ""rem_profile_params"": {""rem_stage"": 2, ""step_size_hours"": 1, ""window_size_hours"": 2}, ""tau_threshold"": 5.0}",run_output_8day_rem_w2_s1_stage2_no_pareto,rem_w2_s1_stage2
199,b61d3ad0913d6f96,ok,,"concat: mean, range; even: mean, range; odd: mean",mean=student_t; range=beta,16,5.0,2,2,2,599.5734035396869,599.5734035396869,19.985780117989563,3.997156023597912,0.0102798242831158,3.997156023597912,0.0102798242831158,-1199.2138714974712,1.0,1197.0,1227.0,0.9087184780794856,0,7,0.5699098993429286,0.9989023077538768,7.043783277592402,0.5233159022576142,6.189543875957478,6.531166780120445,6.872789684283412,0.8887084074631147,1.12145511751992,2,False,,False,5,5,30,0,[],80.15714195900364,"(30, 96)",,[],"{""feature_selection"": {""concat"": [""mean"", ""range""], ""even"": [""mean"", ""range""], ""odd"": [""mean""]}, ""n_chunks"": 16, ""parameter_selection"": {""mean"": {""likelihood"": ""student_t""}, ""range"": {""likelihood"": ""beta""}}, ""rem_profile_params"": {""rem_stage"": 2, ""step_size_hours"": 2, ""window_size_hours"": 2}, ""tau_threshold"": 5.0}",run_output_8day_rem_w2_s2_stage2_no_pareto,rem_w2_s2_stage2
79,70ba092125f94d20,ok,,"concat: mean; even: mean, range",mean=student_t; range=beta,16,5.0,3,1,2,359.6986606729763,359.6986606729763,11.989955355765876,3.9966517852552927,0.0098947352700808,3.9966517852552927,0.0098947352700808,-720.7907708768785,1.0,966.0,1364.0,0.9894548680418392,0,8,0.1570361470264552,0.731349698512992,6.562764300108602,1.7354729879599369,4.83248376231847,6.771516317507105,7.452520059647494,0.6464204994182889,0.6556209092060009,0,False,,False,3,3,30,0,[],36.9239193139947,"(30, 176)",,[],"{""feature_selection"": {""concat"": [""mean""], ""even"": [""mean"", ""range""]}, ""n_chunks"": 16, ""parameter_selection"": {""mean"": {""likelihood"": ""student_t""}, ""range"": {""likelihood"": ""beta""}}, ""rem_profile_params"": {""rem_stage"": 2, ""step_size_hours"": 1, ""window_size_hours"": 3}, ""tau_threshold"": 5.0}",run_output_8day_rem_w3_s1_stage2_no_pareto,rem_w3_s1_stage2
28,82ee902e4f63ed61,ok,,concat: mean; odd: range,mean=student_t; range=lognormal,16,5.0,6,1,2,239.5382090842284,239.5382090842284,7.98460696947428,3.99230348473714,0.0097820619082397,3.99230348473714,0.0097820619082397,-479.5138427080337,1.0,1380.0,2104.0,1.0283609450543385,0,8,0.2638873945102559,0.9378346804779968,6.854516804140133,1.0986611291757786,5.569968668077245,6.435669627681303,7.305054443313535,0.6082820383798873,0.5595653601576246,0,False,,False,2,2,30,0,[],17.68616570701124,"(30, 152)",,[],"{""feature_selection"": {""concat"": [""mean""], ""odd"": [""range""]}, ""n_chunks"": 16, ""parameter_selection"": {""mean"": {""likelihood"": ""student_t""}, ""range"": {""likelihood"": ""lognormal""}}, ""rem_profile_params"": {""rem_stage"": 2, ""step_size_hours"": 1, ""window_size_hours"": 6}, ""tau_threshold"": 5.0}",run_output_8day_rem_w6_s1_stage2_no_pareto,rem_w6_s1_stage2
77,182a17710ae2ef02,ok,,"concat: mean; even: mean, range",mean=lognormal; range=beta,16,5.0,2,1,2,359.26199013747123,359.26199013747123,11.975399671249042,3.991799890416348,0.0122415604762721,3.991799890416348,0.0122415604762721,-719.4006641826143,1.0,1281.0,1015.0,0.957912541910932,0,7,0.4691905561018182,0.9372423344173544,6.493652578453606,0.7017308023967254,5.509462834932938,6.124203113715402,6.569609302493391,0.5697133969198792,0.9922079472236968,2,False,,False,3,3,30,0,[],25.897104916977696,"(30, 184)",,[],"{""feature_selection"": {""concat"": [""mean""], ""even"": [""mean"", ""range""]}, ""n_chunks"": 16, ""parameter_selection"": {""mean"": {""likelihood"": ""lognormal""}, ""range"": {""likelihood"": ""beta""}}, ""rem_profile_params"": {""rem_stage"": 2, ""step_size_hours"": 1, ""window_size_hours"": 2}, ""tau_threshold"": 5.0}",run_output_8day_rem_w2_s1_stage2_no_pareto,rem_w2_s1_stage2
159,d17de358fbbb110d,ok,,"concat: mean, range; odd: mean, range",mean=student_t; range=beta,16,5.0,2,2,2,478.988312843338,478.988312843338,15.966277094777933,3.991569273694484,0.0128340611390858,3.991569273694484,0.0128340611390858,-956.80940585969,1.0,1618.0,1360.0,0.933238382109446,0,7,0.784913343547076,0.999998147472388,6.923867936275511,0.3186462019295227,6.177303564250694,6.457359193854194,6.737414823457694,0.9082753081072852,0.9352987006910664,2,False,,False,4,4,30,0,[],57.678482227027416,"(30, 96)",,[],"{""feature_selection"": {""concat"": [""mean"", ""range""], ""odd"": [""mean"", ""range""]}, ""n_chunks"": 16, ""parameter_selection"": {""mean"": {""likelihood"": ""student_t""}, ""range"": {""likelihood"": ""beta""}}, ""rem_profile_params"": {""rem_stage"": 2, ""step_size_hours"": 2, ""window_size_hours"": 2}, ""tau_threshold"": 5.0}",run_output_8day_rem_w2_s2_stage2_no_pareto,rem_w2_s2_stage2
25,778cb951395fac61,ok,,concat: mean; odd: range,mean=lognormal; range=beta,16,5.0,3,1,2,239.46669943924616,239.46669943924616,7.98222331464154,3.9911116573207694,0.0150690843206227,3.9911116573207694,0.0150690843206227,-486.88605755213007,1.01,1361.0,867.0,0.9144554640164744,0,7,0.6373804035399155,0.9907346010742824,6.807678980607935,0.551150112332666,6.07244151672517,6.392789508182377,6.7131374996395845,0.806533456317024,1.4445013444065784,3,False,,False,2,2,30,0,[],18.640923135040797,"(30, 176)",,[],"{""feature_selection"": {""concat"": [""mean""], ""odd"": [""range""]}, ""n_chunks"": 16, ""parameter_selection"": {""mean"": {""likelihood"": ""lognormal""}, ""range"": {""likelihood"": ""beta""}}, ""rem_profile_params"": {""rem_stage"": 2, ""step_size_hours"": 1, ""window_size_hours"": 3}, ""tau_threshold"": 5.0}",run_output_8day_rem_w3_s1_stage2_no_pareto,rem_w3_s1_stage2
140,038dd72dfc19833e,ok,,"concat: mean, range; even: mean, range",mean=student_t; range=lognormal,16,5.0,2,1,2,478.3650484561839,478.3650484561839,15.94550161520613,3.986375403801532,0.0090764530105438,3.986375403801532,0.0090764530105438,-958.1125339308433,1.0,690.0,608.0,0.91511340278953,0,7,0.3401370556648375,0.9097954708154566,6.935873377422309,1.243655591148106,6.176649118401413,6.655947473377463,7.220075028000036,0.8421394349508255,0.7153000186334644,1,False,,False,4,4,30,0,[],39.50597497198032,"(30, 184)",,[],"{""feature_selection"": {""concat"": [""mean"", ""range""], ""even"": [""mean"", ""range""]}, ""n_chunks"": 16, ""parameter_selection"": {""mean"": {""likelihood"": ""student_t""}, ""range"": {""likelihood"": ""lognormal""}}, ""rem_profile_params"": {""rem_stage"": 2, ""step_size_hours"": 1, ""window_size_hours"": 2}, ""tau_threshold"": 5.0}",run_output_8day_rem_w2_s1_stage2_no_pareto,rem_w2_s1_stage2
207,13efaed53ff51e18,ok,,"concat: mean, range; even: mean; odd: mean, range",mean=student_t; range=beta,16,5.0,2,2,2,596.8964306932128,596.8964306932128,19.89654768977376,3.979309537954752,0.010902485129315,3.979309537954752,0.010902485129315,-1194.2088888293829,1.0,1795.0,1450.0,0.9384961067477344,0,7,0.765514987230253,0.9999801266543602,6.964612521309759,0.3314825723218636,6.198878758610372,6.480109377448682,6.761339996286993,0.926793301732122,1.115506140755067,4,False,,False,5,5,30,0,[],86.46084864198929,"(30, 96)",,[],"{""feature_selection"": {""concat"": [""mean"", ""range""], ""even"": [""mean""], ""odd"": [""mean"", ""range""]}, ""n_chunks"": 16, ""parameter_selection"": {""mean"": {""likelihood"": ""student_t""}, ""range"": {""likelihood"": ""beta""}}, ""rem_profile_params"": {""rem_stage"": 2, ""step_size_hours"": 2, ""window_size_hours"": 2}, ""tau_threshold"": 5.0}",run_output_8day_rem_w2_s2_stage2_no_pareto,rem_w2_s2_stage2
73,63b009c27e716a8d,ok,,"concat: mean, range; odd: range",mean=lognormal; range=beta,16,5.0,3,1,2,357.86168760647263,357.86168760647263,11.928722920215757,3.976240973405252,0.0135734347089391,3.976240973405252,0.0135734347089391,-718.1141134069388,1.0,2582.0,2005.0,0.9833957204188772,0,7,0.9623192519287777,0.999976617659834,7.002515608832029,0.1055224497253579,6.248543042232177,6.501298121124823,6.75405320001747,0.9958338753479016,1.2895673377843484,3,False,,False,3,3,30,0,[],29.331610536959488,"(30, 176)",,[],"{""feature_selection"": {""concat"": [""mean"", ""range""], ""odd"": [""range""]}, ""n_chunks"": 16, ""parameter_selection"": {""mean"": {""likelihood"": ""lognormal""}, ""range"": {""likelihood"": ""beta""}}, ""rem_profile_params"": {""rem_stage"": 2, ""step_size_hours"": 1, ""window_size_hours"": 3}, ""tau_threshold"": 5.0}",run_output_8day_rem_w3_s1_stage2_no_pareto,rem_w3_s1_stage2
26,9fba83cf943d4d2f,ok,,concat: mean; odd: range,mean=lognormal; range=lognormal,16,5.0,3,1,2,238.14793835303536,238.14793835303536,7.938264611767846,3.969132305883923,0.0136683297828664,3.969132305883923,0.0136683297828664,-477.18184447498544,1.01,258.0,125.0,0.9746942780466576,0,7,0.4618065506007583,0.989182549041522,6.882403574998729,0.6507540518172824,6.016533089891718,6.418326008337026,6.820118926782333,0.7602870714818042,0.8951067205153085,2,False,,False,2,2,30,0,[],9.68751890398562,"(30, 176)",,[],"{""feature_selection"": {""concat"": [""mean""], ""odd"": [""range""]}, ""n_chunks"": 16, ""parameter_selection"": {""mean"": {""likelihood"": ""lognormal""}, ""range"": {""likelihood"": ""lognormal""}}, ""rem_profile_params"": {""rem_stage"": 2, ""step_size_hours"": 1, ""window_size_hours"": 3}, ""tau_threshold"": 5.0}",run_output_8day_rem_w3_s1_stage2_no_pareto,rem_w3_s1_stage2
69,10c759c9acfa40bf,ok,,"concat: mean, range; odd: mean",mean=lognormal; range=beta,16,5.0,3,1,2,356.98594037132455,356.98594037132455,11.899531345710818,3.966510448570274,0.0174339285381167,3.966510448570274,0.0174339285381167,-712.550807936949,1.01,2680.0,1723.0,1.0137592857915836,0,7,0.9639437487780236,0.99983085384967,6.992962267359869,0.108822363820586,6.243931345155221,6.496601024756373,6.749270704357526,0.9913539938193944,1.3349970234449675,3,False,,False,3,3,30,0,[],25.66310871503083,"(30, 176)",,[],"{""feature_selection"": {""concat"": [""mean"", ""range""], ""odd"": [""mean""]}, ""n_chunks"": 16, ""parameter_selection"": {""mean"": {""likelihood"": ""lognormal""}, ""range"": {""likelihood"": ""beta""}}, ""rem_profile_params"": {""rem_stage"": 2, ""step_size_hours"": 1, ""window_size_hours"": 3}, ""tau_threshold"": 5.0}",run_output_8day_rem_w3_s1_stage2_no_pareto,rem_w3_s1_stage2
15,d1015285ac276109,ok,,"concat: mean, range",mean=student_t; range=beta,16,5.0,6,1,2,237.81975971631437,237.81975971631437,7.927325323877144,3.9636626619385726,0.0121040710408493,3.9636626619385726,0.0121040710408493,-475.8595990650958,1.0,2333.0,1732.0,1.0547719322215183,0,5,0.5409531555359612,0.2787757530011917,5.189006965036827,0.6774909402493162,4.297266033779795,4.670089573047917,5.105619621606979,0.0063287155722079,0.485057536686092,0,False,,False,2,2,30,0,[],23.19716324104229,"(30, 152)",,[],"{""feature_selection"": {""concat"": [""mean"", ""range""]}, ""n_chunks"": 16, ""parameter_selection"": {""mean"": {""likelihood"": ""student_t""}, ""range"": {""likelihood"": ""beta""}}, ""rem_profile_params"": {""rem_stage"": 2, ""step_size_hours"": 1, ""window_size_hours"": 6}, ""tau_threshold"": 5.0}",run_output_8day_rem_w6_s1_stage2_no_pareto,rem_w6_s1_stage2
155,54ec190f1cc392e4,ok,,"concat: mean, range; even: range; odd: range",mean=student_t; range=beta,16,5.0,2,1,2,475.3721046637225,475.3721046637225,15.845736822124085,3.9614342055310208,0.0104741687307769,3.9614342055310208,0.0104741687307769,-951.6862400094312,1.0,981.0,622.0,0.8378449710821264,0,6,0.5797849358001317,0.9340268461329376,6.102601093987187,0.6921957144984869,5.227784568530703,5.537229322539795,5.846674076548887,0.1261281929450572,0.8077494839544614,1,False,,False,4,4,30,0,[],56.86101969698211,"(30, 184)",,[],"{""feature_selection"": {""concat"": [""mean"", ""range""], ""even"": [""range""], ""odd"": [""range""]}, ""n_chunks"": 16, ""parameter_selection"": {""mean"": {""likelihood"": ""student_t""}, ""range"": {""likelihood"": ""beta""}}, ""rem_profile_params"": {""rem_stage"": 2, ""step_size_hours"": 1, ""window_size_hours"": 2}, ""tau_threshold"": 5.0}",run_output_8day_rem_w2_s1_stage2_no_pareto,rem_w2_s1_stage2
29,4c3a30dd58d438e8,ok,,concat: range; even: mean,mean=lognormal; range=beta,16,5.0,2,1,2,237.46692448163944,237.46692448163944,7.915564149387981,3.957782074693991,0.0126862083392868,3.957782074693991,0.0126862083392868,-476.6003287748737,1.0,1466.0,1589.0,0.9442205235843512,0,6,0.1511638745346594,0.8458441749402192,6.471843186727606,1.3284808587311376,5.296551747855262,6.083611612449893,7.0070245657056525,0.5226487271528137,0.9366238123197668,2,False,,False,2,2,30,0,[],18.722289794997774,"(30, 184)",,[],"{""feature_selection"": {""concat"": [""range""], ""even"": [""mean""]}, ""n_chunks"": 16, ""parameter_selection"": {""mean"": {""likelihood"": ""lognormal""}, ""range"": {""likelihood"": ""beta""}}, ""rem_profile_params"": {""rem_stage"": 2, ""step_size_hours"": 1, ""window_size_hours"": 2}, ""tau_threshold"": 5.0}",run_output_8day_rem_w2_s1_stage2_no_pareto,rem_w2_s1_stage2
81,eb50762d0f5ffe4d,ok,,concat: mean; even: mean; odd: mean,mean=lognormal,16,5.0,2,2,2,355.440532905354,355.440532905354,11.848017763511798,3.949339254503932,0.0191796866568423,3.949339254503932,0.0191796866568423,-707.7137189030977,1.0,1241.0,1222.0,0.9661348552452164,0,7,0.5061876469900433,0.9687081468697444,6.688519602530992,0.758023118861003,5.872137068154406,6.323445423313836,6.694478902614579,0.7179354703539199,1.166575142441469,4,False,,False,3,3,30,0,[],12.799846654990688,"(30, 96)",,[],"{""feature_selection"": {""concat"": [""mean""], ""even"": [""mean""], ""odd"": [""mean""]}, ""n_chunks"": 16, ""parameter_selection"": {""mean"": {""likelihood"": ""lognormal""}}, ""rem_profile_params"": {""rem_stage"": 2, ""step_size_hours"": 2, ""window_size_hours"": 2}, ""tau_threshold"": 5.0}",run_output_8day_rem_w2_s2_stage2_no_pareto,rem_w2_s2_stage2
32,01ae05e0cc6a21a8,ok,,concat: range; even: mean,mean=student_t; range=lognormal,16,5.0,2,1,2,236.875160363956,236.875160363956,7.895838678798534,3.947919339399268,0.0088563308620447,3.947919339399268,0.0088563308620447,-474.1518584920843,1.0,1187.0,1174.0,1.0079557025698296,0,7,0.1516206518662168,0.7869626950814866,6.392422386002501,1.5601680925971178,5.265113006786843,6.352242687427635,6.949101189519765,0.6475402822414951,0.6249183962035495,0,False,,False,2,2,30,0,[],18.169741110992614,"(30, 184)",,[],"{""feature_selection"": {""concat"": [""range""], ""even"": [""mean""]}, ""n_chunks"": 16, ""parameter_selection"": {""mean"": {""likelihood"": ""student_t""}, ""range"": {""likelihood"": ""lognormal""}}, ""rem_profile_params"": {""rem_stage"": 2, ""step_size_hours"": 1, ""window_size_hours"": 2}, ""tau_threshold"": 5.0}",run_output_8day_rem_w2_s1_stage2_no_pareto,rem_w2_s1_stage2
26,a7dc9e6276f50f2a,ok,,concat: mean; odd: range,mean=lognormal; range=lognormal,16,5.0,2,2,2,236.79356844430652,236.79356844430652,7.893118948143551,3.946559474071776,0.0160111918694974,3.946559474071776,0.0160111918694974,-476.67865896595504,1.0,1510.0,1023.0,0.9990648581182654,0,7,0.4934477047141188,0.982644199159404,6.718320490110087,0.6268917946957768,5.777974434902776,6.294310683690789,6.695047780462849,0.6836058391283606,1.1940060230833334,2,False,,False,2,2,30,0,[],9.464517282962332,"(30, 96)",,[],"{""feature_selection"": {""concat"": [""mean""], ""odd"": [""range""]}, ""n_chunks"": 16, ""parameter_selection"": {""mean"": {""likelihood"": ""lognormal""}, ""range"": {""likelihood"": ""lognormal""}}, ""rem_profile_params"": {""rem_stage"": 2, ""step_size_hours"": 2, ""window_size_hours"": 2}, ""tau_threshold"": 5.0}",run_output_8day_rem_w2_s2_stage2_no_pareto,rem_w2_s2_stage2
151,8bfd4247e9c95ff9,ok,,"concat: mean, range; even: range; odd: mean",mean=student_t; range=beta,16,5.0,3,1,2,473.4317945468756,473.4317945468756,15.781059818229185,3.945264954557295,0.0116926362459432,3.945264954557295,0.0116926362459432,-947.1010304711176,1.0,1610.0,1274.0,0.8546755398609309,0,7,0.6822227912276935,0.9873119462232528,7.080422137815735,0.5048726587763902,6.260955969056201,6.561569991164524,6.862184013272847,0.9670191257430496,0.869185827937708,2,False,,False,4,4,30,0,[],54.864828021032736,"(30, 176)",,[],"{""feature_selection"": {""concat"": [""mean"", ""range""], ""even"": [""range""], ""odd"": [""mean""]}, ""n_chunks"": 16, ""parameter_selection"": {""mean"": {""likelihood"": ""student_t""}, ""range"": {""likelihood"": ""beta""}}, ""rem_profile_params"": {""rem_stage"": 2, ""step_size_hours"": 1, ""window_size_hours"": 3}, ""tau_threshold"": 5.0}",run_output_8day_rem_w3_s1_stage2_no_pareto,rem_w3_s1_stage2
6,edb32ab89a92ef07,ok,,even: mean,mean=student_t,16,5.0,2,2,2,118.35028042873738,118.35028042873738,3.945009347624579,3.945009347624579,0.01265290073868,3.945009347624579,0.01265290073868,-236.86935375678323,1.0,1446.0,1867.0,1.0043258088957463,0,8,0.0524035270251913,0.6569002819093144,6.1214939908470605,1.792241406479802,3.9996090414894807,6.097576870718249,7.22861243037646,0.5190205901776165,0.4584570507971273,0,False,,False,1,1,30,0,[],12.918478134961331,"(30, 96)",,[],"{""feature_selection"": {""even"": [""mean""]}, ""n_chunks"": 16, ""parameter_selection"": {""mean"": {""likelihood"": ""student_t""}}, ""rem_profile_params"": {""rem_stage"": 2, ""step_size_hours"": 2, ""window_size_hours"": 2}, ""tau_threshold"": 5.0}",run_output_8day_rem_w2_s2_stage2_no_pareto,rem_w2_s2_stage2
70,683d9c39a4f2dd89,ok,,"concat: mean, range; odd: mean",mean=lognormal; range=lognormal,16,5.0,2,2,2,354.2877085677528,354.2877085677528,11.80959028559176,3.9365300951972535,0.0190431863987345,3.9365300951972535,0.0190431863987345,-706.2792114446738,1.0,3188.0,2555.0,1.0543684734049517,0,7,0.7204205022924343,0.9986244005111504,6.809521981542501,0.3990503857004775,6.07439609727694,6.383268834165867,6.692141571054794,0.8102158173834666,1.448778694737971,2,False,,False,3,3,30,0,[],12.674764966999646,"(30, 96)",,[],"{""feature_selection"": {""concat"": [""mean"", ""range""], ""odd"": [""mean""]}, ""n_chunks"": 16, ""parameter_selection"": {""mean"": {""likelihood"": ""lognormal""}, ""range"": {""likelihood"": ""lognormal""}}, ""rem_profile_params"": {""rem_stage"": 2, ""step_size_hours"": 2, ""window_size_hours"": 2}, ""tau_threshold"": 5.0}",run_output_8day_rem_w2_s2_stage2_no_pareto,rem_w2_s2_stage2
172,ee698d654fc379aa,ok,,"concat: mean; even: mean; odd: mean, range",mean=student_t; range=lognormal,16,5.0,3,1,2,472.33145685425535,472.33145685425535,15.744381895141846,3.936095473785462,0.0124225214062777,3.936095473785462,0.0124225214062777,-946.861520962501,1.0,2065.0,1115.0,0.9961020429836068,0,8,0.8654139347561831,0.9928155892966184,7.917560142645105,0.4358868265719493,7.213648284353767,7.475765522902511,7.737882761451256,0.9771055329763592,0.8758281024029797,1,False,,False,4,4,30,0,[],49.92298673698679,"(30, 176)",,[],"{""feature_selection"": {""concat"": [""mean""], ""even"": [""mean""], ""odd"": [""mean"", ""range""]}, ""n_chunks"": 16, ""parameter_selection"": {""mean"": {""likelihood"": ""student_t""}, ""range"": {""likelihood"": ""lognormal""}}, ""rem_profile_params"": {""rem_stage"": 2, ""step_size_hours"": 1, ""window_size_hours"": 3}, ""tau_threshold"": 5.0}",run_output_8day_rem_w3_s1_stage2_no_pareto,rem_w3_s1_stage2
139,7808690b7064816e,ok,,"concat: mean, range; even: mean, range",mean=student_t; range=beta,16,5.0,3,1,2,472.241311791714,472.241311791714,15.7413770597238,3.935344264930949,0.0084484807589245,3.935344264930949,0.0084484807589245,-945.1907620035552,1.0,1727.0,1572.0,0.8948580457772877,0,7,0.6788337421705881,0.9946491191341172,7.188299460087315,0.4737079159715859,6.307082575479561,6.626611897430381,6.946141219381202,0.9902616554912173,0.6988551583793307,0,False,,False,4,4,30,0,[],52.19648225797573,"(30, 176)",,[],"{""feature_selection"": {""concat"": [""mean"", ""range""], ""even"": [""mean"", ""range""]}, ""n_chunks"": 16, ""parameter_selection"": {""mean"": {""likelihood"": ""student_t""}, ""range"": {""likelihood"": ""beta""}}, ""rem_profile_params"": {""rem_stage"": 2, ""step_size_hours"": 1, ""window_size_hours"": 3}, ""tau_threshold"": 5.0}",run_output_8day_rem_w3_s1_stage2_no_pareto,rem_w3_s1_stage2
175,9e98a3ee6c7091b8,ok,,"concat: mean; even: range; odd: mean, range",mean=student_t; range=beta,16,5.0,2,1,2,472.1084103524108,472.1084103524108,15.736947011747024,3.934236752936757,0.0126206258394749,3.934236752936757,0.0126206258394749,-944.075418726728,1.01,529.0,455.0,0.8936093200956615,0,6,0.3020104926056346,0.8046675150201519,6.07043059485061,1.06591704579884,5.091748744273211,5.511324904994028,5.930901065714845,0.2088281337490398,0.7656393972981597,4,False,,False,4,4,30,0,[],61.27656350500183,"(30, 184)",,[],"{""feature_selection"": {""concat"": [""mean""], ""even"": [""range""], ""odd"": [""mean"", ""range""]}, ""n_chunks"": 16, ""parameter_selection"": {""mean"": {""likelihood"": ""student_t""}, ""range"": {""likelihood"": ""beta""}}, ""rem_profile_params"": {""rem_stage"": 2, ""step_size_hours"": 1, ""window_size_hours"": 2}, ""tau_threshold"": 5.0}",run_output_8day_rem_w2_s1_stage2_no_pareto,rem_w2_s1_stage2
171,f5e7ff58614db1e6,ok,,"concat: mean; even: mean; odd: mean, range",mean=student_t; range=beta,16,5.0,3,1,2,471.03756794060513,471.03756794060513,15.701252264686838,3.9253130661717086,0.0128615201115196,3.9253130661717086,0.0128615201115196,-945.7298747604992,1.0,661.0,511.0,1.012609736163994,0,8,0.526367805654472,0.9472695344545364,7.481230853870119,1.1648604668345164,6.976605104950727,7.3305020784639074,7.665251039231953,0.8824002744844226,1.051287663323027,2,False,,False,4,4,30,0,[],63.96112659998471,"(30, 176)",,[],"{""feature_selection"": {""concat"": [""mean""], ""even"": [""mean""], ""odd"": [""mean"", ""range""]}, ""n_chunks"": 16, ""parameter_selection"": {""mean"": {""likelihood"": ""student_t""}, ""range"": {""likelihood"": ""beta""}}, ""rem_profile_params"": {""rem_stage"": 2, ""step_size_hours"": 1, ""window_size_hours"": 3}, ""tau_threshold"": 5.0}",run_output_8day_rem_w3_s1_stage2_no_pareto,rem_w3_s1_stage2
207,6c4c3033be4d62e1,ok,,"concat: mean, range; even: mean; odd: mean, range",mean=student_t; range=beta,16,5.0,3,1,2,588.381596369157,588.381596369157,19.6127198789719,3.922543975794381,0.0120729211810115,3.922543975794381,0.0120729211810115,-1171.693036394134,1.0,864.0,1446.0,0.9538106308265424,0,7,0.6146309551842453,0.9985818682491387,7.346990563964912,0.5133595382039163,6.383044795693268,6.775816446391954,7.300320957736196,0.993808835879502,1.2467742498386531,2,False,,False,5,5,30,0,[],79.20328915095888,"(30, 176)",,[],"{""feature_selection"": {""concat"": [""mean"", ""range""], ""even"": [""mean""], ""odd"": [""mean"", ""range""]}, ""n_chunks"": 16, ""parameter_selection"": {""mean"": {""likelihood"": ""student_t""}, ""range"": {""likelihood"": ""beta""}}, ""rem_profile_params"": {""rem_stage"": 2, ""step_size_hours"": 1, ""window_size_hours"": 3}, ""tau_threshold"": 5.0}",run_output_8day_rem_w3_s1_stage2_no_pareto,rem_w3_s1_stage2
90,9d10876d3d45f384,ok,,concat: mean; even: range; odd: mean,mean=student_t; range=lognormal,16,5.0,2,2,2,352.85843170919435,352.85843170919435,11.761947723639812,3.920649241213271,0.0153042053076525,3.920649241213271,0.0153042053076525,-706.7237949696097,1.01,781.0,1312.0,0.9601645340625308,0,8,0.2397434797730276,0.8720921033901204,6.734429705252498,1.405720509321778,5.3829599805996535,6.47566005723497,7.433449245015645,0.5532804531520357,0.7473362042238919,1,False,,False,3,3,30,0,[],30.52225937700132,"(30, 96)",,[],"{""feature_selection"": {""concat"": [""mean""], ""even"": [""range""], ""odd"": [""mean""]}, ""n_chunks"": 16, ""parameter_selection"": {""mean"": {""likelihood"": ""student_t""}, ""range"": {""likelihood"": ""lognormal""}}, ""rem_profile_params"": {""rem_stage"": 2, ""step_size_hours"": 2, ""window_size_hours"": 2}, ""tau_threshold"": 5.0}",run_output_8day_rem_w2_s2_stage2_no_pareto,rem_w2_s2_stage2
164,06ee7d42fabafc0b,ok,,"concat: mean; even: mean, range; odd: mean",mean=student_t; range=lognormal,16,5.0,2,2,2,470.2253941333846,470.2253941333846,15.674179804446153,3.918544951111538,0.0128027086328145,3.918544951111538,0.0128027086328145,-942.1745270312688,1.0,1105.0,1332.0,1.0052937980892171,0,8,0.4228500339818233,0.9486165660465578,7.299235317072905,1.1363676801858935,6.042778997646227,7.233513142397803,7.616756571198901,0.7543650913063066,0.9362442323377996,2,False,,False,4,4,30,0,[],49.8455385400448,"(30, 96)",,[],"{""feature_selection"": {""concat"": [""mean""], ""even"": [""mean"", ""range""], ""odd"": [""mean""]}, ""n_chunks"": 16, ""parameter_selection"": {""mean"": {""likelihood"": ""student_t""}, ""range"": {""likelihood"": ""lognormal""}}, ""rem_profile_params"": {""rem_stage"": 2, ""step_size_hours"": 2, ""window_size_hours"": 2}, ""tau_threshold"": 5.0}",run_output_8day_rem_w2_s2_stage2_no_pareto,rem_w2_s2_stage2
62,2fdc3f638b3d76fa,ok,,"concat: mean, range; even: mean",mean=lognormal; range=lognormal,16,5.0,3,1,2,351.4013488159154,351.4013488159154,11.713378293863848,3.904459431287949,0.0130136265419512,3.904459431287949,0.0130136265419512,-703.151497585078,1.01,3505.0,2642.0,1.079771892932372,0,7,0.8439585254703705,0.9984100681118366,6.923417843098946,0.2744800996759939,6.1889627965215785,6.459484493714376,6.730006190907174,0.9246281337896782,0.7466074901219599,2,False,,False,3,3,30,0,[],12.73427100997651,"(30, 176)",,[],"{""feature_selection"": {""concat"": [""mean"", ""range""], ""even"": [""mean""]}, ""n_chunks"": 16, ""parameter_selection"": {""mean"": {""likelihood"": ""lognormal""}, ""range"": {""likelihood"": ""lognormal""}}, ""rem_profile_params"": {""rem_stage"": 2, ""step_size_hours"": 1, ""window_size_hours"": 3}, ""tau_threshold"": 5.0}",run_output_8day_rem_w3_s1_stage2_no_pareto,rem_w3_s1_stage2
187,409ff372ca678de6,ok,,"concat: range; even: mean; odd: mean, range",mean=student_t; range=beta,16,5.0,2,1,2,468.0547687369586,468.0547687369586,15.601825624565286,3.900456406141322,0.0109332284371669,3.900456406141322,0.0109332284371669,-937.0691649327766,1.0,1203.0,1420.0,0.8796834739580355,0,6,0.4088382071601761,0.9794593751845388,6.722136349940815,0.9591448016333908,5.426211721361367,5.890576841569024,7.201254661829138,0.4410899130505085,0.7745883868568999,2,False,,False,4,4,30,0,[],61.20706775900908,"(30, 184)",,[],"{""feature_selection"": {""concat"": [""range""], ""even"": [""mean""], ""odd"": [""mean"", ""range""]}, ""n_chunks"": 16, ""parameter_selection"": {""mean"": {""likelihood"": ""student_t""}, ""range"": {""likelihood"": ""beta""}}, ""rem_profile_params"": {""rem_stage"": 2, ""step_size_hours"": 1, ""window_size_hours"": 2}, ""tau_threshold"": 5.0}",run_output_8day_rem_w2_s1_stage2_no_pareto,rem_w2_s1_stage2
163,b0e7531ee6a13313,ok,,"concat: mean; even: mean, range; odd: mean",mean=student_t; range=beta,16,5.0,3,1,2,465.7662694282713,465.7662694282713,15.52554231427571,3.8813855785689273,0.0122627683502187,3.8813855785689273,0.0122627683502187,-933.1732240896656,1.0,552.0,745.0,1.034694451676318,0,8,0.1905764455483913,0.7928752517764182,6.747960769131293,1.6011658787271656,5.331436968141141,6.957765861224292,7.492684121640466,0.6635135453352708,0.8323880056594912,1,False,,False,4,4,30,0,[],60.08233605703572,"(30, 176)",,[],"{""feature_selection"": {""concat"": [""mean""], ""even"": [""mean"", ""range""], ""odd"": [""mean""]}, ""n_chunks"": 16, ""parameter_selection"": {""mean"": {""likelihood"": ""student_t""}, ""range"": {""likelihood"": ""beta""}}, ""rem_profile_params"": {""rem_stage"": 2, ""step_size_hours"": 1, ""window_size_hours"": 3}, ""tau_threshold"": 5.0}",run_output_8day_rem_w3_s1_stage2_no_pareto,rem_w3_s1_stage2
76,76dfab5bc938162a,ok,,"concat: mean, range; odd: range",mean=student_t; range=lognormal,16,5.0,2,2,2,348.8304604183718,348.8304604183718,11.627682013945726,3.875894004648576,0.0111409847968901,3.875894004648576,0.0111409847968901,-697.816298096857,1.0,1287.0,1546.0,0.9528738548362388,0,7,0.3443821799325953,0.9529515645929464,6.911786925532289,0.8309755006928381,5.962437538865177,6.471590349068317,6.958611250819564,0.7420791116831719,0.7745860811627063,1,False,,False,3,3,30,0,[],24.13590138294967,"(30, 96)",,[],"{""feature_selection"": {""concat"": [""mean"", ""range""], ""odd"": [""range""]}, ""n_chunks"": 16, ""parameter_selection"": {""mean"": {""likelihood"": ""student_t""}, ""range"": {""likelihood"": ""lognormal""}}, ""rem_profile_params"": {""rem_stage"": 2, ""step_size_hours"": 2, ""window_size_hours"": 2}, ""tau_threshold"": 5.0}",run_output_8day_rem_w2_s2_stage2_no_pareto,rem_w2_s2_stage2
148,f68bb61274b8c3ed,ok,,"concat: mean, range; even: mean; odd: range",mean=student_t; range=lognormal,16,5.0,2,2,2,464.86551267280254,464.86551267280254,15.495517089093418,3.873879272273353,0.0095835462165748,3.873879272273353,0.0095835462165748,-931.3866755334768,1.0,966.0,1841.0,0.9438550081077658,0,7,0.4042318311324669,0.9805897901337248,7.201357159624764,0.7384809511218045,6.207803247171189,6.732458949651348,7.328887697793587,0.8490188642708246,1.287185614640758,1,False,,False,4,4,30,0,[],41.59429633896798,"(30, 96)",,[],"{""feature_selection"": {""concat"": [""mean"", ""range""], ""even"": [""mean""], ""odd"": [""range""]}, ""n_chunks"": 16, ""parameter_selection"": {""mean"": {""likelihood"": ""student_t""}, ""range"": {""likelihood"": ""lognormal""}}, ""rem_profile_params"": {""rem_stage"": 2, ""step_size_hours"": 2, ""window_size_hours"": 2}, ""tau_threshold"": 5.0}",run_output_8day_rem_w2_s2_stage2_no_pareto,rem_w2_s2_stage2
170,23bb08962cb4b825,ok,,"concat: mean; even: mean; odd: mean, range",mean=lognormal; range=lognormal,16,5.0,2,1,2,464.0997167598625,464.0997167598625,15.469990558662085,3.8674976396655216,0.0152734619691335,3.8674976396655216,0.0152734619691335,-926.1454528451033,1.0,1047.0,644.0,0.9551242256520946,0,7,0.6547442476583349,0.9908906946396872,6.9039520486570245,0.507882354020705,6.149062558694899,6.453455020831735,6.75784748296857,0.8724262894426493,1.56888229767872,4,False,,False,4,4,30,0,[],16.716208391007967,"(30, 184)",,[],"{""feature_selection"": {""concat"": [""mean""], ""even"": [""mean""], ""odd"": [""mean"", ""range""]}, ""n_chunks"": 16, ""parameter_selection"": {""mean"": {""likelihood"": ""lognormal""}, ""range"": {""likelihood"": ""lognormal""}}, ""rem_profile_params"": {""rem_stage"": 2, ""step_size_hours"": 1, ""window_size_hours"": 2}, ""tau_threshold"": 5.0}",run_output_8day_rem_w2_s1_stage2_no_pareto,rem_w2_s1_stage2
65,a36c7327169886e3,ok,,"concat: mean, range; even: range",mean=lognormal; range=beta,16,5.0,2,2,2,347.64439828743747,347.64439828743747,11.58814660958125,3.862715536527082,0.0092703112984363,3.862715536527082,0.0092703112984363,-696.3339244727815,1.0,2045.0,1661.0,0.9340128489864176,0,7,0.9194536378305176,0.9999851952422146,6.971699888549178,0.1741611417607082,6.227384523569267,6.485404287672329,6.743424051775391,0.970316963275768,0.93312099299997,3,False,,False,3,3,30,0,[],28.17581816000165,"(30, 96)",,[],"{""feature_selection"": {""concat"": [""mean"", ""range""], ""even"": [""range""]}, ""n_chunks"": 16, ""parameter_selection"": {""mean"": {""likelihood"": ""lognormal""}, ""range"": {""likelihood"": ""beta""}}, ""rem_profile_params"": {""rem_stage"": 2, ""step_size_hours"": 2, ""window_size_hours"": 2}, ""tau_threshold"": 5.0}",run_output_8day_rem_w2_s2_stage2_no_pareto,rem_w2_s2_stage2
93,6d540082585694ca,ok,,concat: mean; even: range; odd: range,mean=student_t; range=beta,16,5.0,2,1,2,347.52506634594806,347.52506634594806,11.584168878198268,3.8613896260660887,0.0107984231709229,3.8613896260660887,0.0107984231709229,-694.5090987954068,1.01,744.0,972.0,0.9163076692380708,0,6,0.1851864000006985,0.6817639882963334,5.806778957281018,1.186219171921505,4.613849602664688,5.370977094429941,5.881222685301783,0.1918038505265344,0.7979746153059565,1,False,,False,3,3,30,0,[],39.17925807804568,"(30, 184)",,[],"{""feature_selection"": {""concat"": [""mean""], ""even"": [""range""], ""odd"": [""range""]}, ""n_chunks"": 16, ""parameter_selection"": {""mean"": {""likelihood"": ""student_t""}, ""range"": {""likelihood"": ""beta""}}, ""rem_profile_params"": {""rem_stage"": 2, ""step_size_hours"": 1, ""window_size_hours"": 2}, ""tau_threshold"": 5.0}",run_output_8day_rem_w2_s1_stage2_no_pareto,rem_w2_s1_stage2
96,de2778341a9e29ed,ok,,"concat: mean; odd: mean, range",mean=lognormal; range=lognormal,16,5.0,2,1,2,347.314404472432,347.314404472432,11.577146815747732,3.859048938582577,0.0187287988798633,3.859048938582577,0.0187287988798633,-696.6452731476019,1.0,1824.0,1660.0,0.9549589749451148,0,7,0.604559754843443,0.98741817146925,6.771430152965888,0.5442417894895509,6.027005287576408,6.362107031852296,6.697208776128184,0.7701470807282448,2.01440296773382,5,False,,False,3,3,30,0,[],13.340123636007776,"(30, 184)",,[],"{""feature_selection"": {""concat"": [""mean""], ""odd"": [""mean"", ""range""]}, ""n_chunks"": 16, ""parameter_selection"": {""mean"": {""likelihood"": ""lognormal""}, ""range"": {""likelihood"": ""lognormal""}}, ""rem_profile_params"": {""rem_stage"": 2, ""step_size_hours"": 1, ""window_size_hours"": 2}, ""tau_threshold"": 5.0}",run_output_8day_rem_w2_s1_stage2_no_pareto,rem_w2_s1_stage2
19,7367b5374b6eb1ac,ok,,concat: mean; even: range,mean=lognormal; range=beta,16,5.0,3,1,2,231.45682665863987,231.45682665863987,7.715227555287996,3.857613777643997,0.0119919602870942,3.857613777643997,0.0119919602870942,-463.93104586511777,1.0,2222.0,2009.0,0.9482188174496856,0,7,0.5561478402935217,0.9605647245344908,6.653408446638361,0.6246293030949391,5.808345355872909,6.288842719367009,6.649758688773388,0.7000761561216643,0.994400994303929,2,False,,False,2,2,30,0,[],18.607192274997946,"(30, 176)",,[],"{""feature_selection"": {""concat"": [""mean""], ""even"": [""range""]}, ""n_chunks"": 16, ""parameter_selection"": {""mean"": {""likelihood"": ""lognormal""}, ""range"": {""likelihood"": ""beta""}}, ""rem_profile_params"": {""rem_stage"": 2, ""step_size_hours"": 1, ""window_size_hours"": 3}, ""tau_threshold"": 5.0}",run_output_8day_rem_w3_s1_stage2_no_pareto,rem_w3_s1_stage2
199,f9ac5424c38cf1e1,ok,,"concat: mean, range; even: mean, range; odd: mean",mean=student_t; range=beta,16,5.0,3,1,2,578.4916747393386,578.4916747393386,19.28305582464462,3.856611164928924,0.0105989041715224,3.856611164928924,0.0105989041715224,-1157.113016382064,1.0,1584.0,1696.0,0.962561645197102,0,7,0.6613439294093063,0.997975227114456,7.218346215820811,0.4589903260990638,6.316106460162342,6.646646537116899,6.9771866140714565,0.9890833080475444,0.90116387401342,3,False,,False,5,5,30,0,[],76.42550261499127,"(30, 176)",,[],"{""feature_selection"": {""concat"": [""mean"", ""range""], ""even"": [""mean"", ""range""], ""odd"": [""mean""]}, ""n_chunks"": 16, ""parameter_selection"": {""mean"": {""likelihood"": ""student_t""}, ""range"": {""likelihood"": ""beta""}}, ""rem_profile_params"": {""rem_stage"": 2, ""step_size_hours"": 1, ""window_size_hours"": 3}, ""tau_threshold"": 5.0}",run_output_8day_rem_w3_s1_stage2_no_pareto,rem_w3_s1_stage2
21,0a2692d21dc692e2,ok,,concat: mean; even: range,mean=student_t; range=beta,16,5.0,6,1,2,231.32458551332644,231.32458551332644,7.710819517110881,3.8554097585554414,0.0132361385852794,3.8554097585554414,0.0132361385852794,-463.4281906315082,1.0,867.0,877.0,0.9941801744269656,0,8,0.2503989369754225,0.7655241685949532,6.637564731757196,1.8867804881868355,5.203559612024354,7.082308077436014,7.541154038718007,0.6892606679890676,0.6948170790212111,0,False,,False,2,2,30,0,[],25.761017979006283,"(30, 152)",,[],"{""feature_selection"": {""concat"": [""mean""], ""even"": [""range""]}, ""n_chunks"": 16, ""parameter_selection"": {""mean"": {""likelihood"": ""student_t""}, ""range"": {""likelihood"": ""beta""}}, ""rem_profile_params"": {""rem_stage"": 2, ""step_size_hours"": 1, ""window_size_hours"": 6}, ""tau_threshold"": 5.0}",run_output_8day_rem_w6_s1_stage2_no_pareto,rem_w6_s1_stage2
152,6a55799084eb99dc,ok,,"concat: mean, range; even: range; odd: mean",mean=student_t; range=lognormal,16,5.0,2,1,2,460.7294164676552,460.7294164676552,15.357647215588504,3.8394118038971263,0.0125569621120371,3.8394118038971263,0.0125569621120371,-921.561932198372,1.01,633.0,664.0,0.9749885664104188,0,7,0.259276098700792,0.8933454343377509,6.687727900924636,1.2724982344922582,5.815788349888744,6.443813996021313,6.953636942710154,0.7176314340614535,0.9912202537646518,3,False,,False,4,4,30,0,[],40.01423893001629,"(30, 184)",,[],"{""feature_selection"": {""concat"": [""mean"", ""range""], ""even"": [""range""], ""odd"": [""mean""]}, ""n_chunks"": 16, ""parameter_selection"": {""mean"": {""likelihood"": ""student_t""}, ""range"": {""likelihood"": ""lognormal""}}, ""rem_profile_params"": {""rem_stage"": 2, ""step_size_hours"": 1, ""window_size_hours"": 2}, ""tau_threshold"": 5.0}",run_output_8day_rem_w2_s1_stage2_no_pareto,rem_w2_s1_stage2
208,39c19857fa9190fe,ok,,"concat: mean, range; even: mean; odd: mean, range",mean=student_t; range=lognormal,16,5.0,2,2,2,574.905293570362,574.905293570362,19.16350978567873,3.832701957135747,0.0117858330612279,3.832701957135747,0.0117858330612279,-1149.470098428118,1.0,717.0,1465.0,0.9090024994301764,0,7,0.3534081874573208,0.9842014483917768,7.003707652831322,0.8214099843820558,5.821010281183513,6.526950533839036,7.222172605696782,0.6989413806930294,1.115240942459708,2,False,,False,5,5,30,0,[],61.14100549399154,"(30, 96)",,[],"{""feature_selection"": {""concat"": [""mean"", ""range""], ""even"": [""mean""], ""odd"": [""mean"", ""range""]}, ""n_chunks"": 16, ""parameter_selection"": {""mean"": {""likelihood"": ""student_t""}, ""range"": {""likelihood"": ""lognormal""}}, ""rem_profile_params"": {""rem_stage"": 2, ""step_size_hours"": 2, ""window_size_hours"": 2}, ""tau_threshold"": 5.0}",run_output_8day_rem_w2_s2_stage2_no_pareto,rem_w2_s2_stage2
160,9d6f8d089589d36a,ok,,"concat: mean, range; odd: mean, range",mean=student_t; range=lognormal,16,5.0,2,2,2,459.83881425793487,459.83881425793487,15.327960475264495,3.831990118816124,0.0137065220225176,3.831990118816124,0.0137065220225176,-920.449945256538,1.01,880.0,799.0,0.9373943825797546,0,6,0.3502262603226735,0.9634498900853504,6.682504425837172,0.8027910962451024,5.517302368137926,6.133803141767983,6.791910646843351,0.5508287554601959,0.9669956475635564,3,False,,False,4,4,30,0,[],40.134417867986485,"(30, 96)",,[],"{""feature_selection"": {""concat"": [""mean"", ""range""], ""odd"": [""mean"", ""range""]}, ""n_chunks"": 16, ""parameter_selection"": {""mean"": {""likelihood"": ""student_t""}, ""range"": {""likelihood"": ""lognormal""}}, ""rem_profile_params"": {""rem_stage"": 2, ""step_size_hours"": 2, ""window_size_hours"": 2}, ""tau_threshold"": 5.0}",run_output_8day_rem_w2_s2_stage2_no_pareto,rem_w2_s2_stage2
65,2757856ae4c89628,ok,,"concat: mean, range; even: range",mean=lognormal; range=beta,16,5.0,3,1,2,344.4009531165861,344.4009531165861,11.480031770552872,3.8266772568509584,0.009686285464493,3.8266772568509584,0.009686285464493,-689.6087190907634,1.0,2361.0,1981.0,0.9508424660640892,0,7,0.9692415244554864,0.999852893777966,6.993331570621178,0.0969691486264481,6.244478148857287,6.496720244291876,6.748962339726466,0.9923050645413432,0.870544114290114,2,False,,False,3,3,30,0,[],29.493222146003973,"(30, 176)",,[],"{""feature_selection"": {""concat"": [""mean"", ""range""], ""even"": [""range""]}, ""n_chunks"": 16, ""parameter_selection"": {""mean"": {""likelihood"": ""lognormal""}, ""range"": {""likelihood"": ""beta""}}, ""rem_profile_params"": {""rem_stage"": 2, ""step_size_hours"": 1, ""window_size_hours"": 3}, ""tau_threshold"": 5.0}",run_output_8day_rem_w3_s1_stage2_no_pareto,rem_w3_s1_stage2
73,740e6e58b456c445,ok,,"concat: mean, range; odd: range",mean=lognormal; range=beta,16,5.0,2,2,2,344.27141355218424,344.27141355218424,11.475713785072807,3.825237928357603,0.011754474221488,3.825237928357603,0.011754474221488,-689.6138726751286,1.0,2159.0,1551.0,0.9381858955207804,0,7,0.9523653454526704,0.999999725783057,6.983436395139931,0.1281706173498207,6.237331909612672,6.491577807443499,6.745823705274327,0.9833684748087754,1.2642553485126833,2,False,,False,3,3,30,0,[],29.729247394017875,"(30, 96)",,[],"{""feature_selection"": {""concat"": [""mean"", ""range""], ""odd"": [""range""]}, ""n_chunks"": 16, ""parameter_selection"": {""mean"": {""likelihood"": ""lognormal""}, ""range"": {""likelihood"": ""beta""}}, ""rem_profile_params"": {""rem_stage"": 2, ""step_size_hours"": 2, ""window_size_hours"": 2}, ""tau_threshold"": 5.0}",run_output_8day_rem_w2_s2_stage2_no_pareto,rem_w2_s2_stage2
22,5902eef06c51493b,ok,,concat: mean; even: range,mean=student_t; range=lognormal,16,5.0,3,1,2,229.0967206095281,229.0967206095281,7.636557353650937,3.818278676825468,0.0131056849571747,3.818278676825468,0.0131056849571747,-458.2067219022079,1.0,1215.0,1374.0,1.0155285250036117,0,7,0.160425324833524,0.8255635490318538,6.617648734004414,1.4897084425554528,5.514564596355591,6.499757947153309,7.221457442852739,0.6787140580893491,0.6554690847816723,0,False,,False,2,2,30,0,[],17.987378579971846,"(30, 176)",,[],"{""feature_selection"": {""concat"": [""mean""], ""even"": [""range""]}, ""n_chunks"": 16, ""parameter_selection"": {""mean"": {""likelihood"": ""student_t""}, ""range"": {""likelihood"": ""lognormal""}}, ""rem_profile_params"": {""rem_stage"": 2, ""step_size_hours"": 1, ""window_size_hours"": 3}, ""tau_threshold"": 5.0}",run_output_8day_rem_w3_s1_stage2_no_pareto,rem_w3_s1_stage2
109,2489cc767c6bb6af,ok,,concat: range; even: mean; odd: range,mean=student_t; range=beta,16,5.0,2,1,2,343.4956176649257,343.4956176649257,11.44985392216419,3.816617974054729,0.0091979305804249,3.816617974054729,0.0091979305804249,-688.1739768633726,1.0,1471.0,1846.0,0.9045603745878048,0,6,0.3370171955230971,0.9591639373174654,6.672982065514962,0.9936550265204652,5.421919309804864,5.926211917813674,7.104086597597734,0.463420006056763,0.743361701765478,1,False,,False,3,3,30,0,[],38.0654519390082,"(30, 184)",,[],"{""feature_selection"": {""concat"": [""range""], ""even"": [""mean""], ""odd"": [""range""]}, ""n_chunks"": 16, ""parameter_selection"": {""mean"": {""likelihood"": ""student_t""}, ""range"": {""likelihood"": ""beta""}}, ""rem_profile_params"": {""rem_stage"": 2, ""step_size_hours"": 1, ""window_size_hours"": 2}, ""tau_threshold"": 5.0}",run_output_8day_rem_w2_s1_stage2_no_pareto,rem_w2_s1_stage2
5,88b0b4da3cc32e9e,ok,,even: mean,mean=lognormal,16,5.0,2,1,2,114.39705593150768,114.39705593150768,3.8132351977169225,3.813235197716922,0.017992623636319,3.813235197716922,0.017992623636319,-229.81215190145195,1.0,1220.0,1627.0,0.9525602078953836,0,8,0.0275374224629382,0.5780857615237258,5.824004888282802,1.8139089684012049,3.700456966761137,5.702489933898749,6.940911783972396,0.4669300598464682,1.002657866815867,1,False,,False,1,1,30,0,[],6.657302012958098,"(30, 184)",,[],"{""feature_selection"": {""even"": [""mean""]}, ""n_chunks"": 16, ""parameter_selection"": {""mean"": {""likelihood"": ""lognormal""}}, ""rem_profile_params"": {""rem_stage"": 2, ""step_size_hours"": 1, ""window_size_hours"": 2}, ""tau_threshold"": 5.0}",run_output_8day_rem_w2_s1_stage2_no_pareto,rem_w2_s1_stage2
149,141e38fdf3aa1b6e,ok,,"concat: mean, range; even: range; odd: mean",mean=lognormal; range=beta,16,5.0,2,1,2,456.2160579923834,456.2160579923834,15.20720193307945,3.801800483269862,0.014443819148396,3.801800483269862,0.014443819148396,-909.530479623301,1.0,1499.0,1500.0,0.941159410320326,0,6,0.621364695787876,0.981354564480558,6.209946105201649,0.5264717173429809,5.309697558761919,5.644354408365534,5.979011257969148,0.2343206989071702,1.421166108183499,4,False,,False,4,4,30,0,[],39.09637983597349,"(30, 184)",,[],"{""feature_selection"": {""concat"": [""mean"", ""range""], ""even"": [""range""], ""odd"": [""mean""]}, ""n_chunks"": 16, ""parameter_selection"": {""mean"": {""likelihood"": ""lognormal""}, ""range"": {""likelihood"": ""beta""}}, ""rem_profile_params"": {""rem_stage"": 2, ""step_size_hours"": 1, ""window_size_hours"": 2}, ""tau_threshold"": 5.0}",run_output_8day_rem_w2_s1_stage2_no_pareto,rem_w2_s1_stage2
197,6b6616f57be8d5d3,ok,,"concat: mean, range; even: mean, range; odd: mean",mean=lognormal; range=beta,16,5.0,2,1,2,568.2889368077358,568.2889368077358,18.94296456025786,3.788592912051571,0.0130003677802176,3.788592912051571,0.0130003677802176,-1136.977804574262,1.0,1010.0,973.0,0.8716340667790446,0,6,0.5315232157049221,0.9897018375567488,6.429758036211183,0.5758031707290219,5.415620266941603,5.8490965714809935,6.424318779825754,0.4129690441330142,1.6016224341755327,5,False,,False,5,5,30,0,[],50.94180948595749,"(30, 184)",,[],"{""feature_selection"": {""concat"": [""mean"", ""range""], ""even"": [""mean"", ""range""], ""odd"": [""mean""]}, ""n_chunks"": 16, ""parameter_selection"": {""mean"": {""likelihood"": ""lognormal""}, ""range"": {""likelihood"": ""beta""}}, ""rem_profile_params"": {""rem_stage"": 2, ""step_size_hours"": 1, ""window_size_hours"": 2}, ""tau_threshold"": 5.0}",run_output_8day_rem_w2_s1_stage2_no_pareto,rem_w2_s1_stage2
131,998e1a5a049bb198,ok,,"even: mean; odd: mean, range",mean=student_t; range=beta,16,5.0,2,1,2,340.8785682586202,340.8785682586202,11.362618941954006,3.787539647318001,0.0118874876531828,3.787539647318001,0.0118874876531828,-682.079447157056,1.0,1102.0,1969.0,0.9584030377517928,0,8,0.2655400844101842,0.909677474634606,6.919685450665653,1.2248092416508043,5.544197274274433,6.756358766868426,7.45951808007915,0.6162591093046793,0.6714954781999568,0,False,,False,3,3,30,0,[],41.31573302298784,"(30, 184)",,[],"{""feature_selection"": {""even"": [""mean""], ""odd"": [""mean"", ""range""]}, ""n_chunks"": 16, ""parameter_selection"": {""mean"": {""likelihood"": ""student_t""}, ""range"": {""likelihood"": ""beta""}}, ""rem_profile_params"": {""rem_stage"": 2, ""step_size_hours"": 1, ""window_size_hours"": 2}, ""tau_threshold"": 5.0}",run_output_8day_rem_w2_s1_stage2_no_pareto,rem_w2_s1_stage2
201,3fc1e0b605f4fd5c,ok,,"concat: mean, range; even: mean, range; odd: range",mean=lognormal; range=beta,16,5.0,2,1,2,568.1134135675815,568.1134135675815,18.93711378558605,3.7874227571172097,0.0098482925673607,3.7874227571172097,0.0098482925673607,-1136.0527025352771,1.0,1576.0,1683.0,0.9413115235115774,0,6,0.6674041433643805,0.9956190912481226,6.234178263546387,0.4496872985677171,5.323518500258308,5.6528073379198425,5.982096175581378,0.2364072036682393,0.8646650371252882,2,False,,False,5,5,30,0,[],61.28032231301768,"(30, 184)",,[],"{""feature_selection"": {""concat"": [""mean"", ""range""], ""even"": [""mean"", ""range""], ""odd"": [""range""]}, ""n_chunks"": 16, ""parameter_selection"": {""mean"": {""likelihood"": ""lognormal""}, ""range"": {""likelihood"": ""beta""}}, ""rem_profile_params"": {""rem_stage"": 2, ""step_size_hours"": 1, ""window_size_hours"": 2}, ""tau_threshold"": 5.0}",run_output_8day_rem_w2_s1_stage2_no_pareto,rem_w2_s1_stage2
141,2c09fc161f0f7d30,ok,,"concat: mean, range; even: mean; odd: mean",mean=lognormal; range=beta,16,5.0,2,2,2,454.2789856334813,454.2789856334813,15.142632854449378,3.785658213612344,0.0151936871149177,3.785658213612344,0.0151936871149177,-906.746225064243,1.0,1858.0,1685.0,0.9742582376880052,0,7,0.9292608027403588,0.9996714640521652,6.980759232360369,0.1602027747614553,6.233996405683625,6.4903338158312405,6.746671225978856,0.9782113304773528,1.5131739265996853,4,False,,False,4,4,30,0,[],33.14645401301095,"(30, 96)",,[],"{""feature_selection"": {""concat"": [""mean"", ""range""], ""even"": [""mean""], ""odd"": [""mean""]}, ""n_chunks"": 16, ""parameter_selection"": {""mean"": {""likelihood"": ""lognormal""}, ""range"": {""likelihood"": ""beta""}}, ""rem_profile_params"": {""rem_stage"": 2, ""step_size_hours"": 2, ""window_size_hours"": 2}, ""tau_threshold"": 5.0}",run_output_8day_rem_w2_s2_stage2_no_pareto,rem_w2_s2_stage2
206,1ccc802643320ef2,ok,,"concat: mean, range; even: mean; odd: mean, range",mean=lognormal; range=lognormal,16,5.0,2,1,2,566.9594643362564,566.9594643362564,18.898648811208545,3.779729762241709,0.0134644049879489,3.779729762241709,0.0134644049879489,-1135.5897675485987,1.0,2349.0,2121.0,1.0095607005117526,0,7,0.823820647810485,0.9990351871417588,6.926809004441142,0.2869893411691517,6.187715241746177,6.460651637700611,6.733588033655044,0.921940463537076,1.628964028665196,3,False,,False,5,5,30,0,[],20.5051569089992,"(30, 184)",,[],"{""feature_selection"": {""concat"": [""mean"", ""range""], ""even"": [""mean""], ""odd"": [""mean"", ""range""]}, ""n_chunks"": 16, ""parameter_selection"": {""mean"": {""likelihood"": ""lognormal""}, ""range"": {""likelihood"": ""lognormal""}}, ""rem_profile_params"": {""rem_stage"": 2, ""step_size_hours"": 1, ""window_size_hours"": 2}, ""tau_threshold"": 5.0}",run_output_8day_rem_w2_s1_stage2_no_pareto,rem_w2_s1_stage2
46,bf245072e1d43d88,ok,,even: mean; odd: mean,mean=student_t,16,5.0,2,2,2,226.43299407584848,226.43299407584848,7.54776646919495,3.7738832345974735,0.0159199954530321,3.7738832345974735,0.0159199954530321,-453.4652686641112,1.0,1397.0,1953.0,1.0074885167492231,0,8,0.112430654104403,0.7802745743214052,6.348506265651105,1.5169493544311472,5.098460068640916,5.911519135926473,7.190519071913797,0.4727938388385098,0.6117994381968208,0,False,,False,2,2,30,0,[],21.645939384994563,"(30, 96)",,[],"{""feature_selection"": {""even"": [""mean""], ""odd"": [""mean""]}, ""n_chunks"": 16, ""parameter_selection"": {""mean"": {""likelihood"": ""student_t""}}, ""rem_profile_params"": {""rem_stage"": 2, ""step_size_hours"": 2, ""window_size_hours"": 2}, ""tau_threshold"": 5.0}",run_output_8day_rem_w2_s2_stage2_no_pareto,rem_w2_s2_stage2
153,0885b11d927b8399,ok,,"concat: mean, range; even: range; odd: range",mean=lognormal; range=beta,16,5.0,2,1,2,452.6100182634457,452.6100182634457,15.087000608781524,3.7717501521953807,0.0102094825196062,3.7717501521953807,0.0102094825196062,-906.0567120835506,1.0,1670.0,1622.0,0.9275462024319406,0,6,0.7527206686782535,0.994819543405966,6.136259602714841,0.3604929163594847,5.286679993351073,5.579426223250388,5.872172453149703,0.1408375806459899,0.875892422082975,2,False,,False,4,4,30,0,[],44.84542959899409,"(30, 184)",,[],"{""feature_selection"": {""concat"": [""mean"", ""range""], ""even"": [""range""], ""odd"": [""range""]}, ""n_chunks"": 16, ""parameter_selection"": {""mean"": {""likelihood"": ""lognormal""}, ""range"": {""likelihood"": ""beta""}}, ""rem_profile_params"": {""rem_stage"": 2, ""step_size_hours"": 1, ""window_size_hours"": 2}, ""tau_threshold"": 5.0}",run_output_8day_rem_w2_s1_stage2_no_pareto,rem_w2_s1_stage2
76,cd88120a7737775b,ok,,"concat: mean, range; odd: range",mean=student_t; range=lognormal,16,5.0,3,1,2,338.0251398747351,338.0251398747351,11.26750466249117,3.755834887497056,0.0113903489266855,3.755834887497056,0.0113903489266855,-671.2808501272835,1.0,685.0,1388.0,1.036431035817716,0,8,0.4659065860227572,0.9715289448693744,7.4914782040744115,0.7935206265957534,6.55552113554048,7.2087556655659055,7.604377832782953,0.897584353963657,0.6769155435947775,0,False,,False,3,3,30,0,[],25.14423417596845,"(30, 176)",,[],"{""feature_selection"": {""concat"": [""mean"", ""range""], ""odd"": [""range""]}, ""n_chunks"": 16, ""parameter_selection"": {""mean"": {""likelihood"": ""student_t""}, ""range"": {""likelihood"": ""lognormal""}}, ""rem_profile_params"": {""rem_stage"": 2, ""step_size_hours"": 1, ""window_size_hours"": 3}, ""tau_threshold"": 5.0}",run_output_8day_rem_w3_s1_stage2_no_pareto,rem_w3_s1_stage2
140,9bdf025e61405b2a,ok,,"concat: mean, range; even: mean, range",mean=student_t; range=lognormal,16,5.0,2,2,2,450.6921407132281,450.6921407132281,15.023071357107604,3.755767839276901,0.0085759408613322,3.755767839276901,0.0085759408613322,-902.4470106900446,1.0,1377.0,1592.0,0.9329284810220776,0,7,0.4935015447313914,0.9881894825940816,6.929821749942117,0.6191260883355008,6.087590913623653,6.459698292649485,6.831805671675316,0.8088478746732755,0.638732808609996,0,False,,False,4,4,30,0,[],38.35763560398482,"(30, 96)",,[],"{""feature_selection"": {""concat"": [""mean"", ""range""], ""even"": [""mean"", ""range""]}, ""n_chunks"": 16, ""parameter_selection"": {""mean"": {""likelihood"": ""student_t""}, ""range"": {""likelihood"": ""lognormal""}}, ""rem_profile_params"": {""rem_stage"": 2, ""step_size_hours"": 2, ""window_size_hours"": 2}, ""tau_threshold"": 5.0}",run_output_8day_rem_w2_s2_stage2_no_pareto,rem_w2_s2_stage2
158,397274a94d98d6e9,ok,,"concat: mean, range; odd: mean, range",mean=lognormal; range=lognormal,16,5.0,2,1,2,449.72803058045486,449.72803058045486,14.990934352681828,3.7477335881704574,0.0154983335199847,3.7477335881704574,0.0154983335199847,-900.590216962581,1.0,2309.0,2278.0,1.0447174883015335,0,7,0.7351736734986087,0.9951112246430436,6.84773994887995,0.4288851333118257,6.12255321620536,6.417207153647577,6.7118610910897925,0.8539806368015985,1.5677063584575917,3,False,,False,4,4,30,0,[],16.67217456398066,"(30, 184)",,[],"{""feature_selection"": {""concat"": [""mean"", ""range""], ""odd"": [""mean"", ""range""]}, ""n_chunks"": 16, ""parameter_selection"": {""mean"": {""likelihood"": ""lognormal""}, ""range"": {""likelihood"": ""lognormal""}}, ""rem_profile_params"": {""rem_stage"": 2, ""step_size_hours"": 1, ""window_size_hours"": 2}, ""tau_threshold"": 5.0}",run_output_8day_rem_w2_s1_stage2_no_pareto,rem_w2_s1_stage2
68,276c8643d4299a4d,ok,,"concat: mean, range; even: range",mean=student_t; range=lognormal,16,5.0,2,1,2,337.0741904782834,337.0741904782834,11.235806349276114,3.745268783092039,0.0100658343751386,3.745268783092039,0.0100658343751386,-674.1237951579257,1.01,1114.0,962.0,0.9755917690168354,0,7,0.2867257962587491,0.8711674044172647,6.622168776336031,1.3108585337651966,5.975021771633606,6.436615435013639,6.878720186851405,0.7468959184439268,0.5659119762932457,0,False,,False,3,3,30,0,[],24.118438169010915,"(30, 184)",,[],"{""feature_selection"": {""concat"": [""mean"", ""range""], ""even"": [""range""]}, ""n_chunks"": 16, ""parameter_selection"": {""mean"": {""likelihood"": ""student_t""}, ""range"": {""likelihood"": ""lognormal""}}, ""rem_profile_params"": {""rem_stage"": 2, ""step_size_hours"": 1, ""window_size_hours"": 2}, ""tau_threshold"": 5.0}",run_output_8day_rem_w2_s1_stage2_no_pareto,rem_w2_s1_stage2
82,b302903ba10423c5,ok,,concat: mean; even: mean; odd: mean,mean=student_t,16,5.0,6,1,2,336.784235222675,336.784235222675,11.226141174089168,3.742047058029724,0.0139431818559574,3.742047058029724,0.0139431818559574,-673.4304264383385,1.0,963.0,974.0,1.0394564067623568,0,8,0.3659443014430663,0.9017698108284532,7.237365175970631,1.3176401099349957,6.358445424123554,7.221312442378922,7.610656221189461,0.8102818378225126,0.7271249737725499,1,False,,False,3,3,30,0,[],33.91809014300816,"(30, 152)",,[],"{""feature_selection"": {""concat"": [""mean""], ""even"": [""mean""], ""odd"": [""mean""]}, ""n_chunks"": 16, ""parameter_selection"": {""mean"": {""likelihood"": ""student_t""}}, ""rem_profile_params"": {""rem_stage"": 2, ""step_size_hours"": 1, ""window_size_hours"": 6}, ""tau_threshold"": 5.0}",run_output_8day_rem_w6_s1_stage2_no_pareto,rem_w6_s1_stage2
200,2b7c5cff87a510bc,ok,,"concat: mean, range; even: mean, range; odd: mean",mean=student_t; range=lognormal,16,5.0,2,2,2,561.1908850199032,561.1908850199032,18.70636283399677,3.7412725667993554,0.0106651433320672,3.7412725667993554,0.0106651433320672,-1122.633432279919,1.0,1135.0,1128.0,0.9152831518332284,0,7,0.4502831226924105,0.991333455984759,6.7215472381087205,0.6547628215081039,5.662905345377165,6.2430641656481365,6.72048703485391,0.6272792849515624,0.7715379507598797,2,False,,False,5,5,30,0,[],63.42574008798693,"(30, 96)",,[],"{""feature_selection"": {""concat"": [""mean"", ""range""], ""even"": [""mean"", ""range""], ""odd"": [""mean""]}, ""n_chunks"": 16, ""parameter_selection"": {""mean"": {""likelihood"": ""student_t""}, ""range"": {""likelihood"": ""lognormal""}}, ""rem_profile_params"": {""rem_stage"": 2, ""step_size_hours"": 2, ""window_size_hours"": 2}, ""tau_threshold"": 5.0}",run_output_8day_rem_w2_s2_stage2_no_pareto,rem_w2_s2_stage2
77,87b03b3e19f09a80,ok,,"concat: mean; even: mean, range",mean=lognormal; range=beta,16,5.0,2,2,2,336.0030179203779,336.0030179203779,11.20010059734593,3.733366865781976,0.0117373693579053,3.733366865781976,0.0117373693579053,-674.0250858683704,1.0,1620.0,1824.0,0.9650541325854666,0,7,0.6306671492738207,0.9961048320797844,6.756594896442025,0.5005082454816693,6.000410525845143,6.340735491233867,6.681060456622592,0.7503015690052842,1.0899133582786746,2,False,,False,3,3,30,0,[],23.5805773010361,"(30, 96)",,[],"{""feature_selection"": {""concat"": [""mean""], ""even"": [""mean"", ""range""]}, ""n_chunks"": 16, ""parameter_selection"": {""mean"": {""likelihood"": ""lognormal""}, ""range"": {""likelihood"": ""beta""}}, ""rem_profile_params"": {""rem_stage"": 2, ""step_size_hours"": 2, ""window_size_hours"": 2}, ""tau_threshold"": 5.0}",run_output_8day_rem_w2_s2_stage2_no_pareto,rem_w2_s2_stage2
90,24788e49bab83468,ok,,concat: mean; even: range; odd: mean,mean=student_t; range=lognormal,16,5.0,3,1,2,335.5231812382208,335.5231812382208,11.184106041274026,3.7280353470913417,0.0144759147933042,3.7280353470913417,0.0144759147933042,-671.3965168449841,1.01,982.0,1494.0,0.9608827174582636,0,8,0.1848451258516308,0.8746584193173914,6.719834205678412,1.3271869120003998,5.556116191097383,6.470099127706099,7.243239135592726,0.6504994731960723,0.8395507123264119,1,False,,False,3,3,30,0,[],29.91545699496055,"(30, 176)",,[],"{""feature_selection"": {""concat"": [""mean""], ""even"": [""range""], ""odd"": [""mean""]}, ""n_chunks"": 16, ""parameter_selection"": {""mean"": {""likelihood"": ""student_t""}, ""range"": {""likelihood"": ""lognormal""}}, ""rem_profile_params"": {""rem_stage"": 2, ""step_size_hours"": 1, ""window_size_hours"": 3}, ""tau_threshold"": 5.0}",run_output_8day_rem_w3_s1_stage2_no_pareto,rem_w3_s1_stage2
27,3ddd523887ac26a2,ok,,concat: mean; odd: range,mean=student_t; range=beta,16,5.0,6,1,2,223.10234880116963,223.10234880116963,7.436744960038988,3.7183724800194935,0.0114348801767612,3.7183724800194935,0.0114348801767612,-445.9172056613542,1.0,2358.0,1468.0,0.9971169105667702,0,5,0.9113097343118536,0.0343370833936544,5.03686728481302,0.2020450274855031,4.258879450383339,4.517772475444297,4.776665500505256,0.0024749652452243,0.9006057290444139,2,False,,False,2,2,30,0,[],24.28930359397782,"(30, 152)",,[],"{""feature_selection"": {""concat"": [""mean""], ""odd"": [""range""]}, ""n_chunks"": 16, ""parameter_selection"": {""mean"": {""likelihood"": ""student_t""}, ""range"": {""likelihood"": ""beta""}}, ""rem_profile_params"": {""rem_stage"": 2, ""step_size_hours"": 1, ""window_size_hours"": 6}, ""tau_threshold"": 5.0}",run_output_8day_rem_w6_s1_stage2_no_pareto,rem_w6_s1_stage2
78,a40492f40590f688,ok,,"concat: mean; even: mean, range",mean=lognormal; range=lognormal,16,5.0,2,1,2,333.92147393326263,333.92147393326263,11.13071579777542,3.710238599258473,0.0130034593323096,3.710238599258473,0.0130034593323096,-668.1991216712513,1.0,3297.0,2402.0,1.020711226589152,0,7,0.8005851108677602,0.993154692096674,6.917388052239941,0.3521066378399719,6.186165514637069,6.460522183193866,6.734878851750665,0.919638226415598,0.8766165100993287,2,False,,False,3,3,30,0,[],12.884269789035898,"(30, 184)",,[],"{""feature_selection"": {""concat"": [""mean""], ""even"": [""mean"", ""range""]}, ""n_chunks"": 16, ""parameter_selection"": {""mean"": {""likelihood"": ""lognormal""}, ""range"": {""likelihood"": ""lognormal""}}, ""rem_profile_params"": {""rem_stage"": 2, ""step_size_hours"": 1, ""window_size_hours"": 2}, ""tau_threshold"": 5.0}",run_output_8day_rem_w2_s1_stage2_no_pareto,rem_w2_s1_stage2
160,2189ce0c8293966a,ok,,"concat: mean, range; odd: mean, range",mean=student_t; range=lognormal,16,5.0,3,1,2,444.9423851148733,444.9423851148733,14.831412837162445,3.707853209290612,0.0133634984973323,3.707853209290612,0.0133634984973323,-881.5202927670153,1.01,301.0,466.0,1.034036799241908,0,8,0.4592734674530923,0.9788086357402594,7.474717130226507,0.7967074763125898,6.504541997934242,7.209496983823913,7.604748491911956,0.869645494476468,0.8320929902663927,1,False,,False,4,4,30,0,[],40.69108764099656,"(30, 176)",,[],"{""feature_selection"": {""concat"": [""mean"", ""range""], ""odd"": [""mean"", ""range""]}, ""n_chunks"": 16, ""parameter_selection"": {""mean"": {""likelihood"": ""student_t""}, ""range"": {""likelihood"": ""lognormal""}}, ""rem_profile_params"": {""rem_stage"": 2, ""step_size_hours"": 1, ""window_size_hours"": 3}, ""tau_threshold"": 5.0}",run_output_8day_rem_w3_s1_stage2_no_pareto,rem_w3_s1_stage2
80,c067e19d4beebd19,ok,,"concat: mean; even: mean, range",mean=student_t; range=lognormal,16,5.0,3,1,2,333.3891857244256,333.3891857244256,11.112972857480854,3.704324285826952,0.011005839206929,3.704324285826952,0.011005839206929,-667.0155248455419,1.0,1021.0,1139.0,0.9936973405207172,0,8,0.337631395232238,0.9133976973488048,7.184599088840285,1.2371386254630057,6.302748623162225,7.063579283337042,7.531789641668521,0.8438104070123424,0.6709255210003295,0,False,,False,3,3,30,0,[],30.63972792396089,"(30, 176)",,[],"{""feature_selection"": {""concat"": [""mean""], ""even"": [""mean"", ""range""]}, ""n_chunks"": 16, ""parameter_selection"": {""mean"": {""likelihood"": ""student_t""}, ""range"": {""likelihood"": ""lognormal""}}, ""rem_profile_params"": {""rem_stage"": 2, ""step_size_hours"": 1, ""window_size_hours"": 3}, ""tau_threshold"": 5.0}",run_output_8day_rem_w3_s1_stage2_no_pareto,rem_w3_s1_stage2
216,c8b17caac673fa21,ok,,"concat: mean; even: mean, range; odd: mean, range",mean=student_t; range=lognormal,16,5.0,2,1,2,554.9053899076611,554.9053899076611,18.49684633025537,3.6993692660510735,0.0107645620886898,3.6993692660510735,0.0107645620886898,-1109.7143447373612,1.01,720.0,543.0,0.9868108689624387,0,8,0.5328654831150662,0.9308727370216268,7.508234058969101,1.136078273256796,7.018439970982546,7.345626647321697,7.672813323660849,0.8987137616087347,0.8392287694811094,3,False,,False,5,5,30,0,[],65.24860963103129,"(30, 184)",,[],"{""feature_selection"": {""concat"": [""mean""], ""even"": [""mean"", ""range""], ""odd"": [""mean"", ""range""]}, ""n_chunks"": 16, ""parameter_selection"": {""mean"": {""likelihood"": ""student_t""}, ""range"": {""likelihood"": ""lognormal""}}, ""rem_profile_params"": {""rem_stage"": 2, ""step_size_hours"": 1, ""window_size_hours"": 2}, ""tau_threshold"": 5.0}",run_output_8day_rem_w2_s1_stage2_no_pareto,rem_w2_s1_stage2
142,634486c7be6f9100,ok,,"concat: mean, range; even: mean; odd: mean",mean=lognormal; range=lognormal,16,5.0,2,2,2,443.551857787036,443.551857787036,14.785061926234532,3.6962654815586338,0.0151680379407402,3.6962654815586338,0.0151680379407402,-883.03302919044,1.0,3273.0,2758.0,1.0457563828597032,0,7,0.7915752241545516,0.9989128162141194,6.882221345344383,0.3280373980501845,6.150420559255262,6.433870002164778,6.717319445074295,0.8826696550461028,1.3737737290106768,3,False,,False,4,4,30,0,[],16.516571450978518,"(30, 96)",,[],"{""feature_selection"": {""concat"": [""mean"", ""range""], ""even"": [""mean""], ""odd"": [""mean""]}, ""n_chunks"": 16, ""parameter_selection"": {""mean"": {""likelihood"": ""lognormal""}, ""range"": {""likelihood"": ""lognormal""}}, ""rem_profile_params"": {""rem_stage"": 2, ""step_size_hours"": 2, ""window_size_hours"": 2}, ""tau_threshold"": 5.0}",run_output_8day_rem_w2_s2_stage2_no_pareto,rem_w2_s2_stage2
148,4cbb6103b0688cc0,ok,,"concat: mean, range; even: mean; odd: range",mean=student_t; range=lognormal,16,5.0,3,1,2,443.4602899268637,443.4602899268637,14.78200966422879,3.695502416057198,0.0093748238799963,3.695502416057198,0.0093748238799963,-884.1353885624258,1.01,856.0,977.0,1.0967130490191124,0,8,0.6388342189016363,0.9912454446075004,7.735377622286313,0.5598861037281427,7.041611050047663,7.361074033365109,7.680537016682554,0.9632623067914942,0.7427286925858545,1,False,,False,4,4,30,0,[],40.59884569997666,"(30, 176)",,[],"{""feature_selection"": {""concat"": [""mean"", ""range""], ""even"": [""mean""], ""odd"": [""range""]}, ""n_chunks"": 16, ""parameter_selection"": {""mean"": {""likelihood"": ""student_t""}, ""range"": {""likelihood"": ""lognormal""}}, ""rem_profile_params"": {""rem_stage"": 2, ""step_size_hours"": 1, ""window_size_hours"": 3}, ""tau_threshold"": 5.0}",run_output_8day_rem_w3_s1_stage2_no_pareto,rem_w3_s1_stage2
161,3ac1e83b4c651ec8,ok,,"concat: mean; even: mean, range; odd: mean",mean=lognormal; range=beta,16,5.0,2,1,2,443.211626841508,443.211626841508,14.773720894716934,3.6934302236792336,0.0147076752670265,3.6934302236792336,0.0147076752670265,-887.5011667948038,1.0,1001.0,1081.0,0.9740697534698468,0,7,0.4688374062160435,0.9584818267603098,6.546713721869367,0.702939248683706,5.560081146970321,6.153752526318479,6.599428613753553,0.5862467892339399,1.396300515495979,3,False,,False,4,4,30,0,[],34.908739539037924,"(30, 184)",,[],"{""feature_selection"": {""concat"": [""mean""], ""even"": [""mean"", ""range""], ""odd"": [""mean""]}, ""n_chunks"": 16, ""parameter_selection"": {""mean"": {""likelihood"": ""lognormal""}, ""range"": {""likelihood"": ""beta""}}, ""rem_profile_params"": {""rem_stage"": 2, ""step_size_hours"": 1, ""window_size_hours"": 2}, ""tau_threshold"": 5.0}",run_output_8day_rem_w2_s1_stage2_no_pareto,rem_w2_s1_stage2
3,48271194c54d9b41,ok,,concat: range,range=beta,16,5.0,3,1,2,110.69873048387896,110.69873048387896,3.689957682795965,3.6899576827959657,0.015194074863239,3.6899576827959657,0.015194074863239,-221.5509999971878,1.01,1358.0,1290.0,0.8287552369843153,0,7,0.7481354228542534,0.9871135019173513,7.034777177066674,0.4811345834381987,6.252152454117727,6.534615968700949,6.817079483284172,0.9731725878736768,0.7716249852128849,1,False,,False,1,1,30,0,[],12.54765166604193,"(30, 176)",,[],"{""feature_selection"": {""concat"": [""range""]}, ""n_chunks"": 16, ""parameter_selection"": {""range"": {""likelihood"": ""beta""}}, ""rem_profile_params"": {""rem_stage"": 2, ""step_size_hours"": 1, ""window_size_hours"": 3}, ""tau_threshold"": 5.0}",run_output_8day_rem_w3_s1_stage2_no_pareto,rem_w3_s1_stage2
145,6ba72dc76722a3f6,ok,,"concat: mean, range; even: mean; odd: range",mean=lognormal; range=beta,16,5.0,3,1,2,442.7634032248152,442.7634032248152,14.75878010749384,3.68969502687346,0.0123952917262705,3.68969502687346,0.0123952917262705,-886.9326593401868,1.0,2339.0,2107.0,1.0089075736133235,0,7,0.9716513619965466,0.9999942229128456,7.003644567070879,0.0889858011298915,6.249847832186216,6.501840370170632,6.753832908155046,0.9978722526712952,1.3243817780778653,3,False,,False,4,4,30,0,[],38.95558852300746,"(30, 176)",,[],"{""feature_selection"": {""concat"": [""mean"", ""range""], ""even"": [""mean""], ""odd"": [""range""]}, ""n_chunks"": 16, ""parameter_selection"": {""mean"": {""likelihood"": ""lognormal""}, ""range"": {""likelihood"": ""beta""}}, ""rem_profile_params"": {""rem_stage"": 2, ""step_size_hours"": 1, ""window_size_hours"": 3}, ""tau_threshold"": 5.0}",run_output_8day_rem_w3_s1_stage2_no_pareto,rem_w3_s1_stage2
68,e3bc74f57563eca2,ok,,"concat: mean, range; even: range",mean=student_t; range=lognormal,16,5.0,2,2,2,332.05358785427507,332.05358785427507,11.068452928475836,3.689484309491946,0.0094430174544535,3.689484309491946,0.0094430174544535,-664.4320470040675,1.0,1705.0,2092.0,1.0026518992320996,0,7,0.4745287682857159,0.9742547427144777,6.778290074868692,0.6563710374157864,5.919806669564579,6.35558199666315,6.741332199454507,0.7304483536820562,0.5893892806621046,0,False,,False,3,3,30,0,[],23.525096283992752,"(30, 96)",,[],"{""feature_selection"": {""concat"": [""mean"", ""range""], ""even"": [""range""]}, ""n_chunks"": 16, ""parameter_selection"": {""mean"": {""likelihood"": ""student_t""}, ""range"": {""likelihood"": ""lognormal""}}, ""rem_profile_params"": {""rem_stage"": 2, ""step_size_hours"": 2, ""window_size_hours"": 2}, ""tau_threshold"": 5.0}",run_output_8day_rem_w2_s2_stage2_no_pareto,rem_w2_s2_stage2
152,6d613cdf6f1485a0,ok,,"concat: mean, range; even: range; odd: mean",mean=student_t; range=lognormal,16,5.0,2,2,2,442.1148048680027,442.1148048680027,14.737160162266756,3.684290040566689,0.0122498368577429,3.684290040566689,0.0122498368577429,-883.9963570802246,1.01,1296.0,1391.0,0.9381707489400368,0,7,0.4581372242340382,0.9815424155174614,6.576478894797457,0.6519260636459535,5.51826962674244,6.0738189933078575,6.604404109679,0.5347818809038271,0.8290558901157373,2,False,,False,4,4,30,0,[],39.39053304801928,"(30, 96)",,[],"{""feature_selection"": {""concat"": [""mean"", ""range""], ""even"": [""range""], ""odd"": [""mean""]}, ""n_chunks"": 16, ""parameter_selection"": {""mean"": {""likelihood"": ""student_t""}, ""range"": {""likelihood"": ""lognormal""}}, ""rem_profile_params"": {""rem_stage"": 2, ""step_size_hours"": 2, ""window_size_hours"": 2}, ""tau_threshold"": 5.0}",run_output_8day_rem_w2_s2_stage2_no_pareto,rem_w2_s2_stage2
83,409d4bab26755ff6,ok,,concat: mean; even: mean; odd: range,mean=lognormal; range=beta,16,5.0,2,2,2,331.4355598666112,331.4355598666112,11.047851995553703,3.6826173318512354,0.0124871806822597,3.6826173318512354,0.0124871806822597,-663.7889926854045,1.0,3094.0,2271.0,1.0100758957532712,0,7,0.7639893347807493,0.9999982655535194,6.858144673791791,0.353475628565166,6.124622564332388,6.417039763302262,6.709456962272136,0.8565451731049061,0.936159535410608,4,False,,False,3,3,30,0,[],24.320650446985383,"(30, 96)",,[],"{""feature_selection"": {""concat"": [""mean""], ""even"": [""mean""], ""odd"": [""range""]}, ""n_chunks"": 16, ""parameter_selection"": {""mean"": {""likelihood"": ""lognormal""}, ""range"": {""likelihood"": ""beta""}}, ""rem_profile_params"": {""rem_stage"": 2, ""step_size_hours"": 2, ""window_size_hours"": 2}, ""tau_threshold"": 5.0}",run_output_8day_rem_w2_s2_stage2_no_pareto,rem_w2_s2_stage2
165,38f0bce543c02bb1,ok,,"concat: mean; even: mean, range; odd: range",mean=lognormal; range=beta,16,5.0,2,1,2,440.1741633649812,440.1741633649812,14.67247211216604,3.668118028041509,0.0104417588492665,3.668118028041509,0.0104417588492665,-881.9281690068623,1.0,1609.0,1667.0,0.9635415918157452,0,6,0.5480634582452931,0.9771856164419792,6.381663005867469,0.565912372711375,5.398256710758217,5.836507068544321,6.389377181668935,0.4067354261377048,0.9995179213151052,2,False,,False,4,4,30,0,[],39.87754873803351,"(30, 184)",,[],"{""feature_selection"": {""concat"": [""mean""], ""even"": [""mean"", ""range""], ""odd"": [""range""]}, ""n_chunks"": 16, ""parameter_selection"": {""mean"": {""likelihood"": ""lognormal""}, ""range"": {""likelihood"": ""beta""}}, ""rem_profile_params"": {""rem_stage"": 2, ""step_size_hours"": 1, ""window_size_hours"": 2}, ""tau_threshold"": 5.0}",run_output_8day_rem_w2_s1_stage2_no_pareto,rem_w2_s1_stage2
20,1db7c25c2c8e447f,ok,,concat: mean; even: range,mean=lognormal; range=lognormal,16,5.0,2,2,2,219.8060398892503,219.8060398892503,7.3268679963083425,3.663433998154171,0.0136165024979786,3.663433998154171,0.0136165024979786,-440.4591540814778,1.0,2959.0,2390.0,1.0884639731750578,0,7,0.5841721372300752,0.9903793745549244,6.693792794256881,0.5464650077281935,5.812171113329868,6.286672535626074,6.655320543938998,0.6944080322975288,0.7649204024511222,2,False,,False,2,2,30,0,[],9.35723375203088,"(30, 96)",,[],"{""feature_selection"": {""concat"": [""mean""], ""even"": [""range""]}, ""n_chunks"": 16, ""parameter_selection"": {""mean"": {""likelihood"": ""lognormal""}, ""range"": {""likelihood"": ""lognormal""}}, ""rem_profile_params"": {""rem_stage"": 2, ""step_size_hours"": 2, ""window_size_hours"": 2}, ""tau_threshold"": 5.0}",run_output_8day_rem_w2_s2_stage2_no_pareto,rem_w2_s2_stage2
141,d39b794a49fbb929,ok,,"concat: mean, range; even: mean; odd: mean",mean=lognormal; range=beta,16,5.0,3,1,2,439.4250163478016,439.4250163478016,14.64750054492672,3.66187513623168,0.015236925009819,3.66187513623168,0.015236925009819,-880.5643535723333,1.0,2772.0,1746.0,0.9029920956232086,0,7,0.969866365217629,0.9999936748686552,7.000072336283085,0.0913816055944295,6.247940344995468,6.500039940809103,6.752139536622739,0.9958753892437384,1.397458495225048,3,False,,False,4,4,30,0,[],32.41749720100779,"(30, 176)",,[],"{""feature_selection"": {""concat"": [""mean"", ""range""], ""even"": [""mean""], ""odd"": [""mean""]}, ""n_chunks"": 16, ""parameter_selection"": {""mean"": {""likelihood"": ""lognormal""}, ""range"": {""likelihood"": ""beta""}}, ""rem_profile_params"": {""rem_stage"": 2, ""step_size_hours"": 1, ""window_size_hours"": 3}, ""tau_threshold"": 5.0}",run_output_8day_rem_w3_s1_stage2_no_pareto,rem_w3_s1_stage2
208,bb35549582dc24f6,ok,,"concat: mean, range; even: mean; odd: mean, range",mean=student_t; range=lognormal,16,5.0,3,1,2,549.2722935916577,549.2722935916577,18.30907645305525,3.661815290611051,0.011617757583895,3.661815290611051,0.011617757583895,-1095.021942297707,1.01,500.0,593.0,1.0511780944517055,0,8,0.610374608966376,0.9905764952378076,7.702319705103275,0.6117721298360621,7.02368678436941,7.34912452291294,7.67456226145647,0.9469383552503166,1.066997726910586,1,False,,False,5,5,30,0,[],62.92945555399638,"(30, 176)",,[],"{""feature_selection"": {""concat"": [""mean"", ""range""], ""even"": [""mean""], ""odd"": [""mean"", ""range""]}, ""n_chunks"": 16, ""parameter_selection"": {""mean"": {""likelihood"": ""student_t""}, ""range"": {""likelihood"": ""lognormal""}}, ""rem_profile_params"": {""rem_stage"": 2, ""step_size_hours"": 1, ""window_size_hours"": 3}, ""tau_threshold"": 5.0}",run_output_8day_rem_w3_s1_stage2_no_pareto,rem_w3_s1_stage2
90,ba10eb38d5a49ea0,ok,,concat: mean; even: range; odd: mean,mean=student_t; range=lognormal,16,5.0,6,1,2,329.5628136801061,329.5628136801061,10.985427122670204,3.661809040890068,0.013225750494769,3.661809040890068,0.013225750494769,-657.8672106261328,1.0,980.0,932.0,1.061577878738737,0,8,0.3805450503059437,0.9147636309724668,7.262298395327411,1.2805961998569184,6.415605068228011,7.192753693276196,7.596376846638098,0.8428863757609728,0.7637862808456717,1,False,,False,3,3,30,0,[],30.00262412696611,"(30, 152)",,[],"{""feature_selection"": {""concat"": [""mean""], ""even"": [""range""], ""odd"": [""mean""]}, ""n_chunks"": 16, ""parameter_selection"": {""mean"": {""likelihood"": ""student_t""}, ""range"": {""likelihood"": ""lognormal""}}, ""rem_profile_params"": {""rem_stage"": 2, ""step_size_hours"": 1, ""window_size_hours"": 6}, ""tau_threshold"": 5.0}",run_output_8day_rem_w6_s1_stage2_no_pareto,rem_w6_s1_stage2
98,14a852fe50715501,ok,,"concat: mean; odd: mean, range",mean=student_t; range=lognormal,16,5.0,6,1,2,329.3048870532493,329.3048870532493,10.976829568441644,3.658943189480547,0.0114638417937423,3.658943189480547,0.0114638417937423,-659.1069361002548,1.01,862.0,1581.0,0.9871319213404822,0,6,0.3276453088921158,0.9616759513769396,6.775536544547608,1.009423282181282,5.474137192015728,6.079779333019213,7.229137196591095,0.51523143080046,1.0178286721024998,1,False,,False,3,3,30,0,[],31.063698318961546,"(30, 152)",,[],"{""feature_selection"": {""concat"": [""mean""], ""odd"": [""mean"", ""range""]}, ""n_chunks"": 16, ""parameter_selection"": {""mean"": {""likelihood"": ""student_t""}, ""range"": {""likelihood"": ""lognormal""}}, ""rem_profile_params"": {""rem_stage"": 2, ""step_size_hours"": 1, ""window_size_hours"": 6}, ""tau_threshold"": 5.0}",run_output_8day_rem_w6_s1_stage2_no_pareto,rem_w6_s1_stage2
71,36ab69d38550b150,ok,,"concat: mean, range; odd: mean",mean=student_t; range=beta,16,5.0,6,1,2,329.2594087855231,329.2594087855231,10.975313626184102,3.658437875394701,0.0133895742278494,3.658437875394701,0.0133895742278494,-658.6632923720267,1.01,2167.0,2148.0,1.0044987442191196,0,5,0.5220247510677656,0.4194806358630676,5.359617743434722,0.6671940842279601,4.3943341880689415,4.852450926185482,5.410268689780854,0.006383950484527,0.5947521353854127,0,False,,False,3,3,30,0,[],34.77941225899849,"(30, 152)",,[],"{""feature_selection"": {""concat"": [""mean"", ""range""], ""odd"": [""mean""]}, ""n_chunks"": 16, ""parameter_selection"": {""mean"": {""likelihood"": ""student_t""}, ""range"": {""likelihood"": ""beta""}}, ""rem_profile_params"": {""rem_stage"": 2, ""step_size_hours"": 1, ""window_size_hours"": 6}, ""tau_threshold"": 5.0}",run_output_8day_rem_w6_s1_stage2_no_pareto,rem_w6_s1_stage2
164,360adcc35abf67fd,ok,,"concat: mean; even: mean, range; odd: mean",mean=student_t; range=lognormal,16,5.0,3,1,2,439.0028845842646,439.0028845842646,14.633429486142154,3.6583573715355375,0.0126331985744292,3.6583573715355375,0.0126331985744292,-878.41465395706,1.0,864.0,902.0,1.015176156703903,0,8,0.3623220000295334,0.9389927099193324,7.265967239104842,1.1265017195742024,6.324980141700752,7.109266440501096,7.5546332202505475,0.8408304392069104,0.9274462616993736,2,False,,False,4,4,30,0,[],53.85615128302016,"(30, 176)",,[],"{""feature_selection"": {""concat"": [""mean""], ""even"": [""mean"", ""range""], ""odd"": [""mean""]}, ""n_chunks"": 16, ""parameter_selection"": {""mean"": {""likelihood"": ""student_t""}, ""range"": {""likelihood"": ""lognormal""}}, ""rem_profile_params"": {""rem_stage"": 2, ""step_size_hours"": 1, ""window_size_hours"": 3}, ""tau_threshold"": 5.0}",run_output_8day_rem_w3_s1_stage2_no_pareto,rem_w3_s1_stage2
87,e992b5f68fd14b24,ok,,concat: mean; even: range; odd: mean,mean=lognormal; range=beta,16,5.0,2,1,2,329.045303564088,329.045303564088,10.9681767854696,3.656058928489865,0.0175187162967409,3.656058928489865,0.0175187162967409,-654.3084587650947,1.0,1620.0,1550.0,0.946891051846092,0,6,0.4943101514305614,0.9605906486248912,6.371643915799258,0.6404237277824472,5.386823839408443,5.846036821958137,6.410328144785927,0.416180953123858,1.3110091511696829,4,False,,False,3,3,30,0,[],25.517962059995625,"(30, 184)",,[],"{""feature_selection"": {""concat"": [""mean""], ""even"": [""range""], ""odd"": [""mean""]}, ""n_chunks"": 16, ""parameter_selection"": {""mean"": {""likelihood"": ""lognormal""}, ""range"": {""likelihood"": ""beta""}}, ""rem_profile_params"": {""rem_stage"": 2, ""step_size_hours"": 1, ""window_size_hours"": 2}, ""tau_threshold"": 5.0}",run_output_8day_rem_w2_s1_stage2_no_pareto,rem_w2_s1_stage2
119,75e0e321e66efa5a,ok,,"concat: range; odd: mean, range",mean=student_t; range=beta,16,5.0,2,1,2,328.3093661405599,328.3093661405599,10.943645538018664,3.647881846006221,0.012979988998537,3.647881846006221,0.012979988998537,-657.6027094457394,1.0,1520.0,1358.0,0.8605627395067682,0,6,0.5415563311138263,0.9712417089404658,6.291393082522135,0.7622116246547673,5.293075697119593,5.624247087138166,5.955418477156738,0.2163455810292352,0.8494299662521719,2,False,,False,3,3,30,0,[],37.90452682995237,"(30, 184)",,[],"{""feature_selection"": {""concat"": [""range""], ""odd"": [""mean"", ""range""]}, ""n_chunks"": 16, ""parameter_selection"": {""mean"": {""likelihood"": ""student_t""}, ""range"": {""likelihood"": ""beta""}}, ""rem_profile_params"": {""rem_stage"": 2, ""step_size_hours"": 1, ""window_size_hours"": 2}, ""tau_threshold"": 5.0}",run_output_8day_rem_w2_s1_stage2_no_pareto,rem_w2_s1_stage2
38,da25d95105296032,ok,,concat: range; odd: mean,mean=student_t; range=lognormal,16,5.0,2,1,2,218.68986525237605,218.68986525237605,7.289662175079202,3.6448310875396,0.0171733715910627,3.6448310875396,0.0171733715910627,-437.2570023406019,1.0,1241.0,1318.0,0.9736518986506332,0,7,0.126447533823926,0.7727656765564608,6.118503483521826,1.4926503920327698,5.077561025025981,5.929293070344541,6.691356469897846,0.4792461343787372,0.6885257470011628,0,False,,False,2,2,30,0,[],18.451612174976617,"(30, 184)",,[],"{""feature_selection"": {""concat"": [""range""], ""odd"": [""mean""]}, ""n_chunks"": 16, ""parameter_selection"": {""mean"": {""likelihood"": ""student_t""}, ""range"": {""likelihood"": ""lognormal""}}, ""rem_profile_params"": {""rem_stage"": 2, ""step_size_hours"": 1, ""window_size_hours"": 2}, ""tau_threshold"": 5.0}",run_output_8day_rem_w2_s1_stage2_no_pareto,rem_w2_s1_stage2
49,6470b2140e451f86,ok,,even: mean; odd: range,mean=student_t; range=beta,16,5.0,2,1,2,218.64739110815228,218.64739110815228,7.288246370271742,3.644123185135872,0.0087149999039301,3.644123185135872,0.0087149999039301,-437.7713446307929,1.0,1543.0,1715.0,1.007882107645665,0,8,0.1406621479793903,0.8260803957943275,6.5871315095995175,1.3835458971936794,5.286316242133033,6.276959724104037,7.269913522856265,0.5603588452894221,0.4695832666475958,0,False,,False,2,2,30,0,[],25.469795165990945,"(30, 184)",,[],"{""feature_selection"": {""even"": [""mean""], ""odd"": [""range""]}, ""n_chunks"": 16, ""parameter_selection"": {""mean"": {""likelihood"": ""student_t""}, ""range"": {""likelihood"": ""beta""}}, ""rem_profile_params"": {""rem_stage"": 2, ""step_size_hours"": 1, ""window_size_hours"": 2}, ""tau_threshold"": 5.0}",run_output_8day_rem_w2_s1_stage2_no_pareto,rem_w2_s1_stage2
137,1d04ce51a0c0b0fa,ok,,"concat: mean, range; even: mean, range",mean=lognormal; range=beta,16,5.0,2,2,2,436.678911644641,436.678911644641,14.555963721488034,3.638990930372009,0.0094788062428906,3.638990930372009,0.0094788062428906,-875.0180370655501,1.0,2890.0,2068.0,0.9737451350174096,0,7,0.94617241743371,0.9999874756324036,6.983728510038482,0.1351622673256254,6.237006679955169,6.491717465394047,6.746428250832926,0.9826233256542264,1.2339208294745694,3,False,,False,4,4,30,0,[],37.70704475301318,"(30, 96)",,[],"{""feature_selection"": {""concat"": [""mean"", ""range""], ""even"": [""mean"", ""range""]}, ""n_chunks"": 16, ""parameter_selection"": {""mean"": {""likelihood"": ""lognormal""}, ""range"": {""likelihood"": ""beta""}}, ""rem_profile_params"": {""rem_stage"": 2, ""step_size_hours"": 2, ""window_size_hours"": 2}, ""tau_threshold"": 5.0}",run_output_8day_rem_w2_s2_stage2_no_pareto,rem_w2_s2_stage2
74,20d9b46fed558c47,ok,,"concat: mean, range; odd: range",mean=lognormal; range=lognormal,16,5.0,2,2,2,327.2410967427146,327.2410967427146,10.908036558090489,3.636012186030162,0.0123567463611281,3.636012186030162,0.0123567463611281,-655.1124578002969,1.0,3712.0,2805.0,1.0346606958032336,0,7,0.7599546441720898,0.99867787990475,6.860631395886815,0.3571113429116432,6.127790939863803,6.419475726831402,6.711160513799001,0.8595282866757786,0.9075327334058206,3,False,,False,3,3,30,0,[],12.46233052900061,"(30, 96)",,[],"{""feature_selection"": {""concat"": [""mean"", ""range""], ""odd"": [""range""]}, ""n_chunks"": 16, ""parameter_selection"": {""mean"": {""likelihood"": ""lognormal""}, ""range"": {""likelihood"": ""lognormal""}}, ""rem_profile_params"": {""rem_stage"": 2, ""step_size_hours"": 2, ""window_size_hours"": 2}, ""tau_threshold"": 5.0}",run_output_8day_rem_w2_s2_stage2_no_pareto,rem_w2_s2_stage2
70,c0b68ecba74cdaf2,ok,,"concat: mean, range; odd: mean",mean=lognormal; range=lognormal,16,5.0,3,1,2,327.2059280894004,327.2059280894004,10.90686426964668,3.63562142321556,0.018919427640705,3.63562142321556,0.018919427640705,-654.2414623710116,1.0,2558.0,2614.0,0.9837690094174888,0,7,0.6944669492913019,0.9959256431044152,6.800258739927864,0.4224017559000125,6.063457525278343,6.377415650801149,6.691373776323954,0.8005302460102547,1.5934484868797374,3,False,,False,3,3,30,0,[],12.622330712038092,"(30, 176)",,[],"{""feature_selection"": {""concat"": [""mean"", ""range""], ""odd"": [""mean""]}, ""n_chunks"": 16, ""parameter_selection"": {""mean"": {""likelihood"": ""lognormal""}, ""range"": {""likelihood"": ""lognormal""}}, ""rem_profile_params"": {""rem_stage"": 2, ""step_size_hours"": 1, ""window_size_hours"": 3}, ""tau_threshold"": 5.0}",run_output_8day_rem_w3_s1_stage2_no_pareto,rem_w3_s1_stage2
74,ddcba0dbc392a3c6,ok,,"concat: mean, range; odd: range",mean=lognormal; range=lognormal,16,5.0,3,1,2,326.83768125444635,326.83768125444635,10.894589375148213,3.631529791716071,0.0119088032120057,3.631529791716071,0.0119088032120057,-659.8523871525425,1.0,1786.0,1455.0,1.0566596061344882,0,7,0.7501090875378071,0.9974598075261224,6.893842300353262,0.3607551736187898,6.152735923425993,6.440600907838346,6.728465892250698,0.8826454515975505,1.909129958616956,2,False,,False,3,3,30,0,[],12.777394317963626,"(30, 176)",,[],"{""feature_selection"": {""concat"": [""mean"", ""range""], ""odd"": [""range""]}, ""n_chunks"": 16, ""parameter_selection"": {""mean"": {""likelihood"": ""lognormal""}, ""range"": {""likelihood"": ""lognormal""}}, ""rem_profile_params"": {""rem_stage"": 2, ""step_size_hours"": 1, ""window_size_hours"": 3}, ""tau_threshold"": 5.0}",run_output_8day_rem_w3_s1_stage2_no_pareto,rem_w3_s1_stage2
37,4cc362f63696c88a,ok,,concat: range; odd: mean,mean=student_t; range=beta,16,5.0,3,1,2,217.6978908309217,217.6978908309217,7.256596361030722,3.628298180515361,0.0168540582748626,3.628298180515361,0.0168540582748626,-435.3519854172765,1.0,2450.0,1970.0,0.936896537075191,0,7,0.7068552769767502,0.9873803710475292,7.045359211151928,0.5030593934998464,6.249803949508266,6.541270509168006,6.832737068827747,0.9642646739645612,0.8397491467044313,1,False,,False,2,2,30,0,[],24.546988043002784,"(30, 176)",,[],"{""feature_selection"": {""concat"": [""range""], ""odd"": [""mean""]}, ""n_chunks"": 16, ""parameter_selection"": {""mean"": {""likelihood"": ""student_t""}, ""range"": {""likelihood"": ""beta""}}, ""rem_profile_params"": {""rem_stage"": 2, ""step_size_hours"": 1, ""window_size_hours"": 3}, ""tau_threshold"": 5.0}",run_output_8day_rem_w3_s1_stage2_no_pareto,rem_w3_s1_stage2
20,30d004f3ac80a783,ok,,concat: mean; even: range,mean=lognormal; range=lognormal,16,5.0,2,1,2,217.6106480756703,217.6106480756703,7.25368826918901,3.626844134594505,0.0127044913106768,3.626844134594505,0.0127044913106768,-436.1558937570069,1.0,3322.0,2539.0,1.0632115102118826,0,7,0.6919333646984107,0.9883392239439724,6.827424669299751,0.4703701094991585,6.10509902190259,6.407368836513171,6.709638651123752,0.8369248406742088,0.8004630622107523,1,False,,False,2,2,30,0,[],9.310136696032714,"(30, 184)",,[],"{""feature_selection"": {""concat"": [""mean""], ""even"": [""range""]}, ""n_chunks"": 16, ""parameter_selection"": {""mean"": {""likelihood"": ""lognormal""}, ""range"": {""likelihood"": ""lognormal""}}, ""rem_profile_params"": {""rem_stage"": 2, ""step_size_hours"": 1, ""window_size_hours"": 2}, ""tau_threshold"": 5.0}",run_output_8day_rem_w2_s1_stage2_no_pareto,rem_w2_s1_stage2
81,c6b68572b7eb7e05,ok,,concat: mean; even: mean; odd: mean,mean=lognormal,16,5.0,3,1,2,326.1082835059494,326.1082835059494,10.87027611686498,3.6234253722883256,0.019009330204832,3.6234253722883256,0.019009330204832,-655.2270206341105,1.0,2659.0,2329.0,0.9503928603257306,0,7,0.6482291998856282,0.9873575167754052,6.762878650669245,0.5494619546241832,6.042193751739251,6.36520683793583,6.688219924132409,0.7826563795263495,1.64504292722865,3,False,,False,3,3,30,0,[],12.984044048993384,"(30, 176)",,[],"{""feature_selection"": {""concat"": [""mean""], ""even"": [""mean""], ""odd"": [""mean""]}, ""n_chunks"": 16, ""parameter_selection"": {""mean"": {""likelihood"": ""lognormal""}}, ""rem_profile_params"": {""rem_stage"": 2, ""step_size_hours"": 1, ""window_size_hours"": 3}, ""tau_threshold"": 5.0}",run_output_8day_rem_w3_s1_stage2_no_pareto,rem_w3_s1_stage2
221,860ec7c96591dba9,ok,,"concat: mean, range; even: mean, range; odd: mean, range",mean=lognormal; range=beta,16,5.0,2,1,2,652.092618059149,652.092618059149,21.736420601971638,3.622736766995272,0.0115185341112364,3.622736766995272,0.0115185341112364,-1298.6895807700969,1.01,1047.0,1434.0,0.908748541902564,0,6,0.6394652523754888,0.9920825688194084,6.254520323900938,0.4782471233417169,5.331359330854188,5.673555933928673,6.044717687513251,0.2615083966801752,1.4784041984139742,5,False,,False,6,6,30,0,[],65.42611935304012,"(30, 184)",,[],"{""feature_selection"": {""concat"": [""mean"", ""range""], ""even"": [""mean"", ""range""], ""odd"": [""mean"", ""range""]}, ""n_chunks"": 16, ""parameter_selection"": {""mean"": {""likelihood"": ""lognormal""}, ""range"": {""likelihood"": ""beta""}}, ""rem_profile_params"": {""rem_stage"": 2, ""step_size_hours"": 1, ""window_size_hours"": 2}, ""tau_threshold"": 5.0}",run_output_8day_rem_w2_s1_stage2_no_pareto,rem_w2_s1_stage2
215,ed7faa2c9cba237e,ok,,"concat: mean; even: mean, range; odd: mean, range",mean=student_t; range=beta,16,5.0,2,2,2,542.3877017742309,542.3877017742309,18.07959005914103,3.6159180118282057,0.0102351031677616,3.6159180118282057,0.0102351031677616,-1086.7360041821576,1.0,938.0,1088.0,0.924081838249072,0,6,0.4425114011820484,0.999973309945878,6.651635642774839,0.7920459686356454,5.4558726477736,5.911793969806241,6.801495007790796,0.451633085616336,0.9603024764790866,3,False,,False,5,5,30,0,[],80.40557919605635,"(30, 96)",,[],"{""feature_selection"": {""concat"": [""mean""], ""even"": [""mean"", ""range""], ""odd"": [""mean"", ""range""]}, ""n_chunks"": 16, ""parameter_selection"": {""mean"": {""likelihood"": ""student_t""}, ""range"": {""likelihood"": ""beta""}}, ""rem_profile_params"": {""rem_stage"": 2, ""step_size_hours"": 2, ""window_size_hours"": 2}, ""tau_threshold"": 5.0}",run_output_8day_rem_w2_s2_stage2_no_pareto,rem_w2_s2_stage2
167,29ff8454bad73a98,ok,,"concat: mean; even: mean, range; odd: range",mean=student_t; range=beta,16,5.0,2,2,2,433.6872077256967,433.6872077256967,14.456240257523223,3.614060064380806,0.0085478839960915,3.614060064380806,0.0085478839960915,-867.6475857162253,1.0,1135.0,1800.0,0.9405860379209964,0,7,0.3882148281708649,0.9999192437344306,7.003598295644558,0.7932353373863112,5.800556052502564,6.505106758745876,7.209008359061159,0.6877371760913533,0.8891175757810902,2,False,,False,4,4,30,0,[],57.1172082030098,"(30, 96)",,[],"{""feature_selection"": {""concat"": [""mean""], ""even"": [""mean"", ""range""], ""odd"": [""range""]}, ""n_chunks"": 16, ""parameter_selection"": {""mean"": {""likelihood"": ""student_t""}, ""range"": {""likelihood"": ""beta""}}, ""rem_profile_params"": {""rem_stage"": 2, ""step_size_hours"": 2, ""window_size_hours"": 2}, ""tau_threshold"": 5.0}",run_output_8day_rem_w2_s2_stage2_no_pareto,rem_w2_s2_stage2
10,91865e093a312670,ok,,odd: mean,mean=student_t,16,5.0,2,2,2,108.4040071087371,108.4040071087371,3.61346690362457,3.6134669036245697,0.0274428604677712,3.6134669036245697,0.0274428604677712,-217.31517498424293,1.0,1769.0,1611.0,0.9726617311647632,0,6,0.0711980597516949,0.6528822202363793,5.796035704620786,1.4984664269898125,4.381837845397712,5.428843471223907,6.333185783147081,0.2963833331248237,0.5628736351710864,0,False,,False,1,1,30,0,[],13.16747797600692,"(30, 96)",,[],"{""feature_selection"": {""odd"": [""mean""]}, ""n_chunks"": 16, ""parameter_selection"": {""mean"": {""likelihood"": ""student_t""}}, ""rem_profile_params"": {""rem_stage"": 2, ""step_size_hours"": 2, ""window_size_hours"": 2}, ""tau_threshold"": 5.0}",run_output_8day_rem_w2_s2_stage2_no_pareto,rem_w2_s2_stage2
83,fdf9aa97e2391b50,ok,,concat: mean; even: mean; odd: range,mean=lognormal; range=beta,16,5.0,3,1,2,325.10679658776155,325.10679658776155,10.836893219592053,3.6122977398640175,0.0134373989139703,3.6122977398640175,0.0134373989139703,-659.8334665379044,1.0,1407.0,1490.0,0.9802539765674316,0,7,0.7575699500311582,0.990413164601874,6.892697644805264,0.4882169053443341,6.173240220336743,6.455099811822317,6.73695940330789,0.9036582624558396,1.561991928786506,3,False,,False,3,3,30,0,[],24.7562055499875,"(30, 176)",,[],"{""feature_selection"": {""concat"": [""mean""], ""even"": [""mean""], ""odd"": [""range""]}, ""n_chunks"": 16, ""parameter_selection"": {""mean"": {""likelihood"": ""lognormal""}, ""range"": {""likelihood"": ""beta""}}, ""rem_profile_params"": {""rem_stage"": 2, ""step_size_hours"": 1, ""window_size_hours"": 3}, ""tau_threshold"": 5.0}",run_output_8day_rem_w3_s1_stage2_no_pareto,rem_w3_s1_stage2
224,7c6b22371c41a16d,ok,,"concat: mean, range; even: mean, range; odd: mean, range",mean=student_t; range=lognormal,16,5.0,2,1,2,650.1358794398192,650.1358794398192,21.671195981327305,3.611865996887884,0.0102489765245339,3.611865996887884,0.0102489765245339,-1295.4394779344834,1.01,445.0,524.0,0.9696821658299776,0,8,0.4632497802870906,0.971616916600356,7.427517551936421,0.8893589726307448,6.495494351281353,7.12958086754426,7.56479043377213,0.9224282349785258,0.9070258339989026,3,False,,False,6,6,30,0,[],69.36233357497258,"(30, 184)",,[],"{""feature_selection"": {""concat"": [""mean"", ""range""], ""even"": [""mean"", ""range""], ""odd"": [""mean"", ""range""]}, ""n_chunks"": 16, ""parameter_selection"": {""mean"": {""likelihood"": ""student_t""}, ""range"": {""likelihood"": ""lognormal""}}, ""rem_profile_params"": {""rem_stage"": 2, ""step_size_hours"": 1, ""window_size_hours"": 2}, ""tau_threshold"": 5.0}",run_output_8day_rem_w2_s1_stage2_no_pareto,rem_w2_s1_stage2
84,f18c2112e745dd74,ok,,concat: mean; even: mean; odd: range,mean=lognormal; range=lognormal,16,5.0,2,2,2,324.5579672551209,324.5579672551209,10.81859890850403,3.6061996361680095,0.0139495345588064,3.6061996361680095,0.0139495345588064,-651.3494758483816,1.01,1156.0,665.0,0.9941512348936428,0,7,0.5285615235730068,0.9840973551256292,6.860820031537823,0.6168876960809375,6.070918635464109,6.421397895971745,6.7718771564793805,0.8005868987521468,1.0705871157229694,1,False,,False,3,3,30,0,[],12.712465311982667,"(30, 96)",,[],"{""feature_selection"": {""concat"": [""mean""], ""even"": [""mean""], ""odd"": [""range""]}, ""n_chunks"": 16, ""parameter_selection"": {""mean"": {""likelihood"": ""lognormal""}, ""range"": {""likelihood"": ""lognormal""}}, ""rem_profile_params"": {""rem_stage"": 2, ""step_size_hours"": 2, ""window_size_hours"": 2}, ""tau_threshold"": 5.0}",run_output_8day_rem_w2_s2_stage2_no_pareto,rem_w2_s2_stage2
145,2b3354d6c037e310,ok,,"concat: mean, range; even: mean; odd: range",mean=lognormal; range=beta,16,5.0,2,2,2,432.7345979083492,432.7345979083492,14.424486596944972,3.606121649236244,0.0109107889383983,3.606121649236244,0.0109107889383983,-866.7775355005208,1.0,2405.0,1812.0,0.9696033914470438,0,7,0.9665267335434338,0.9999999990475964,6.99184152684116,0.1004414787329893,6.243314106772904,6.495878914234241,6.748443721695576,0.9908432406107804,1.0162856994640506,4,False,,False,4,4,30,0,[],38.559141769015696,"(30, 96)",,[],"{""feature_selection"": {""concat"": [""mean"", ""range""], ""even"": [""mean""], ""odd"": [""range""]}, ""n_chunks"": 16, ""parameter_selection"": {""mean"": {""likelihood"": ""lognormal""}, ""range"": {""likelihood"": ""beta""}}, ""rem_profile_params"": {""rem_stage"": 2, ""step_size_hours"": 2, ""window_size_hours"": 2}, ""tau_threshold"": 5.0}",run_output_8day_rem_w2_s2_stage2_no_pareto,rem_w2_s2_stage2
138,e053ae8e93bd09f5,ok,,"concat: mean, range; even: mean, range",mean=lognormal; range=lognormal,16,5.0,2,1,2,432.4468082136041,432.4468082136041,14.414893607120137,3.603723401780035,0.0109983074346031,3.603723401780035,0.0109983074346031,-866.721583677241,1.01,2996.0,2454.0,0.9837952596480738,0,7,0.8748541521823371,0.998172042299581,6.955133376264272,0.2615432257591946,6.215408621114177,6.478636306777868,6.741863992441559,0.954583933269647,1.251036910802986,2,False,,False,4,4,30,0,[],16.980337336019147,"(30, 184)",,[],"{""feature_selection"": {""concat"": [""mean"", ""range""], ""even"": [""mean"", ""range""]}, ""n_chunks"": 16, ""parameter_selection"": {""mean"": {""likelihood"": ""lognormal""}, ""range"": {""likelihood"": ""lognormal""}}, ""rem_profile_params"": {""rem_stage"": 2, ""step_size_hours"": 1, ""window_size_hours"": 2}, ""tau_threshold"": 5.0}",run_output_8day_rem_w2_s1_stage2_no_pareto,rem_w2_s1_stage2
105,9dfe1901a6b7c55f,ok,,concat: range; even: mean; odd: mean,mean=student_t; range=beta,16,5.0,2,2,2,324.20612683989464,324.20612683989464,10.806870894663154,3.6022902982210505,0.0117746427927929,3.6022902982210505,0.0117746427927929,-648.8326381389021,1.0,1983.0,1792.0,0.8800533274468086,0,7,0.6538559415510057,0.9852896803528838,6.960896850600136,0.5030704516685472,6.189734194056703,6.489950807796299,6.790167421535894,0.907997746771333,1.086767302727211,3,False,,False,3,3,30,0,[],39.97149527800502,"(30, 96)",,[],"{""feature_selection"": {""concat"": [""range""], ""even"": [""mean""], ""odd"": [""mean""]}, ""n_chunks"": 16, ""parameter_selection"": {""mean"": {""likelihood"": ""student_t""}, ""range"": {""likelihood"": ""beta""}}, ""rem_profile_params"": {""rem_stage"": 2, ""step_size_hours"": 2, ""window_size_hours"": 2}, ""tau_threshold"": 5.0}",run_output_8day_rem_w2_s2_stage2_no_pareto,rem_w2_s2_stage2
168,8bf413806599e050,ok,,"concat: mean; even: mean, range; odd: range",mean=student_t; range=lognormal,16,5.0,2,1,2,432.26680914664433,432.26680914664433,14.408893638221478,3.602223409555369,0.0093092280218784,3.602223409555369,0.0093092280218784,-864.8484092866925,1.0,754.0,658.0,1.113715059842846,0,8,0.4157171834923848,0.8897642828385629,7.279459804057762,1.3428139074051268,6.5609311409202205,7.249622239668915,7.624811119834458,0.8568910247533601,0.754774498104004,2,False,,False,4,4,30,0,[],42.67210226703901,"(30, 184)",,[],"{""feature_selection"": {""concat"": [""mean""], ""even"": [""mean"", ""range""], ""odd"": [""range""]}, ""n_chunks"": 16, ""parameter_selection"": {""mean"": {""likelihood"": ""student_t""}, ""range"": {""likelihood"": ""lognormal""}}, ""rem_profile_params"": {""rem_stage"": 2, ""step_size_hours"": 1, ""window_size_hours"": 2}, ""tau_threshold"": 5.0}",run_output_8day_rem_w2_s1_stage2_no_pareto,rem_w2_s1_stage2
91,f49d95fb5279eae1,ok,,concat: mean; even: range; odd: range,mean=lognormal; range=beta,16,5.0,2,1,2,324.1711375278824,324.1711375278824,10.805704584262743,3.6019015280875823,0.01073963628935,3.6019015280875823,0.01073963628935,-649.845993778785,1.0,2013.0,1638.0,1.0021518500649167,0,6,0.6167667444923799,0.9843729513884748,6.252799978109091,0.4909374564911925,5.326451872568053,5.674670246994458,6.062789775588928,0.2664326634533318,1.0809633306544284,3,False,,False,3,3,30,0,[],30.6232196809724,"(30, 184)",,[],"{""feature_selection"": {""concat"": [""mean""], ""even"": [""range""], ""odd"": [""range""]}, ""n_chunks"": 16, ""parameter_selection"": {""mean"": {""likelihood"": ""lognormal""}, ""range"": {""likelihood"": ""beta""}}, ""rem_profile_params"": {""rem_stage"": 2, ""step_size_hours"": 1, ""window_size_hours"": 2}, ""tau_threshold"": 5.0}",run_output_8day_rem_w2_s1_stage2_no_pareto,rem_w2_s1_stage2
31,974289860b375906,ok,,concat: range; even: mean,mean=student_t; range=beta,16,5.0,2,2,2,215.94961772541396,215.94961772541396,7.198320590847131,3.599160295423565,0.0091480801927319,3.599160295423565,0.0091480801927319,-431.6235845905437,1.0,1634.0,1404.0,0.9308488849333508,0,7,0.6849754242013689,0.9774662043648324,6.980669220030604,0.5471895649511195,6.220672717793844,6.511436599049555,6.802200480305266,0.9397353247941528,0.8420638135643097,1,False,,False,2,2,30,0,[],24.94932544301264,"(30, 96)",,[],"{""feature_selection"": {""concat"": [""range""], ""even"": [""mean""]}, ""n_chunks"": 16, ""parameter_selection"": {""mean"": {""likelihood"": ""student_t""}, ""range"": {""likelihood"": ""beta""}}, ""rem_profile_params"": {""rem_stage"": 2, ""step_size_hours"": 2, ""window_size_hours"": 2}, ""tau_threshold"": 5.0}",run_output_8day_rem_w2_s2_stage2_no_pareto,rem_w2_s2_stage2
31,b0d33d1b911befc5,ok,,concat: range; even: mean,mean=student_t; range=beta,16,5.0,3,1,2,215.88914081389595,215.88914081389595,7.196304693796532,3.5981523468982664,0.0095556136711635,3.5981523468982664,0.0095556136711635,-432.08562756125866,1.0,2417.0,1788.0,0.9454164690742678,0,7,0.6980249080459966,0.9918544926076728,7.129083243664001,0.48556873235978,6.2846427702302,6.588682631214358,6.892722492198515,0.9840505364237686,0.7630035398256375,1,False,,False,2,2,30,0,[],24.68718348600669,"(30, 176)",,[],"{""feature_selection"": {""concat"": [""range""], ""even"": [""mean""]}, ""n_chunks"": 16, ""parameter_selection"": {""mean"": {""likelihood"": ""student_t""}, ""range"": {""likelihood"": ""beta""}}, ""rem_profile_params"": {""rem_stage"": 2, ""step_size_hours"": 1, ""window_size_hours"": 3}, ""tau_threshold"": 5.0}",run_output_8day_rem_w3_s1_stage2_no_pareto,rem_w3_s1_stage2
223,0d3e8baab5e11028,ok,,"concat: mean, range; even: mean, range; odd: mean, range",mean=student_t; range=beta,16,5.0,2,1,2,646.8120835706852,646.8120835706852,21.560402785689508,3.593400464281585,0.0104292823062436,3.593400464281585,0.0104292823062436,-1212.4742090696625,3.49,4.0,4.0,1.5542501643524214,4000,8,0.6815151042668754,0.7500000000000011,6.7513342968481584,2.163059243163988,6.000011377894647,7.333333333255273,7.666666666627636,0.7500000000000011,2.171662120437595,3,False,,False,6,6,30,0,[],107.9349422630039,"(30, 184)",,[],"{""feature_selection"": {""concat"": [""mean"", ""range""], ""even"": [""mean"", ""range""], ""odd"": [""mean"", ""range""]}, ""n_chunks"": 16, ""parameter_selection"": {""mean"": {""likelihood"": ""student_t""}, ""range"": {""likelihood"": ""beta""}}, ""rem_profile_params"": {""rem_stage"": 2, ""step_size_hours"": 1, ""window_size_hours"": 2}, ""tau_threshold"": 5.0}",run_output_8day_rem_w2_s1_stage2_no_pareto,rem_w2_s1_stage2
209,efc95485dee71fc8,ok,,"concat: mean, range; even: range; odd: mean, range",mean=lognormal; range=beta,16,5.0,2,1,2,538.7793612065745,538.7793612065745,17.959312040219153,3.5918624080438306,0.0124767551071967,3.5918624080438306,0.0124767551071967,-1074.316502682166,1.0,1631.0,1796.0,0.9207284473091062,0,6,0.7586391432601558,0.997336222259798,6.134939489380419,0.3654121513194495,5.286156318944992,5.575394502833418,5.864632686721843,0.1329966781543834,1.1628974977056357,3,False,,False,5,5,30,0,[],64.53681149397744,"(30, 184)",,[],"{""feature_selection"": {""concat"": [""mean"", ""range""], ""even"": [""range""], ""odd"": [""mean"", ""range""]}, ""n_chunks"": 16, ""parameter_selection"": {""mean"": {""likelihood"": ""lognormal""}, ""range"": {""likelihood"": ""beta""}}, ""rem_profile_params"": {""rem_stage"": 2, ""step_size_hours"": 1, ""window_size_hours"": 2}, ""tau_threshold"": 5.0}",run_output_8day_rem_w2_s1_stage2_no_pareto,rem_w2_s1_stage2
203,ee5875a556402209,ok,,"concat: mean, range; even: mean, range; odd: range",mean=student_t; range=beta,16,5.0,2,2,2,538.3131182354663,538.3131182354663,17.943770607848876,3.588754121569776,0.0075229159563964,3.588754121569776,0.0075229159563964,-1076.8685436718156,1.0,1994.0,1751.0,0.8977301378467399,0,7,0.8010843088229949,0.9999991981999228,7.0047062984229065,0.2953038473583849,6.228688735440538,6.502578471895526,6.776468208350514,0.9587416074809006,1.1415269506784678,4,False,,False,5,5,30,0,[],78.95283088396536,"(30, 96)",,[],"{""feature_selection"": {""concat"": [""mean"", ""range""], ""even"": [""mean"", ""range""], ""odd"": [""range""]}, ""n_chunks"": 16, ""parameter_selection"": {""mean"": {""likelihood"": ""student_t""}, ""range"": {""likelihood"": ""beta""}}, ""rem_profile_params"": {""rem_stage"": 2, ""step_size_hours"": 2, ""window_size_hours"": 2}, ""tau_threshold"": 5.0}",run_output_8day_rem_w2_s2_stage2_no_pareto,rem_w2_s2_stage2
223,7bd83eba07e13f05,ok,,"concat: mean, range; even: mean, range; odd: mean, range",mean=student_t; range=beta,16,5.0,2,2,2,645.7977104062447,645.7977104062447,21.526590346874823,3.58776505781247,0.0090497133826886,3.58776505781247,0.0090497133826886,-1290.7842272715136,1.0,1258.0,1167.0,0.9198366712523086,0,7,0.6975588344668675,0.9999998907311692,6.937824536666781,0.3970799516685686,6.16475819652701,6.462923027563077,6.7610878585991445,0.8881435529758038,1.112718675141496,5,False,,False,6,6,30,0,[],93.16772260097788,"(30, 96)",,[],"{""feature_selection"": {""concat"": [""mean"", ""range""], ""even"": [""mean"", ""range""], ""odd"": [""mean"", ""range""]}, ""n_chunks"": 16, ""parameter_selection"": {""mean"": {""likelihood"": ""student_t""}, ""range"": {""likelihood"": ""beta""}}, ""rem_profile_params"": {""rem_stage"": 2, ""step_size_hours"": 2, ""window_size_hours"": 2}, ""tau_threshold"": 5.0}",run_output_8day_rem_w2_s2_stage2_no_pareto,rem_w2_s2_stage2
137,d3950d0518d190a2,ok,,"concat: mean, range; even: mean, range",mean=lognormal; range=beta,16,5.0,3,1,2,429.9664709195418,429.9664709195418,14.33221569731806,3.583053924329516,0.010117699981003,3.583053924329516,0.010117699981003,-860.6223539571167,1.0,3162.0,2109.0,0.9800693326072932,0,7,0.9856205820926572,0.9999854120213812,6.998126553932116,0.0601627115320589,6.24817118855973,6.499067759866302,6.7499643311728725,0.9972843563259464,1.2118601403285476,1,False,,False,4,4,30,0,[],37.15452180500142,"(30, 176)",,[],"{""feature_selection"": {""concat"": [""mean"", ""range""], ""even"": [""mean"", ""range""]}, ""n_chunks"": 16, ""parameter_selection"": {""mean"": {""likelihood"": ""lognormal""}, ""range"": {""likelihood"": ""beta""}}, ""rem_profile_params"": {""rem_stage"": 2, ""step_size_hours"": 1, ""window_size_hours"": 3}, ""tau_threshold"": 5.0}",run_output_8day_rem_w3_s1_stage2_no_pareto,rem_w3_s1_stage2
105,4b9e337f02c8059e,ok,,concat: range; even: mean; odd: mean,mean=student_t; range=beta,16,5.0,3,1,2,321.6521891238375,321.6521891238375,10.72173963746125,3.5739132124870827,0.0130829755113858,3.5739132124870827,0.0130829755113858,-644.1399040497839,1.0,2559.0,2248.0,0.9273336555331334,0,7,0.6735676375779552,0.9942714450080984,7.164331627804565,0.4796690188188911,6.295141656760858,6.610821618983111,6.926501581205364,0.9837348676513912,0.8890024686462713,2,False,,False,3,3,30,0,[],39.67072883498622,"(30, 176)",,[],"{""feature_selection"": {""concat"": [""range""], ""even"": [""mean""], ""odd"": [""mean""]}, ""n_chunks"": 16, ""parameter_selection"": {""mean"": {""likelihood"": ""student_t""}, ""range"": {""likelihood"": ""beta""}}, ""rem_profile_params"": {""rem_stage"": 2, ""step_size_hours"": 1, ""window_size_hours"": 3}, ""tau_threshold"": 5.0}",run_output_8day_rem_w3_s1_stage2_no_pareto,rem_w3_s1_stage2
84,79a5415a466e2843,ok,,concat: mean; even: mean; odd: range,mean=lognormal; range=lognormal,16,5.0,3,1,2,320.7182184080518,320.7182184080518,10.690607280268392,3.563535760089465,0.0130764852994551,3.563535760089465,0.0130764852994551,-643.8268145833514,1.02,390.0,199.0,0.9287355147112544,0,7,0.5822434355030427,0.9947160969622516,7.010916308271069,0.5219028618138254,6.182019945044733,6.512359059223575,6.842698173402416,0.8877523408764343,1.1558699371525976,3,False,,False,3,3,30,0,[],13.089109498017931,"(30, 176)",,[],"{""feature_selection"": {""concat"": [""mean""], ""even"": [""mean""], ""odd"": [""range""]}, ""n_chunks"": 16, ""parameter_selection"": {""mean"": {""likelihood"": ""lognormal""}, ""range"": {""likelihood"": ""lognormal""}}, ""rem_profile_params"": {""rem_stage"": 2, ""step_size_hours"": 1, ""window_size_hours"": 3}, ""tau_threshold"": 5.0}",run_output_8day_rem_w3_s1_stage2_no_pareto,rem_w3_s1_stage2
103,be155b15d06ff127,ok,,concat: range; even: mean; odd: mean,mean=lognormal; range=beta,16,5.0,2,1,2,319.97505663635934,319.97505663635934,10.665835221211978,3.55527840707066,0.0153299739131263,3.55527840707066,0.0153299739131263,-639.1970314730986,1.01,1010.0,1062.0,0.9362920904936464,0,8,0.2731445474391606,0.8978230860305104,6.98535158530818,1.373501187568678,5.736494678493189,7.03730265220119,7.518651326100596,0.6971114035877467,1.398750555063337,2,False,,False,3,3,30,0,[],25.54610906500602,"(30, 184)",,[],"{""feature_selection"": {""concat"": [""range""], ""even"": [""mean""], ""odd"": [""mean""]}, ""n_chunks"": 16, ""parameter_selection"": {""mean"": {""likelihood"": ""lognormal""}, ""range"": {""likelihood"": ""beta""}}, ""rem_profile_params"": {""rem_stage"": 2, ""step_size_hours"": 1, ""window_size_hours"": 2}, ""tau_threshold"": 5.0}",run_output_8day_rem_w2_s1_stage2_no_pareto,rem_w2_s1_stage2
89,a9e5de30ff6ad1d0,ok,,concat: mean; even: range; odd: mean,mean=student_t; range=beta,16,5.0,6,1,2,319.5548510744014,319.5548510744014,10.651828369146717,3.550609456382238,0.0123344588466147,3.550609456382238,0.0123344588466147,-638.3894749143143,1.01,597.0,690.0,1.0104267390576145,0,8,0.2868901946984979,0.8225388376250883,6.846374851651444,1.7211805194651912,5.611523464438834,7.147884561359373,7.573942280679686,0.7039189614578613,0.8125617343228131,1,False,,False,3,3,30,0,[],39.30111322598532,"(30, 152)",,[],"{""feature_selection"": {""concat"": [""mean""], ""even"": [""range""], ""odd"": [""mean""]}, ""n_chunks"": 16, ""parameter_selection"": {""mean"": {""likelihood"": ""student_t""}, ""range"": {""likelihood"": ""beta""}}, ""rem_profile_params"": {""rem_stage"": 2, ""step_size_hours"": 1, ""window_size_hours"": 6}, ""tau_threshold"": 5.0}",run_output_8day_rem_w6_s1_stage2_no_pareto,rem_w6_s1_stage2
155,c7b00608436f69e1,ok,,"concat: mean, range; even: range; odd: range",mean=student_t; range=beta,16,5.0,3,1,2,425.9998996531946,425.9998996531946,14.199996655106483,3.549999163776621,0.0100729803457958,3.549999163776621,0.0100729803457958,-850.0029437838384,1.0,1249.0,1648.0,0.9345284633732178,0,7,0.6035982189992022,0.994303209780138,7.328552382691989,0.5778518290062186,6.377665266940362,6.770786287768351,7.294253092595368,0.9901711222061624,1.229003146974044,1,False,,False,4,4,30,0,[],58.29725702700671,"(30, 176)",,[],"{""feature_selection"": {""concat"": [""mean"", ""range""], ""even"": [""range""], ""odd"": [""range""]}, ""n_chunks"": 16, ""parameter_selection"": {""mean"": {""likelihood"": ""student_t""}, ""range"": {""likelihood"": ""beta""}}, ""rem_profile_params"": {""rem_stage"": 2, ""step_size_hours"": 1, ""window_size_hours"": 3}, ""tau_threshold"": 5.0}",run_output_8day_rem_w3_s1_stage2_no_pareto,rem_w3_s1_stage2
10,c43faacaacfda7a9,ok,,odd: mean,mean=student_t,16,5.0,3,1,2,106.37035314244484,106.37035314244484,3.5456784380814943,3.5456784380814934,0.0269781113742858,3.5456784380814934,0.0269781113742858,-212.78257269107,1.0,1579.0,1921.0,1.0866988764293184,0,6,0.0264811880189982,0.6215176215209878,5.8255172642069,1.6062799259174223,4.138721709374353,5.456378216794281,6.666773487128769,0.3552524558113727,0.6586923037882992,0,False,,False,1,1,30,0,[],13.13748144399142,"(30, 176)",,[],"{""feature_selection"": {""odd"": [""mean""]}, ""n_chunks"": 16, ""parameter_selection"": {""mean"": {""likelihood"": ""student_t""}}, ""rem_profile_params"": {""rem_stage"": 2, ""step_size_hours"": 1, ""window_size_hours"": 3}, ""tau_threshold"": 5.0}",run_output_8day_rem_w3_s1_stage2_no_pareto,rem_w3_s1_stage2
175,484d76cfa2b5d960,ok,,"concat: mean; even: range; odd: mean, range",mean=student_t; range=beta,16,5.0,2,2,2,425.255938837496,425.255938837496,14.175197961249866,3.543799490312466,0.0113918128657452,3.543799490312466,0.0113918128657452,-851.8027227403544,1.0,1254.0,1040.0,0.9794245044440988,0,6,0.5275916821562514,0.9997267160820904,6.438773811862637,0.6842435970556076,5.372865704418427,5.7461394476809,6.36280563272769,0.3299769559865653,0.9545464923043224,3,False,,False,4,4,30,0,[],58.913357879035175,"(30, 96)",,[],"{""feature_selection"": {""concat"": [""mean""], ""even"": [""range""], ""odd"": [""mean"", ""range""]}, ""n_chunks"": 16, ""parameter_selection"": {""mean"": {""likelihood"": ""student_t""}, ""range"": {""likelihood"": ""beta""}}, ""rem_profile_params"": {""rem_stage"": 2, ""step_size_hours"": 2, ""window_size_hours"": 2}, ""tau_threshold"": 5.0}",run_output_8day_rem_w2_s2_stage2_no_pareto,rem_w2_s2_stage2
211,d4a3c8443be2973b,ok,,"concat: mean, range; even: range; odd: mean, range",mean=student_t; range=beta,16,5.0,3,1,2,531.3657131581621,531.3657131581621,17.7121904386054,3.5424380877210813,0.011053652520906,3.5424380877210813,0.011053652520906,-1056.9664015394023,1.0,948.0,1660.0,0.9237377798958422,0,7,0.6046177691936732,0.9998526597174,7.385393859984504,0.5025074136528581,6.404854012513295,6.821169397733968,7.363237567860277,0.9931173738022536,1.2469919129513805,2,False,,False,5,5,30,0,[],78.2554903930286,"(30, 176)",,[],"{""feature_selection"": {""concat"": [""mean"", ""range""], ""even"": [""range""], ""odd"": [""mean"", ""range""]}, ""n_chunks"": 16, ""parameter_selection"": {""mean"": {""likelihood"": ""student_t""}, ""range"": {""likelihood"": ""beta""}}, ""rem_profile_params"": {""rem_stage"": 2, ""step_size_hours"": 1, ""window_size_hours"": 3}, ""tau_threshold"": 5.0}",run_output_8day_rem_w3_s1_stage2_no_pareto,rem_w3_s1_stage2
107,ff38a60135154019,ok,,concat: range; even: mean; odd: range,mean=lognormal; range=beta,16,5.0,2,1,2,317.67396811319423,317.67396811319423,10.589132270439809,3.52971075681327,0.0107187416829056,3.52971075681327,0.0107187416829056,-636.416326585206,1.0,1683.0,1973.0,0.9085816787547828,0,6,0.3552868839155548,0.9515957276194268,6.481847895560918,0.9052609519803776,5.361929564898072,5.810760461728044,6.632534260977978,0.3945930752492037,0.6783098163925351,0,False,,False,3,3,30,0,[],30.85677636397304,"(30, 184)",,[],"{""feature_selection"": {""concat"": [""range""], ""even"": [""mean""], ""odd"": [""range""]}, ""n_chunks"": 16, ""parameter_selection"": {""mean"": {""likelihood"": ""lognormal""}, ""range"": {""likelihood"": ""beta""}}, ""rem_profile_params"": {""rem_stage"": 2, ""step_size_hours"": 1, ""window_size_hours"": 2}, ""tau_threshold"": 5.0}",run_output_8day_rem_w2_s1_stage2_no_pareto,rem_w2_s1_stage2
203,0d40e3db54d3ee00,ok,,"concat: mean, range; even: mean, range; odd: range",mean=student_t; range=beta,16,5.0,3,1,2,528.0407858276194,528.0407858276194,17.601359527587313,3.5202719055174634,0.0088789235030149,3.5202719055174634,0.0088789235030149,-1053.7531167415514,1.0,1123.0,1606.0,0.926130876407821,0,8,0.597730755055603,0.9976690054672868,7.513167246373381,0.5409928286796043,6.52023149424021,7.044559397839424,7.522279698919712,0.9957992010339074,1.2312380360157145,3,False,,False,5,5,30,0,[],83.93324107996887,"(30, 176)",,[],"{""feature_selection"": {""concat"": [""mean"", ""range""], ""even"": [""mean"", ""range""], ""odd"": [""range""]}, ""n_chunks"": 16, ""parameter_selection"": {""mean"": {""likelihood"": ""student_t""}, ""range"": {""likelihood"": ""beta""}}, ""rem_profile_params"": {""rem_stage"": 2, ""step_size_hours"": 1, ""window_size_hours"": 3}, ""tau_threshold"": 5.0}",run_output_8day_rem_w3_s1_stage2_no_pareto,rem_w3_s1_stage2
223,3291b46d9683c8f2,ok,,"concat: mean, range; even: mean, range; odd: mean, range",mean=student_t; range=beta,16,5.0,3,1,2,632.879845013347,632.879845013347,21.09599483377823,3.5159991389630383,0.0101408608146929,3.5159991389630383,0.0101408608146929,-1266.138410375008,1.0,709.0,1223.0,0.976354041223339,0,8,0.5884720178006753,0.992857561600547,7.544906769045875,0.6294166794370679,6.580104800584835,7.132823377983176,7.566411688991589,0.9895825551312948,1.2202061662048416,4,False,,False,6,6,30,0,[],99.35122137900908,"(30, 176)",,[],"{""feature_selection"": {""concat"": [""mean"", ""range""], ""even"": [""mean"", ""range""], ""odd"": [""mean"", ""range""]}, ""n_chunks"": 16, ""parameter_selection"": {""mean"": {""likelihood"": ""student_t""}, ""range"": {""likelihood"": ""beta""}}, ""rem_profile_params"": {""rem_stage"": 2, ""step_size_hours"": 1, ""window_size_hours"": 3}, ""tau_threshold"": 5.0}",run_output_8day_rem_w3_s1_stage2_no_pareto,rem_w3_s1_stage2
204,6fdf68f8cafc41be,ok,,"concat: mean, range; even: mean, range; odd: range",mean=student_t; range=lognormal,16,5.0,2,1,2,527.3893661211239,527.3893661211239,17.579645537370798,3.51592910747416,0.0087501700304042,3.51592910747416,0.0087501700304042,-1052.4773910814415,1.0,565.0,678.0,0.9662941640637808,0,8,0.4077209595219325,0.940530441844334,7.2238361600795375,1.108255152255191,6.354203583181517,6.934922166006536,7.470320937618539,0.9024850390779756,0.9107131815164858,3,False,,False,5,5,30,0,[],54.2824142909958,"(30, 184)",,[],"{""feature_selection"": {""concat"": [""mean"", ""range""], ""even"": [""mean"", ""range""], ""odd"": [""range""]}, ""n_chunks"": 16, ""parameter_selection"": {""mean"": {""likelihood"": ""student_t""}, ""range"": {""likelihood"": ""lognormal""}}, ""rem_profile_params"": {""rem_stage"": 2, ""step_size_hours"": 1, ""window_size_hours"": 2}, ""tau_threshold"": 5.0}",run_output_8day_rem_w2_s1_stage2_no_pareto,rem_w2_s1_stage2
211,0b80d2435865009d,ok,,"concat: mean, range; even: range; odd: mean, range",mean=student_t; range=beta,16,5.0,2,2,2,527.3874961769412,527.3874961769412,17.57958320589804,3.515916641179608,0.0100288740184055,3.515916641179608,0.0100288740184055,-1054.3483766761442,1.0,1299.0,1129.0,0.9298611019874496,0,7,0.6974969251648384,0.9999996825963609,6.889103329750715,0.4008683802900858,6.130658895032431,6.4329533696541015,6.735247844275772,0.8580559735634878,1.101579944604428,4,False,,False,5,5,30,0,[],80.57737621798879,"(30, 96)",,[],"{""feature_selection"": {""concat"": [""mean"", ""range""], ""even"": [""range""], ""odd"": [""mean"", ""range""]}, ""n_chunks"": 16, ""parameter_selection"": {""mean"": {""likelihood"": ""student_t""}, ""range"": {""likelihood"": ""beta""}}, ""rem_profile_params"": {""rem_stage"": 2, ""step_size_hours"": 2, ""window_size_hours"": 2}, ""tau_threshold"": 5.0}",run_output_8day_rem_w2_s2_stage2_no_pareto,rem_w2_s2_stage2
16,0563a5181fc659f2,ok,,"concat: mean, range",mean=student_t; range=lognormal,16,5.0,6,1,2,210.9174218736189,210.9174218736189,7.030580729120631,3.5152903645603164,0.0108684935816,3.5152903645603164,0.0108684935816,-422.5366325986069,1.0,2492.0,2256.0,0.9719956001387944,0,7,0.6061473970100062,0.9584902434947076,6.845338931973136,0.6312648910224814,6.134547528420922,6.44218565552486,6.749823782628798,0.8593391200300277,0.7170308753709213,1,False,,False,2,2,30,0,[],18.08273297699634,"(30, 152)",,[],"{""feature_selection"": {""concat"": [""mean"", ""range""]}, ""n_chunks"": 16, ""parameter_selection"": {""mean"": {""likelihood"": ""student_t""}, ""range"": {""likelihood"": ""lognormal""}}, ""rem_profile_params"": {""rem_stage"": 2, ""step_size_hours"": 1, ""window_size_hours"": 6}, ""tau_threshold"": 5.0}",run_output_8day_rem_w6_s1_stage2_no_pareto,rem_w6_s1_stage2
80,c0cebbf43cd9af6f,ok,,"concat: mean; even: mean, range",mean=student_t; range=lognormal,16,5.0,6,1,2,316.08747418177467,316.08747418177467,10.536249139392488,3.512083046464163,0.0121514906238648,3.512083046464163,0.0121514906238648,-631.8729959204258,1.0,1989.0,1681.0,1.0323910698137158,0,8,0.6442948637908879,0.9750122546999404,7.706740339025298,0.7814869774829233,7.063595709866268,7.375730473244179,7.687865236622089,0.9648899615417912,0.5693240110919815,0,False,,False,3,3,30,0,[],29.625949732027948,"(30, 152)",,[],"{""feature_selection"": {""concat"": [""mean""], ""even"": [""mean"", ""range""]}, ""n_chunks"": 16, ""parameter_selection"": {""mean"": {""likelihood"": ""student_t""}, ""range"": {""likelihood"": ""lognormal""}}, ""rem_profile_params"": {""rem_stage"": 2, ""step_size_hours"": 1, ""window_size_hours"": 6}, ""tau_threshold"": 5.0}",run_output_8day_rem_w6_s1_stage2_no_pareto,rem_w6_s1_stage2
157,0726771d186dc92e,ok,,"concat: mean, range; odd: mean, range",mean=lognormal; range=beta,16,5.0,3,1,2,420.972758759183,420.972758759183,14.032425291972768,3.508106322993192,0.0146236874816266,3.508106322993192,0.0146236874816266,-842.6380434836922,1.01,2351.0,1377.0,0.9264716389354992,0,7,0.9660044124743188,0.9999966680318564,7.000521198112333,0.0981293099822167,6.2478376156130695,6.500265087870977,6.752692560128883,0.9954542817747,1.5055962894850754,4,False,,False,4,4,30,0,[],40.98571115202503,"(30, 176)",,[],"{""feature_selection"": {""concat"": [""mean"", ""range""], ""odd"": [""mean"", ""range""]}, ""n_chunks"": 16, ""parameter_selection"": {""mean"": {""likelihood"": ""lognormal""}, ""range"": {""likelihood"": ""beta""}}, ""rem_profile_params"": {""rem_stage"": 2, ""step_size_hours"": 1, ""window_size_hours"": 3}, ""tau_threshold"": 5.0}",run_output_8day_rem_w3_s1_stage2_no_pareto,rem_w3_s1_stage2
66,c74493ab8acf46ee,ok,,"concat: mean, range; even: range",mean=lognormal; range=lognormal,16,5.0,2,1,2,315.71371864313625,315.71371864313625,10.523790621437875,3.507930207145958,0.0107569084372228,3.507930207145958,0.0107569084372228,-632.9729926402442,1.0,4085.0,2728.0,1.0022871986328947,0,7,0.8075367757808103,0.9975659400472738,6.9021956386383865,0.3247237306152074,6.170837862730103,6.448033698290933,6.725229533851764,0.9040768662563584,1.0166592528885663,3,False,,False,3,3,30,0,[],12.666945576958824,"(30, 184)",,[],"{""feature_selection"": {""concat"": [""mean"", ""range""], ""even"": [""range""]}, ""n_chunks"": 16, ""parameter_selection"": {""mean"": {""likelihood"": ""lognormal""}, ""range"": {""likelihood"": ""lognormal""}}, ""rem_profile_params"": {""rem_stage"": 2, ""step_size_hours"": 1, ""window_size_hours"": 2}, ""tau_threshold"": 5.0}",run_output_8day_rem_w2_s1_stage2_no_pareto,rem_w2_s1_stage2
93,bfe8d8c7744d0e96,ok,,concat: mean; even: range; odd: range,mean=student_t; range=beta,16,5.0,2,2,2,315.7083513594595,315.7083513594595,10.523611711981983,3.50787057066066,0.0090125983762816,3.50787057066066,0.0090125983762816,-631.9941671331727,1.01,1004.0,1540.0,0.9596984362840366,0,6,0.4126773269006506,0.9998889979003645,6.760843522367118,0.7637063716825168,5.56923017774079,6.168827143224019,6.861942046033859,0.5608943562386283,0.8479956279220567,1,False,,False,3,3,30,0,[],38.39184810302686,"(30, 96)",,[],"{""feature_selection"": {""concat"": [""mean""], ""even"": [""range""], ""odd"": [""range""]}, ""n_chunks"": 16, ""parameter_selection"": {""mean"": {""likelihood"": ""student_t""}, ""range"": {""likelihood"": ""beta""}}, ""rem_profile_params"": {""rem_stage"": 2, ""step_size_hours"": 2, ""window_size_hours"": 2}, ""tau_threshold"": 5.0}",run_output_8day_rem_w2_s2_stage2_no_pareto,rem_w2_s2_stage2
46,59b4b6b54162698a,ok,,even: mean; odd: mean,mean=student_t,16,5.0,3,1,2,210.15920836540573,210.15920836540573,7.005306945513524,3.5026534727567618,0.0167469518832856,3.5026534727567618,0.0167469518832856,-420.8014674874727,1.01,1084.0,1540.0,1.01455716780589,0,8,0.1168653731049803,0.7487972374038903,6.50525672416661,1.661117047668384,4.986370336531874,6.517578227142549,7.401683090317087,0.5881487270069448,0.70057716707814,1,False,,False,2,2,30,0,[],22.80538912001066,"(30, 176)",,[],"{""feature_selection"": {""even"": [""mean""], ""odd"": [""mean""]}, ""n_chunks"": 16, ""parameter_selection"": {""mean"": {""likelihood"": ""student_t""}}, ""rem_profile_params"": {""rem_stage"": 2, ""step_size_hours"": 1, ""window_size_hours"": 3}, ""tau_threshold"": 5.0}",run_output_8day_rem_w3_s1_stage2_no_pareto,rem_w3_s1_stage2
179,e0314e2eab56a56e,ok,,"concat: range; even: mean, range; odd: mean",mean=student_t; range=beta,16,5.0,2,1,2,420.2825839217042,420.2825839217042,14.009419464056808,3.5023548660142017,0.0107276341369727,3.5023548660142017,0.0107276341369727,-841.2988712975814,1.01,466.0,382.0,0.9043912926892268,0,6,0.2452669048943372,0.8290313174811299,6.381651925956247,1.2723115448241926,5.167411208254222,5.696983577758867,7.155221660345367,0.3569523073283774,0.8959416885343409,2,False,,False,4,4,30,0,[],60.357726162998006,"(30, 184)",,[],"{""feature_selection"": {""concat"": [""range""], ""even"": [""mean"", ""range""], ""odd"": [""mean""]}, ""n_chunks"": 16, ""parameter_selection"": {""mean"": {""likelihood"": ""student_t""}, ""range"": {""likelihood"": ""beta""}}, ""rem_profile_params"": {""rem_stage"": 2, ""step_size_hours"": 1, ""window_size_hours"": 2}, ""tau_threshold"": 5.0}",run_output_8day_rem_w2_s1_stage2_no_pareto,rem_w2_s1_stage2
6,c3f43c6601fa138f,ok,,even: mean,mean=student_t,16,5.0,3,1,2,105.02323341765202,105.02323341765202,3.5007744472550675,3.500774447255068,0.011615988276312,3.500774447255068,0.011615988276312,-210.2139459995467,1.0,1248.0,1700.0,0.987390898710876,0,8,0.0761401250647456,0.6604016629866376,6.222118192247441,1.8140738848008,4.0920916202605015,6.3026387078035855,7.321778819334553,0.5570196580427742,0.4714592218377387,0,False,,False,1,1,30,0,[],12.79856754298089,"(30, 176)",,[],"{""feature_selection"": {""even"": [""mean""]}, ""n_chunks"": 16, ""parameter_selection"": {""mean"": {""likelihood"": ""student_t""}}, ""rem_profile_params"": {""rem_stage"": 2, ""step_size_hours"": 1, ""window_size_hours"": 3}, ""tau_threshold"": 5.0}",run_output_8day_rem_w3_s1_stage2_no_pareto,rem_w3_s1_stage2
213,611ceeabd2cd3a8b,ok,,"concat: mean; even: mean, range; odd: mean, range",mean=lognormal; range=beta,16,5.0,2,1,2,524.8005158421105,524.8005158421105,17.493350528070348,3.498670105614071,0.0125425485874999,3.498670105614071,0.0125425485874999,-1046.0681216852158,1.01,1034.0,1236.0,0.950959353399032,0,6,0.5375418475313514,0.98504930338915,6.417698433147885,0.5613531597018419,5.412020680498259,5.850248612422943,6.416032668262838,0.4145699208860594,1.4371289247893655,2,False,,False,5,5,30,0,[],51.51034742500633,"(30, 184)",,[],"{""feature_selection"": {""concat"": [""mean""], ""even"": [""mean"", ""range""], ""odd"": [""mean"", ""range""]}, ""n_chunks"": 16, ""parameter_selection"": {""mean"": {""likelihood"": ""lognormal""}, ""range"": {""likelihood"": ""beta""}}, ""rem_profile_params"": {""rem_stage"": 2, ""step_size_hours"": 1, ""window_size_hours"": 2}, ""tau_threshold"": 5.0}",run_output_8day_rem_w2_s1_stage2_no_pareto,rem_w2_s1_stage2
132,9cc4d57896750bf6,ok,,"even: mean; odd: mean, range",mean=student_t; range=lognormal,16,5.0,2,1,2,314.7320228102784,314.7320228102784,10.49106742700928,3.497022475669759,0.0116139427317986,3.497022475669759,0.0116139427317986,-628.8836347058055,1.0,723.0,798.0,1.0517846359837315,0,8,0.3202882209155203,0.8261378935411875,7.017982327031449,1.572900209867193,5.996438315232559,7.2119117096876835,7.605955854843842,0.7497278515172437,0.6630103876975973,0,False,,False,3,3,30,0,[],33.00448885298101,"(30, 184)",,[],"{""feature_selection"": {""even"": [""mean""], ""odd"": [""mean"", ""range""]}, ""n_chunks"": 16, ""parameter_selection"": {""mean"": {""likelihood"": ""student_t""}, ""range"": {""likelihood"": ""lognormal""}}, ""rem_profile_params"": {""rem_stage"": 2, ""step_size_hours"": 1, ""window_size_hours"": 2}, ""tau_threshold"": 5.0}",run_output_8day_rem_w2_s1_stage2_no_pareto,rem_w2_s1_stage2
77,d84a27536b554d70,ok,,"concat: mean; even: mean, range",mean=lognormal; range=beta,16,5.0,3,1,2,314.5956325720413,314.5956325720413,10.486521085734712,3.495507028578238,0.0121976172122888,3.495507028578238,0.0121976172122888,-631.7194067861386,1.0,1929.0,1949.0,0.909296471908394,0,7,0.6770838144215352,0.9770849363041064,6.833268736325908,0.5193708203411445,6.121604704629756,6.42062028326054,6.719635861891324,0.851670877138403,1.0846125608248167,3,False,,False,3,3,30,0,[],25.063822474970948,"(30, 176)",,[],"{""feature_selection"": {""concat"": [""mean""], ""even"": [""mean"", ""range""]}, ""n_chunks"": 16, ""parameter_selection"": {""mean"": {""likelihood"": ""lognormal""}, ""range"": {""likelihood"": ""beta""}}, ""rem_profile_params"": {""rem_stage"": 2, ""step_size_hours"": 1, ""window_size_hours"": 3}, ""tau_threshold"": 5.0}",run_output_8day_rem_w3_s1_stage2_no_pareto,rem_w3_s1_stage2
87,bda266a4257d6c27,ok,,concat: mean; even: range; odd: mean,mean=lognormal; range=beta,16,5.0,2,2,2,314.4115144469796,314.4115144469796,10.48038381489932,3.4934612716331066,0.0174544512694727,3.4934612716331066,0.0174544512694727,-628.353922134914,1.0,1677.0,1834.0,0.9768971900504816,0,6,0.5240134266131697,0.9925502053219628,6.521381485970717,0.6131667406582206,5.501501900717168,6.018600373797443,6.540931594165625,0.5089025761203456,1.7321949639965255,2,False,,False,3,3,30,0,[],24.549072268011518,"(30, 96)",,[],"{""feature_selection"": {""concat"": [""mean""], ""even"": [""range""], ""odd"": [""mean""]}, ""n_chunks"": 16, ""parameter_selection"": {""mean"": {""likelihood"": ""lognormal""}, ""range"": {""likelihood"": ""beta""}}, ""rem_profile_params"": {""rem_stage"": 2, ""step_size_hours"": 2, ""window_size_hours"": 2}, ""tau_threshold"": 5.0}",run_output_8day_rem_w2_s2_stage2_no_pareto,rem_w2_s2_stage2
152,e3962fce6dfafba0,ok,,"concat: mean, range; even: range; odd: mean",mean=student_t; range=lognormal,16,5.0,3,1,2,419.13289676440286,419.13289676440286,13.971096558813429,3.4927741397033576,0.0122431729472521,3.4927741397033576,0.0122431729472521,-838.8909122433855,1.0,1216.0,883.0,0.9242686898203946,0,7,0.4786994190980504,0.965633771811892,6.864341555209625,0.6790779001593035,6.074097989081959,6.435493830106629,6.7968896711313,0.8012581916215937,0.9627582630265726,1,False,,False,4,4,30,0,[],42.51458237098996,"(30, 176)",,[],"{""feature_selection"": {""concat"": [""mean"", ""range""], ""even"": [""range""], ""odd"": [""mean""]}, ""n_chunks"": 16, ""parameter_selection"": {""mean"": {""likelihood"": ""student_t""}, ""range"": {""likelihood"": ""lognormal""}}, ""rem_profile_params"": {""rem_stage"": 2, ""step_size_hours"": 1, ""window_size_hours"": 3}, ""tau_threshold"": 5.0}",run_output_8day_rem_w3_s1_stage2_no_pareto,rem_w3_s1_stage2
155,d09732efb535969a,ok,,"concat: mean, range; even: range; odd: range",mean=student_t; range=beta,16,5.0,2,2,2,418.5080541454698,418.5080541454698,13.950268471515662,3.487567117878916,0.00824844062391,3.487567117878916,0.00824844062391,-838.5417716408248,1.0,1550.0,1334.0,0.8763969918595185,0,7,0.8004307443817853,0.9999956505235212,6.975313936869668,0.2968383682416201,6.212124277367193,6.486458558649321,6.76079283993145,0.9433082117697884,1.3985213602952884,2,False,,False,4,4,30,0,[],53.67407010198804,"(30, 96)",,[],"{""feature_selection"": {""concat"": [""mean"", ""range""], ""even"": [""range""], ""odd"": [""range""]}, ""n_chunks"": 16, ""parameter_selection"": {""mean"": {""likelihood"": ""student_t""}, ""range"": {""likelihood"": ""beta""}}, ""rem_profile_params"": {""rem_stage"": 2, ""step_size_hours"": 2, ""window_size_hours"": 2}, ""tau_threshold"": 5.0}",run_output_8day_rem_w2_s2_stage2_no_pareto,rem_w2_s2_stage2
200,47149afc01744faa,ok,,"concat: mean, range; even: mean, range; odd: mean",mean=student_t; range=lognormal,16,5.0,3,1,2,522.5642349622069,522.5642349622069,17.418807832073565,3.483761566414713,0.011104784249313,3.483761566414713,0.011104784249313,-1046.597520004024,1.0,867.0,1073.0,0.9232749058458852,0,7,0.4665978802139028,0.9720518262354612,7.032916921646219,0.7197332566327974,6.181872180586449,6.558732886073767,6.935593591561086,0.8706494720318946,1.4701700113628449,1,False,,False,5,5,30,0,[],62.96677663200535,"(30, 176)",,[],"{""feature_selection"": {""concat"": [""mean"", ""range""], ""even"": [""mean"", ""range""], ""odd"": [""mean""]}, ""n_chunks"": 16, ""parameter_selection"": {""mean"": {""likelihood"": ""student_t""}, ""range"": {""likelihood"": ""lognormal""}}, ""rem_profile_params"": {""rem_stage"": 2, ""step_size_hours"": 1, ""window_size_hours"": 3}, ""tau_threshold"": 5.0}",run_output_8day_rem_w3_s1_stage2_no_pareto,rem_w3_s1_stage2
30,afb3a892fc9d94bb,ok,,concat: range; even: mean,mean=lognormal; range=lognormal,16,5.0,2,1,2,208.88070205411717,208.88070205411717,6.962690068470571,3.481345034235286,0.0113432946393855,3.481345034235286,0.0113432946393855,-418.5896459957695,1.0,1048.0,1029.0,0.9921489282234052,0,7,0.1680346632055765,0.7327691095930359,6.115587494803918,1.6320447464619363,4.7671121597140935,6.21838364381704,6.758037348708903,0.6011684168187079,0.8023553348968355,1,False,,False,2,2,30,0,[],10.109995290986262,"(30, 184)",,[],"{""feature_selection"": {""concat"": [""range""], ""even"": [""mean""]}, ""n_chunks"": 16, ""parameter_selection"": {""mean"": {""likelihood"": ""lognormal""}, ""range"": {""likelihood"": ""lognormal""}}, ""rem_profile_params"": {""rem_stage"": 2, ""step_size_hours"": 1, ""window_size_hours"": 2}, ""tau_threshold"": 5.0}",run_output_8day_rem_w2_s1_stage2_no_pareto,rem_w2_s1_stage2
106,8fa0b9fc44f63627,ok,,concat: range; even: mean; odd: mean,mean=student_t; range=lognormal,16,5.0,2,2,2,313.1220270787311,313.1220270787311,10.43740090262437,3.4791336342081234,0.0122626081455498,3.4791336342081234,0.0122626081455498,-625.9875040455115,1.0,2212.0,2599.0,0.9623330629867552,0,7,0.4890201425290051,0.9709821292696528,6.60499741029734,0.6390887349096982,5.614320614279054,6.192207289793663,6.624078596231885,0.6112642162886761,0.6408431678707431,0,False,,False,3,3,30,0,[],29.87659870798234,"(30, 96)",,[],"{""feature_selection"": {""concat"": [""range""], ""even"": [""mean""], ""odd"": [""mean""]}, ""n_chunks"": 16, ""parameter_selection"": {""mean"": {""likelihood"": ""student_t""}, ""range"": {""likelihood"": ""lognormal""}}, ""rem_profile_params"": {""rem_stage"": 2, ""step_size_hours"": 2, ""window_size_hours"": 2}, ""tau_threshold"": 5.0}",run_output_8day_rem_w2_s2_stage2_no_pareto,rem_w2_s2_stage2
140,fc452ff272280905,ok,,"concat: mean, range; even: mean, range",mean=student_t; range=lognormal,16,5.0,3,1,2,417.261365714758,417.261365714758,13.908712190491933,3.4771780476229823,0.0087067768960967,3.4771780476229823,0.0087067768960967,-835.7948678843733,1.0,1674.0,1487.0,0.9337309141897732,0,7,0.5387478614995401,0.9766288660811892,7.056191032039254,0.6366892275208934,6.220608287417677,6.562912236686433,6.90521618595519,0.9111201739630448,0.7785108329172585,2,False,,False,4,4,30,0,[],38.06070713698864,"(30, 176)",,[],"{""feature_selection"": {""concat"": [""mean"", ""range""], ""even"": [""mean"", ""range""]}, ""n_chunks"": 16, ""parameter_selection"": {""mean"": {""likelihood"": ""student_t""}, ""range"": {""likelihood"": ""lognormal""}}, ""rem_profile_params"": {""rem_stage"": 2, ""step_size_hours"": 1, ""window_size_hours"": 3}, ""tau_threshold"": 5.0}",run_output_8day_rem_w3_s1_stage2_no_pareto,rem_w3_s1_stage2
97,7f96c3e09be55648,ok,,"concat: mean; odd: mean, range",mean=student_t; range=beta,16,5.0,6,1,2,312.92120591195066,312.92120591195066,10.43070686373169,3.476902287910563,0.0124792432612649,3.476902287910563,0.0124792432612649,-626.8451181336986,1.0,2819.0,1841.0,0.9713256563559276,0,5,0.8655513759597568,0.0605565753846747,5.063670170854612,0.2585883297894876,4.26610349753007,4.532222687396667,4.798341877263264,0.0026885544302959,0.9925055164808504,2,False,,False,3,3,30,0,[],38.029350792989135,"(30, 152)",,[],"{""feature_selection"": {""concat"": [""mean""], ""odd"": [""mean"", ""range""]}, ""n_chunks"": 16, ""parameter_selection"": {""mean"": {""likelihood"": ""student_t""}, ""range"": {""likelihood"": ""beta""}}, ""rem_profile_params"": {""rem_stage"": 2, ""step_size_hours"": 1, ""window_size_hours"": 6}, ""tau_threshold"": 5.0}",run_output_8day_rem_w6_s1_stage2_no_pareto,rem_w6_s1_stage2
68,f23bc02b957c9ade,ok,,"concat: mean, range; even: range",mean=student_t; range=lognormal,16,5.0,3,1,2,312.2047859997981,312.2047859997981,10.40682619999327,3.4689420666644244,0.0098839522058069,3.4689420666644244,0.0098839522058069,-625.4704520138417,1.0,1587.0,1595.0,0.997076093288678,0,7,0.5029644367844843,0.9462166924568044,6.830432634164614,0.7434662822782224,6.1037773166138,6.441022881373218,6.778268446132637,0.8269300826000718,0.8435688303532977,1,False,,False,3,3,30,0,[],23.63458359899232,"(30, 176)",,[],"{""feature_selection"": {""concat"": [""mean"", ""range""], ""even"": [""range""]}, ""n_chunks"": 16, ""parameter_selection"": {""mean"": {""likelihood"": ""student_t""}, ""range"": {""likelihood"": ""lognormal""}}, ""rem_profile_params"": {""rem_stage"": 2, ""step_size_hours"": 1, ""window_size_hours"": 3}, ""tau_threshold"": 5.0}",run_output_8day_rem_w3_s1_stage2_no_pareto,rem_w3_s1_stage2
146,f2358c754d0a0e97,ok,,"concat: mean, range; even: mean; odd: range",mean=lognormal; range=lognormal,16,5.0,2,2,2,416.0973523656656,416.0973523656656,13.869911745522188,3.4674779363805466,0.0110952530907258,3.4674779363805466,0.0110952530907258,-833.2127694087036,1.0,3005.0,2737.0,1.0312592657996615,0,7,0.8161385237022345,0.9990340553236297,6.91930358970835,0.2948323856873041,6.181298641070861,6.456173164999706,6.731047688928552,0.9148921828763154,0.8991227600820321,4,False,,False,4,4,30,0,[],15.92729123000754,"(30, 96)",,[],"{""feature_selection"": {""concat"": [""mean"", ""range""], ""even"": [""mean""], ""odd"": [""range""]}, ""n_chunks"": 16, ""parameter_selection"": {""mean"": {""likelihood"": ""lognormal""}, ""range"": {""likelihood"": ""lognormal""}}, ""rem_profile_params"": {""rem_stage"": 2, ""step_size_hours"": 2, ""window_size_hours"": 2}, ""tau_threshold"": 5.0}",run_output_8day_rem_w2_s2_stage2_no_pareto,rem_w2_s2_stage2
215,f62255214f318d72,ok,,"concat: mean; even: mean, range; odd: mean, range",mean=student_t; range=beta,16,5.0,3,1,2,519.6154466076301,519.6154466076301,17.320514886921003,3.4641029773842,0.0103733355700578,3.4641029773842,0.0103733355700578,-1042.9130226159386,1.03,222.0,78.0,1.0188467271743449,0,8,0.6922961589172638,0.9534682092174382,7.666216263834977,1.0646568896797377,7.133037508161148,7.422025005440765,7.711012502720383,0.9321099155546884,1.0901953911351894,3,False,,False,5,5,30,0,[],82.91372598399175,"(30, 176)",,[],"{""feature_selection"": {""concat"": [""mean""], ""even"": [""mean"", ""range""], ""odd"": [""mean"", ""range""]}, ""n_chunks"": 16, ""parameter_selection"": {""mean"": {""likelihood"": ""student_t""}, ""range"": {""likelihood"": ""beta""}}, ""rem_profile_params"": {""rem_stage"": 2, ""step_size_hours"": 1, ""window_size_hours"": 3}, ""tau_threshold"": 5.0}",run_output_8day_rem_w3_s1_stage2_no_pareto,rem_w3_s1_stage2
149,cd25abdc48a6affb,ok,,"concat: mean, range; even: range; odd: mean",mean=lognormal; range=beta,16,5.0,2,2,2,414.5133705299604,414.5133705299604,13.81711235099868,3.4542780877496693,0.0133614581595539,3.4542780877496693,0.0133614581595539,-825.8760660221506,1.0,1867.0,1627.0,0.9715381388973522,0,7,0.8760867454001315,0.9999106382604134,6.953006268651358,0.2273507472672117,6.211082054920624,6.475228103679945,6.739374152439266,0.9497777895146112,1.2606866975707305,4,False,,False,4,4,30,0,[],41.08654578198912,"(30, 96)",,[],"{""feature_selection"": {""concat"": [""mean"", ""range""], ""even"": [""range""], ""odd"": [""mean""]}, ""n_chunks"": 16, ""parameter_selection"": {""mean"": {""likelihood"": ""lognormal""}, ""range"": {""likelihood"": ""beta""}}, ""rem_profile_params"": {""rem_stage"": 2, ""step_size_hours"": 2, ""window_size_hours"": 2}, ""tau_threshold"": 5.0}",run_output_8day_rem_w2_s2_stage2_no_pareto,rem_w2_s2_stage2
167,e407f13bec59c884,ok,,"concat: mean; even: mean, range; odd: range",mean=student_t; range=beta,16,5.0,3,1,2,414.19109270098687,414.19109270098687,13.806369756699562,3.4515924391748904,0.0086495859533012,3.4515924391748904,0.0086495859533012,-828.0707000487654,1.01,312.0,137.0,1.021307104215624,0,8,0.5884195166387183,0.8953500119490869,7.376415766429654,1.4966378986782292,7.056453833979039,7.370969222652693,7.685484611326347,0.8793096476519692,1.056151087633398,2,False,,False,4,4,30,0,[],66.85909296304453,"(30, 176)",,[],"{""feature_selection"": {""concat"": [""mean""], ""even"": [""mean"", ""range""], ""odd"": [""range""]}, ""n_chunks"": 16, ""parameter_selection"": {""mean"": {""likelihood"": ""student_t""}, ""range"": {""likelihood"": ""beta""}}, ""rem_profile_params"": {""rem_stage"": 2, ""step_size_hours"": 1, ""window_size_hours"": 3}, ""tau_threshold"": 5.0}",run_output_8day_rem_w3_s1_stage2_no_pareto,rem_w3_s1_stage2
63,e3c9d63718eea3cc,ok,,"concat: mean, range; even: mean",mean=student_t; range=beta,16,5.0,6,1,2,310.5830863602864,310.5830863602864,10.35276954534288,3.45092318178096,0.0098406716124122,3.45092318178096,0.0098406716124122,-621.664895827688,1.0,1670.0,1853.0,0.9514246175414576,0,5,0.4687098162834586,0.2958333704399761,5.212655418289664,0.7859019614203074,4.291078021707719,4.681310335219531,5.171171829237247,0.0280710251743283,0.647446547687525,0,False,,False,3,3,30,0,[],34.37985973700415,"(30, 152)",,[],"{""feature_selection"": {""concat"": [""mean"", ""range""], ""even"": [""mean""]}, ""n_chunks"": 16, ""parameter_selection"": {""mean"": {""likelihood"": ""student_t""}, ""range"": {""likelihood"": ""beta""}}, ""rem_profile_params"": {""rem_stage"": 2, ""step_size_hours"": 1, ""window_size_hours"": 6}, ""tau_threshold"": 5.0}",run_output_8day_rem_w6_s1_stage2_no_pareto,rem_w6_s1_stage2
162,e7f7ab3661c05e0b,ok,,"concat: mean; even: mean, range; odd: mean",mean=lognormal; range=lognormal,16,5.0,2,1,2,413.8591478508278,413.8591478508278,13.795304928360927,3.4488262320902305,0.0153904428566225,3.4488262320902305,0.0153904428566225,-830.848353632501,1.0,1223.0,1357.0,0.9978728239531832,0,7,0.7308112718116946,0.98591435447233,6.904310262197692,0.5163040140667606,6.180826484437056,6.464642385991953,6.748458287546848,0.9092814950170092,1.8959146311148776,5,False,,False,4,4,30,0,[],16.999192024988588,"(30, 184)",,[],"{""feature_selection"": {""concat"": [""mean""], ""even"": [""mean"", ""range""], ""odd"": [""mean""]}, ""n_chunks"": 16, ""parameter_selection"": {""mean"": {""likelihood"": ""lognormal""}, ""range"": {""likelihood"": ""lognormal""}}, ""rem_profile_params"": {""rem_stage"": 2, ""step_size_hours"": 1, ""window_size_hours"": 2}, ""tau_threshold"": 5.0}",run_output_8day_rem_w2_s1_stage2_no_pareto,rem_w2_s1_stage2
175,b1a8dc695cf32c9b,ok,,"concat: mean; even: range; odd: mean, range",mean=student_t; range=beta,16,5.0,3,1,2,413.7953655881515,413.7953655881515,13.793178852938384,3.448294713234597,0.0116549558579775,3.448294713234597,0.0116549558579775,-825.4293212981535,1.01,283.0,217.0,1.0687378955627536,0,8,0.4411877067450289,0.8456999519379458,7.041916752229282,1.745974263004706,6.387657302462233,7.276005243476426,7.638002621738213,0.7875964414523167,1.069924619552422,2,False,,False,4,4,30,0,[],65.34638237801846,"(30, 176)",,[],"{""feature_selection"": {""concat"": [""mean""], ""even"": [""range""], ""odd"": [""mean"", ""range""]}, ""n_chunks"": 16, ""parameter_selection"": {""mean"": {""likelihood"": ""student_t""}, ""range"": {""likelihood"": ""beta""}}, ""rem_profile_params"": {""rem_stage"": 2, ""step_size_hours"": 1, ""window_size_hours"": 3}, ""tau_threshold"": 5.0}",run_output_8day_rem_w3_s1_stage2_no_pareto,rem_w3_s1_stage2
198,a61d1fcccf2cf485,ok,,"concat: mean, range; even: mean, range; odd: mean",mean=lognormal; range=lognormal,16,5.0,2,1,2,517.1456397977697,517.1456397977697,17.23818799325899,3.447637598651798,0.013109260153856,3.447637598651798,0.013109260153856,-1031.3323852405515,1.0,2670.0,2550.0,1.0408295985396243,0,7,0.8734537479877462,0.9988580054861848,6.956099969579454,0.2397440578463643,6.214119389436651,6.477812621797265,6.741505854157879,0.9530004595869116,1.7097642982504675,3,False,,False,5,5,30,0,[],20.32985193002969,"(30, 184)",,[],"{""feature_selection"": {""concat"": [""mean"", ""range""], ""even"": [""mean"", ""range""], ""odd"": [""mean""]}, ""n_chunks"": 16, ""parameter_selection"": {""mean"": {""likelihood"": ""lognormal""}, ""range"": {""likelihood"": ""lognormal""}}, ""rem_profile_params"": {""rem_stage"": 2, ""step_size_hours"": 1, ""window_size_hours"": 2}, ""tau_threshold"": 5.0}",run_output_8day_rem_w2_s1_stage2_no_pareto,rem_w2_s1_stage2
176,913b40e258a4ed11,ok,,"concat: mean; even: range; odd: mean, range",mean=student_t; range=lognormal,16,5.0,2,1,2,413.5997090699028,413.5997090699028,13.78665696899676,3.4466642422491893,0.0120902210558567,3.4466642422491893,0.0120902210558567,-826.6272764752608,1.01,673.0,741.0,1.0238971025307857,0,8,0.3280006542544668,0.8835368720349016,7.147251588022888,1.37429875962311,6.258280084016264,7.163760760253183,7.581880380126591,0.8029586992455091,0.9498681060600684,2,False,,False,4,4,30,0,[],48.847070859977975,"(30, 184)",,[],"{""feature_selection"": {""concat"": [""mean""], ""even"": [""range""], ""odd"": [""mean"", ""range""]}, ""n_chunks"": 16, ""parameter_selection"": {""mean"": {""likelihood"": ""student_t""}, ""range"": {""likelihood"": ""lognormal""}}, ""rem_profile_params"": {""rem_stage"": 2, ""step_size_hours"": 1, ""window_size_hours"": 2}, ""tau_threshold"": 5.0}",run_output_8day_rem_w2_s1_stage2_no_pareto,rem_w2_s1_stage2
86,01a38bb238018333,ok,,concat: mean; even: mean; odd: range,mean=student_t; range=lognormal,16,5.0,6,1,2,310.0448963565126,310.0448963565126,10.33482987855042,3.444943292850139,0.0084597799198884,3.444943292850139,0.0084597799198884,-620.0849038827783,1.0,1408.0,2107.0,1.0090238458748175,0,8,0.5190687208032718,0.9836381742412144,7.571999305304986,0.7743481908151852,6.754246635158684,7.286169993979556,7.643084996989778,0.90208448781678,0.4768426073182899,0,False,,False,3,3,30,0,[],29.741869213001337,"(30, 152)",,[],"{""feature_selection"": {""concat"": [""mean""], ""even"": [""mean""], ""odd"": [""range""]}, ""n_chunks"": 16, ""parameter_selection"": {""mean"": {""likelihood"": ""student_t""}, ""range"": {""likelihood"": ""lognormal""}}, ""rem_profile_params"": {""rem_stage"": 2, ""step_size_hours"": 1, ""window_size_hours"": 6}, ""tau_threshold"": 5.0}",run_output_8day_rem_w6_s1_stage2_no_pareto,rem_w6_s1_stage2
142,2a8698ee919a6d5f,ok,,"concat: mean, range; even: mean; odd: mean",mean=lognormal; range=lognormal,16,5.0,3,1,2,413.1357256146167,413.1357256146167,13.771190853820558,3.44279771345514,0.015575410074119,3.44279771345514,0.015575410074119,-826.1448602226973,1.0,3544.0,2813.0,1.0677489749817153,0,7,0.8244579744064049,0.9982943343567888,6.910656061748125,0.294896153752246,6.177439665226477,6.451943689965135,6.726447714703792,0.9116002401015876,1.3067869613706362,2,False,,False,4,4,30,0,[],16.156021341041196,"(30, 176)",,[],"{""feature_selection"": {""concat"": [""mean"", ""range""], ""even"": [""mean""], ""odd"": [""mean""]}, ""n_chunks"": 16, ""parameter_selection"": {""mean"": {""likelihood"": ""lognormal""}, ""range"": {""likelihood"": ""lognormal""}}, ""rem_profile_params"": {""rem_stage"": 2, ""step_size_hours"": 1, ""window_size_hours"": 3}, ""tau_threshold"": 5.0}",run_output_8day_rem_w3_s1_stage2_no_pareto,rem_w3_s1_stage2
37,bc5a31e07b7e3e7c,ok,,concat: range; odd: mean,mean=student_t; range=beta,16,5.0,2,2,2,205.90551948820053,205.90551948820053,6.863517316273351,3.4317586581366752,0.0164426228961949,3.4317586581366752,0.0164426228961949,-411.8639118395431,1.0,1417.0,1269.0,0.8866603511510406,0,7,0.6061924457553377,0.9647782349453154,6.851645361391571,0.6250661094761315,6.134366125540781,6.442893125028103,6.751420124515424,0.8588771207739171,1.0880786855482771,1,False,,False,2,2,30,0,[],26.02418687404133,"(30, 96)",,[],"{""feature_selection"": {""concat"": [""range""], ""odd"": [""mean""]}, ""n_chunks"": 16, ""parameter_selection"": {""mean"": {""likelihood"": ""student_t""}, ""range"": {""likelihood"": ""beta""}}, ""rem_profile_params"": {""rem_stage"": 2, ""step_size_hours"": 2, ""window_size_hours"": 2}, ""tau_threshold"": 5.0}",run_output_8day_rem_w2_s2_stage2_no_pareto,rem_w2_s2_stage2
93,8c26d7a9382b0199,ok,,concat: mean; even: range; odd: range,mean=student_t; range=beta,16,5.0,3,1,2,308.79707680364,308.79707680364,10.293235893454666,3.431078631151556,0.0098849881397623,3.431078631151556,0.0098849881397623,-613.2007056036495,1.01,233.0,243.0,0.996420132908983,0,8,0.4011789092856782,0.7773720038654457,6.735204147023236,1.9908658916125344,5.685630665888012,7.21120420373067,7.605602101865335,0.7374496298712865,0.9643036646690458,1,False,,False,3,3,30,0,[],42.56710987596307,"(30, 176)",,[],"{""feature_selection"": {""concat"": [""mean""], ""even"": [""range""], ""odd"": [""range""]}, ""n_chunks"": 16, ""parameter_selection"": {""mean"": {""likelihood"": ""student_t""}, ""range"": {""likelihood"": ""beta""}}, ""rem_profile_params"": {""rem_stage"": 2, ""step_size_hours"": 1, ""window_size_hours"": 3}, ""tau_threshold"": 5.0}",run_output_8day_rem_w3_s1_stage2_no_pareto,rem_w3_s1_stage2
95,d870f950da91814c,ok,,"concat: mean; odd: mean, range",mean=lognormal; range=beta,16,5.0,2,2,2,308.41520134687767,308.41520134687767,10.28050671156259,3.4268355705208635,0.0181863397227205,3.4268355705208635,0.0181863397227205,-614.4976180463366,1.0,1762.0,2077.0,0.9853036573034284,0,7,0.6123881740627036,0.9999955653215714,6.6774312780490925,0.4911870133150602,5.748668166143234,6.253661424185518,6.63550871453344,0.6660751762533088,1.4965861177178943,4,False,,False,3,3,30,0,[],25.1489066669601,"(30, 96)",,[],"{""feature_selection"": {""concat"": [""mean""], ""odd"": [""mean"", ""range""]}, ""n_chunks"": 16, ""parameter_selection"": {""mean"": {""likelihood"": ""lognormal""}, ""range"": {""likelihood"": ""beta""}}, ""rem_profile_params"": {""rem_stage"": 2, ""step_size_hours"": 2, ""window_size_hours"": 2}, ""tau_threshold"": 5.0}",run_output_8day_rem_w2_s2_stage2_no_pareto,rem_w2_s2_stage2
20,31c45adc3adff17c,ok,,concat: mean; even: range,mean=lognormal; range=lognormal,16,5.0,3,1,2,205.45997962178853,205.45997962178853,6.848665987392951,3.424332993696476,0.0142491210406641,3.424332993696476,0.0142491210406641,-412.9942794727926,1.0,2739.0,2556.0,1.0750534462160732,0,7,0.6983200474461986,0.9906566096349848,6.831670515292935,0.4640928948635056,6.107188694238232,6.408767849169722,6.710347004101211,0.8388561862494961,1.057163113965183,2,False,,False,2,2,30,0,[],9.680073173018172,"(30, 176)",,[],"{""feature_selection"": {""concat"": [""mean""], ""even"": [""range""]}, ""n_chunks"": 16, ""parameter_selection"": {""mean"": {""likelihood"": ""lognormal""}, ""range"": {""likelihood"": ""lognormal""}}, ""rem_profile_params"": {""rem_stage"": 2, ""step_size_hours"": 1, ""window_size_hours"": 3}, ""tau_threshold"": 5.0}",run_output_8day_rem_w3_s1_stage2_no_pareto,rem_w3_s1_stage2
66,56b5c3fced57b938,ok,,"concat: mean, range; even: range",mean=lognormal; range=lognormal,16,5.0,2,2,2,307.93026945726035,307.93026945726035,10.264342315242011,3.421447438414005,0.0103487993640503,3.421447438414005,0.0103487993640503,-615.9687924814107,1.0,3945.0,2428.0,1.0477225394790588,0,7,0.777118954256936,0.9991480827343264,6.867221032775968,0.3432564512310312,6.135741283226497,6.423975332260175,6.712209381293855,0.8677352950506513,0.8399226858376071,1,False,,False,3,3,30,0,[],12.597496657981536,"(30, 96)",,[],"{""feature_selection"": {""concat"": [""mean"", ""range""], ""even"": [""range""]}, ""n_chunks"": 16, ""parameter_selection"": {""mean"": {""likelihood"": ""lognormal""}, ""range"": {""likelihood"": ""lognormal""}}, ""rem_profile_params"": {""rem_stage"": 2, ""step_size_hours"": 2, ""window_size_hours"": 2}, ""tau_threshold"": 5.0}",run_output_8day_rem_w2_s2_stage2_no_pareto,rem_w2_s2_stage2
157,f42cfd5b2315da5d,ok,,"concat: mean, range; odd: mean, range",mean=lognormal; range=beta,16,5.0,2,2,2,410.4389222728701,410.4389222728701,13.68129740909567,3.420324352273917,0.0147298324253155,3.420324352273917,0.0147298324253155,-820.1446489104655,1.0,2286.0,1768.0,0.9424751129258564,0,7,0.9096723979581413,0.9999998243687348,6.962202728852815,0.1910736732483089,6.220497940153661,6.480356230462358,6.740214520771056,0.9621328704692478,1.5409121442099338,5,False,,False,4,4,30,0,[],40.19751362199895,"(30, 96)",,[],"{""feature_selection"": {""concat"": [""mean"", ""range""], ""odd"": [""mean"", ""range""]}, ""n_chunks"": 16, ""parameter_selection"": {""mean"": {""likelihood"": ""lognormal""}, ""range"": {""likelihood"": ""beta""}}, ""rem_profile_params"": {""rem_stage"": 2, ""step_size_hours"": 2, ""window_size_hours"": 2}, ""tau_threshold"": 5.0}",run_output_8day_rem_w2_s2_stage2_no_pareto,rem_w2_s2_stage2
173,0d21a443d9ac27db,ok,,"concat: mean; even: range; odd: mean, range",mean=lognormal; range=beta,16,5.0,2,1,2,409.9272485808804,409.9272485808804,13.66424161936268,3.41606040484067,0.014088717241713,3.41606040484067,0.014088717241713,-823.2358498064505,1.0,1585.0,1722.0,0.93406949975472,0,6,0.6016171656330425,0.979210624920771,6.236876486263788,0.5169107636548489,5.316218694935987,5.661118386044646,6.017782683505376,0.2543621937830393,1.307457520791505,4,False,,False,4,4,30,0,[],41.9276331649744,"(30, 184)",,[],"{""feature_selection"": {""concat"": [""mean""], ""even"": [""range""], ""odd"": [""mean"", ""range""]}, ""n_chunks"": 16, ""parameter_selection"": {""mean"": {""likelihood"": ""lognormal""}, ""range"": {""likelihood"": ""beta""}}, ""rem_profile_params"": {""rem_stage"": 2, ""step_size_hours"": 1, ""window_size_hours"": 2}, ""tau_threshold"": 5.0}",run_output_8day_rem_w2_s1_stage2_no_pareto,rem_w2_s1_stage2
35,8dc2e6656db75324,ok,,concat: range; odd: mean,mean=lognormal; range=beta,16,5.0,2,1,2,204.8129455172578,204.8129455172578,6.827098183908593,3.4135490919542963,0.0203881792769466,3.4135490919542963,0.0203881792769466,-411.4147470497917,1.0,1149.0,1294.0,0.9343129046308646,0,8,0.2168378865718093,0.8741036930704096,6.665999658858459,1.409967084609208,5.373538949739514,6.292439626406096,7.372969454537015,0.5418660692377332,1.3395526986477206,3,False,,False,2,2,30,0,[],18.80898855900159,"(30, 184)",,[],"{""feature_selection"": {""concat"": [""range""], ""odd"": [""mean""]}, ""n_chunks"": 16, ""parameter_selection"": {""mean"": {""likelihood"": ""lognormal""}, ""range"": {""likelihood"": ""beta""}}, ""rem_profile_params"": {""rem_stage"": 2, ""step_size_hours"": 1, ""window_size_hours"": 2}, ""tau_threshold"": 5.0}",run_output_8day_rem_w2_s1_stage2_no_pareto,rem_w2_s1_stage2
188,f1d755e6b77bf079,ok,,"concat: range; even: mean; odd: mean, range",mean=student_t; range=lognormal,16,5.0,2,1,2,409.2469713270869,409.2469713270869,13.641565710902894,3.4103914277257235,0.0108951652043905,3.4103914277257235,0.0108951652043905,-816.2914099059734,1.01,653.0,764.0,0.9897812788031424,0,8,0.2615398519673675,0.8880785221737324,6.978072678787096,1.3851275420979468,6.07079961489142,6.90274365432772,7.468960048615381,0.7712753537303396,0.9092521221612982,3,False,,False,4,4,30,0,[],43.97214391600573,"(30, 184)",,[],"{""feature_selection"": {""concat"": [""range""], ""even"": [""mean""], ""odd"": [""mean"", ""range""]}, ""n_chunks"": 16, ""parameter_selection"": {""mean"": {""likelihood"": ""student_t""}, ""range"": {""likelihood"": ""lognormal""}}, ""rem_profile_params"": {""rem_stage"": 2, ""step_size_hours"": 1, ""window_size_hours"": 2}, ""tau_threshold"": 5.0}",run_output_8day_rem_w2_s1_stage2_no_pareto,rem_w2_s1_stage2
78,3f4e248ae5fd016a,ok,,"concat: mean; even: mean, range",mean=lognormal; range=lognormal,16,5.0,2,2,2,306.7907274507836,306.7907274507836,10.226357581692788,3.408785860564262,0.0138828977805001,3.408785860564262,0.0138828977805001,-617.3388203605664,1.0,1863.0,1658.0,0.9388155532858078,0,7,0.6415727364006525,0.994188054670584,6.828851513259233,0.4840950030196271,6.077413871098522,6.397288910129648,6.717163949160772,0.8105032134837732,1.6097177818572277,3,False,,False,3,3,30,0,[],12.513822617998812,"(30, 96)",,[],"{""feature_selection"": {""concat"": [""mean""], ""even"": [""mean"", ""range""]}, ""n_chunks"": 16, ""parameter_selection"": {""mean"": {""likelihood"": ""lognormal""}, ""range"": {""likelihood"": ""lognormal""}}, ""rem_profile_params"": {""rem_stage"": 2, ""step_size_hours"": 2, ""window_size_hours"": 2}, ""tau_threshold"": 5.0}",run_output_8day_rem_w2_s2_stage2_no_pareto,rem_w2_s2_stage2
153,5ed87c9cfef64c34,ok,,"concat: mean, range; even: range; odd: range",mean=lognormal; range=beta,16,5.0,3,1,2,408.5161608186609,408.5161608186609,13.61720536062203,3.4043013401555067,0.0099885299832323,3.4043013401555067,0.0099885299832323,-817.8542689366035,1.0,1551.0,1289.0,0.9740493289739868,0,7,0.9735431079250918,0.9999965127290557,7.001818618268203,0.0848281895173205,6.249108254331723,6.500917846293472,6.752727438255221,0.9973180751287302,1.053842091053581,3,False,,False,4,4,30,0,[],46.38055786903715,"(30, 176)",,[],"{""feature_selection"": {""concat"": [""mean"", ""range""], ""even"": [""range""], ""odd"": [""range""]}, ""n_chunks"": 16, ""parameter_selection"": {""mean"": {""likelihood"": ""lognormal""}, ""range"": {""likelihood"": ""beta""}}, ""rem_profile_params"": {""rem_stage"": 2, ""step_size_hours"": 1, ""window_size_hours"": 3}, ""tau_threshold"": 5.0}",run_output_8day_rem_w3_s1_stage2_no_pareto,rem_w3_s1_stage2
212,69479f2d839793bd,ok,,"concat: mean, range; even: range; odd: mean, range",mean=student_t; range=lognormal,16,5.0,2,1,2,509.9529872822148,509.9529872822148,16.99843290940716,3.399686581881433,0.0112474490707421,3.399686581881433,0.0112474490707421,-1014.4600023414037,1.01,462.0,614.0,0.936547306530342,0,7,0.3313724969300283,0.9402031285908964,7.091469793048139,1.107598448354869,6.189734302912001,6.774173069015516,7.380267861188081,0.8311608991036692,0.8685402949418707,3,False,,False,5,5,30,0,[],54.00481738900999,"(30, 184)",,[],"{""feature_selection"": {""concat"": [""mean"", ""range""], ""even"": [""range""], ""odd"": [""mean"", ""range""]}, ""n_chunks"": 16, ""parameter_selection"": {""mean"": {""likelihood"": ""student_t""}, ""range"": {""likelihood"": ""lognormal""}}, ""rem_profile_params"": {""rem_stage"": 2, ""step_size_hours"": 1, ""window_size_hours"": 2}, ""tau_threshold"": 5.0}",run_output_8day_rem_w2_s1_stage2_no_pareto,rem_w2_s1_stage2
79,2db0a15ae4978299,ok,,"concat: mean; even: mean, range",mean=student_t; range=beta,16,5.0,6,1,2,305.7376464327311,305.7376464327311,10.191254881091036,3.3970849603636784,0.0106342493885133,3.3970849603636784,0.0106342493885133,-611.4545764901891,1.0,1013.0,874.0,0.9410274788197612,0,8,0.6720542426873561,0.9576517399601456,7.685529389437495,0.9764850141604996,7.118097679298026,7.412065119532017,7.706032559766008,0.9437436457230934,0.7994190178488961,1,False,,False,3,3,30,0,[],36.15645658102585,"(30, 152)",,[],"{""feature_selection"": {""concat"": [""mean""], ""even"": [""mean"", ""range""]}, ""n_chunks"": 16, ""parameter_selection"": {""mean"": {""likelihood"": ""student_t""}, ""range"": {""likelihood"": ""beta""}}, ""rem_profile_params"": {""rem_stage"": 2, ""step_size_hours"": 1, ""window_size_hours"": 6}, ""tau_threshold"": 5.0}",run_output_8day_rem_w6_s1_stage2_no_pareto,rem_w6_s1_stage2
32,9c61c615316f7bc8,ok,,concat: range; even: mean,mean=student_t; range=lognormal,16,5.0,2,2,2,203.37311546788283,203.37311546788283,6.779103848929427,3.389551924464714,0.0089495186631676,3.389551924464714,0.0089495186631676,-406.9050723649246,1.0,2974.0,2670.0,1.0377819951066891,0,7,0.5678105090583385,0.970509067288054,6.799125416641029,0.5872889762049869,6.06060778273398,6.392282996736282,6.723958210738583,0.7956830810498549,0.5289774502956488,0,False,,False,2,2,30,0,[],17.031948036979884,"(30, 96)",,[],"{""feature_selection"": {""concat"": [""range""], ""even"": [""mean""]}, ""n_chunks"": 16, ""parameter_selection"": {""mean"": {""likelihood"": ""student_t""}, ""range"": {""likelihood"": ""lognormal""}}, ""rem_profile_params"": {""rem_stage"": 2, ""step_size_hours"": 2, ""window_size_hours"": 2}, ""tau_threshold"": 5.0}",run_output_8day_rem_w2_s2_stage2_no_pareto,rem_w2_s2_stage2
146,7ead3aca9e39fcb2,ok,,"concat: mean, range; even: mean; odd: range",mean=lognormal; range=lognormal,16,5.0,3,1,2,406.3727752105478,406.3727752105478,13.545759173684926,3.386439793421231,0.0115141468168001,3.386439793421231,0.0115141468168001,-823.7545701670268,1.01,521.0,380.0,1.0102933503304334,0,7,0.7999318390128008,0.9978164362535458,6.973784518820719,0.3045506236565997,6.213551407415882,6.4869855961260585,6.760419784836235,0.9452493655084168,1.909682460751594,5,False,,False,4,4,30,0,[],16.266176755016204,"(30, 176)",,[],"{""feature_selection"": {""concat"": [""mean"", ""range""], ""even"": [""mean""], ""odd"": [""range""]}, ""n_chunks"": 16, ""parameter_selection"": {""mean"": {""likelihood"": ""lognormal""}, ""range"": {""likelihood"": ""lognormal""}}, ""rem_profile_params"": {""rem_stage"": 2, ""step_size_hours"": 1, ""window_size_hours"": 3}, ""tau_threshold"": 5.0}",run_output_8day_rem_w3_s1_stage2_no_pareto,rem_w3_s1_stage2
39,c3d5f681dab86709,ok,,concat: range; odd: range,range=beta,16,5.0,2,1,2,203.03026190247,203.03026190247,6.767675396748999,3.3838376983744984,0.0112526082654206,3.3838376983744984,0.0112526082654206,-406.7155623051585,1.0,1650.0,1184.0,0.8608360154893198,0,6,0.461425848541432,0.9454762923611372,6.247704333424938,0.807855030906376,5.277273734673876,5.631886730608979,5.986499726544082,0.2404823895269842,0.7785488836796827,1,False,,False,2,2,30,0,[],22.105483742023356,"(30, 184)",,[],"{""feature_selection"": {""concat"": [""range""], ""odd"": [""range""]}, ""n_chunks"": 16, ""parameter_selection"": {""range"": {""likelihood"": ""beta""}}, ""rem_profile_params"": {""rem_stage"": 2, ""step_size_hours"": 1, ""window_size_hours"": 2}, ""tau_threshold"": 5.0}",run_output_8day_rem_w2_s1_stage2_no_pareto,rem_w2_s1_stage2
216,92c1df6991b713fa,ok,,"concat: mean; even: mean, range; odd: mean, range",mean=student_t; range=lognormal,16,5.0,2,2,2,507.5350913473442,507.5350913473442,16.917836378244807,3.3835672756489608,0.0117684974591385,3.3835672756489608,0.0117684974591385,-1014.8242249360304,1.0,1874.0,1161.0,1.0119037777773368,0,8,0.8221497738234107,0.990197129813946,7.86343657122245,0.5551520231456192,7.19527897265326,7.463519315102173,7.731759657551087,0.9480471173905216,0.7520258432680607,1,False,,False,5,5,30,0,[],62.74289794504875,"(30, 96)",,[],"{""feature_selection"": {""concat"": [""mean""], ""even"": [""mean"", ""range""], ""odd"": [""mean"", ""range""]}, ""n_chunks"": 16, ""parameter_selection"": {""mean"": {""likelihood"": ""student_t""}, ""range"": {""likelihood"": ""lognormal""}}, ""rem_profile_params"": {""rem_stage"": 2, ""step_size_hours"": 2, ""window_size_hours"": 2}, ""tau_threshold"": 5.0}",run_output_8day_rem_w2_s2_stage2_no_pareto,rem_w2_s2_stage2
94,7fcb6b9d3973638c,ok,,concat: mean; even: range; odd: range,mean=student_t; range=lognormal,16,5.0,6,1,2,304.37125062856154,304.37125062856154,10.145708354285384,3.381902784761796,0.0124209479744992,3.381902784761796,0.0124209479744992,-608.7972299396891,1.0,1561.0,2252.0,1.0300014200463905,0,8,0.4832341642062483,0.9838068896577872,7.505774070400799,0.7813362031740395,6.568801591421501,7.207449364843447,7.603724682421723,0.9071405699857408,0.6932157235524667,0,False,,False,3,3,30,0,[],24.32316907698987,"(30, 152)",,[],"{""feature_selection"": {""concat"": [""mean""], ""even"": [""range""], ""odd"": [""range""]}, ""n_chunks"": 16, ""parameter_selection"": {""mean"": {""likelihood"": ""student_t""}, ""range"": {""likelihood"": ""lognormal""}}, ""rem_profile_params"": {""rem_stage"": 2, ""step_size_hours"": 1, ""window_size_hours"": 6}, ""tau_threshold"": 5.0}",run_output_8day_rem_w6_s1_stage2_no_pareto,rem_w6_s1_stage2
149,cf0e9a6f9df96a46,ok,,"concat: mean, range; even: range; odd: mean",mean=lognormal; range=beta,16,5.0,3,1,2,405.007088505381,405.007088505381,13.5002362835127,3.375059070878175,0.0130115721026131,3.375059070878175,0.0130115721026131,-810.1097960941757,1.0,2431.0,1578.0,0.9133014233500516,0,7,0.9515061914844932,0.999205731565629,6.99745041344168,0.1470575628411033,6.245983584196101,6.499551042472317,6.753118500748533,0.9925228239738736,1.3673895061372825,3,False,,False,4,4,30,0,[],41.48659432801651,"(30, 176)",,[],"{""feature_selection"": {""concat"": [""mean"", ""range""], ""even"": [""range""], ""odd"": [""mean""]}, ""n_chunks"": 16, ""parameter_selection"": {""mean"": {""likelihood"": ""lognormal""}, ""range"": {""likelihood"": ""beta""}}, ""rem_profile_params"": {""rem_stage"": 2, ""step_size_hours"": 1, ""window_size_hours"": 3}, ""tau_threshold"": 5.0}",run_output_8day_rem_w3_s1_stage2_no_pareto,rem_w3_s1_stage2
96,9dcc72c9be573985,ok,,"concat: mean; odd: mean, range",mean=lognormal; range=lognormal,16,5.0,2,2,2,303.60083208373874,303.60083208373874,10.120027736124625,3.3733425787082085,0.0206842768247422,3.3733425787082085,0.0206842768247422,-598.3796002245836,1.01,464.0,568.0,0.9739313585333956,0,7,0.3319478734436956,0.9704890705350444,6.817414978082949,0.8728132325396805,5.6603092347814,6.335517368652471,6.949697795714415,0.6365711743117107,1.4618211137319177,2,False,,False,3,3,30,0,[],13.123821047018282,"(30, 96)",,[],"{""feature_selection"": {""concat"": [""mean""], ""odd"": [""mean"", ""range""]}, ""n_chunks"": 16, ""parameter_selection"": {""mean"": {""likelihood"": ""lognormal""}, ""range"": {""likelihood"": ""lognormal""}}, ""rem_profile_params"": {""rem_stage"": 2, ""step_size_hours"": 2, ""window_size_hours"": 2}, ""tau_threshold"": 5.0}",run_output_8day_rem_w2_s2_stage2_no_pareto,rem_w2_s2_stage2
20,7278ac5e7bf3bb8b,ok,,concat: mean; even: range,mean=lognormal; range=lognormal,16,5.0,6,1,2,202.1582068405724,202.1582068405724,6.738606894685747,3.3693034473428733,0.0184603312349415,3.3693034473428733,0.0184603312349415,-402.0064107649767,1.01,821.0,507.0,0.969129126624871,0,7,0.647886110489853,0.97179332303093,7.020578257425637,0.7366139017765889,6.251493936774486,6.558187014515019,6.86488009225555,0.9550045754433808,0.7619397329456793,2,False,,False,2,2,30,0,[],9.67570592300035,"(30, 152)",,[],"{""feature_selection"": {""concat"": [""mean""], ""even"": [""range""]}, ""n_chunks"": 16, ""parameter_selection"": {""mean"": {""likelihood"": ""lognormal""}, ""range"": {""likelihood"": ""lognormal""}}, ""rem_profile_params"": {""rem_stage"": 2, ""step_size_hours"": 1, ""window_size_hours"": 6}, ""tau_threshold"": 5.0}",run_output_8day_rem_w6_s1_stage2_no_pareto,rem_w6_s1_stage2
161,12b598b2bcdceea3,ok,,"concat: mean; even: mean, range; odd: mean",mean=lognormal; range=beta,16,5.0,2,2,2,403.9319924873453,403.9319924873453,13.464399749578178,3.3660999373945444,0.0144180956313411,3.3660999373945444,0.0144180956313411,-803.6897818178315,1.01,1140.0,831.0,0.947666072565512,0,7,0.5302747880717285,0.9976650370499278,6.715988942955598,0.5692046401038663,5.74542489044959,6.270721140771139,6.679867603722619,0.6654182336187292,1.5272210189949964,3,False,,False,4,4,30,0,[],34.54514065798139,"(30, 96)",,[],"{""feature_selection"": {""concat"": [""mean""], ""even"": [""mean"", ""range""], ""odd"": [""mean""]}, ""n_chunks"": 16, ""parameter_selection"": {""mean"": {""likelihood"": ""lognormal""}, ""range"": {""likelihood"": ""beta""}}, ""rem_profile_params"": {""rem_stage"": 2, ""step_size_hours"": 2, ""window_size_hours"": 2}, ""tau_threshold"": 5.0}",run_output_8day_rem_w2_s2_stage2_no_pareto,rem_w2_s2_stage2
164,28a614df86c1ecd6,ok,,"concat: mean; even: mean, range; odd: mean",mean=student_t; range=lognormal,16,5.0,6,1,2,403.8144718292256,403.8144718292256,13.46048239430752,3.3651205985768797,0.0115568021457664,3.3651205985768797,0.0115568021457664,-806.5233655456036,1.0,1457.0,1320.0,1.0210102427172036,0,8,0.6789069400270327,0.9817407871052996,7.755634051078505,0.702867681924141,7.097304202438514,7.3982028016256765,7.699101400812838,0.9681627076431962,0.8837980187060273,1,False,,False,4,4,30,0,[],49.01111695897998,"(30, 152)",,[],"{""feature_selection"": {""concat"": [""mean""], ""even"": [""mean"", ""range""], ""odd"": [""mean""]}, ""n_chunks"": 16, ""parameter_selection"": {""mean"": {""likelihood"": ""student_t""}, ""range"": {""likelihood"": ""lognormal""}}, ""rem_profile_params"": {""rem_stage"": 2, ""step_size_hours"": 1, ""window_size_hours"": 6}, ""tau_threshold"": 5.0}",run_output_8day_rem_w6_s1_stage2_no_pareto,rem_w6_s1_stage2
197,29d3df6742ca5fc5,ok,,"concat: mean, range; even: mean, range; odd: mean",mean=lognormal; range=beta,16,5.0,2,2,2,502.368406875366,502.368406875366,16.745613562512197,3.34912271250244,0.0119952234187628,3.34912271250244,0.0119952234187628,-1005.6303968352504,1.0,1965.0,1403.0,0.9553953231221116,0,7,0.891528716673651,0.9999284917586206,6.968751070858944,0.2051572450637001,6.222534674942319,6.483717383808806,6.744900092675292,0.9630067069792848,1.464187450730616,5,False,,False,5,5,30,0,[],53.51734823000152,"(30, 96)",,[],"{""feature_selection"": {""concat"": [""mean"", ""range""], ""even"": [""mean"", ""range""], ""odd"": [""mean""]}, ""n_chunks"": 16, ""parameter_selection"": {""mean"": {""likelihood"": ""lognormal""}, ""range"": {""likelihood"": ""beta""}}, ""rem_profile_params"": {""rem_stage"": 2, ""step_size_hours"": 2, ""window_size_hours"": 2}, ""tau_threshold"": 5.0}",run_output_8day_rem_w2_s2_stage2_no_pareto,rem_w2_s2_stage2
143,e3e005101d638da3,ok,,"concat: mean, range; even: mean; odd: mean",mean=student_t; range=beta,16,5.0,6,1,2,401.8348313147161,401.8348313147161,13.394494377157203,3.348623594289301,0.0113735293842516,3.348623594289301,0.0113735293842516,-803.6167940920086,1.0,1344.0,1853.0,0.9557639814443984,0,5,0.4523482734574551,0.429718772115178,5.3588126603163175,0.7789136469181237,4.380990253875224,4.864166984379221,5.443504025959955,0.0244941031255772,0.6547918172950824,0,False,,False,4,4,30,0,[],53.7862898450112,"(30, 152)",,[],"{""feature_selection"": {""concat"": [""mean"", ""range""], ""even"": [""mean""], ""odd"": [""mean""]}, ""n_chunks"": 16, ""parameter_selection"": {""mean"": {""likelihood"": ""student_t""}, ""range"": {""likelihood"": ""beta""}}, ""rem_profile_params"": {""rem_stage"": 2, ""step_size_hours"": 1, ""window_size_hours"": 6}, ""tau_threshold"": 5.0}",run_output_8day_rem_w6_s1_stage2_no_pareto,rem_w6_s1_stage2
59,48f13d01f193b474,ok,,"odd: mean, range",mean=student_t; range=beta,16,5.0,2,1,2,200.85524620793709,200.85524620793709,6.695174873597903,3.347587436798952,0.0151960133676231,3.347587436798952,0.0151960133676231,-402.7558552947501,1.0,1507.0,1862.0,0.9422341144411596,0,6,0.2191205128483319,0.8529654518539043,6.3276436212228,1.1937514248162242,5.21114823570545,5.723815911862119,6.760976771586425,0.3653201181863279,0.8842953320993016,1,False,,False,2,2,30,0,[],25.75718507694546,"(30, 184)",,[],"{""feature_selection"": {""odd"": [""mean"", ""range""]}, ""n_chunks"": 16, ""parameter_selection"": {""mean"": {""likelihood"": ""student_t""}, ""range"": {""likelihood"": ""beta""}}, ""rem_profile_params"": {""rem_stage"": 2, ""step_size_hours"": 1, ""window_size_hours"": 2}, ""tau_threshold"": 5.0}",run_output_8day_rem_w2_s1_stage2_no_pareto,rem_w2_s1_stage2
219,443182d397443103,ok,,"concat: range; even: mean, range; odd: mean, range",mean=student_t; range=beta,16,5.0,2,1,2,501.9326879038132,501.9326879038132,16.731089596793773,3.3462179193587542,0.0096575546743251,3.3462179193587542,0.0096575546743251,-1005.6036739840742,1.01,488.0,703.0,0.8824332165454817,0,6,0.4940226663320144,0.9479626231906104,6.369467930608245,0.9003870116796284,5.281338033361404,5.636629892030244,5.991921750699082,0.244315765261844,0.9246320368870988,3,False,,False,5,5,30,0,[],79.5828565779957,"(30, 184)",,[],"{""feature_selection"": {""concat"": [""range""], ""even"": [""mean"", ""range""], ""odd"": [""mean"", ""range""]}, ""n_chunks"": 16, ""parameter_selection"": {""mean"": {""likelihood"": ""student_t""}, ""range"": {""likelihood"": ""beta""}}, ""rem_profile_params"": {""rem_stage"": 2, ""step_size_hours"": 1, ""window_size_hours"": 2}, ""tau_threshold"": 5.0}",run_output_8day_rem_w2_s1_stage2_no_pareto,rem_w2_s1_stage2
205,09f6b9482be403e9,ok,,"concat: mean, range; even: mean; odd: mean, range",mean=lognormal; range=beta,16,5.0,3,1,2,501.4376812888954,501.4376812888954,16.714589376296512,3.342917875259304,0.0135777289522479,3.342917875259304,0.0135777289522479,-1004.93794043218,1.01,1159.0,1008.0,0.9661843882097876,0,7,0.9468890954791715,0.9999997681782706,7.014529421068557,0.1328771521214982,6.252849113754402,6.507397003707851,6.7619448936613,0.998331575053168,1.756512011458954,6,False,,False,5,5,30,0,[],50.62061046698364,"(30, 176)",,[],"{""feature_selection"": {""concat"": [""mean"", ""range""], ""even"": [""mean""], ""odd"": [""mean"", ""range""]}, ""n_chunks"": 16, ""parameter_selection"": {""mean"": {""likelihood"": ""lognormal""}, ""range"": {""likelihood"": ""beta""}}, ""rem_profile_params"": {""rem_stage"": 2, ""step_size_hours"": 1, ""window_size_hours"": 3}, ""tau_threshold"": 5.0}",run_output_8day_rem_w3_s1_stage2_no_pareto,rem_w3_s1_stage2
72,978c0c0c19c8527b,ok,,"concat: mean, range; odd: mean",mean=student_t; range=lognormal,16,5.0,6,1,2,300.7446927410421,300.7446927410421,10.02482309136807,3.34160769712269,0.013216149425633,3.34160769712269,0.013216149425633,-602.4283727558994,1.0,1911.0,1490.0,0.960726974950476,0,7,0.566890706523784,0.9722802091863196,6.855911463073757,0.5725877534977662,6.098977449055335,6.426965402599075,6.754953356142816,0.8254428996445866,1.1890967799022116,1,False,,False,3,3,30,0,[],28.25216746301157,"(30, 152)",,[],"{""feature_selection"": {""concat"": [""mean"", ""range""], ""odd"": [""mean""]}, ""n_chunks"": 16, ""parameter_selection"": {""mean"": {""likelihood"": ""student_t""}, ""range"": {""likelihood"": ""lognormal""}}, ""rem_profile_params"": {""rem_stage"": 2, ""step_size_hours"": 1, ""window_size_hours"": 6}, ""tau_threshold"": 5.0}",run_output_8day_rem_w6_s1_stage2_no_pareto,rem_w6_s1_stage2
95,6b6a3e87702f2532,ok,,"concat: mean; odd: mean, range",mean=lognormal; range=beta,16,5.0,3,1,2,300.6101801624107,300.6101801624107,10.020339338747023,3.3401131129156743,0.0174509664506458,3.3401131129156743,0.0174509664506458,-600.4674918025208,1.0,943.0,607.0,0.9688994652029804,0,7,0.5871248540118279,0.992309882431698,6.816057706989222,0.5750743945831668,6.050773199002686,6.389583234605478,6.728393270208271,0.7874643558833442,1.6579893603000508,3,False,,False,3,3,30,0,[],26.084479188953992,"(30, 176)",,[],"{""feature_selection"": {""concat"": [""mean""], ""odd"": [""mean"", ""range""]}, ""n_chunks"": 16, ""parameter_selection"": {""mean"": {""likelihood"": ""lognormal""}, ""range"": {""likelihood"": ""beta""}}, ""rem_profile_params"": {""rem_stage"": 2, ""step_size_hours"": 1, ""window_size_hours"": 3}, ""tau_threshold"": 5.0}",run_output_8day_rem_w3_s1_stage2_no_pareto,rem_w3_s1_stage2
88,4ffb16f9ed65dc73,ok,,concat: mean; even: range; odd: mean,mean=lognormal; range=lognormal,16,5.0,2,1,2,300.4949029942483,300.4949029942483,10.016496766474944,3.338832255491648,0.0171614520720194,3.338832255491648,0.0171614520720194,-597.9735755564357,1.01,2149.0,1875.0,0.9662778042952396,0,7,0.6612888759595066,0.98796545275313,6.841248952797901,0.5189498233502242,6.111190486855728,6.417780723287096,6.724370959718463,0.8406670154845408,1.5263982297753875,2,False,,False,3,3,30,0,[],13.583163892966695,"(30, 184)",,[],"{""feature_selection"": {""concat"": [""mean""], ""even"": [""range""], ""odd"": [""mean""]}, ""n_chunks"": 16, ""parameter_selection"": {""mean"": {""likelihood"": ""lognormal""}, ""range"": {""likelihood"": ""lognormal""}}, ""rem_profile_params"": {""rem_stage"": 2, ""step_size_hours"": 1, ""window_size_hours"": 2}, ""tau_threshold"": 5.0}",run_output_8day_rem_w2_s1_stage2_no_pareto,rem_w2_s1_stage2
26,b3d1ed2332bc8437,ok,,concat: mean; odd: range,mean=lognormal; range=lognormal,16,5.0,6,1,2,200.32616530066528,200.32616530066528,6.677538843355509,3.3387694216777555,0.0153204331319873,3.3387694216777555,0.0153204331319873,-399.82774897259577,1.0,1022.0,507.0,0.9379891679072994,0,7,0.5935810081621791,0.989622956844302,6.974445961547365,0.5631219068992688,6.176255102262594,6.49744387125745,6.818632640252305,0.8871896523765261,0.9665323181215728,2,False,,False,2,2,30,0,[],9.765786489995662,"(30, 152)",,[],"{""feature_selection"": {""concat"": [""mean""], ""odd"": [""range""]}, ""n_chunks"": 16, ""parameter_selection"": {""mean"": {""likelihood"": ""lognormal""}, ""range"": {""likelihood"": ""lognormal""}}, ""rem_profile_params"": {""rem_stage"": 2, ""step_size_hours"": 1, ""window_size_hours"": 6}, ""tau_threshold"": 5.0}",run_output_8day_rem_w6_s1_stage2_no_pareto,rem_w6_s1_stage2
205,6b598749cb7a0ea8,ok,,"concat: mean, range; even: mean; odd: mean, range",mean=lognormal; range=beta,16,5.0,2,2,2,500.7112255743313,500.7112255743313,16.690374185811045,3.338074837162208,0.0127344869392229,3.338074837162208,0.0127344869392229,-997.1832588854644,1.0,2821.0,1914.0,0.9936565476974693,0,7,0.950241345929872,0.9999999712028478,6.983435541470486,0.130507524550009,6.237169124559353,6.491571931773792,6.745974738988232,0.9830645710597832,1.3508404020552,6,False,,False,5,5,30,0,[],50.64913424500264,"(30, 96)",,[],"{""feature_selection"": {""concat"": [""mean"", ""range""], ""even"": [""mean""], ""odd"": [""mean"", ""range""]}, ""n_chunks"": 16, ""parameter_selection"": {""mean"": {""likelihood"": ""lognormal""}, ""range"": {""likelihood"": ""beta""}}, ""rem_profile_params"": {""rem_stage"": 2, ""step_size_hours"": 2, ""window_size_hours"": 2}, ""tau_threshold"": 5.0}",run_output_8day_rem_w2_s2_stage2_no_pareto,rem_w2_s2_stage2
150,a117eb609ca0c59d,ok,,"concat: mean, range; even: range; odd: mean",mean=lognormal; range=lognormal,16,5.0,2,1,2,400.3144273027671,400.3144273027671,13.343814243425568,3.3359535608563915,0.0143990102633359,3.3359535608563915,0.0143990102633359,-801.317498186506,1.0,2238.0,2279.0,0.9932053702156256,0,7,0.789312726995092,0.99749244387225,6.913523994942757,0.3434486128426961,6.176241791371402,6.45470973358526,6.733177675799118,0.9082244889396032,1.5424359311813811,3,False,,False,4,4,30,0,[],16.882166958006565,"(30, 184)",,[],"{""feature_selection"": {""concat"": [""mean"", ""range""], ""even"": [""range""], ""odd"": [""mean""]}, ""n_chunks"": 16, ""parameter_selection"": {""mean"": {""likelihood"": ""lognormal""}, ""range"": {""likelihood"": ""lognormal""}}, ""rem_profile_params"": {""rem_stage"": 2, ""step_size_hours"": 1, ""window_size_hours"": 2}, ""tau_threshold"": 5.0}",run_output_8day_rem_w2_s1_stage2_no_pareto,rem_w2_s1_stage2
168,a61ed08001dfc753,ok,,"concat: mean; even: mean, range; odd: range",mean=student_t; range=lognormal,16,5.0,2,2,2,399.6779498372864,399.6779498372864,13.322598327909548,3.330649581977388,0.0104741357637677,3.330649581977388,0.0104741357637677,-799.3042977705394,1.0,2760.0,2199.0,1.023099932894446,0,8,0.8819710267501962,0.9915726021307096,7.923767788406091,0.4363252617991092,7.219948462115614,7.479965641410409,7.739982820705205,0.9763851448516022,0.6971568082374603,0,False,,False,4,4,30,0,[],42.56954760203371,"(30, 96)",,[],"{""feature_selection"": {""concat"": [""mean""], ""even"": [""mean"", ""range""], ""odd"": [""range""]}, ""n_chunks"": 16, ""parameter_selection"": {""mean"": {""likelihood"": ""student_t""}, ""range"": {""likelihood"": ""lognormal""}}, ""rem_profile_params"": {""rem_stage"": 2, ""step_size_hours"": 2, ""window_size_hours"": 2}, ""tau_threshold"": 5.0}",run_output_8day_rem_w2_s2_stage2_no_pareto,rem_w2_s2_stage2
172,63c3b15117c81b6e,ok,,"concat: mean; even: mean; odd: mean, range",mean=student_t; range=lognormal,16,5.0,6,1,2,398.24944689819273,398.24944689819273,13.27498156327309,3.318745390818273,0.010031483262076,3.318745390818273,0.010031483262076,-795.1459771680073,1.0,983.0,1113.0,1.0374023129107584,0,8,0.5370178574587086,0.9889712755222296,7.583778213696638,0.7603616968222949,6.822426799995602,7.307140209966464,7.653570104983232,0.8813176272242924,0.6582020769631842,0,False,,False,4,4,30,0,[],50.150257347966544,"(30, 152)",,[],"{""feature_selection"": {""concat"": [""mean""], ""even"": [""mean""], ""odd"": [""mean"", ""range""]}, ""n_chunks"": 16, ""parameter_selection"": {""mean"": {""likelihood"": ""student_t""}, ""range"": {""likelihood"": ""lognormal""}}, ""rem_profile_params"": {""rem_stage"": 2, ""step_size_hours"": 1, ""window_size_hours"": 6}, ""tau_threshold"": 5.0}",run_output_8day_rem_w6_s1_stage2_no_pareto,rem_w6_s1_stage2
185,b9204adb74924210,ok,,"concat: range; even: mean; odd: mean, range",mean=lognormal; range=beta,16,5.0,2,1,2,398.10716249784696,398.10716249784696,13.270238749928232,3.3175596874820577,0.0130799758620821,3.3175596874820577,0.0130799758620821,-795.5501498237218,1.0,844.0,1523.0,0.915350066402822,0,6,0.3218025916395102,0.956442092909652,6.843518343443942,1.085577438832204,5.506083679821319,6.287885415712082,7.342066630941475,0.5485212269719486,1.3376701072171548,3,False,,False,4,4,30,0,[],41.69996076100506,"(30, 184)",,[],"{""feature_selection"": {""concat"": [""range""], ""even"": [""mean""], ""odd"": [""mean"", ""range""]}, ""n_chunks"": 16, ""parameter_selection"": {""mean"": {""likelihood"": ""lognormal""}, ""range"": {""likelihood"": ""beta""}}, ""rem_profile_params"": {""rem_stage"": 2, ""step_size_hours"": 1, ""window_size_hours"": 2}, ""tau_threshold"": 5.0}",run_output_8day_rem_w2_s1_stage2_no_pareto,rem_w2_s1_stage2
216,692971122c52c626,ok,,"concat: mean; even: mean, range; odd: mean, range",mean=student_t; range=lognormal,16,5.0,3,1,2,497.1653056733837,497.1653056733837,16.572176855779457,3.314435371155891,0.0105188887308744,3.314435371155891,0.0105188887308744,-994.0246201651886,1.0,3235.0,2273.0,1.0330942120436355,0,8,0.9374942194458116,0.9982608505191816,7.971933310589817,0.2327839335419629,7.235341307235377,7.490227538156918,7.745113769078459,0.9941012439200796,0.8401826052725699,1,False,,False,5,5,30,0,[],60.77850601100363,"(30, 176)",,[],"{""feature_selection"": {""concat"": [""mean""], ""even"": [""mean"", ""range""], ""odd"": [""mean"", ""range""]}, ""n_chunks"": 16, ""parameter_selection"": {""mean"": {""likelihood"": ""student_t""}, ""range"": {""likelihood"": ""lognormal""}}, ""rem_profile_params"": {""rem_stage"": 2, ""step_size_hours"": 1, ""window_size_hours"": 3}, ""tau_threshold"": 5.0}",run_output_8day_rem_w3_s1_stage2_no_pareto,rem_w3_s1_stage2
169,a84b6b6049dbca57,ok,,"concat: mean; even: mean; odd: mean, range",mean=lognormal; range=beta,16,5.0,2,2,2,397.6412348506129,397.6412348506129,13.254707828353764,3.313676957088442,0.0150091118654137,3.313676957088442,0.0150091118654137,-791.6643297852617,1.01,2349.0,2222.0,1.0230004202734353,0,7,0.6794533421223462,0.9999959353167948,6.789494125848761,0.4287462086853687,6.039761278799383,6.363644698850018,6.687528118900652,0.7806910421604529,1.4612706228602008,5,False,,False,4,4,30,0,[],36.00249724200694,"(30, 96)",,[],"{""feature_selection"": {""concat"": [""mean""], ""even"": [""mean""], ""odd"": [""mean"", ""range""]}, ""n_chunks"": 16, ""parameter_selection"": {""mean"": {""likelihood"": ""lognormal""}, ""range"": {""likelihood"": ""beta""}}, ""rem_profile_params"": {""rem_stage"": 2, ""step_size_hours"": 2, ""window_size_hours"": 2}, ""tau_threshold"": 5.0}",run_output_8day_rem_w2_s2_stage2_no_pareto,rem_w2_s2_stage2
138,e0f934f1df01498d,ok,,"concat: mean, range; even: mean, range",mean=lognormal; range=lognormal,16,5.0,2,2,2,396.85188162734846,396.85188162734846,13.228396054244948,3.307099013561237,0.0106455668078658,3.307099013561237,0.0106455668078658,-794.3976995013461,1.0,3675.0,2593.0,1.0579940290317649,0,7,0.8457867469466527,0.9997285642952056,6.92530638808485,0.2674753396010369,6.189088488687346,6.459723487785992,6.730358486884638,0.9246711339230952,1.1851865150041092,2,False,,False,4,4,30,0,[],15.95042505703168,"(30, 96)",,[],"{""feature_selection"": {""concat"": [""mean"", ""range""], ""even"": [""mean"", ""range""]}, ""n_chunks"": 16, ""parameter_selection"": {""mean"": {""likelihood"": ""lognormal""}, ""range"": {""likelihood"": ""lognormal""}}, ""rem_profile_params"": {""rem_stage"": 2, ""step_size_hours"": 2, ""window_size_hours"": 2}, ""tau_threshold"": 5.0}",run_output_8day_rem_w2_s2_stage2_no_pareto,rem_w2_s2_stage2
13,114b012c80fd1c02,ok,,"concat: mean, range",mean=lognormal; range=beta,16,5.0,6,1,2,197.8051897257594,197.8051897257594,6.59350632419198,3.2967531620959907,0.0170687720380658,3.2967531620959907,0.0170687720380658,-395.022170748511,1.0,1312.0,1192.0,0.9103706822440896,0,5,0.3499127161386093,0.4821356284106657,5.390364513211645,0.9605586374778432,4.376473499781555,4.958415861618295,5.578772399433153,0.0810528735349699,0.9154068772643642,1,False,,False,2,2,30,0,[],18.52223193703685,"(30, 152)",,[],"{""feature_selection"": {""concat"": [""mean"", ""range""]}, ""n_chunks"": 16, ""parameter_selection"": {""mean"": {""likelihood"": ""lognormal""}, ""range"": {""likelihood"": ""beta""}}, ""rem_profile_params"": {""rem_stage"": 2, ""step_size_hours"": 1, ""window_size_hours"": 6}, ""tau_threshold"": 5.0}",run_output_8day_rem_w6_s1_stage2_no_pareto,rem_w6_s1_stage2
123,8b98dab690637cce,ok,,"even: mean, range; odd: mean",mean=student_t; range=beta,16,5.0,2,1,2,296.47774732732125,296.47774732732125,9.882591577577376,3.294197192525792,0.0121977585609759,3.294197192525792,0.0121977585609759,-593.3522166348345,1.01,565.0,1138.0,0.9513614547181868,0,8,0.0823835800904155,0.5178380507228504,5.864836423991653,1.6794832410436964,4.0598296826634375,5.109673769698011,7.17731540292068,0.3551915877448035,0.9482569724914576,1,False,,False,3,3,30,0,[],40.80447575601284,"(30, 184)",,[],"{""feature_selection"": {""even"": [""mean"", ""range""], ""odd"": [""mean""]}, ""n_chunks"": 16, ""parameter_selection"": {""mean"": {""likelihood"": ""student_t""}, ""range"": {""likelihood"": ""beta""}}, ""rem_profile_params"": {""rem_stage"": 2, ""step_size_hours"": 1, ""window_size_hours"": 2}, ""tau_threshold"": 5.0}",run_output_8day_rem_w2_s1_stage2_no_pareto,rem_w2_s1_stage2
85,b9606197ed48760e,ok,,concat: mean; even: mean; odd: range,mean=student_t; range=beta,16,5.0,6,1,2,296.3150629360664,296.3150629360664,9.877168764535549,3.292389588178517,0.0086791288606775,3.292389588178517,0.0086791288606775,-592.7569093036677,1.0,3385.0,2174.0,1.0241811155299434,0,5,0.897437042718987,0.0384214695090627,5.046290453985669,0.2467904766702396,4.259970052309852,4.519965933291386,4.779961814272921,0.0074850957814857,0.8837206458263462,1,False,,False,3,3,30,0,[],36.001153093995526,"(30, 152)",,[],"{""feature_selection"": {""concat"": [""mean""], ""even"": [""mean""], ""odd"": [""range""]}, ""n_chunks"": 16, ""parameter_selection"": {""mean"": {""likelihood"": ""student_t""}, ""range"": {""likelihood"": ""beta""}}, ""rem_profile_params"": {""rem_stage"": 2, ""step_size_hours"": 1, ""window_size_hours"": 6}, ""tau_threshold"": 5.0}",run_output_8day_rem_w6_s1_stage2_no_pareto,rem_w6_s1_stage2
224,691fadc8f5638611,ok,,"concat: mean, range; even: mean, range; odd: mean, range",mean=student_t; range=lognormal,16,5.0,2,2,2,591.5922549225128,591.5922549225128,19.719741830750426,3.286623638458404,0.0102627805924484,3.286623638458404,0.0102627805924484,-1182.4914293941315,1.01,621.0,1522.0,0.9518651044999348,0,8,0.4100409997125273,0.9918267734360976,7.294196533848705,0.8306838743908809,6.111042653531544,7.0478612847299615,7.523930642364981,0.7780888228098853,1.0028239693207757,3,False,,False,6,6,30,0,[],70.0932217349764,"(30, 96)",,[],"{""feature_selection"": {""concat"": [""mean"", ""range""], ""even"": [""mean"", ""range""], ""odd"": [""mean"", ""range""]}, ""n_chunks"": 16, ""parameter_selection"": {""mean"": {""likelihood"": ""student_t""}, ""range"": {""likelihood"": ""lognormal""}}, ""rem_profile_params"": {""rem_stage"": 2, ""step_size_hours"": 2, ""window_size_hours"": 2}, ""tau_threshold"": 5.0}",run_output_8day_rem_w2_s2_stage2_no_pareto,rem_w2_s2_stage2
197,63d48924e2265187,ok,,"concat: mean, range; even: mean, range; odd: mean",mean=lognormal; range=beta,16,5.0,3,1,2,492.4991029787544,492.4991029787544,16.41663676595848,3.283327353191696,0.0120072516313529,3.283327353191696,0.0120072516313529,-983.5143371099124,1.01,3190.0,2266.0,0.9545528031937028,0,7,0.9876746476144572,0.999987942301631,6.997695352988313,0.0557483320791889,6.2480804838109245,6.498850663388096,6.749620842965268,0.9973185649797138,1.5252421739591393,3,False,,False,5,5,30,0,[],49.01550296001369,"(30, 176)",,[],"{""feature_selection"": {""concat"": [""mean"", ""range""], ""even"": [""mean"", ""range""], ""odd"": [""mean""]}, ""n_chunks"": 16, ""parameter_selection"": {""mean"": {""likelihood"": ""lognormal""}, ""range"": {""likelihood"": ""beta""}}, ""rem_profile_params"": {""rem_stage"": 2, ""step_size_hours"": 1, ""window_size_hours"": 3}, ""tau_threshold"": 5.0}",run_output_8day_rem_w3_s1_stage2_no_pareto,rem_w3_s1_stage2
101,8ab6bb8ecf3d63bb,ok,,"concat: range; even: mean, range",mean=student_t; range=beta,16,5.0,2,1,2,295.4514303512957,295.4514303512957,9.848381011709856,3.282793670569952,0.0096483066517022,3.282793670569952,0.0096483066517022,-592.2089822314814,1.01,405.0,675.0,0.9378880111768308,0,6,0.1085391611674104,0.6851005653611187,6.0705133452367175,1.4350931455745537,4.593674089228362,5.527739300474105,6.972384213325616,0.3343581340227095,0.9443021020780908,2,False,,False,3,3,30,0,[],38.288423769990914,"(30, 184)",,[],"{""feature_selection"": {""concat"": [""range""], ""even"": [""mean"", ""range""]}, ""n_chunks"": 16, ""parameter_selection"": {""mean"": {""likelihood"": ""student_t""}, ""range"": {""likelihood"": ""beta""}}, ""rem_profile_params"": {""rem_stage"": 2, ""step_size_hours"": 1, ""window_size_hours"": 2}, ""tau_threshold"": 5.0}",run_output_8day_rem_w2_s1_stage2_no_pareto,rem_w2_s1_stage2
96,277b8fc7428c0f12,ok,,"concat: mean; odd: mean, range",mean=lognormal; range=lognormal,16,5.0,3,1,2,295.44407915776765,295.44407915776765,9.848135971925588,3.2827119906418627,0.0182567324042429,3.2827119906418627,0.0182567324042429,-572.054682447148,1.05,60.0,128.0,0.9473587344084968,0,7,0.3942734789127524,0.9923850299453136,7.070674314238668,0.7510261211131799,6.068031831343311,6.586426339206371,7.168193620776216,0.7828089082307962,1.9772352720528303,3,False,,False,3,3,30,0,[],14.112595792044884,"(30, 176)",,[],"{""feature_selection"": {""concat"": [""mean""], ""odd"": [""mean"", ""range""]}, ""n_chunks"": 16, ""parameter_selection"": {""mean"": {""likelihood"": ""lognormal""}, ""range"": {""likelihood"": ""lognormal""}}, ""rem_profile_params"": {""rem_stage"": 2, ""step_size_hours"": 1, ""window_size_hours"": 3}, ""tau_threshold"": 5.0}",run_output_8day_rem_w3_s1_stage2_no_pareto,rem_w3_s1_stage2
163,5f08b66c4269d639,ok,,"concat: mean; even: mean, range; odd: mean",mean=student_t; range=beta,16,5.0,6,1,2,393.81800788981855,393.81800788981855,13.127266929660616,3.281816732415154,0.0108154299054311,3.281816732415154,0.0108154299054311,-787.2029604454225,1.01,1117.0,886.0,0.9678636065426808,0,8,0.7121882879632351,0.972238756956356,7.757624234157402,0.8239556919283816,7.1444210017337095,7.429614001155807,7.714807000577903,0.9501915996940392,0.6637773255030004,0,False,,False,4,4,30,0,[],60.54735676600831,"(30, 152)",,[],"{""feature_selection"": {""concat"": [""mean""], ""even"": [""mean"", ""range""], ""odd"": [""mean""]}, ""n_chunks"": 16, ""parameter_selection"": {""mean"": {""likelihood"": ""student_t""}, ""range"": {""likelihood"": ""beta""}}, ""rem_profile_params"": {""rem_stage"": 2, ""step_size_hours"": 1, ""window_size_hours"": 6}, ""tau_threshold"": 5.0}",run_output_8day_rem_w6_s1_stage2_no_pareto,rem_w6_s1_stage2
201,ee3aefded879788a,ok,,"concat: mean, range; even: mean, range; odd: range",mean=lognormal; range=beta,16,5.0,3,1,2,492.1715643124699,492.1715643124699,16.405718810415664,3.281143762083133,0.010037724955712,3.281143762083133,0.010037724955712,-987.6605698029103,1.0,2228.0,1949.0,0.921190019901644,0,7,0.9696674105638252,0.9999969016987944,7.0064715127273125,0.0941035711843724,6.251026254335045,6.503266806598111,6.755507358861177,0.9987964881963596,1.1580336154947373,3,False,,False,5,5,30,0,[],56.804110963013954,"(30, 176)",,[],"{""feature_selection"": {""concat"": [""mean"", ""range""], ""even"": [""mean"", ""range""], ""odd"": [""range""]}, ""n_chunks"": 16, ""parameter_selection"": {""mean"": {""likelihood"": ""lognormal""}, ""range"": {""likelihood"": ""beta""}}, ""rem_profile_params"": {""rem_stage"": 2, ""step_size_hours"": 1, ""window_size_hours"": 3}, ""tau_threshold"": 5.0}",run_output_8day_rem_w3_s1_stage2_no_pareto,rem_w3_s1_stage2
158,66765ab369201038,ok,,"concat: mean, range; odd: mean, range",mean=lognormal; range=lognormal,16,5.0,2,2,2,393.696994034829,393.696994034829,13.1232331344943,3.280808283623575,0.0162410967815767,3.280808283623575,0.0162410967815767,-785.8802645475744,1.0,2431.0,2567.0,0.9991298626321076,0,7,0.6723891386257459,0.996799027852058,6.789638288926065,0.4411914145854357,6.044990203009465,6.367116444396329,6.689242685783193,0.7849165926499546,1.5735155555704026,3,False,,False,4,4,30,0,[],16.165916622965597,"(30, 96)",,[],"{""feature_selection"": {""concat"": [""mean"", ""range""], ""odd"": [""mean"", ""range""]}, ""n_chunks"": 16, ""parameter_selection"": {""mean"": {""likelihood"": ""lognormal""}, ""range"": {""likelihood"": ""lognormal""}}, ""rem_profile_params"": {""rem_stage"": 2, ""step_size_hours"": 2, ""window_size_hours"": 2}, ""tau_threshold"": 5.0}",run_output_8day_rem_w2_s2_stage2_no_pareto,rem_w2_s2_stage2
153,b524229001b642e8,ok,,"concat: mean, range; even: range; odd: range",mean=lognormal; range=beta,16,5.0,2,2,2,392.4378129652693,392.4378129652693,13.08126043217564,3.270315108043911,0.0085181674347053,3.270315108043911,0.0085181674347053,-787.5162079976126,1.0,2196.0,1689.0,0.9219667380883176,0,7,0.9377775820860365,0.9999999812789616,6.979563564005582,0.1484024405537599,6.233808219399638,6.489547223307158,6.745286227214677,0.978561361219061,1.281982758224171,5,False,,False,4,4,30,0,[],44.77789693197701,"(30, 96)",,[],"{""feature_selection"": {""concat"": [""mean"", ""range""], ""even"": [""range""], ""odd"": [""range""]}, ""n_chunks"": 16, ""parameter_selection"": {""mean"": {""likelihood"": ""lognormal""}, ""range"": {""likelihood"": ""beta""}}, ""rem_profile_params"": {""rem_stage"": 2, ""step_size_hours"": 2, ""window_size_hours"": 2}, ""tau_threshold"": 5.0}",run_output_8day_rem_w2_s2_stage2_no_pareto,rem_w2_s2_stage2
45,72e53e2acfee97cd,ok,,even: mean; odd: mean,mean=lognormal,16,5.0,2,1,2,195.91521784317,195.91521784317,6.530507261438999,3.2652536307195,0.020161966348276,3.2652536307195,0.020161966348276,-389.47815527057446,1.01,669.0,824.0,1.0141148065055108,0,8,0.2075538675315551,0.7086148045935484,6.456088809957086,1.955970779733748,4.383104204149509,7.015345619358573,7.507672809679287,0.6443470673533025,1.311137554601519,4,False,,False,2,2,30,0,[],10.297194842947649,"(30, 184)",,[],"{""feature_selection"": {""even"": [""mean""], ""odd"": [""mean""]}, ""n_chunks"": 16, ""parameter_selection"": {""mean"": {""likelihood"": ""lognormal""}}, ""rem_profile_params"": {""rem_stage"": 2, ""step_size_hours"": 1, ""window_size_hours"": 2}, ""tau_threshold"": 5.0}",run_output_8day_rem_w2_s1_stage2_no_pareto,rem_w2_s1_stage2
176,cd2045742f2ec79a,ok,,"concat: mean; even: range; odd: mean, range",mean=student_t; range=lognormal,16,5.0,6,1,2,391.80522646010286,391.80522646010286,13.060174215336762,3.2650435538341918,0.0108368949388558,3.2650435538341918,0.0108368949388558,-782.1242148633607,1.0,791.0,1116.0,0.948007595962617,0,8,0.4753161604809015,0.9842445106609904,7.492155593160351,0.818154750143859,6.552714654595241,7.225080474157567,7.612540237078783,0.8794673757793151,0.8004420146459695,1,False,,False,4,4,30,0,[],43.45771807600977,"(30, 152)",,[],"{""feature_selection"": {""concat"": [""mean""], ""even"": [""range""], ""odd"": [""mean"", ""range""]}, ""n_chunks"": 16, ""parameter_selection"": {""mean"": {""likelihood"": ""student_t""}, ""range"": {""likelihood"": ""lognormal""}}, ""rem_profile_params"": {""rem_stage"": 2, ""step_size_hours"": 1, ""window_size_hours"": 6}, ""tau_threshold"": 5.0}",run_output_8day_rem_w6_s1_stage2_no_pareto,rem_w6_s1_stage2
67,0d1e91c8d119f8e4,ok,,"concat: mean, range; even: range",mean=student_t; range=beta,16,5.0,6,1,2,293.7184930464111,293.7184930464111,9.79061643488037,3.2635388116267903,0.0094181449159131,3.2635388116267903,0.0094181449159131,-588.2028764801915,1.0,1506.0,1523.0,0.9001833401281562,0,5,0.4166415097211378,0.2617777477084969,5.008234117938687,0.9702843974891278,4.178072153673294,4.598950064537114,5.048993117445438,0.0213817834873305,0.6633506947182458,0,False,,False,3,3,30,0,[],34.51982227398548,"(30, 152)",,[],"{""feature_selection"": {""concat"": [""mean"", ""range""], ""even"": [""range""]}, ""n_chunks"": 16, ""parameter_selection"": {""mean"": {""likelihood"": ""student_t""}, ""range"": {""likelihood"": ""beta""}}, ""rem_profile_params"": {""rem_stage"": 2, ""step_size_hours"": 1, ""window_size_hours"": 6}, ""tau_threshold"": 5.0}",run_output_8day_rem_w6_s1_stage2_no_pareto,rem_w6_s1_stage2
168,818c0a4368046e9f,ok,,"concat: mean; even: mean, range; odd: range",mean=student_t; range=lognormal,16,5.0,3,1,2,391.15883794791984,391.15883794791984,13.038627931597327,3.259656982899332,0.0091586685180679,3.259656982899332,0.0091586685180679,-781.3536204007468,1.0,2933.0,1711.0,1.067645507499947,0,8,0.8971379939775947,0.9964447766805336,7.949348275012358,0.3108012981324412,7.221598084052352,7.481065389368235,7.740532694684117,0.9923431093901764,0.6644519537765963,0,False,,False,4,4,30,0,[],43.50292282999726,"(30, 176)",,[],"{""feature_selection"": {""concat"": [""mean""], ""even"": [""mean"", ""range""], ""odd"": [""range""]}, ""n_chunks"": 16, ""parameter_selection"": {""mean"": {""likelihood"": ""student_t""}, ""range"": {""likelihood"": ""lognormal""}}, ""rem_profile_params"": {""rem_stage"": 2, ""step_size_hours"": 1, ""window_size_hours"": 3}, ""tau_threshold"": 5.0}",run_output_8day_rem_w3_s1_stage2_no_pareto,rem_w3_s1_stage2
170,6ba1ec6c6cd68dbe,ok,,"concat: mean; even: mean; odd: mean, range",mean=lognormal; range=lognormal,16,5.0,2,2,2,390.5686503008992,390.5686503008992,13.018955010029972,3.254738752507494,0.0169430900683956,3.254738752507494,0.0169430900683956,-771.5868746978474,1.01,442.0,616.0,0.9263197816456824,0,7,0.3777938643910133,0.9793848723770529,6.979834411970902,0.7963148842830716,6.030169464113194,6.514901539116996,6.9996336141208,0.7655598657840814,1.7594195805643995,2,False,,False,4,4,30,0,[],17.323230933048762,"(30, 96)",,[],"{""feature_selection"": {""concat"": [""mean""], ""even"": [""mean""], ""odd"": [""mean"", ""range""]}, ""n_chunks"": 16, ""parameter_selection"": {""mean"": {""likelihood"": ""lognormal""}, ""range"": {""likelihood"": ""lognormal""}}, ""rem_profile_params"": {""rem_stage"": 2, ""step_size_hours"": 2, ""window_size_hours"": 2}, ""tau_threshold"": 5.0}",run_output_8day_rem_w2_s2_stage2_no_pareto,rem_w2_s2_stage2
176,a761ca091479feb0,ok,,"concat: mean; even: range; odd: mean, range",mean=student_t; range=lognormal,16,5.0,3,1,2,389.8968185095001,389.8968185095001,12.996560616983338,3.249140154245834,0.0116728145058418,3.249140154245834,0.0116728145058418,-780.3734242862344,1.0,1465.0,723.0,1.051171941876886,0,8,0.8299051558018312,0.9865560840055926,7.884722968829571,0.543632928254242,7.201428571031665,7.467619047354443,7.733809523677221,0.9718500651557028,0.7858876228810817,2,False,,False,4,4,30,0,[],43.43337466602679,"(30, 176)",,[],"{""feature_selection"": {""concat"": [""mean""], ""even"": [""range""], ""odd"": [""mean"", ""range""]}, ""n_chunks"": 16, ""parameter_selection"": {""mean"": {""likelihood"": ""student_t""}, ""range"": {""likelihood"": ""lognormal""}}, ""rem_profile_params"": {""rem_stage"": 2, ""step_size_hours"": 1, ""window_size_hours"": 3}, ""tau_threshold"": 5.0}",run_output_8day_rem_w3_s1_stage2_no_pareto,rem_w3_s1_stage2
176,3d80c0b8f3901cf7,ok,,"concat: mean; even: range; odd: mean, range",mean=student_t; range=lognormal,16,5.0,2,2,2,389.4571815456525,389.4571815456525,12.981906051521747,3.245476512880437,0.0133496312191247,3.245476512880437,0.0133496312191247,-779.122929502357,1.0,1219.0,785.0,1.0208291903258817,0,8,0.6872804534066281,0.9682381426454216,7.694333270443343,0.8270317587870033,7.127256526259824,7.418171017506549,7.709085508753275,0.8826586769818743,0.9016522089674704,1,False,,False,4,4,30,0,[],43.895328681974206,"(30, 96)",,[],"{""feature_selection"": {""concat"": [""mean""], ""even"": [""range""], ""odd"": [""mean"", ""range""]}, ""n_chunks"": 16, ""parameter_selection"": {""mean"": {""likelihood"": ""student_t""}, ""range"": {""likelihood"": ""lognormal""}}, ""rem_profile_params"": {""rem_stage"": 2, ""step_size_hours"": 2, ""window_size_hours"": 2}, ""tau_threshold"": 5.0}",run_output_8day_rem_w2_s2_stage2_no_pareto,rem_w2_s2_stage2
106,86c2af25ef4d8090,ok,,concat: range; even: mean; odd: mean,mean=student_t; range=lognormal,16,5.0,3,1,2,291.4726801479663,291.4726801479663,9.71575600493221,3.2385853349774028,0.0137002960609515,3.2385853349774028,0.0137002960609515,-583.2303704252901,1.0,1435.0,1606.0,0.9781797338813072,0,7,0.282281907286836,0.8833685376432601,6.715244484908261,0.9767522563454368,5.716431039715612,6.375740706328681,6.852057158044023,0.697211698743314,0.9619858547950084,2,False,,False,3,3,30,0,[],31.91420256398851,"(30, 176)",,[],"{""feature_selection"": {""concat"": [""range""], ""even"": [""mean""], ""odd"": [""mean""]}, ""n_chunks"": 16, ""parameter_selection"": {""mean"": {""likelihood"": ""student_t""}, ""range"": {""likelihood"": ""lognormal""}}, ""rem_profile_params"": {""rem_stage"": 2, ""step_size_hours"": 1, ""window_size_hours"": 3}, ""tau_threshold"": 5.0}",run_output_8day_rem_w3_s1_stage2_no_pareto,rem_w3_s1_stage2
202,5674298872067c95,ok,,"concat: mean, range; even: mean, range; odd: range",mean=lognormal; range=lognormal,16,5.0,2,1,2,485.41250481794697,485.41250481794697,16.1804168272649,3.23608336545298,0.0102739136408984,3.23608336545298,0.0102739136408984,-975.2688710899914,1.0,2193.0,2499.0,1.018846309505855,0,7,0.8913796715874666,0.998822855017925,6.970726340421411,0.2142854310224186,6.224959564059935,6.485598916019166,6.746238267978397,0.965776668381913,1.3162486543032483,6,False,,False,5,5,30,0,[],21.04798091499833,"(30, 184)",,[],"{""feature_selection"": {""concat"": [""mean"", ""range""], ""even"": [""mean"", ""range""], ""odd"": [""range""]}, ""n_chunks"": 16, ""parameter_selection"": {""mean"": {""likelihood"": ""lognormal""}, ""range"": {""likelihood"": ""lognormal""}}, ""rem_profile_params"": {""rem_stage"": 2, ""step_size_hours"": 1, ""window_size_hours"": 2}, ""tau_threshold"": 5.0}",run_output_8day_rem_w2_s1_stage2_no_pareto,rem_w2_s1_stage2
38,dea9249935761438,ok,,concat: range; odd: mean,mean=student_t; range=lognormal,16,5.0,2,2,2,194.16365992938177,194.16365992938177,6.472121997646059,3.2360609988230293,0.0171961648961936,3.2360609988230293,0.0171961648961936,-388.5915643589283,1.0,2680.0,2412.0,1.004064998324702,0,7,0.4683498015641967,0.9522023128151962,6.472534622912928,0.654358006009319,5.457596371572205,6.021024759150997,6.530191272453804,0.5103231254421151,0.620097077120145,0,False,,False,2,2,30,0,[],17.410777533019427,"(30, 96)",,[],"{""feature_selection"": {""concat"": [""range""], ""odd"": [""mean""]}, ""n_chunks"": 16, ""parameter_selection"": {""mean"": {""likelihood"": ""student_t""}, ""range"": {""likelihood"": ""lognormal""}}, ""rem_profile_params"": {""rem_stage"": 2, ""step_size_hours"": 2, ""window_size_hours"": 2}, ""tau_threshold"": 5.0}",run_output_8day_rem_w2_s2_stage2_no_pareto,rem_w2_s2_stage2
29,9b54c74ea1274a3e,ok,,concat: range; even: mean,mean=lognormal; range=beta,16,5.0,3,1,2,194.0829973285113,194.0829973285113,6.46943324428371,3.234716622141855,0.0126616399298208,3.234716622141855,0.0126616399298208,-388.4028421366416,1.0,2655.0,1825.0,0.9357437625694665,0,7,0.7981913241588958,0.9923756040894148,7.0472050673477415,0.4002573709255083,6.259629941688583,6.534700653399378,6.809771365110171,0.9859665448148074,0.8745294542752496,1,False,,False,2,2,30,0,[],18.692581709998198,"(30, 176)",,[],"{""feature_selection"": {""concat"": [""range""], ""even"": [""mean""]}, ""n_chunks"": 16, ""parameter_selection"": {""mean"": {""likelihood"": ""lognormal""}, ""range"": {""likelihood"": ""beta""}}, ""rem_profile_params"": {""rem_stage"": 2, ""step_size_hours"": 1, ""window_size_hours"": 3}, ""tau_threshold"": 5.0}",run_output_8day_rem_w3_s1_stage2_no_pareto,rem_w3_s1_stage2
66,470e0301e6427d5d,ok,,"concat: mean, range; even: range",mean=lognormal; range=lognormal,16,5.0,3,1,2,290.9148451368678,290.9148451368678,9.697161504562262,3.232387168187421,0.0109764459865811,3.232387168187421,0.0109764459865811,-583.5192060936779,1.0,3629.0,2675.0,1.0335898036226303,0,7,0.8490989752777953,0.9983988358572924,6.931689304168243,0.2664011015030529,6.195337263318902,6.464197785425926,6.733058307532948,0.9316343859151116,1.1401326395434923,2,False,,False,3,3,30,0,[],12.720967848028522,"(30, 176)",,[],"{""feature_selection"": {""concat"": [""mean"", ""range""], ""even"": [""range""]}, ""n_chunks"": 16, ""parameter_selection"": {""mean"": {""likelihood"": ""lognormal""}, ""range"": {""likelihood"": ""lognormal""}}, ""rem_profile_params"": {""rem_stage"": 2, ""step_size_hours"": 1, ""window_size_hours"": 3}, ""tau_threshold"": 5.0}",run_output_8day_rem_w3_s1_stage2_no_pareto,rem_w3_s1_stage2
94,a41f454443960f31,ok,,concat: mean; even: range; odd: range,mean=student_t; range=lognormal,16,5.0,2,1,2,290.72805968742864,290.72805968742864,9.690935322914289,3.2303117743047616,0.0102281092808705,3.2303117743047616,0.0102281092808705,-583.0424636960989,1.0,775.0,1065.0,1.027160626234093,0,8,0.1838663498948146,0.7779812325384792,6.652243111496911,1.6690105938074762,5.366338366075037,6.774635256927412,7.433554042681715,0.7016003914099043,0.7039838500513879,1,False,,False,3,3,30,0,[],26.643069556041155,"(30, 184)",,[],"{""feature_selection"": {""concat"": [""mean""], ""even"": [""range""], ""odd"": [""range""]}, ""n_chunks"": 16, ""parameter_selection"": {""mean"": {""likelihood"": ""student_t""}, ""range"": {""likelihood"": ""lognormal""}}, ""rem_profile_params"": {""rem_stage"": 2, ""step_size_hours"": 1, ""window_size_hours"": 2}, ""tau_threshold"": 5.0}",run_output_8day_rem_w2_s1_stage2_no_pareto,rem_w2_s1_stage2
78,db277517cf517774,ok,,"concat: mean; even: mean, range",mean=lognormal; range=lognormal,16,5.0,3,1,2,290.52091999035633,290.52091999035633,9.684030666345212,3.2280102221150706,0.0142118303531474,3.2280102221150706,0.0142118303531474,-582.9288251713942,1.0,2562.0,2146.0,1.00933098116227,0,7,0.7998537557272258,0.9909092020787652,6.906772706199402,0.4266817160951523,6.1871021030332,6.460973291661049,6.734844480288899,0.9207938903418608,1.36870825799855,3,False,,False,3,3,30,0,[],12.853211163019296,"(30, 176)",,[],"{""feature_selection"": {""concat"": [""mean""], ""even"": [""mean"", ""range""]}, ""n_chunks"": 16, ""parameter_selection"": {""mean"": {""likelihood"": ""lognormal""}, ""range"": {""likelihood"": ""lognormal""}}, ""rem_profile_params"": {""rem_stage"": 2, ""step_size_hours"": 1, ""window_size_hours"": 3}, ""tau_threshold"": 5.0}",run_output_8day_rem_w3_s1_stage2_no_pareto,rem_w3_s1_stage2
3,a8f6c100ac0a0b29,ok,,concat: range,range=beta,16,5.0,2,2,2,96.8302019801004,96.8302019801004,3.2276733993366804,3.2276733993366813,0.0158724652236166,3.2276733993366813,0.0158724652236166,-193.05118084718248,1.0,1045.0,983.0,0.7960505092376484,0,7,0.6717634552416001,0.9598870550550788,6.897683005358169,0.6251074290130797,6.189474649142961,6.478994877982345,6.768515106821727,0.9136108899044116,0.9162483513229426,1,False,,False,1,1,30,0,[],13.063862137962133,"(30, 96)",,[],"{""feature_selection"": {""concat"": [""range""]}, ""n_chunks"": 16, ""parameter_selection"": {""range"": {""likelihood"": ""beta""}}, ""rem_profile_params"": {""rem_stage"": 2, ""step_size_hours"": 2, ""window_size_hours"": 2}, ""tau_threshold"": 5.0}",run_output_8day_rem_w2_s2_stage2_no_pareto,rem_w2_s2_stage2
91,2c8da60a174fb6e1,ok,,concat: mean; even: range; odd: range,mean=lognormal; range=beta,16,5.0,2,2,2,290.3881951240292,290.3881951240292,9.679606504134307,3.226535501378102,0.0094566279393512,3.226535501378102,0.0094566279393512,-581.2797207378701,1.0,2480.0,2257.0,0.9828256986648748,0,7,0.6396955074547485,0.9999961707132544,6.689865262519264,0.4706300104762733,5.796445116528529,6.272746158448631,6.639131353366028,0.6861061542826,0.9962618840442332,1,False,,False,3,3,30,0,[],29.32759282097686,"(30, 96)",,[],"{""feature_selection"": {""concat"": [""mean""], ""even"": [""range""], ""odd"": [""range""]}, ""n_chunks"": 16, ""parameter_selection"": {""mean"": {""likelihood"": ""lognormal""}, ""range"": {""likelihood"": ""beta""}}, ""rem_profile_params"": {""rem_stage"": 2, ""step_size_hours"": 2, ""window_size_hours"": 2}, ""tau_threshold"": 5.0}",run_output_8day_rem_w2_s2_stage2_no_pareto,rem_w2_s2_stage2
156,085d63e08f4b29e1,ok,,"concat: mean, range; even: range; odd: range",mean=student_t; range=lognormal,16,5.0,2,1,2,386.81981240730494,386.81981240730494,12.893993746910164,3.223498436727541,0.0095598733162492,3.223498436727541,0.0095598733162492,-774.5078262577822,1.01,548.0,538.0,0.9507180777239717,0,7,0.2834405355795636,0.8672286065715975,6.694621555026329,1.3886699135797262,6.054148239747923,6.523974641263899,6.993801042779875,0.7788128974729838,0.8328765059985667,4,False,,False,4,4,30,0,[],34.266308721969835,"(30, 184)",,[],"{""feature_selection"": {""concat"": [""mean"", ""range""], ""even"": [""range""], ""odd"": [""range""]}, ""n_chunks"": 16, ""parameter_selection"": {""mean"": {""likelihood"": ""student_t""}, ""range"": {""likelihood"": ""lognormal""}}, ""rem_profile_params"": {""rem_stage"": 2, ""step_size_hours"": 1, ""window_size_hours"": 2}, ""tau_threshold"": 5.0}",run_output_8day_rem_w2_s1_stage2_no_pareto,rem_w2_s1_stage2
204,a9a3b00ef8fe986f,ok,,"concat: mean, range; even: mean, range; odd: range",mean=student_t; range=lognormal,16,5.0,2,2,2,483.523546635908,483.523546635908,16.117451554530266,3.2234903109060533,0.0086362793572725,3.2234903109060533,0.0086362793572725,-966.6157381222176,1.0,869.0,1447.0,0.9471396984027936,0,8,0.469777523065317,0.9910568634059588,7.465236417419505,0.708644420148098,6.458909725571637,7.141195608554415,7.570597804277208,0.8923105785528709,0.6647672669351968,0,False,,False,5,5,30,0,[],55.76188483997248,"(30, 96)",,[],"{""feature_selection"": {""concat"": [""mean"", ""range""], ""even"": [""mean"", ""range""], ""odd"": [""range""]}, ""n_chunks"": 16, ""parameter_selection"": {""mean"": {""likelihood"": ""student_t""}, ""range"": {""likelihood"": ""lognormal""}}, ""rem_profile_params"": {""rem_stage"": 2, ""step_size_hours"": 2, ""window_size_hours"": 2}, ""tau_threshold"": 5.0}",run_output_8day_rem_w2_s2_stage2_no_pareto,rem_w2_s2_stage2
166,6d66a610f3e1ae6f,ok,,"concat: mean; even: mean, range; odd: range",mean=lognormal; range=lognormal,16,5.0,2,1,2,386.1818286842552,386.1818286842552,12.872727622808506,3.218181905702128,0.0113477158254352,3.218181905702128,0.0113477158254352,-776.3861786623962,1.01,2210.0,1567.0,0.9444665654907656,0,7,0.8007441384608529,0.990249102580116,6.929081524285734,0.3952641103788266,6.199689154030761,6.471673621798067,6.743658089565375,0.9335483067011038,1.0564959784799726,4,False,,False,4,4,30,0,[],16.52879083697917,"(30, 184)",,[],"{""feature_selection"": {""concat"": [""mean""], ""even"": [""mean"", ""range""], ""odd"": [""range""]}, ""n_chunks"": 16, ""parameter_selection"": {""mean"": {""likelihood"": ""lognormal""}, ""range"": {""likelihood"": ""lognormal""}}, ""rem_profile_params"": {""rem_stage"": 2, ""step_size_hours"": 1, ""window_size_hours"": 2}, ""tau_threshold"": 5.0}",run_output_8day_rem_w2_s1_stage2_no_pareto,rem_w2_s1_stage2
104,6483e19ff3af4c20,ok,,concat: range; even: mean; odd: mean,mean=lognormal; range=lognormal,16,5.0,2,1,2,289.5439311426242,289.5439311426242,9.651464371420808,3.217154790473601,0.0157880011746278,3.217154790473601,0.0157880011746278,-576.9815347445876,1.0,543.0,731.0,1.012338756410628,0,7,0.180318019676008,0.7464604787444786,6.303474714796942,1.833210660944787,4.917058988332477,6.447145779734616,7.196834836833861,0.6526451265352249,1.3639062431398563,3,False,,False,3,3,30,0,[],14.551251374999993,"(30, 184)",,[],"{""feature_selection"": {""concat"": [""range""], ""even"": [""mean""], ""odd"": [""mean""]}, ""n_chunks"": 16, ""parameter_selection"": {""mean"": {""likelihood"": ""lognormal""}, ""range"": {""likelihood"": ""lognormal""}}, ""rem_profile_params"": {""rem_stage"": 2, ""step_size_hours"": 1, ""window_size_hours"": 2}, ""tau_threshold"": 5.0}",run_output_8day_rem_w2_s1_stage2_no_pareto,rem_w2_s1_stage2
87,cd5ce931f690e1b8,ok,,concat: mean; even: range; odd: mean,mean=lognormal; range=beta,16,5.0,3,1,2,289.408918485375,289.408918485375,9.6469639495125,3.2156546498375,0.0167808403308832,3.2156546498375,0.0167808403308832,-581.0568155999578,1.0,1282.0,1065.0,0.9234687411136324,0,7,0.4699122805779783,0.9593465022507954,6.638076339363109,0.7385349400680504,5.717723651606422,6.26780557180166,6.667121324951745,0.6676652934983285,1.6727477524622116,3,False,,False,3,3,30,0,[],25.713072880986147,"(30, 176)",,[],"{""feature_selection"": {""concat"": [""mean""], ""even"": [""range""], ""odd"": [""mean""]}, ""n_chunks"": 16, ""parameter_selection"": {""mean"": {""likelihood"": ""lognormal""}, ""range"": {""likelihood"": ""beta""}}, ""rem_profile_params"": {""rem_stage"": 2, ""step_size_hours"": 1, ""window_size_hours"": 3}, ""tau_threshold"": 5.0}",run_output_8day_rem_w3_s1_stage2_no_pareto,rem_w3_s1_stage2
151,968091e1322eca57,ok,,"concat: mean, range; even: range; odd: mean",mean=student_t; range=beta,16,5.0,6,1,2,385.8119194824297,385.8119194824297,12.86039731608099,3.215099329020248,0.0100224347841477,3.215099329020248,0.0100224347841477,-772.8858942491061,1.0,1428.0,1126.0,1.0050308036740438,0,5,0.4335419726286231,0.3901088360137451,5.199242894329201,0.9003860242002855,4.2888889269928505,4.782865401109834,5.3698723718300485,0.0113056414941956,0.8641597877653431,1,False,,False,4,4,30,0,[],54.484825516003184,"(30, 152)",,[],"{""feature_selection"": {""concat"": [""mean"", ""range""], ""even"": [""range""], ""odd"": [""mean""]}, ""n_chunks"": 16, ""parameter_selection"": {""mean"": {""likelihood"": ""student_t""}, ""range"": {""likelihood"": ""beta""}}, ""rem_profile_params"": {""rem_stage"": 2, ""step_size_hours"": 1, ""window_size_hours"": 6}, ""tau_threshold"": 5.0}",run_output_8day_rem_w6_s1_stage2_no_pareto,rem_w6_s1_stage2
201,a1238871d48eed58,ok,,"concat: mean, range; even: mean, range; odd: range",mean=lognormal; range=beta,16,5.0,2,2,2,481.8632727942951,481.8632727942951,16.06210909314317,3.2124218186286337,0.0087075188297285,3.2124218186286337,0.0087075188297285,-964.6892982778572,1.0,2643.0,2060.0,0.9689866069907008,0,7,0.9593478361261858,0.99999997488332,6.989137129275092,0.1133218204279438,6.241214783307115,6.494497263266846,6.747779743226577,0.9880886977905716,1.0819114691075309,5,False,,False,5,5,30,0,[],59.28394142299658,"(30, 96)",,[],"{""feature_selection"": {""concat"": [""mean"", ""range""], ""even"": [""mean"", ""range""], ""odd"": [""range""]}, ""n_chunks"": 16, ""parameter_selection"": {""mean"": {""likelihood"": ""lognormal""}, ""range"": {""likelihood"": ""beta""}}, ""rem_profile_params"": {""rem_stage"": 2, ""step_size_hours"": 2, ""window_size_hours"": 2}, ""tau_threshold"": 5.0}",run_output_8day_rem_w2_s2_stage2_no_pareto,rem_w2_s2_stage2
171,e3bf08fcac78d2aa,ok,,"concat: mean; even: mean; odd: mean, range",mean=student_t; range=beta,16,5.0,6,1,2,385.08637134488674,385.08637134488674,12.836212378162893,3.209053094540723,0.0104492139545812,3.209053094540723,0.0104492139545812,-773.6591424588815,1.0,2699.0,2155.0,0.9382430685259572,0,5,0.8461112035494521,0.06609584318922,5.07773504222712,0.3152537534018357,4.2676898982683085,4.535384609010615,4.803079319752921,0.0094547519826602,1.3553119813268548,3,False,,False,4,4,30,0,[],58.298935924016405,"(30, 152)",,[],"{""feature_selection"": {""concat"": [""mean""], ""even"": [""mean""], ""odd"": [""mean"", ""range""]}, ""n_chunks"": 16, ""parameter_selection"": {""mean"": {""likelihood"": ""student_t""}, ""range"": {""likelihood"": ""beta""}}, ""rem_profile_params"": {""rem_stage"": 2, ""step_size_hours"": 1, ""window_size_hours"": 6}, ""tau_threshold"": 5.0}",run_output_8day_rem_w6_s1_stage2_no_pareto,rem_w6_s1_stage2
91,198bdcd00ba1934e,ok,,concat: mean; even: range; odd: range,mean=lognormal; range=beta,16,5.0,3,1,2,288.0800031851109,288.0800031851109,9.602666772837033,3.2008889242790097,0.010280247424524,3.2008889242790097,0.010280247424524,-580.1113617306418,1.01,687.0,785.0,0.9615562769957172,0,7,0.602153758565899,0.978611879659974,6.82684506799638,0.6769493465655856,6.107399303867076,6.4257359276048,6.744072551342523,0.8343441312266054,1.3296518251554168,3,False,,False,3,3,30,0,[],30.188567513017915,"(30, 176)",,[],"{""feature_selection"": {""concat"": [""mean""], ""even"": [""range""], ""odd"": [""range""]}, ""n_chunks"": 16, ""parameter_selection"": {""mean"": {""likelihood"": ""lognormal""}, ""range"": {""likelihood"": ""beta""}}, ""rem_profile_params"": {""rem_stage"": 2, ""step_size_hours"": 1, ""window_size_hours"": 3}, ""tau_threshold"": 5.0}",run_output_8day_rem_w3_s1_stage2_no_pareto,rem_w3_s1_stage2
206,efacc544ea9ce316,ok,,"concat: mean, range; even: mean; odd: mean, range",mean=lognormal; range=lognormal,16,5.0,2,2,2,478.8230212156284,478.8230212156284,15.96076737385428,3.192153474770856,0.0140997251369617,3.192153474770856,0.0140997251369617,-955.4278894933234,1.0,1102.0,876.0,1.0047742334776188,0,7,0.7103181993919594,0.9990336827034288,6.902956068659136,0.3886473601381565,6.146222797109206,6.442978058081959,6.739733319054712,0.8731846712926781,1.979836161825156,4,False,,False,5,5,30,0,[],20.27600017300574,"(30, 96)",,[],"{""feature_selection"": {""concat"": [""mean"", ""range""], ""even"": [""mean""], ""odd"": [""mean"", ""range""]}, ""n_chunks"": 16, ""parameter_selection"": {""mean"": {""likelihood"": ""lognormal""}, ""range"": {""likelihood"": ""lognormal""}}, ""rem_profile_params"": {""rem_stage"": 2, ""step_size_hours"": 2, ""window_size_hours"": 2}, ""tau_threshold"": 5.0}",run_output_8day_rem_w2_s2_stage2_no_pareto,rem_w2_s2_stage2
158,3db3d311d8ff6bc1,ok,,"concat: mean, range; odd: mean, range",mean=lognormal; range=lognormal,16,5.0,3,1,2,382.84278027297967,382.84278027297967,12.761426009099322,3.1903565022748306,0.0155595132556582,3.1903565022748306,0.0155595132556582,-767.7837053349657,1.0,448.0,228.0,0.9592550366308548,0,7,0.6452241091265911,0.9970836999219516,6.931689221875216,0.4514068590002762,6.148772346131204,6.45975351872295,6.770734691314696,0.8695991584404621,2.101176496211275,3,False,,False,4,4,30,0,[],16.64635191700654,"(30, 176)",,[],"{""feature_selection"": {""concat"": [""mean"", ""range""], ""odd"": [""mean"", ""range""]}, ""n_chunks"": 16, ""parameter_selection"": {""mean"": {""likelihood"": ""lognormal""}, ""range"": {""likelihood"": ""lognormal""}}, ""rem_profile_params"": {""rem_stage"": 2, ""step_size_hours"": 1, ""window_size_hours"": 3}, ""tau_threshold"": 5.0}",run_output_8day_rem_w3_s1_stage2_no_pareto,rem_w3_s1_stage2
47,529ca771f810f680,ok,,even: mean; odd: range,mean=lognormal; range=beta,16,5.0,2,1,2,191.39534258196403,191.39534258196403,6.379844752732135,3.189922376366068,0.0118318491072005,3.189922376366068,0.0118318491072005,-383.7945734067292,1.0,928.0,1322.0,0.908575834625073,0,6,0.1093886042374985,0.7949012409840264,6.397572541775045,1.379244298172862,5.162097765034219,6.066050436498464,6.98852950239526,0.5179002534963362,0.7270711111391313,1,False,,False,2,2,30,0,[],19.899570821027737,"(30, 184)",,[],"{""feature_selection"": {""even"": [""mean""], ""odd"": [""range""]}, ""n_chunks"": 16, ""parameter_selection"": {""mean"": {""likelihood"": ""lognormal""}, ""range"": {""likelihood"": ""beta""}}, ""rem_profile_params"": {""rem_stage"": 2, ""step_size_hours"": 1, ""window_size_hours"": 2}, ""tau_threshold"": 5.0}",run_output_8day_rem_w2_s1_stage2_no_pareto,rem_w2_s1_stage2
50,71d8587054af86fe,ok,,even: mean; odd: range,mean=student_t; range=lognormal,16,5.0,2,1,2,191.12587186018123,191.12587186018123,6.370862395339374,3.1854311976696863,0.0089733426041861,3.1854311976696863,0.0089733426041861,-383.2057295314347,1.0,999.0,1360.0,1.0167025081188037,0,8,0.1936973896482292,0.7192160207361984,6.563014611543608,1.796851699560747,4.361505805871383,7.005365654490236,7.502682827245118,0.6545722009728889,0.8248466895976692,2,False,,False,2,2,30,0,[],18.59972648503026,"(30, 184)",,[],"{""feature_selection"": {""even"": [""mean""], ""odd"": [""range""]}, ""n_chunks"": 16, ""parameter_selection"": {""mean"": {""likelihood"": ""student_t""}, ""range"": {""likelihood"": ""lognormal""}}, ""rem_profile_params"": {""rem_stage"": 2, ""step_size_hours"": 1, ""window_size_hours"": 2}, ""tau_threshold"": 5.0}",run_output_8day_rem_w2_s1_stage2_no_pareto,rem_w2_s1_stage2
224,b4b0470ed1a3d9f9,ok,,"concat: mean, range; even: mean, range; odd: mean, range",mean=student_t; range=lognormal,16,5.0,3,1,2,573.2174365198238,573.2174365198238,19.107247883994127,3.1845413139990213,0.0098914519588137,3.1845413139990213,0.0098914519588137,-1145.1227768747965,1.01,794.0,394.0,1.0439600980241663,0,8,0.7497657623220118,0.9962183452816068,7.847501554685799,0.4332895428698176,7.136692347296148,7.4244615648640995,7.71223078243205,0.9845048427274492,1.0398402159510678,2,False,,False,6,6,30,0,[],69.93895329796942,"(30, 176)",,[],"{""feature_selection"": {""concat"": [""mean"", ""range""], ""even"": [""mean"", ""range""], ""odd"": [""mean"", ""range""]}, ""n_chunks"": 16, ""parameter_selection"": {""mean"": {""likelihood"": ""student_t""}, ""range"": {""likelihood"": ""lognormal""}}, ""rem_profile_params"": {""rem_stage"": 2, ""step_size_hours"": 1, ""window_size_hours"": 3}, ""tau_threshold"": 5.0}",run_output_8day_rem_w3_s1_stage2_no_pareto,rem_w3_s1_stage2
17,b43b9ec560cf360b,ok,,concat: mean; even: mean,mean=lognormal,16,5.0,6,1,2,190.6910826857705,190.6910826857705,6.356369422859018,3.178184711429509,0.0197568065971319,3.178184711429509,0.0197568065971319,-374.3162885629972,1.01,773.0,651.0,0.992988902040488,0,7,0.34588520743691,0.8401540475167685,6.578085111899031,1.4066524920858885,6.072933266358363,6.469407483394944,6.865881700431524,0.7959886565282215,0.9254549016968264,3,False,,False,2,2,30,0,[],10.269761395000389,"(30, 152)",,[],"{""feature_selection"": {""concat"": [""mean""], ""even"": [""mean""]}, ""n_chunks"": 16, ""parameter_selection"": {""mean"": {""likelihood"": ""lognormal""}}, ""rem_profile_params"": {""rem_stage"": 2, ""step_size_hours"": 1, ""window_size_hours"": 6}, ""tau_threshold"": 5.0}",run_output_8day_rem_w6_s1_stage2_no_pareto,rem_w6_s1_stage2
222,177b3a2bbb0310e6,ok,,"concat: mean, range; even: mean, range; odd: mean, range",mean=lognormal; range=lognormal,16,5.0,2,1,2,571.9768638581189,571.9768638581189,19.0658954619373,3.177649243656216,0.0117904133590525,3.177649243656216,0.0117904133590525,-1138.5175757250304,1.0,2093.0,2013.0,0.9703842061854452,0,7,0.8674896421106413,0.9969758107099363,6.96713701933486,0.2859129133772227,6.223396562979644,6.48643450708798,6.749472451196315,0.9623235145189136,1.1732130154000702,4,False,,False,6,6,30,0,[],23.449812361970544,"(30, 184)",,[],"{""feature_selection"": {""concat"": [""mean"", ""range""], ""even"": [""mean"", ""range""], ""odd"": [""mean"", ""range""]}, ""n_chunks"": 16, ""parameter_selection"": {""mean"": {""likelihood"": ""lognormal""}, ""range"": {""likelihood"": ""lognormal""}}, ""rem_profile_params"": {""rem_stage"": 2, ""step_size_hours"": 1, ""window_size_hours"": 2}, ""tau_threshold"": 5.0}",run_output_8day_rem_w2_s1_stage2_no_pareto,rem_w2_s1_stage2
117,11aaa0ba05bec980,ok,,"concat: range; odd: mean, range",mean=lognormal; range=beta,16,5.0,2,1,2,285.9351680610628,285.9351680610628,9.531172268702097,3.1770574229007,0.0149929926084203,3.1770574229007,0.0149929926084203,-570.8200033856021,1.0,1051.0,1580.0,0.8642734201634479,0,6,0.3869219381313836,0.960593135313972,6.592894821534353,1.0235807169045847,5.372252323043723,5.8141616978302455,7.088456410720847,0.3948662821084472,1.2529180622104887,2,False,,False,3,3,30,0,[],31.453237766982056,"(30, 184)",,[],"{""feature_selection"": {""concat"": [""range""], ""odd"": [""mean"", ""range""]}, ""n_chunks"": 16, ""parameter_selection"": {""mean"": {""likelihood"": ""lognormal""}, ""range"": {""likelihood"": ""beta""}}, ""rem_profile_params"": {""rem_stage"": 2, ""step_size_hours"": 1, ""window_size_hours"": 2}, ""tau_threshold"": 5.0}",run_output_8day_rem_w2_s1_stage2_no_pareto,rem_w2_s1_stage2
75,81c6cf5d4499d910,ok,,"concat: mean, range; odd: range",mean=student_t; range=beta,16,5.0,6,1,2,285.8796579797759,285.8796579797759,9.529321932659196,3.176440644219733,0.0106099934478044,3.176440644219733,0.0106099934478044,-573.0091888937062,1.0,2786.0,1720.0,0.98552202503746,0,5,0.9795345001344876,0.005988409037306,5.0059937848201885,0.0772730172033728,4.251505933574526,4.503012118262113,4.754518302949699,5.830064131021095e-06,1.1903639629680158,2,False,,False,3,3,30,0,[],35.32238970301114,"(30, 152)",,[],"{""feature_selection"": {""concat"": [""mean"", ""range""], ""odd"": [""range""]}, ""n_chunks"": 16, ""parameter_selection"": {""mean"": {""likelihood"": ""student_t""}, ""range"": {""likelihood"": ""beta""}}, ""rem_profile_params"": {""rem_stage"": 2, ""step_size_hours"": 1, ""window_size_hours"": 6}, ""tau_threshold"": 5.0}",run_output_8day_rem_w6_s1_stage2_no_pareto,rem_w6_s1_stage2
110,602b8cc9391dfb18,ok,,concat: range; even: mean; odd: range,mean=student_t; range=lognormal,16,5.0,2,1,2,285.61747976176514,285.61747976176514,9.520582658725504,3.1735275529085016,0.0085769439427526,3.1735275529085016,0.0085769439427526,-570.8520858250673,1.0,764.0,848.0,0.9875654398911784,0,7,0.2331450144916181,0.8611489186496526,6.815500199356547,1.4154948763175617,6.043698621824612,6.664352208740001,7.31469424503325,0.7676018566338236,0.7211378266491115,1,False,,False,3,3,30,0,[],25.900975861994084,"(30, 184)",,[],"{""feature_selection"": {""concat"": [""range""], ""even"": [""mean""], ""odd"": [""range""]}, ""n_chunks"": 16, ""parameter_selection"": {""mean"": {""likelihood"": ""student_t""}, ""range"": {""likelihood"": ""lognormal""}}, ""rem_profile_params"": {""rem_stage"": 2, ""step_size_hours"": 1, ""window_size_hours"": 2}, ""tau_threshold"": 5.0}",run_output_8day_rem_w2_s1_stage2_no_pareto,rem_w2_s1_stage2
169,9585cacfda576c9c,ok,,"concat: mean; even: mean; odd: mean, range",mean=lognormal; range=beta,16,5.0,3,1,2,380.29876861271634,380.29876861271634,12.67662562042388,3.1691564051059693,0.0154997171598744,3.1691564051059693,0.0154997171598744,-758.8729601132587,1.01,345.0,161.0,0.9243630133962896,0,7,0.6039268593543996,0.988289668427885,6.975397739853565,0.618988763954005,6.187323124601989,6.505956303839746,6.824589483077502,0.8969739631714663,1.8513001518044447,4,False,,False,4,4,30,0,[],37.083472630998585,"(30, 176)",,[],"{""feature_selection"": {""concat"": [""mean""], ""even"": [""mean""], ""odd"": [""mean"", ""range""]}, ""n_chunks"": 16, ""parameter_selection"": {""mean"": {""likelihood"": ""lognormal""}, ""range"": {""likelihood"": ""beta""}}, ""rem_profile_params"": {""rem_stage"": 2, ""step_size_hours"": 1, ""window_size_hours"": 3}, ""tau_threshold"": 5.0}",run_output_8day_rem_w3_s1_stage2_no_pareto,rem_w3_s1_stage2
212,2dcd8e8145eda7a8,ok,,"concat: mean, range; even: range; odd: mean, range",mean=student_t; range=lognormal,16,5.0,2,2,2,475.3394994594457,475.3394994594457,15.844649981981522,3.1689299963963045,0.0113854266825306,3.1689299963963045,0.0113854266825306,-950.654787851634,1.01,637.0,1569.0,0.9702396290624756,0,8,0.3554266236233577,0.983057553868722,7.057993445529803,0.8816320876945505,5.755563593287707,6.638005233440303,7.376454767926272,0.6746023080903867,0.9939382818546836,3,False,,False,5,5,30,0,[],55.03925320599228,"(30, 96)",,[],"{""feature_selection"": {""concat"": [""mean"", ""range""], ""even"": [""range""], ""odd"": [""mean"", ""range""]}, ""n_chunks"": 16, ""parameter_selection"": {""mean"": {""likelihood"": ""student_t""}, ""range"": {""likelihood"": ""lognormal""}}, ""rem_profile_params"": {""rem_stage"": 2, ""step_size_hours"": 2, ""window_size_hours"": 2}, ""tau_threshold"": 5.0}",run_output_8day_rem_w2_s2_stage2_no_pareto,rem_w2_s2_stage2
19,51516530ece887da,ok,,concat: mean; even: range,mean=lognormal; range=beta,16,5.0,6,1,2,190.03593840896107,190.03593840896107,6.334531280298703,3.1672656401493517,0.0168913711619233,3.1672656401493517,0.0168913711619233,-373.8925298539472,1.01,542.0,449.0,0.979554255335266,0,7,0.4498843562731816,0.9175660786112644,6.890010380936619,1.202243103081905,6.205794056920993,6.590012149727912,6.974230242534829,0.8839044547704394,1.076910869907004,3,False,,False,2,2,30,0,[],19.14652790100081,"(30, 152)",,[],"{""feature_selection"": {""concat"": [""mean""], ""even"": [""range""]}, ""n_chunks"": 16, ""parameter_selection"": {""mean"": {""likelihood"": ""lognormal""}, ""range"": {""likelihood"": ""beta""}}, ""rem_profile_params"": {""rem_stage"": 2, ""step_size_hours"": 1, ""window_size_hours"": 6}, ""tau_threshold"": 5.0}",run_output_8day_rem_w6_s1_stage2_no_pareto,rem_w6_s1_stage2
170,113bd554df4c197c,ok,,"concat: mean; even: mean; odd: mean, range",mean=lognormal; range=lognormal,16,5.0,3,1,2,379.73517161091473,379.73517161091473,12.657839053697158,3.164459763424289,0.0154851695297677,3.164459763424289,0.0154851695297677,-740.5881767687652,1.05,126.0,192.0,0.9543829352497892,0,7,0.4864656817064527,0.9957806983797152,7.143275910168035,0.6183290132882522,6.21660482326543,6.620487791219677,7.056907290305097,0.8840764778733927,1.5505615434466569,4,False,,False,4,4,30,0,[],16.42920829099603,"(30, 176)",,[],"{""feature_selection"": {""concat"": [""mean""], ""even"": [""mean""], ""odd"": [""mean"", ""range""]}, ""n_chunks"": 16, ""parameter_selection"": {""mean"": {""likelihood"": ""lognormal""}, ""range"": {""likelihood"": ""lognormal""}}, ""rem_profile_params"": {""rem_stage"": 2, ""step_size_hours"": 1, ""window_size_hours"": 3}, ""tau_threshold"": 5.0}",run_output_8day_rem_w3_s1_stage2_no_pareto,rem_w3_s1_stage2
165,b2005dd17bfa616b,ok,,"concat: mean; even: mean, range; odd: range",mean=lognormal; range=beta,16,5.0,2,2,2,379.73078897725736,379.73078897725736,12.65769296590858,3.164423241477145,0.0099766262708511,3.164423241477145,0.0099766262708511,-760.8064624399805,1.0,1904.0,2122.0,0.9557238299352084,0,7,0.6988032222658158,0.9999989726822788,6.799969354132561,0.4131172356699751,6.056570380801737,6.373293122329477,6.690015863857217,0.7946529198762804,1.044919553630872,5,False,,False,4,4,30,0,[],40.20786837599008,"(30, 96)",,[],"{""feature_selection"": {""concat"": [""mean""], ""even"": [""mean"", ""range""], ""odd"": [""range""]}, ""n_chunks"": 16, ""parameter_selection"": {""mean"": {""likelihood"": ""lognormal""}, ""range"": {""likelihood"": ""beta""}}, ""rem_profile_params"": {""rem_stage"": 2, ""step_size_hours"": 2, ""window_size_hours"": 2}, ""tau_threshold"": 5.0}",run_output_8day_rem_w2_s2_stage2_no_pareto,rem_w2_s2_stage2
94,d31f4b3d9a5a4ce5,ok,,concat: mean; even: range; odd: range,mean=student_t; range=lognormal,16,5.0,3,1,2,284.60957879657326,284.60957879657326,9.486985959885777,3.162328653295259,0.0105293249998911,3.162328653295259,0.0105293249998911,-568.3127040206053,1.0,2158.0,1145.0,1.016413658076821,0,8,0.8316690529269937,0.98312529807672,7.878808325720011,0.5889647589668038,7.202530465236499,7.468353643491,7.7341768217455,0.9734834229171448,0.5847064134959566,0,False,,False,3,3,30,0,[],25.294957143021747,"(30, 176)",,[],"{""feature_selection"": {""concat"": [""mean""], ""even"": [""range""], ""odd"": [""range""]}, ""n_chunks"": 16, ""parameter_selection"": {""mean"": {""likelihood"": ""student_t""}, ""range"": {""likelihood"": ""lognormal""}}, ""rem_profile_params"": {""rem_stage"": 2, ""step_size_hours"": 1, ""window_size_hours"": 3}, ""tau_threshold"": 5.0}",run_output_8day_rem_w3_s1_stage2_no_pareto,rem_w3_s1_stage2
64,c8d6518eee6efe21,ok,,"concat: mean, range; even: mean",mean=student_t; range=lognormal,16,5.0,6,1,2,283.8861442881793,283.8861442881793,9.462871476272644,3.1542904920908823,0.0091032601203321,3.1542904920908823,0.0091032601203321,-569.6037640839663,1.0,2030.0,1527.0,0.934654344956682,0,7,0.6798271146501824,0.9900291911826316,7.081448473140323,0.4566175685328674,6.255648750201061,6.556752055056349,6.857855359911637,0.9622600002048526,1.0605881191764197,2,False,,False,3,3,30,0,[],28.186453760950823,"(30, 152)",,[],"{""feature_selection"": {""concat"": [""mean"", ""range""], ""even"": [""mean""]}, ""n_chunks"": 16, ""parameter_selection"": {""mean"": {""likelihood"": ""student_t""}, ""range"": {""likelihood"": ""lognormal""}}, ""rem_profile_params"": {""rem_stage"": 2, ""step_size_hours"": 1, ""window_size_hours"": 6}, ""tau_threshold"": 5.0}",run_output_8day_rem_w6_s1_stage2_no_pareto,rem_w6_s1_stage2
187,3fc19a9e131e2be1,ok,,"concat: range; even: mean; odd: mean, range",mean=student_t; range=beta,16,5.0,3,1,2,378.0567259217774,378.0567259217774,12.601890864059246,3.150472716014812,0.0123830334777816,3.150472716014812,0.0123830334777816,-751.0805803224445,1.0,1148.0,1525.0,0.9839255622524732,0,7,0.5893838014265429,0.9971774457733736,7.480710871285076,0.5579284185818923,6.4886971141481,6.991417651347023,7.495695303441034,0.9930262332582634,1.3112882575819642,2,False,,False,4,4,30,0,[],64.0609513160307,"(30, 176)",,[],"{""feature_selection"": {""concat"": [""range""], ""even"": [""mean""], ""odd"": [""mean"", ""range""]}, ""n_chunks"": 16, ""parameter_selection"": {""mean"": {""likelihood"": ""student_t""}, ""range"": {""likelihood"": ""beta""}}, ""rem_profile_params"": {""rem_stage"": 2, ""step_size_hours"": 1, ""window_size_hours"": 3}, ""tau_threshold"": 5.0}",run_output_8day_rem_w3_s1_stage2_no_pareto,rem_w3_s1_stage2
4,0591b5360ae075a7,ok,,concat: range,range=lognormal,16,5.0,2,1,2,94.4959664331956,94.4959664331956,3.1498655477731865,3.1498655477731865,0.0129687417432219,3.1498655477731865,0.0129687417432219,-189.2009943823909,1.0,1377.0,1399.0,1.000444251803055,0,7,0.1076316163527771,0.695995649709851,5.9161907782573895,1.6005060358559866,4.404770057578746,5.942436044101093,6.626342852058922,0.4880285935508371,0.5892887427427972,0,False,,False,1,1,30,0,[],6.720388977963012,"(30, 184)",,[],"{""feature_selection"": {""concat"": [""range""]}, ""n_chunks"": 16, ""parameter_selection"": {""range"": {""likelihood"": ""lognormal""}}, ""rem_profile_params"": {""rem_stage"": 2, ""step_size_hours"": 1, ""window_size_hours"": 2}, ""tau_threshold"": 5.0}",run_output_8day_rem_w2_s1_stage2_no_pareto,rem_w2_s1_stage2
159,a683db068ce8563a,ok,,"concat: mean, range; odd: mean, range",mean=student_t; range=beta,16,5.0,6,1,2,377.94621731587785,377.94621731587785,12.598207243862594,3.149551810965649,0.0112620777520192,3.149551810965649,0.0112620777520192,-755.4037925965135,1.0,3076.0,1949.0,1.0510289880187618,0,5,0.9691897163026711,0.009821111084468,5.00982332609921,0.0986558909245199,4.252479494408403,4.504959170871083,4.757438847333763,2.5586791947626946e-06,0.961531407277474,1,False,,False,4,4,30,0,[],54.3873602199601,"(30, 152)",,[],"{""feature_selection"": {""concat"": [""mean"", ""range""], ""odd"": [""mean"", ""range""]}, ""n_chunks"": 16, ""parameter_selection"": {""mean"": {""likelihood"": ""student_t""}, ""range"": {""likelihood"": ""beta""}}, ""rem_profile_params"": {""rem_stage"": 2, ""step_size_hours"": 1, ""window_size_hours"": 6}, ""tau_threshold"": 5.0}",run_output_8day_rem_w6_s1_stage2_no_pareto,rem_w6_s1_stage2
88,cbe9a69dce73b7b8,ok,,concat: mean; even: range; odd: mean,mean=lognormal; range=lognormal,16,5.0,2,2,2,282.8834565102956,282.8834565102956,9.429448550343183,3.143149516781062,0.0188238757983877,3.143149516781062,0.0188238757983877,-566.4549179378226,1.01,954.0,553.0,0.9188974356665884,0,7,0.4446479713817679,0.986626181858794,6.674444855512843,0.6973740096959206,5.628465518134653,6.2117099892318,6.692379656785522,0.6101119976580064,1.987602218089152,2,False,,False,3,3,30,0,[],12.94335186999524,"(30, 96)",,[],"{""feature_selection"": {""concat"": [""mean""], ""even"": [""range""], ""odd"": [""mean""]}, ""n_chunks"": 16, ""parameter_selection"": {""mean"": {""likelihood"": ""lognormal""}, ""range"": {""likelihood"": ""lognormal""}}, ""rem_profile_params"": {""rem_stage"": 2, ""step_size_hours"": 2, ""window_size_hours"": 2}, ""tau_threshold"": 5.0}",run_output_8day_rem_w2_s2_stage2_no_pareto,rem_w2_s2_stage2
168,fe0da6f212e13b44,ok,,"concat: mean; even: mean, range; odd: range",mean=student_t; range=lognormal,16,5.0,6,1,2,376.9790023728818,376.9790023728818,12.565966745762728,3.141491686440682,0.0101996167951794,3.141491686440682,0.0101996167951794,-753.9888821696157,1.0,2192.0,1870.0,1.0315348010095775,0,8,0.7318672270685691,0.998079878041187,7.829249611215339,0.429201375396651,7.111801659501416,7.407867773000945,7.703933886500472,0.9885447069352608,0.6574559230383165,0,False,,False,4,4,30,0,[],42.25831024296349,"(30, 152)",,[],"{""feature_selection"": {""concat"": [""mean""], ""even"": [""mean"", ""range""], ""odd"": [""range""]}, ""n_chunks"": 16, ""parameter_selection"": {""mean"": {""likelihood"": ""student_t""}, ""range"": {""likelihood"": ""lognormal""}}, ""rem_profile_params"": {""rem_stage"": 2, ""step_size_hours"": 1, ""window_size_hours"": 6}, ""tau_threshold"": 5.0}",run_output_8day_rem_w6_s1_stage2_no_pareto,rem_w6_s1_stage2
183,f5839c1e08b4e965,ok,,"concat: range; even: mean, range; odd: range",mean=student_t; range=beta,16,5.0,2,1,2,376.455064527588,376.455064527588,12.5485021509196,3.1371255377299003,0.008609262859693,3.1371255377299003,0.008609262859693,-754.7659507218942,1.01,626.0,387.0,0.8714790864037368,0,6,0.3628221761255661,0.8800467940570792,6.245598601360379,1.0076607564287414,5.205434583200297,5.600358934642075,5.995283286083852,0.2470141661947862,0.895169999864958,2,False,,False,4,4,30,0,[],57.900624677015,"(30, 184)",,[],"{""feature_selection"": {""concat"": [""range""], ""even"": [""mean"", ""range""], ""odd"": [""range""]}, ""n_chunks"": 16, ""parameter_selection"": {""mean"": {""likelihood"": ""student_t""}, ""range"": {""likelihood"": ""beta""}}, ""rem_profile_params"": {""rem_stage"": 2, ""step_size_hours"": 1, ""window_size_hours"": 2}, ""tau_threshold"": 5.0}",run_output_8day_rem_w2_s1_stage2_no_pareto,rem_w2_s1_stage2
150,db4531d1154001db,ok,,"concat: mean, range; even: range; odd: mean",mean=lognormal; range=lognormal,16,5.0,2,2,2,376.1967399316141,376.1967399316141,12.539891331053802,3.1349728327634505,0.0140338220667053,3.1349728327634505,0.0140338220667053,-745.712045826054,1.0,2259.0,2633.0,0.9825142061230192,0,7,0.7026188191266383,0.9988959060800314,6.808830357874244,0.4096180022842055,6.068420772310453,6.381162061636626,6.6939033509628,0.8046943868987296,1.13696876345369,2,False,,False,4,4,30,0,[],17.184214389009867,"(30, 96)",,[],"{""feature_selection"": {""concat"": [""mean"", ""range""], ""even"": [""range""], ""odd"": [""mean""]}, ""n_chunks"": 16, ""parameter_selection"": {""mean"": {""likelihood"": ""lognormal""}, ""range"": {""likelihood"": ""lognormal""}}, ""rem_profile_params"": {""rem_stage"": 2, ""step_size_hours"": 2, ""window_size_hours"": 2}, ""tau_threshold"": 5.0}",run_output_8day_rem_w2_s2_stage2_no_pareto,rem_w2_s2_stage2
138,86c6449d1a9b1066,ok,,"concat: mean, range; even: mean, range",mean=lognormal; range=lognormal,16,5.0,3,1,2,376.0424000463627,376.0424000463627,12.534746668212088,3.1336866670530226,0.0113011047556107,3.1336866670530226,0.0113011047556107,-752.3637373783391,1.0,3913.0,2685.0,1.0169183400819015,0,7,0.9159975621699198,0.9987181887304144,6.96921649417048,0.1871452559219137,6.226682225005853,6.4848270818676665,6.74297193872948,0.9695300613012,0.9417678564769796,3,False,,False,4,4,30,0,[],16.01492722396506,"(30, 176)",,[],"{""feature_selection"": {""concat"": [""mean"", ""range""], ""even"": [""mean"", ""range""]}, ""n_chunks"": 16, ""parameter_selection"": {""mean"": {""likelihood"": ""lognormal""}, ""range"": {""likelihood"": ""lognormal""}}, ""rem_profile_params"": {""rem_stage"": 2, ""step_size_hours"": 1, ""window_size_hours"": 3}, ""tau_threshold"": 5.0}",run_output_8day_rem_w3_s1_stage2_no_pareto,rem_w3_s1_stage2
94,b611bb2355753107,ok,,concat: mean; even: range; odd: range,mean=student_t; range=lognormal,16,5.0,2,2,2,281.693495373451,281.693495373451,9.389783179115032,3.1299277263716774,0.0116590607197915,3.1299277263716774,0.0116590607197915,-563.3784885902978,1.0,2441.0,1655.0,1.0192073276805458,0,8,0.7627064025170531,0.9700399298928556,7.798668813003233,0.7315729699505995,7.176450497814567,7.450966998543045,7.725483499271522,0.936704507989392,0.546753750411158,0,False,,False,3,3,30,0,[],27.164341786992736,"(30, 96)",,[],"{""feature_selection"": {""concat"": [""mean""], ""even"": [""range""], ""odd"": [""range""]}, ""n_chunks"": 16, ""parameter_selection"": {""mean"": {""likelihood"": ""student_t""}, ""range"": {""likelihood"": ""lognormal""}}, ""rem_profile_params"": {""rem_stage"": 2, ""step_size_hours"": 2, ""window_size_hours"": 2}, ""tau_threshold"": 5.0}",run_output_8day_rem_w2_s2_stage2_no_pareto,rem_w2_s2_stage2
161,4d22b9d45060daf4,ok,,"concat: mean; even: mean, range; odd: mean",mean=lognormal; range=beta,16,5.0,3,1,2,374.3686196480273,374.3686196480273,12.478953988267577,3.1197384970668938,0.0144432881998354,3.1197384970668938,0.0144432881998354,-751.98132148587,1.0,1088.0,1078.0,0.9895092633812652,0,7,0.5911902942966442,0.9696969307560758,6.798863874374454,0.6678871962478442,6.090432051272654,6.409952582934708,6.729473114596763,0.8207560565844177,1.6139656383258207,6,False,,False,4,4,30,0,[],36.21338605298661,"(30, 176)",,[],"{""feature_selection"": {""concat"": [""mean""], ""even"": [""mean"", ""range""], ""odd"": [""mean""]}, ""n_chunks"": 16, ""parameter_selection"": {""mean"": {""likelihood"": ""lognormal""}, ""range"": {""likelihood"": ""beta""}}, ""rem_profile_params"": {""rem_stage"": 2, ""step_size_hours"": 1, ""window_size_hours"": 3}, ""tau_threshold"": 5.0}",run_output_8day_rem_w3_s1_stage2_no_pareto,rem_w3_s1_stage2
214,bff2b5743f5fe928,ok,,"concat: mean; even: mean, range; odd: mean, range",mean=lognormal; range=lognormal,16,5.0,2,1,2,467.9237305296299,467.9237305296299,15.597457684320997,3.119491536864199,0.0132528208880509,3.119491536864199,0.0132528208880509,-939.8019131020276,1.01,630.0,389.0,0.9550206633442346,0,7,0.7394313664223009,0.9936385250962716,6.969373473194389,0.4121466986403967,6.206843944562582,6.489768791233665,6.772693637904748,0.9327728697181644,1.981373221859452,6,False,,False,5,5,30,0,[],19.963663155969694,"(30, 184)",,[],"{""feature_selection"": {""concat"": [""mean""], ""even"": [""mean"", ""range""], ""odd"": [""mean"", ""range""]}, ""n_chunks"": 16, ""parameter_selection"": {""mean"": {""likelihood"": ""lognormal""}, ""range"": {""likelihood"": ""lognormal""}}, ""rem_profile_params"": {""rem_stage"": 2, ""step_size_hours"": 1, ""window_size_hours"": 2}, ""tau_threshold"": 5.0}",run_output_8day_rem_w2_s1_stage2_no_pareto,rem_w2_s1_stage2
204,d7dcd4ff26923e39,ok,,"concat: mean, range; even: mean, range; odd: range",mean=student_t; range=lognormal,16,5.0,3,1,2,467.3862271981322,467.3862271981322,15.579540906604404,3.115908181320881,0.0082220065083441,3.115908181320881,0.0082220065083441,-932.8122828422128,1.0,1097.0,607.0,1.0616280528086048,0,8,0.7393633306346172,0.9944239852741265,7.836680731483769,0.451711803954455,7.127398293552362,7.418265529034908,7.709132764517454,0.9853361911432984,0.9115815870704111,2,False,,False,5,5,30,0,[],53.141629563993774,"(30, 176)",,[],"{""feature_selection"": {""concat"": [""mean"", ""range""], ""even"": [""mean"", ""range""], ""odd"": [""range""]}, ""n_chunks"": 16, ""parameter_selection"": {""mean"": {""likelihood"": ""student_t""}, ""range"": {""likelihood"": ""lognormal""}}, ""rem_profile_params"": {""rem_stage"": 2, ""step_size_hours"": 1, ""window_size_hours"": 3}, ""tau_threshold"": 5.0}",run_output_8day_rem_w3_s1_stage2_no_pareto,rem_w3_s1_stage2
38,16a62caa0f13e02e,ok,,concat: range; odd: mean,mean=student_t; range=lognormal,16,5.0,3,1,2,186.88053587711136,186.88053587711136,6.229351195903712,3.114675597951856,0.0185153096333546,3.114675597951856,0.0185153096333546,-374.4947300649251,1.0,2147.0,2295.0,1.0603471227580616,0,7,0.2413739168460403,0.808882742863838,6.346884946045956,1.0176820505522135,5.204781559293482,6.047946600406805,6.609554256467818,0.5213434592145213,1.0480837123081197,2,False,,False,2,2,30,0,[],18.168349879037123,"(30, 176)",,[],"{""feature_selection"": {""concat"": [""range""], ""odd"": [""mean""]}, ""n_chunks"": 16, ""parameter_selection"": {""mean"": {""likelihood"": ""student_t""}, ""range"": {""likelihood"": ""lognormal""}}, ""rem_profile_params"": {""rem_stage"": 2, ""step_size_hours"": 1, ""window_size_hours"": 3}, ""tau_threshold"": 5.0}",run_output_8day_rem_w3_s1_stage2_no_pareto,rem_w3_s1_stage2
93,631e3ff63ab913cf,ok,,concat: mean; even: range; odd: range,mean=student_t; range=beta,16,5.0,6,1,2,280.1477275922918,280.1477275922918,9.338257586409728,3.112752528803242,0.0108873134767036,3.112752528803242,0.0108873134767036,-560.1991498438816,1.0,3264.0,2303.0,0.966961862552194,0,5,0.8916607355310032,0.0412123979489788,5.049200432990445,0.2549820591677676,4.260707371537107,4.521466951107771,4.782226530678435,0.0071491792333645,1.0771082304332087,2,False,,False,3,3,30,0,[],34.95767406601226,"(30, 152)",,[],"{""feature_selection"": {""concat"": [""mean""], ""even"": [""range""], ""odd"": [""range""]}, ""n_chunks"": 16, ""parameter_selection"": {""mean"": {""likelihood"": ""student_t""}, ""range"": {""likelihood"": ""beta""}}, ""rem_profile_params"": {""rem_stage"": 2, ""step_size_hours"": 1, ""window_size_hours"": 6}, ""tau_threshold"": 5.0}",run_output_8day_rem_w6_s1_stage2_no_pareto,rem_w6_s1_stage2
68,aa6c73ae4eba1fb7,ok,,"concat: mean, range; even: range",mean=student_t; range=lognormal,16,5.0,6,1,2,279.9895340502516,279.9895340502516,9.33298446834172,3.1109948227805737,0.0109356638658066,3.1109948227805737,0.0109356638658066,-561.2625150682735,1.0,2187.0,1748.0,0.9846251904688398,0,7,0.7447436927233744,0.9888397077439638,7.033231093241247,0.4114209618206313,6.244507262444842,6.527221201495063,6.809935140545284,0.966214367839684,0.9225032958393388,2,False,,False,3,3,30,0,[],22.914968573022637,"(30, 152)",,[],"{""feature_selection"": {""concat"": [""mean"", ""range""], ""even"": [""range""]}, ""n_chunks"": 16, ""parameter_selection"": {""mean"": {""likelihood"": ""student_t""}, ""range"": {""likelihood"": ""lognormal""}}, ""rem_profile_params"": {""rem_stage"": 2, ""step_size_hours"": 1, ""window_size_hours"": 6}, ""tau_threshold"": 5.0}",run_output_8day_rem_w6_s1_stage2_no_pareto,rem_w6_s1_stage2
195,764e48ff65610172,ok,,"even: mean, range; odd: mean, range",mean=student_t; range=beta,16,5.0,2,1,2,373.1634554268536,373.1634554268536,12.438781847561788,3.109695461890448,0.0102929311649562,3.109695461890448,0.0102929311649562,-746.9426116525694,1.0,419.0,591.0,0.9167623853849588,0,6,0.1934997667865619,0.7703490956069713,6.340209661874971,1.3211970009237712,5.050892950303827,5.676141257240771,7.17469119754111,0.3705079489356018,0.8060538126972472,1,False,,False,4,4,30,0,[],68.43433258298319,"(30, 184)",,[],"{""feature_selection"": {""even"": [""mean"", ""range""], ""odd"": [""mean"", ""range""]}, ""n_chunks"": 16, ""parameter_selection"": {""mean"": {""likelihood"": ""student_t""}, ""range"": {""likelihood"": ""beta""}}, ""rem_profile_params"": {""rem_stage"": 2, ""step_size_hours"": 1, ""window_size_hours"": 2}, ""tau_threshold"": 5.0}",run_output_8day_rem_w2_s1_stage2_no_pareto,rem_w2_s1_stage2
212,d2790a8f77c34623,ok,,"concat: mean, range; even: range; odd: mean, range",mean=student_t; range=lognormal,16,5.0,3,1,2,466.22785540959165,466.22785540959165,15.540928513653055,3.108185702730612,0.0109665723569232,3.108185702730612,0.0109665723569232,-927.1595522706784,1.01,420.0,457.0,0.991448585282137,0,8,0.6218741072604325,0.9888078134051456,7.715939894580926,0.5938535833120099,7.030604592514658,7.353736395009772,7.676868197504886,0.9562327584768024,1.1339624972813456,4,False,,False,5,5,30,0,[],53.244555988989305,"(30, 176)",,[],"{""feature_selection"": {""concat"": [""mean"", ""range""], ""even"": [""range""], ""odd"": [""mean"", ""range""]}, ""n_chunks"": 16, ""parameter_selection"": {""mean"": {""likelihood"": ""student_t""}, ""range"": {""likelihood"": ""lognormal""}}, ""rem_profile_params"": {""rem_stage"": 2, ""step_size_hours"": 1, ""window_size_hours"": 3}, ""tau_threshold"": 5.0}",run_output_8day_rem_w3_s1_stage2_no_pareto,rem_w3_s1_stage2
144,930c02c16f98f6e7,ok,,"concat: mean, range; even: mean; odd: mean",mean=student_t; range=lognormal,16,5.0,6,1,2,372.7219868303711,372.7219868303711,12.424066227679038,3.10601655691976,0.0112104484668925,3.10601655691976,0.0112104484668925,-747.3431546852079,1.01,1281.0,857.0,0.944760444931684,0,7,0.6445970348034511,0.9912471816890118,7.068231669520437,0.4716966390510361,6.238777867454353,6.548610003617122,6.858442139779892,0.9426671248595976,1.0030721667578877,3,False,,False,4,4,30,0,[],44.4895147390198,"(30, 152)",,[],"{""feature_selection"": {""concat"": [""mean"", ""range""], ""even"": [""mean""], ""odd"": [""mean""]}, ""n_chunks"": 16, ""parameter_selection"": {""mean"": {""likelihood"": ""student_t""}, ""range"": {""likelihood"": ""lognormal""}}, ""rem_profile_params"": {""rem_stage"": 2, ""step_size_hours"": 1, ""window_size_hours"": 6}, ""tau_threshold"": 5.0}",run_output_8day_rem_w6_s1_stage2_no_pareto,rem_w6_s1_stage2
113,f971a395625b6845,ok,,concat: range; even: range; odd: mean,mean=student_t; range=beta,16,5.0,2,1,2,279.5164223650878,279.5164223650878,9.31721407883626,3.105738026278754,0.0125923958244607,3.105738026278754,0.0125923958244607,-560.3732651326625,1.01,761.0,805.0,0.8871290740187755,0,6,0.3409004442960108,0.8061770844616649,6.010097948356568,1.0219270008872372,5.088566432904025,5.482705937262167,5.8768454416203095,0.1718839034035373,0.9043376174406268,3,False,,False,3,3,30,0,[],38.49407751503168,"(30, 184)",,[],"{""feature_selection"": {""concat"": [""range""], ""even"": [""range""], ""odd"": [""mean""]}, ""n_chunks"": 16, ""parameter_selection"": {""mean"": {""likelihood"": ""student_t""}, ""range"": {""likelihood"": ""beta""}}, ""rem_profile_params"": {""rem_stage"": 2, ""step_size_hours"": 1, ""window_size_hours"": 2}, ""tau_threshold"": 5.0}",run_output_8day_rem_w2_s1_stage2_no_pareto,rem_w2_s1_stage2
162,0e9afbf79c817518,ok,,"concat: mean; even: mean, range; odd: mean",mean=lognormal; range=lognormal,16,5.0,2,2,2,372.538770390079,372.538770390079,12.417959013002632,3.104489753250658,0.0158312791478404,3.104489753250658,0.0158312791478404,-742.3135929093482,1.01,788.0,402.0,0.919838893389592,0,7,0.4790540354142386,0.9881443481392412,6.827684224841035,0.6520727264270364,5.970044234479265,6.381306732060445,6.774170079696427,0.7426459062387223,1.8566827849555076,3,False,,False,4,4,30,0,[],16.08748020301573,"(30, 96)",,[],"{""feature_selection"": {""concat"": [""mean""], ""even"": [""mean"", ""range""], ""odd"": [""mean""]}, ""n_chunks"": 16, ""parameter_selection"": {""mean"": {""likelihood"": ""lognormal""}, ""range"": {""likelihood"": ""lognormal""}}, ""rem_profile_params"": {""rem_stage"": 2, ""step_size_hours"": 2, ""window_size_hours"": 2}, ""tau_threshold"": 5.0}",run_output_8day_rem_w2_s2_stage2_no_pareto,rem_w2_s2_stage2
165,6891101be8940583,ok,,"concat: mean; even: mean, range; odd: range",mean=lognormal; range=beta,16,5.0,3,1,2,371.96785512277165,371.96785512277165,12.398928504092387,3.099732126023097,0.0105974582749513,3.099732126023097,0.0105974582749513,-751.5484278907074,1.01,566.0,499.0,0.9274689709220192,0,7,0.6802175420026177,0.9808723838242932,6.927288229618975,0.6294319746532745,6.194821580733711,6.487913258600436,6.781004936467162,0.9161780216276736,1.3056710027501703,4,False,,False,4,4,30,0,[],40.64025675802259,"(30, 176)",,[],"{""feature_selection"": {""concat"": [""mean""], ""even"": [""mean"", ""range""], ""odd"": [""range""]}, ""n_chunks"": 16, ""parameter_selection"": {""mean"": {""likelihood"": ""lognormal""}, ""range"": {""likelihood"": ""beta""}}, ""rem_profile_params"": {""rem_stage"": 2, ""step_size_hours"": 1, ""window_size_hours"": 3}, ""tau_threshold"": 5.0}",run_output_8day_rem_w3_s1_stage2_no_pareto,rem_w3_s1_stage2
216,572d055b55bc009a,ok,,"concat: mean; even: mean, range; odd: mean, range",mean=student_t; range=lognormal,16,5.0,6,1,2,464.5276476511678,464.5276476511678,15.484254921705594,3.0968509843411183,0.0096520699669461,3.0968509843411183,0.0096520699669461,-928.4132511404875,1.0,1617.0,1247.0,1.045390565370679,0,8,0.7310369091726296,0.9972328146968064,7.828913674938999,0.4632981350125176,7.121432162542899,7.414288108361932,7.707144054180966,0.9816519297669444,0.8500599077530641,1,False,,False,5,5,30,0,[],62.24701840494527,"(30, 152)",,[],"{""feature_selection"": {""concat"": [""mean""], ""even"": [""mean"", ""range""], ""odd"": [""mean"", ""range""]}, ""n_chunks"": 16, ""parameter_selection"": {""mean"": {""likelihood"": ""student_t""}, ""range"": {""likelihood"": ""lognormal""}}, ""rem_profile_params"": {""rem_stage"": 2, ""step_size_hours"": 1, ""window_size_hours"": 6}, ""tau_threshold"": 5.0}",run_output_8day_rem_w6_s1_stage2_no_pareto,rem_w6_s1_stage2
198,8ae9e931586d237d,ok,,"concat: mean, range; even: mean, range; odd: mean",mean=lognormal; range=lognormal,16,5.0,2,2,2,464.2489030599575,464.2489030599575,15.474963435331915,3.0949926870663838,0.0126146981453111,3.0949926870663838,0.0126146981453111,-925.4241841409698,1.0,2539.0,1841.0,1.0236396833948205,0,7,0.7728910706476253,0.9994274250859824,6.888608986848154,0.3384371933080225,6.151131258391756,6.436748056212398,6.722364854033041,0.8822849877396397,1.3694138311896114,3,False,,False,5,5,30,0,[],20.244496098952368,"(30, 96)",,[],"{""feature_selection"": {""concat"": [""mean"", ""range""], ""even"": [""mean"", ""range""], ""odd"": [""mean""]}, ""n_chunks"": 16, ""parameter_selection"": {""mean"": {""likelihood"": ""lognormal""}, ""range"": {""likelihood"": ""lognormal""}}, ""rem_profile_params"": {""rem_stage"": 2, ""step_size_hours"": 2, ""window_size_hours"": 2}, ""tau_threshold"": 5.0}",run_output_8day_rem_w2_s2_stage2_no_pareto,rem_w2_s2_stage2
179,3b23cadeed7e5316,ok,,"concat: range; even: mean, range; odd: mean",mean=student_t; range=beta,16,5.0,2,2,2,370.7884360463106,370.7884360463106,12.35961453487702,3.089903633719256,0.0087626885694407,3.089903633719256,0.0087626885694407,-744.0264767426495,1.0,1430.0,1437.0,0.902410734622539,0,7,0.5779103172553448,0.9970264836615004,6.995351922767431,0.5241595099965581,6.166291936248297,6.50049792560521,6.834703914962121,0.874393294512974,1.4259523222464612,1,False,,False,4,4,30,0,[],59.90454252297059,"(30, 96)",,[],"{""feature_selection"": {""concat"": [""range""], ""even"": [""mean"", ""range""], ""odd"": [""mean""]}, ""n_chunks"": 16, ""parameter_selection"": {""mean"": {""likelihood"": ""student_t""}, ""range"": {""likelihood"": ""beta""}}, ""rem_profile_params"": {""rem_stage"": 2, ""step_size_hours"": 2, ""window_size_hours"": 2}, ""tau_threshold"": 5.0}",run_output_8day_rem_w2_s2_stage2_no_pareto,rem_w2_s2_stage2
76,c78c95868bf5b336,ok,,"concat: mean, range; odd: range",mean=student_t; range=lognormal,16,5.0,6,1,2,278.00779774417254,278.00779774417254,9.266926591472416,3.0889755304908064,0.0089554741004277,3.0889755304908064,0.0089554741004277,-557.2037170193303,1.01,2589.0,2365.0,0.9894984544347656,0,7,0.6570569863919755,0.9912954694537324,6.899239044113654,0.4517577890244251,6.138255440841136,6.444248437784339,6.750241434727543,0.8629563766346573,0.954865025654343,2,False,,False,3,3,30,0,[],24.02548999595456,"(30, 152)",,[],"{""feature_selection"": {""concat"": [""mean"", ""range""], ""odd"": [""range""]}, ""n_chunks"": 16, ""parameter_selection"": {""mean"": {""likelihood"": ""student_t""}, ""range"": {""likelihood"": ""lognormal""}}, ""rem_profile_params"": {""rem_stage"": 2, ""step_size_hours"": 1, ""window_size_hours"": 6}, ""tau_threshold"": 5.0}",run_output_8day_rem_w6_s1_stage2_no_pareto,rem_w6_s1_stage2
29,08d468f15bab15cc,ok,,concat: range; even: mean,mean=lognormal; range=beta,16,5.0,2,2,2,185.33754529216367,185.33754529216367,6.177918176405457,3.0889590882027296,0.0119421847023645,3.0889590882027296,0.0119421847023645,-371.0088384493743,1.0,1711.0,1376.0,0.8762096851246429,0,7,0.7369293303157362,0.97678519001748,6.966822798519583,0.530850299860179,6.224988129420434,6.504851743077769,6.784715356735104,0.9509801546548228,1.1480907374435383,1,False,,False,2,2,30,0,[],18.47328050999204,"(30, 96)",,[],"{""feature_selection"": {""concat"": [""range""], ""even"": [""mean""]}, ""n_chunks"": 16, ""parameter_selection"": {""mean"": {""likelihood"": ""lognormal""}, ""range"": {""likelihood"": ""beta""}}, ""rem_profile_params"": {""rem_stage"": 2, ""step_size_hours"": 2, ""window_size_hours"": 2}, ""tau_threshold"": 5.0}",run_output_8day_rem_w2_s2_stage2_no_pareto,rem_w2_s2_stage2
209,c5584025b6c69088,ok,,"concat: mean, range; even: range; odd: mean, range",mean=lognormal; range=beta,16,5.0,3,1,2,463.2669389409681,463.2669389409681,15.44223129803227,3.0884462596064544,0.0121220114098595,3.0884462596064544,0.0121220114098595,-932.2092979388908,1.01,746.0,382.0,0.8966877214664979,0,7,0.8988921562865145,0.9999901646026113,7.033338247437889,0.1983030890141924,6.25685807801798,6.517377944932538,6.7778978118470965,0.9964860751888652,1.8140964029587512,5,False,,False,5,5,30,0,[],63.50271956704091,"(30, 176)",,[],"{""feature_selection"": {""concat"": [""mean"", ""range""], ""even"": [""range""], ""odd"": [""mean"", ""range""]}, ""n_chunks"": 16, ""parameter_selection"": {""mean"": {""likelihood"": ""lognormal""}, ""range"": {""likelihood"": ""beta""}}, ""rem_profile_params"": {""rem_stage"": 2, ""step_size_hours"": 1, ""window_size_hours"": 3}, ""tau_threshold"": 5.0}",run_output_8day_rem_w3_s1_stage2_no_pareto,rem_w3_s1_stage2
175,1d839ba834476907,ok,,"concat: mean; even: range; odd: mean, range",mean=student_t; range=beta,16,5.0,6,1,2,370.52272655298697,370.52272655298697,12.350757551766232,3.0876893879415586,0.0103086074936593,3.0876893879415586,0.0103086074936593,-740.8127060961021,1.0,3423.0,2199.0,1.050945484903942,0,5,0.8661049794891236,0.0576578238358977,5.063348254136544,0.268238802933435,4.265280071543348,4.530582386551565,4.795884701559782,0.0052035167441421,1.116873550639097,3,False,,False,4,4,30,0,[],58.77021811099257,"(30, 152)",,[],"{""feature_selection"": {""concat"": [""mean""], ""even"": [""range""], ""odd"": [""mean"", ""range""]}, ""n_chunks"": 16, ""parameter_selection"": {""mean"": {""likelihood"": ""student_t""}, ""range"": {""likelihood"": ""beta""}}, ""rem_profile_params"": {""rem_stage"": 2, ""step_size_hours"": 1, ""window_size_hours"": 6}, ""tau_threshold"": 5.0}",run_output_8day_rem_w6_s1_stage2_no_pareto,rem_w6_s1_stage2
187,067a85470dd5c216,ok,,"concat: range; even: mean; odd: mean, range",mean=student_t; range=beta,16,5.0,2,2,2,370.2512790346847,370.2512790346847,12.341709301156158,3.085427325289039,0.0096074089754357,3.085427325289039,0.0096074089754357,-739.7949685347814,1.0,1729.0,1369.0,0.933776652858281,0,7,0.7892883700439328,0.9999908085743744,6.947348240573816,0.3106508744140455,6.193243681451135,6.470781881164537,6.748320080877938,0.9240694449004568,1.1511584844862508,3,False,,False,4,4,30,0,[],59.49050063302275,"(30, 96)",,[],"{""feature_selection"": {""concat"": [""range""], ""even"": [""mean""], ""odd"": [""mean"", ""range""]}, ""n_chunks"": 16, ""parameter_selection"": {""mean"": {""likelihood"": ""student_t""}, ""range"": {""likelihood"": ""beta""}}, ""rem_profile_params"": {""rem_stage"": 2, ""step_size_hours"": 2, ""window_size_hours"": 2}, ""tau_threshold"": 5.0}",run_output_8day_rem_w2_s2_stage2_no_pareto,rem_w2_s2_stage2
206,70766bbbda708c6a,ok,,"concat: mean, range; even: mean; odd: mean, range",mean=lognormal; range=lognormal,16,5.0,3,1,2,461.9570394482485,461.9570394482485,15.398567981608284,3.079713596321657,0.0141464976919255,3.079713596321657,0.0141464976919255,-925.9972478465382,1.05,66.0,24.0,0.976651516185582,0,7,0.7123499461016134,0.9990600112037112,7.032267541707005,0.3832403451363719,6.227047125060071,6.519433171427795,6.811819217795518,0.944133003165378,2.4864291154234874,5,False,,False,5,5,30,0,[],19.93490304000443,"(30, 176)",,[],"{""feature_selection"": {""concat"": [""mean"", ""range""], ""even"": [""mean""], ""odd"": [""mean"", ""range""]}, ""n_chunks"": 16, ""parameter_selection"": {""mean"": {""likelihood"": ""lognormal""}, ""range"": {""likelihood"": ""lognormal""}}, ""rem_profile_params"": {""rem_stage"": 2, ""step_size_hours"": 1, ""window_size_hours"": 3}, ""tau_threshold"": 5.0}",run_output_8day_rem_w3_s1_stage2_no_pareto,rem_w3_s1_stage2
154,3e8cfc3d0a2bf3cf,ok,,"concat: mean, range; even: range; odd: range",mean=lognormal; range=lognormal,16,5.0,2,1,2,369.42560538542097,369.42560538542097,12.314186846180698,3.078546711545175,0.0101045528722392,3.078546711545175,0.0101045528722392,-741.6689237733569,1.0,2893.0,2530.0,1.02553491203619,0,7,0.8237638073373927,0.9969764882216048,6.928515935422656,0.317093178661176,6.193031641056365,6.464505150933435,6.735978660810505,0.9277628700713504,1.1140342209715517,3,False,,False,4,4,30,0,[],16.728377151011955,"(30, 184)",,[],"{""feature_selection"": {""concat"": [""mean"", ""range""], ""even"": [""range""], ""odd"": [""range""]}, ""n_chunks"": 16, ""parameter_selection"": {""mean"": {""likelihood"": ""lognormal""}, ""range"": {""likelihood"": ""lognormal""}}, ""rem_profile_params"": {""rem_stage"": 2, ""step_size_hours"": 1, ""window_size_hours"": 2}, ""tau_threshold"": 5.0}",run_output_8day_rem_w2_s1_stage2_no_pareto,rem_w2_s1_stage2
32,71a0c0844608636d,ok,,concat: range; even: mean,mean=student_t; range=lognormal,16,5.0,3,1,2,184.6471716863585,184.6471716863585,6.154905722878616,3.077452861439308,0.009508856993693,3.077452861439308,0.009508856993693,-369.8978352353221,1.0,2024.0,2414.0,0.988498641242846,0,7,0.2938819996314218,0.8510906212016601,6.661573116808452,1.0606986963375993,5.818103676486544,6.393288622315074,6.825429062428063,0.7275236160565332,0.7018084483487992,1,False,,False,2,2,30,0,[],17.278305554995313,"(30, 176)",,[],"{""feature_selection"": {""concat"": [""range""], ""even"": [""mean""]}, ""n_chunks"": 16, ""parameter_selection"": {""mean"": {""likelihood"": ""student_t""}, ""range"": {""likelihood"": ""lognormal""}}, ""rem_profile_params"": {""rem_stage"": 2, ""step_size_hours"": 1, ""window_size_hours"": 3}, ""tau_threshold"": 5.0}",run_output_8day_rem_w3_s1_stage2_no_pareto,rem_w3_s1_stage2
179,8b05d3bb56a2de30,ok,,"concat: range; even: mean, range; odd: mean",mean=student_t; range=beta,16,5.0,3,1,2,369.1331227011044,369.1331227011044,12.304437423370148,3.076109355842537,0.0098644980717441,3.076109355842537,0.0098644980717441,-738.2225390740759,1.0,1279.0,1325.0,0.9494447897500776,0,7,0.5699890440691395,0.9828650154240312,7.27909360227276,0.6667905486781283,6.354715524778474,6.746487450718764,7.260851342139628,0.9763533329545776,0.7322057830163187,1,False,,False,4,4,30,0,[],58.80927787401015,"(30, 176)",,[],"{""feature_selection"": {""concat"": [""range""], ""even"": [""mean"", ""range""], ""odd"": [""mean""]}, ""n_chunks"": 16, ""parameter_selection"": {""mean"": {""likelihood"": ""student_t""}, ""range"": {""likelihood"": ""beta""}}, ""rem_profile_params"": {""rem_stage"": 2, ""step_size_hours"": 1, ""window_size_hours"": 3}, ""tau_threshold"": 5.0}",run_output_8day_rem_w3_s1_stage2_no_pareto,rem_w3_s1_stage2
160,89c23c2cb12abfaf,ok,,"concat: mean, range; odd: mean, range",mean=student_t; range=lognormal,16,5.0,6,1,2,369.10133892579967,369.10133892579967,12.303377964193322,3.07584449104833,0.0101806331580149,3.07584449104833,0.0101806331580149,-739.0699130777942,1.0,1902.0,1750.0,1.0210894870051488,0,7,0.5987809882248128,0.9935893494982742,6.844038940673758,0.4973180576498288,6.06684663449406,6.400448717109617,6.734050799725175,0.800094587217471,0.9767043281135838,2,False,,False,4,4,30,0,[],42.02618121600244,"(30, 152)",,[],"{""feature_selection"": {""concat"": [""mean"", ""range""], ""odd"": [""mean"", ""range""]}, ""n_chunks"": 16, ""parameter_selection"": {""mean"": {""likelihood"": ""student_t""}, ""range"": {""likelihood"": ""lognormal""}}, ""rem_profile_params"": {""rem_stage"": 2, ""step_size_hours"": 1, ""window_size_hours"": 6}, ""tau_threshold"": 5.0}",run_output_8day_rem_w6_s1_stage2_no_pareto,rem_w6_s1_stage2
209,d6bc3a1ee1f28691,ok,,"concat: mean, range; even: range; odd: mean, range",mean=lognormal; range=beta,16,5.0,2,2,2,460.37803171797015,460.37803171797015,15.345934390599004,3.069186878119802,0.0114167490139829,3.069186878119802,0.0114167490139829,-918.238795342354,1.0,1610.0,1195.0,0.934604105004716,0,7,0.898631729671253,0.999999998100721,6.959378029548039,0.2027606495322537,6.217613603191593,6.478781677442719,6.739949751693843,0.958308006075761,1.3795887112267056,3,False,,False,5,5,30,0,[],61.05746675998671,"(30, 96)",,[],"{""feature_selection"": {""concat"": [""mean"", ""range""], ""even"": [""range""], ""odd"": [""mean"", ""range""]}, ""n_chunks"": 16, ""parameter_selection"": {""mean"": {""likelihood"": ""lognormal""}, ""range"": {""likelihood"": ""beta""}}, ""rem_profile_params"": {""rem_stage"": 2, ""step_size_hours"": 2, ""window_size_hours"": 2}, ""tau_threshold"": 5.0}",run_output_8day_rem_w2_s2_stage2_no_pareto,rem_w2_s2_stage2
152,ad8dec50c26731ac,ok,,"concat: mean, range; even: range; odd: mean",mean=student_t; range=lognormal,16,5.0,6,1,2,368.2152702135623,368.2152702135623,12.273842340452076,3.06846058511302,0.0108199595928659,3.06846058511302,0.0108199595928659,-739.8349062719227,1.0,1241.0,1056.0,0.989865856741234,0,7,0.7055501988988335,0.9898387000941286,7.033466327606246,0.4535192123546144,6.237778640429337,6.528850951964964,6.819923263500591,0.9542264336092924,1.3068562230852252,2,False,,False,4,4,30,0,[],39.19965992600192,"(30, 152)",,[],"{""feature_selection"": {""concat"": [""mean"", ""range""], ""even"": [""range""], ""odd"": [""mean""]}, ""n_chunks"": 16, ""parameter_selection"": {""mean"": {""likelihood"": ""student_t""}, ""range"": {""likelihood"": ""lognormal""}}, ""rem_profile_params"": {""rem_stage"": 2, ""step_size_hours"": 1, ""window_size_hours"": 6}, ""tau_threshold"": 5.0}",run_output_8day_rem_w6_s1_stage2_no_pareto,rem_w6_s1_stage2
221,7f205367bd570cbe,ok,,"concat: mean, range; even: mean, range; odd: mean, range",mean=lognormal; range=beta,16,5.0,2,2,2,550.4715485709279,550.4715485709279,18.34905161903093,3.0581752698384883,0.0103729775162731,3.0581752698384883,0.0103729775162731,-1096.283152472913,1.0,2434.0,1758.0,0.9877482965088344,0,7,0.9385741435905456,0.999999966680356,6.9787855336874,0.1482065138858382,6.233417348942444,6.489149584221534,6.744881819500623,0.978185301598474,1.2182361096912253,6,False,,False,6,6,30,0,[],70.58640799397836,"(30, 96)",,[],"{""feature_selection"": {""concat"": [""mean"", ""range""], ""even"": [""mean"", ""range""], ""odd"": [""mean"", ""range""]}, ""n_chunks"": 16, ""parameter_selection"": {""mean"": {""likelihood"": ""lognormal""}, ""range"": {""likelihood"": ""beta""}}, ""rem_profile_params"": {""rem_stage"": 2, ""step_size_hours"": 2, ""window_size_hours"": 2}, ""tau_threshold"": 5.0}",run_output_8day_rem_w2_s2_stage2_no_pareto,rem_w2_s2_stage2
119,06b606cf515552af,ok,,"concat: range; odd: mean, range",mean=student_t; range=beta,16,5.0,3,1,2,274.76615851866694,274.76615851866694,9.158871950622231,3.052957316874077,0.0154476435562499,3.052957316874077,0.0154476435562499,-548.0436282257097,1.0,1105.0,1475.0,0.932810297832534,0,7,0.5987836223431782,0.9939291095086812,7.307411141857193,0.5865426211862884,6.364748259448726,6.750825989505393,7.261775479152975,0.986188357325862,1.4977018736398364,2,False,,False,3,3,30,0,[],43.20971618697513,"(30, 176)",,[],"{""feature_selection"": {""concat"": [""range""], ""odd"": [""mean"", ""range""]}, ""n_chunks"": 16, ""parameter_selection"": {""mean"": {""likelihood"": ""student_t""}, ""range"": {""likelihood"": ""beta""}}, ""rem_profile_params"": {""rem_stage"": 2, ""step_size_hours"": 1, ""window_size_hours"": 3}, ""tau_threshold"": 5.0}",run_output_8day_rem_w3_s1_stage2_no_pareto,rem_w3_s1_stage2
156,fb1cc4ee6d66b0ac,ok,,"concat: mean, range; even: range; odd: range",mean=student_t; range=lognormal,16,5.0,2,2,2,365.95751507274247,365.95751507274247,12.198583835758082,3.049645958939521,0.0093166375872123,3.049645958939521,0.0093166375872123,-732.0306097476556,1.0,949.0,2061.0,0.915964774548316,0,8,0.370608706262904,0.9764521418634832,7.208986893759809,0.8155284864019618,6.141888957993239,6.815406971783088,7.420601256010789,0.8026670983879252,1.03495670578922,2,False,,False,4,4,30,0,[],35.15862716000993,"(30, 96)",,[],"{""feature_selection"": {""concat"": [""mean"", ""range""], ""even"": [""range""], ""odd"": [""range""]}, ""n_chunks"": 16, ""parameter_selection"": {""mean"": {""likelihood"": ""student_t""}, ""range"": {""likelihood"": ""lognormal""}}, ""rem_profile_params"": {""rem_stage"": 2, ""step_size_hours"": 2, ""window_size_hours"": 2}, ""tau_threshold"": 5.0}",run_output_8day_rem_w2_s2_stage2_no_pareto,rem_w2_s2_stage2
221,bdbd83ff18733382,ok,,"concat: mean, range; even: mean, range; odd: mean, range",mean=lognormal; range=beta,16,5.0,3,1,2,548.8970987311911,548.8970987311911,18.29656995770637,3.0494283262843958,0.0113816789840482,3.0494283262843958,0.0113816789840482,-1100.5864214283292,1.01,764.0,494.0,0.8775064595229967,0,7,0.8927077012776723,0.9999996200193212,7.042823707701997,0.2095431843066581,6.2604550509083525,6.522438411286407,6.784421771664462,0.9985415968141098,1.7547303015079685,5,False,,False,6,6,30,0,[],67.66270476195496,"(30, 176)",,[],"{""feature_selection"": {""concat"": [""mean"", ""range""], ""even"": [""mean"", ""range""], ""odd"": [""mean"", ""range""]}, ""n_chunks"": 16, ""parameter_selection"": {""mean"": {""likelihood"": ""lognormal""}, ""range"": {""likelihood"": ""beta""}}, ""rem_profile_params"": {""rem_stage"": 2, ""step_size_hours"": 1, ""window_size_hours"": 3}, ""tau_threshold"": 5.0}",run_output_8day_rem_w3_s1_stage2_no_pareto,rem_w3_s1_stage2
139,62041b2cc168c97c,ok,,"concat: mean, range; even: mean, range",mean=student_t; range=beta,16,5.0,6,1,2,365.52806708274784,365.52806708274784,12.18426890275826,3.0460672256895656,0.0079727683252885,3.0460672256895656,0.0079727683252885,-733.080090391422,1.0,934.0,909.0,0.9256105219899752,0,5,0.3192023122115464,0.3036796600365219,5.118492935431552,1.137308016219349,4.181036316306488,4.639767193192206,5.232898260940681,0.0731942119283712,0.7984536573268358,2,False,,False,4,4,30,0,[],52.82434288802324,"(30, 152)",,[],"{""feature_selection"": {""concat"": [""mean"", ""range""], ""even"": [""mean"", ""range""]}, ""n_chunks"": 16, ""parameter_selection"": {""mean"": {""likelihood"": ""student_t""}, ""range"": {""likelihood"": ""beta""}}, ""rem_profile_params"": {""rem_stage"": 2, ""step_size_hours"": 1, ""window_size_hours"": 6}, ""tau_threshold"": 5.0}",run_output_8day_rem_w6_s1_stage2_no_pareto,rem_w6_s1_stage2
109,d615e1db7b25ed18,ok,,concat: range; even: mean; odd: range,mean=student_t; range=beta,16,5.0,3,1,2,273.96578078844254,273.96578078844254,9.132192692948085,3.044064230982695,0.0117141151830875,3.044064230982695,0.0117141151830875,-545.91652990034,1.0,1540.0,1378.0,0.8892088679976268,0,7,0.6004269978618547,0.997505342567338,7.421785256144582,0.5434053507044713,6.436685784242373,6.881774847329246,7.423424640665435,0.9952800014977796,1.182894011356904,1,False,,False,3,3,30,0,[],40.55780973500805,"(30, 176)",,[],"{""feature_selection"": {""concat"": [""range""], ""even"": [""mean""], ""odd"": [""range""]}, ""n_chunks"": 16, ""parameter_selection"": {""mean"": {""likelihood"": ""student_t""}, ""range"": {""likelihood"": ""beta""}}, ""rem_profile_params"": {""rem_stage"": 2, ""step_size_hours"": 1, ""window_size_hours"": 3}, ""tau_threshold"": 5.0}",run_output_8day_rem_w3_s1_stage2_no_pareto,rem_w3_s1_stage2
199,a4098d4a89460b5e,ok,,"concat: mean, range; even: mean, range; odd: mean",mean=student_t; range=beta,16,5.0,6,1,2,456.508146943775,456.508146943775,15.216938231459164,3.043387646291833,0.0089335240279426,3.043387646291833,0.0089335240279426,-914.4609264269324,1.0,598.0,558.0,0.896156458191295,0,5,0.3171732975143693,0.4492676055965275,5.367531863472806,1.082745547544474,4.3283551700755405,4.886696109082728,5.535087471133986,0.0768656781616935,0.7114350254371321,1,False,,False,5,5,30,0,[],75.05630710104015,"(30, 152)",,[],"{""feature_selection"": {""concat"": [""mean"", ""range""], ""even"": [""mean"", ""range""], ""odd"": [""mean""]}, ""n_chunks"": 16, ""parameter_selection"": {""mean"": {""likelihood"": ""student_t""}, ""range"": {""likelihood"": ""beta""}}, ""rem_profile_params"": {""rem_stage"": 2, ""step_size_hours"": 1, ""window_size_hours"": 6}, ""tau_threshold"": 5.0}",run_output_8day_rem_w6_s1_stage2_no_pareto,rem_w6_s1_stage2
25,c4d492078627b3d2,ok,,concat: mean; odd: range,mean=lognormal; range=beta,16,5.0,6,1,2,182.3158164506688,182.3158164506688,6.077193881688959,3.038596940844479,0.0159153384191646,3.038596940844479,0.0159153384191646,-367.1706019414504,1.01,1828.0,1545.0,0.9419601952679156,0,5,0.7489669944396717,0.1206345683635171,5.167218992761657,0.4825710763674807,4.284278267472193,4.568581192510028,4.852884117547863,0.0464871423206146,1.222359942801145,3,False,,False,2,2,30,0,[],18.712071802990977,"(30, 152)",,[],"{""feature_selection"": {""concat"": [""mean""], ""odd"": [""range""]}, ""n_chunks"": 16, ""parameter_selection"": {""mean"": {""likelihood"": ""lognormal""}, ""range"": {""likelihood"": ""beta""}}, ""rem_profile_params"": {""rem_stage"": 2, ""step_size_hours"": 1, ""window_size_hours"": 6}, ""tau_threshold"": 5.0}",run_output_8day_rem_w6_s1_stage2_no_pareto,rem_w6_s1_stage2
129,04746e3cd6b33dd8,ok,,"even: mean; odd: mean, range",mean=lognormal; range=beta,16,5.0,2,1,2,273.46593099136857,273.46593099136857,9.11553103304562,3.0385103443485404,0.0150098143139097,3.0385103443485404,0.0150098143139097,-543.5893843384634,1.0,888.0,1011.0,1.0070488447806714,0,8,0.1988463729522852,0.8395358729951676,6.781236462561667,1.5177955622675563,5.471363465561741,6.839772205542506,7.469731536462941,0.6495850610703096,1.2450742928474845,3,False,,False,3,3,30,0,[],26.990022578975186,"(30, 184)",,[],"{""feature_selection"": {""even"": [""mean""], ""odd"": [""mean"", ""range""]}, ""n_chunks"": 16, ""parameter_selection"": {""mean"": {""likelihood"": ""lognormal""}, ""range"": {""likelihood"": ""beta""}}, ""rem_profile_params"": {""rem_stage"": 2, ""step_size_hours"": 1, ""window_size_hours"": 2}, ""tau_threshold"": 5.0}",run_output_8day_rem_w2_s1_stage2_no_pareto,rem_w2_s1_stage2
180,3bd28a2d0979b909,ok,,"concat: range; even: mean, range; odd: mean",mean=student_t; range=lognormal,16,5.0,2,1,2,363.8045481301836,363.8045481301836,12.12681827100612,3.0317045677515297,0.0104271485192058,3.0317045677515297,0.0104271485192058,-728.3653822913533,1.0,786.0,723.0,0.9757075876589872,0,8,0.2818027051520783,0.8967375553156203,6.976401878509962,1.312853989116708,6.138360915392819,6.7770898684272725,7.39431008392236,0.8041547845668723,0.7075909542486519,1,False,,False,4,4,30,0,[],43.84667050105054,"(30, 184)",,[],"{""feature_selection"": {""concat"": [""range""], ""even"": [""mean"", ""range""], ""odd"": [""mean""]}, ""n_chunks"": 16, ""parameter_selection"": {""mean"": {""likelihood"": ""student_t""}, ""range"": {""likelihood"": ""lognormal""}}, ""rem_profile_params"": {""rem_stage"": 2, ""step_size_hours"": 1, ""window_size_hours"": 2}, ""tau_threshold"": 5.0}",run_output_8day_rem_w2_s1_stage2_no_pareto,rem_w2_s1_stage2
123,f198e6c1c8b28b4b,ok,,"even: mean, range; odd: mean",mean=student_t; range=beta,16,5.0,2,2,2,271.50811652628533,271.50811652628533,9.050270550876178,3.01675685029206,0.0113182940766668,3.01675685029206,0.0113182940766668,-543.100418630359,1.0,1188.0,1802.0,0.9267421136831604,0,8,0.3461620054496536,0.9617315401029832,6.933750523807387,1.0947179602368502,5.5501340687067175,6.540449797385211,7.424819335821132,0.5768589205963743,0.603268900562842,0,False,,False,3,3,30,0,[],43.19924103398807,"(30, 96)",,[],"{""feature_selection"": {""even"": [""mean"", ""range""], ""odd"": [""mean""]}, ""n_chunks"": 16, ""parameter_selection"": {""mean"": {""likelihood"": ""student_t""}, ""range"": {""likelihood"": ""beta""}}, ""rem_profile_params"": {""rem_stage"": 2, ""step_size_hours"": 2, ""window_size_hours"": 2}, ""tau_threshold"": 5.0}",run_output_8day_rem_w2_s2_stage2_no_pareto,rem_w2_s2_stage2
210,0d29f14b5142990e,ok,,"concat: mean, range; even: range; odd: mean, range",mean=lognormal; range=lognormal,16,5.0,2,1,2,452.25597679199547,452.25597679199547,15.07519922639985,3.0150398452799694,0.0130228182866924,3.0150398452799694,0.0130228182866924,-909.8250034856896,1.0,1516.0,1355.0,0.9896758858906992,0,7,0.7937559774103273,0.9934390812412116,6.919376392128293,0.4127278843936185,6.190455417504509,6.465405036801939,6.740354656099369,0.92317301437912,1.8443974650269788,5,False,,False,5,5,30,0,[],20.279325306008104,"(30, 184)",,[],"{""feature_selection"": {""concat"": [""mean"", ""range""], ""even"": [""range""], ""odd"": [""mean"", ""range""]}, ""n_chunks"": 16, ""parameter_selection"": {""mean"": {""likelihood"": ""lognormal""}, ""range"": {""likelihood"": ""lognormal""}}, ""rem_profile_params"": {""rem_stage"": 2, ""step_size_hours"": 1, ""window_size_hours"": 2}, ""tau_threshold"": 5.0}",run_output_8day_rem_w2_s1_stage2_no_pareto,rem_w2_s1_stage2
191,05d357282bfe2de9,ok,,"concat: range; even: range; odd: mean, range",mean=student_t; range=beta,16,5.0,2,1,2,361.6531284907718,361.6531284907718,12.055104283025726,3.013776070756432,0.0107532421304781,3.013776070756432,0.0107532421304781,-723.9333533028903,1.01,775.0,442.0,0.8999202605812012,0,6,0.5902080283431232,0.9159697530551534,6.053079451718197,0.6921958696389172,5.203620595651407,5.510334005630003,5.8170474156086005,0.1008766013815902,0.8642870664520598,2,False,,False,4,4,30,0,[],63.05684464197839,"(30, 184)",,[],"{""feature_selection"": {""concat"": [""range""], ""even"": [""range""], ""odd"": [""mean"", ""range""]}, ""n_chunks"": 16, ""parameter_selection"": {""mean"": {""likelihood"": ""student_t""}, ""range"": {""likelihood"": ""beta""}}, ""rem_profile_params"": {""rem_stage"": 2, ""step_size_hours"": 1, ""window_size_hours"": 2}, ""tau_threshold"": 5.0}",run_output_8day_rem_w2_s1_stage2_no_pareto,rem_w2_s1_stage2
156,6cf87ca3bc5c0946,ok,,"concat: mean, range; even: range; odd: range",mean=student_t; range=lognormal,16,5.0,3,1,2,361.42912459748186,361.42912459748186,12.047637486582728,3.011909371645682,0.0092708552878684,3.011909371645682,0.0092708552878684,-718.2476090383958,1.0,845.0,1114.0,1.058826924427592,0,8,0.6139557243414118,0.9892606919790372,7.701197978448658,0.5918649163588462,7.00113645755753,7.33409097170502,7.66704548585251,0.9655017310534844,0.637591674184096,0,False,,False,4,4,30,0,[],34.31832448003115,"(30, 176)",,[],"{""feature_selection"": {""concat"": [""mean"", ""range""], ""even"": [""range""], ""odd"": [""range""]}, ""n_chunks"": 16, ""parameter_selection"": {""mean"": {""likelihood"": ""student_t""}, ""range"": {""likelihood"": ""lognormal""}}, ""rem_profile_params"": {""rem_stage"": 2, ""step_size_hours"": 1, ""window_size_hours"": 3}, ""tau_threshold"": 5.0}",run_output_8day_rem_w3_s1_stage2_no_pareto,rem_w3_s1_stage2
92,d1a08bd956bb2eb9,ok,,concat: mean; even: range; odd: range,mean=lognormal; range=lognormal,16,5.0,2,1,2,270.3821645179553,270.3821645179553,9.012738817265175,3.004246272421726,0.0110014594857337,3.004246272421726,0.0110014594857337,-544.5725764784223,1.01,2991.0,2690.0,1.0488378314743292,0,7,0.735902446956098,0.989656901418299,6.870527398317052,0.4445792260265265,6.14895798690363,6.436818976392093,6.724679965880555,0.8793662499808784,1.3735976977401292,2,False,,False,3,3,30,0,[],13.059636307996698,"(30, 184)",,[],"{""feature_selection"": {""concat"": [""mean""], ""even"": [""range""], ""odd"": [""range""]}, ""n_chunks"": 16, ""parameter_selection"": {""mean"": {""likelihood"": ""lognormal""}, ""range"": {""likelihood"": ""lognormal""}}, ""rem_profile_params"": {""rem_stage"": 2, ""step_size_hours"": 1, ""window_size_hours"": 2}, ""tau_threshold"": 5.0}",run_output_8day_rem_w2_s1_stage2_no_pareto,rem_w2_s1_stage2
207,b27a457e60137a29,ok,,"concat: mean, range; even: mean; odd: mean, range",mean=student_t; range=beta,16,5.0,6,1,2,450.2370672773076,450.2370672773076,15.00790224257692,3.001580448515384,0.0097257327596465,3.001580448515384,0.0097257327596465,-899.9362891567175,1.0,2344.0,1496.0,1.003611560580494,0,5,0.960712615131544,0.0131945879578275,5.013215920147776,0.1144164362763839,4.253342116819712,4.5066850860002745,4.760028055180838,2.2744631646286133e-05,1.0779635328343462,2,False,,False,5,5,30,0,[],81.33444523194339,"(30, 152)",,[],"{""feature_selection"": {""concat"": [""mean"", ""range""], ""even"": [""mean""], ""odd"": [""mean"", ""range""]}, ""n_chunks"": 16, ""parameter_selection"": {""mean"": {""likelihood"": ""student_t""}, ""range"": {""likelihood"": ""beta""}}, ""rem_profile_params"": {""rem_stage"": 2, ""step_size_hours"": 1, ""window_size_hours"": 6}, ""tau_threshold"": 5.0}",run_output_8day_rem_w6_s1_stage2_no_pareto,rem_w6_s1_stage2
147,b5afda9d8241d35a,ok,,"concat: mean, range; even: mean; odd: range",mean=student_t; range=beta,16,5.0,6,1,2,358.8602526757341,358.8602526757341,11.96200842252447,2.9905021056311174,0.0085255243827019,2.9905021056311174,0.0085255243827019,-717.922225110252,1.0,3357.0,2339.0,1.0214529377427506,0,5,0.9782548079584832,0.0064005840767196,5.006420625812601,0.0804101209230205,4.251606903626364,4.503218551089939,4.754830198553515,2.9272542687860525e-05,1.044528142987022,2,False,,False,4,4,30,0,[],53.647489752969705,"(30, 152)",,[],"{""feature_selection"": {""concat"": [""mean"", ""range""], ""even"": [""mean""], ""odd"": [""range""]}, ""n_chunks"": 16, ""parameter_selection"": {""mean"": {""likelihood"": ""student_t""}, ""range"": {""likelihood"": ""beta""}}, ""rem_profile_params"": {""rem_stage"": 2, ""step_size_hours"": 1, ""window_size_hours"": 6}, ""tau_threshold"": 5.0}",run_output_8day_rem_w6_s1_stage2_no_pareto,rem_w6_s1_stage2
120,da073ec51a80df98,ok,,"concat: range; odd: mean, range",mean=student_t; range=lognormal,16,5.0,2,1,2,268.90785271877814,268.90785271877814,8.963595090625939,2.9878650302086465,0.0131676466421807,2.9878650302086465,0.0131676466421807,-537.5248857247931,1.0,765.0,817.0,0.9424422927869324,0,7,0.1432435740238975,0.8243269342251149,6.462355364735616,1.4889809804595957,5.336001484277564,6.301917492130306,7.044258980808301,0.6031167976540666,0.9279466360264668,3,False,,False,3,3,30,0,[],27.31796876701992,"(30, 184)",,[],"{""feature_selection"": {""concat"": [""range""], ""odd"": [""mean"", ""range""]}, ""n_chunks"": 16, ""parameter_selection"": {""mean"": {""likelihood"": ""student_t""}, ""range"": {""likelihood"": ""lognormal""}}, ""rem_profile_params"": {""rem_stage"": 2, ""step_size_hours"": 1, ""window_size_hours"": 2}, ""tau_threshold"": 5.0}",run_output_8day_rem_w2_s1_stage2_no_pareto,rem_w2_s1_stage2
99,4888733067e6d3ea,ok,,"concat: range; even: mean, range",mean=lognormal; range=beta,16,5.0,2,1,2,268.42092835871074,268.42092835871074,8.947364278623692,2.98245475954123,0.0103874422754242,2.98245475954123,0.0103874422754242,-538.24562256378,1.02,478.0,694.0,0.879196433139825,0,6,0.11440154910434,0.6918003104765926,5.995841369316839,1.358438650623424,4.671263529784258,5.488991884741037,6.453571879462508,0.2995641272970554,0.8577730188825505,3,False,,False,3,3,30,0,[],31.51986263494473,"(30, 184)",,[],"{""feature_selection"": {""concat"": [""range""], ""even"": [""mean"", ""range""]}, ""n_chunks"": 16, ""parameter_selection"": {""mean"": {""likelihood"": ""lognormal""}, ""range"": {""likelihood"": ""beta""}}, ""rem_profile_params"": {""rem_stage"": 2, ""step_size_hours"": 1, ""window_size_hours"": 2}, ""tau_threshold"": 5.0}",run_output_8day_rem_w2_s1_stage2_no_pareto,rem_w2_s1_stage2
213,753d0ba523d96f42,ok,,"concat: mean; even: mean, range; odd: mean, range",mean=lognormal; range=beta,16,5.0,2,2,2,447.2009899877286,447.2009899877286,14.90669966625762,2.981339933251523,0.012102086706676,2.981339933251523,0.012102086706676,-894.4077725566647,1.01,1592.0,2468.0,0.9715696213968832,0,7,0.6372958271980094,0.999999685312799,6.710886673520631,0.4697586045927742,5.842643815407943,6.292227117133179,6.651555508163286,0.7033147981261904,1.6113552372180344,2,False,,False,5,5,30,0,[],53.88652710203314,"(30, 96)",,[],"{""feature_selection"": {""concat"": [""mean""], ""even"": [""mean"", ""range""], ""odd"": [""mean"", ""range""]}, ""n_chunks"": 16, ""parameter_selection"": {""mean"": {""likelihood"": ""lognormal""}, ""range"": {""likelihood"": ""beta""}}, ""rem_profile_params"": {""rem_stage"": 2, ""step_size_hours"": 2, ""window_size_hours"": 2}, ""tau_threshold"": 5.0}",run_output_8day_rem_w2_s2_stage2_no_pareto,rem_w2_s2_stage2
173,a70564757f943388,ok,,"concat: mean; even: range; odd: mean, range",mean=lognormal; range=beta,16,5.0,2,2,2,356.905290120828,356.905290120828,11.8968430040276,2.9742107510069,0.0136649212386883,2.9742107510069,0.0136649212386883,-712.6107631136766,1.0,1626.0,2248.0,0.9677025258928617,0,7,0.5898131904300802,0.9999994080673804,6.571435834039113,0.5143084820296534,5.570294194980897,6.111684629064964,6.564727975694646,0.5616302114884907,1.624152005608797,3,False,,False,4,4,30,0,[],40.42926023900509,"(30, 96)",,[],"{""feature_selection"": {""concat"": [""mean""], ""even"": [""range""], ""odd"": [""mean"", ""range""]}, ""n_chunks"": 16, ""parameter_selection"": {""mean"": {""likelihood"": ""lognormal""}, ""range"": {""likelihood"": ""beta""}}, ""rem_profile_params"": {""rem_stage"": 2, ""step_size_hours"": 2, ""window_size_hours"": 2}, ""tau_threshold"": 5.0}",run_output_8day_rem_w2_s2_stage2_no_pareto,rem_w2_s2_stage2
124,9e64c6e3710b2644,ok,,"even: mean, range; odd: mean",mean=student_t; range=lognormal,16,5.0,2,1,2,267.2961318807186,267.2961318807186,8.90987106269062,2.969957020896873,0.0119365063093112,2.969957020896873,0.0119365063093112,-535.7898318729628,1.01,784.0,848.0,1.0130661621486017,0,8,0.3016228009820086,0.833849814105531,7.019813846807191,1.5570198012280088,6.117088008255959,7.178004342212847,7.589002171106423,0.7687948673300622,0.8981887972886431,2,False,,False,3,3,30,0,[],32.99290933395969,"(30, 184)",,[],"{""feature_selection"": {""even"": [""mean"", ""range""], ""odd"": [""mean""]}, ""n_chunks"": 16, ""parameter_selection"": {""mean"": {""likelihood"": ""student_t""}, ""range"": {""likelihood"": ""lognormal""}}, ""rem_profile_params"": {""rem_stage"": 2, ""step_size_hours"": 1, ""window_size_hours"": 2}, ""tau_threshold"": 5.0}",run_output_8day_rem_w2_s1_stage2_no_pareto,rem_w2_s1_stage2
131,28a6e0788c2db184,ok,,"even: mean; odd: mean, range",mean=student_t; range=beta,16,5.0,2,2,2,266.90953235399064,266.90953235399064,8.896984411799687,2.9656614705998963,0.0113488886504329,2.9656614705998963,0.0113488886504329,-534.5618228144513,1.0,1186.0,1507.0,0.9361295373219524,0,6,0.4354956157727848,0.9996378557268324,6.660472937886718,0.7434844810103594,5.497911445235572,5.996545199905793,6.740419745469793,0.4982678669154213,0.9700421441371628,2,False,,False,3,3,30,0,[],40.34260218898999,"(30, 96)",,[],"{""feature_selection"": {""even"": [""mean""], ""odd"": [""mean"", ""range""]}, ""n_chunks"": 16, ""parameter_selection"": {""mean"": {""likelihood"": ""student_t""}, ""range"": {""likelihood"": ""beta""}}, ""rem_profile_params"": {""rem_stage"": 2, ""step_size_hours"": 2, ""window_size_hours"": 2}, ""tau_threshold"": 5.0}",run_output_8day_rem_w2_s2_stage2_no_pareto,rem_w2_s2_stage2
92,dc62dcbb41b7b957,ok,,concat: mean; even: range; odd: range,mean=lognormal; range=lognormal,16,5.0,6,1,2,266.3716249773332,266.3716249773332,8.879054165911105,2.959684721970369,0.0140490887953676,2.959684721970369,0.0140490887953676,-527.7498621902027,1.01,473.0,263.0,0.9623603505128674,0,7,0.6882838357970817,0.9986227970471078,7.14059941732506,0.4185204491708552,6.279921730298844,6.587741471213717,6.895561212128591,0.9773422502621874,0.8953386623615625,1,False,,False,3,3,30,0,[],13.495688039984088,"(30, 152)",,[],"{""feature_selection"": {""concat"": [""mean""], ""even"": [""range""], ""odd"": [""range""]}, ""n_chunks"": 16, ""parameter_selection"": {""mean"": {""likelihood"": ""lognormal""}, ""range"": {""likelihood"": ""lognormal""}}, ""rem_profile_params"": {""rem_stage"": 2, ""step_size_hours"": 1, ""window_size_hours"": 6}, ""tau_threshold"": 5.0}",run_output_8day_rem_w6_s1_stage2_no_pareto,rem_w6_s1_stage2
132,33f6d87e43bcaf3b,ok,,"even: mean; odd: mean, range",mean=student_t; range=lognormal,16,5.0,3,1,2,266.25418579092457,266.25418579092457,8.875139526364153,2.9583798421213845,0.0118404639958178,2.9583798421213845,0.0118404639958178,-533.5323034822804,1.0,2261.0,1269.0,1.0215796458753226,0,8,0.8791133103644123,0.9826669670359508,7.906427704044882,0.5362398725827163,7.220605664608674,7.480403776405782,7.740201888202892,0.9746240772465944,0.8594965792403398,1,False,,False,3,3,30,0,[],32.07208651996916,"(30, 176)",,[],"{""feature_selection"": {""even"": [""mean""], ""odd"": [""mean"", ""range""]}, ""n_chunks"": 16, ""parameter_selection"": {""mean"": {""likelihood"": ""student_t""}, ""range"": {""likelihood"": ""lognormal""}}, ""rem_profile_params"": {""rem_stage"": 2, ""step_size_hours"": 1, ""window_size_hours"": 3}, ""tau_threshold"": 5.0}",run_output_8day_rem_w3_s1_stage2_no_pareto,rem_w3_s1_stage2
10,3963f3855dad69b7,ok,,odd: mean,mean=student_t,16,5.0,6,1,2,88.46963625634196,88.46963625634196,2.9489878752113987,2.948987875211399,0.0216777912850594,2.948987875211399,0.0216777912850594,-177.168802195262,1.0,1500.0,1684.0,1.0020316244828071,0,6,0.0260739895848984,0.6169625937049826,5.795576168431019,1.6140252642270676,4.101425569631714,5.434790197768528,6.6296807830660445,0.3479533237047176,0.7067487598177405,1,False,,False,1,1,30,0,[],13.42179470899282,"(30, 152)",,[],"{""feature_selection"": {""odd"": [""mean""]}, ""n_chunks"": 16, ""parameter_selection"": {""mean"": {""likelihood"": ""student_t""}}, ""rem_profile_params"": {""rem_stage"": 2, ""step_size_hours"": 1, ""window_size_hours"": 6}, ""tau_threshold"": 5.0}",run_output_8day_rem_w6_s1_stage2_no_pareto,rem_w6_s1_stage2
174,b31a389f817847e7,ok,,"concat: mean; even: range; odd: mean, range",mean=lognormal; range=lognormal,16,5.0,2,1,2,353.5522983692761,353.5522983692761,11.785076612309204,2.946269153077301,0.0143253001999196,2.946269153077301,0.0143253001999196,-704.4183644982479,1.0,1028.0,634.0,1.0170463857503969,0,7,0.6800231329737405,0.9931621580701658,6.9116062231356485,0.4636837065323587,6.1566146159394535,6.455322369783841,6.754030123628228,0.8810767915494443,1.6745489307500965,2,False,,False,4,4,30,0,[],16.719923458003905,"(30, 184)",,[],"{""feature_selection"": {""concat"": [""mean""], ""even"": [""range""], ""odd"": [""mean"", ""range""]}, ""n_chunks"": 16, ""parameter_selection"": {""mean"": {""likelihood"": ""lognormal""}, ""range"": {""likelihood"": ""lognormal""}}, ""rem_profile_params"": {""rem_stage"": 2, ""step_size_hours"": 1, ""window_size_hours"": 2}, ""tau_threshold"": 5.0}",run_output_8day_rem_w2_s1_stage2_no_pareto,rem_w2_s1_stage2
215,ca7ca4a0aae0ff18,ok,,"concat: mean; even: mean, range; odd: mean, range",mean=student_t; range=beta,16,5.0,6,1,2,441.4064359396572,441.4064359396572,14.713547864655242,2.942709572931048,0.0088904649502799,2.942709572931048,0.0088904649502799,-884.9718572720578,1.01,1869.0,1233.0,0.9355724798819236,0,5,0.787921929224482,0.090899183403297,5.12846728035272,0.4563819996136161,4.274886344400689,4.549925320737977,4.824964297075264,0.0275686568209418,1.1591624897316657,2,False,,False,5,5,30,0,[],78.67949460301315,"(30, 152)",,[],"{""feature_selection"": {""concat"": [""mean""], ""even"": [""mean"", ""range""], ""odd"": [""mean"", ""range""]}, ""n_chunks"": 16, ""parameter_selection"": {""mean"": {""likelihood"": ""student_t""}, ""range"": {""likelihood"": ""beta""}}, ""rem_profile_params"": {""rem_stage"": 2, ""step_size_hours"": 1, ""window_size_hours"": 6}, ""tau_threshold"": 5.0}",run_output_8day_rem_w6_s1_stage2_no_pareto,rem_w6_s1_stage2
202,a70d0964b4005958,ok,,"concat: mean, range; even: mean, range; odd: range",mean=lognormal; range=lognormal,16,5.0,3,1,2,441.1588330619484,441.1588330619484,14.70529443539828,2.9410588870796555,0.0099354444584441,2.9410588870796555,0.0099354444584441,-882.5605757698822,1.01,3455.0,2586.0,1.07492292707068,0,7,0.9279777704969734,0.999615853010568,6.9822382759694674,0.1605099839890001,6.2347097126213855,6.491092491367485,6.747475270113584,0.978866495801014,1.050129666795086,3,False,,False,5,5,30,0,[],19.54465892002918,"(30, 176)",,[],"{""feature_selection"": {""concat"": [""mean"", ""range""], ""even"": [""mean"", ""range""], ""odd"": [""range""]}, ""n_chunks"": 16, ""parameter_selection"": {""mean"": {""likelihood"": ""lognormal""}, ""range"": {""likelihood"": ""lognormal""}}, ""rem_profile_params"": {""rem_stage"": 2, ""step_size_hours"": 1, ""window_size_hours"": 3}, ""tau_threshold"": 5.0}",run_output_8day_rem_w3_s1_stage2_no_pareto,rem_w3_s1_stage2
200,80b7b087743f84b3,ok,,"concat: mean, range; even: mean, range; odd: mean",mean=student_t; range=lognormal,16,5.0,6,1,2,441.1559019771316,441.1559019771316,14.705196732571055,2.941039346514211,0.0095749635020631,2.941039346514211,0.0095749635020631,-884.1282626320052,1.0,920.0,921.0,0.955765468293606,0,7,0.6824081883432435,0.9978924076709168,7.192162578270315,0.4321126417936503,6.305386346183209,6.624040701137707,6.942695056092205,0.9895905951346692,1.0092931325495915,3,False,,False,5,5,30,0,[],62.7084851480322,"(30, 152)",,[],"{""feature_selection"": {""concat"": [""mean"", ""range""], ""even"": [""mean"", ""range""], ""odd"": [""mean""]}, ""n_chunks"": 16, ""parameter_selection"": {""mean"": {""likelihood"": ""student_t""}, ""range"": {""likelihood"": ""lognormal""}}, ""rem_profile_params"": {""rem_stage"": 2, ""step_size_hours"": 1, ""window_size_hours"": 6}, ""tau_threshold"": 5.0}",run_output_8day_rem_w6_s1_stage2_no_pareto,rem_w6_s1_stage2
113,02018670d6d8a751,ok,,concat: range; even: range; odd: mean,mean=student_t; range=beta,16,5.0,3,1,2,264.5840614860724,264.5840614860724,8.819468716202413,2.939822905400805,0.0112418918530958,2.939822905400805,0.0112418918530958,-529.4272907085225,1.0,1693.0,1618.0,0.89554718649879,0,7,0.5864918507248528,0.9741205740175491,7.142019057327534,0.6314688443591823,6.283200222268522,6.623084481077643,6.962968739886764,0.9583063682183994,0.85805930654458,2,False,,False,3,3,30,0,[],39.31440814898815,"(30, 176)",,[],"{""feature_selection"": {""concat"": [""range""], ""even"": [""range""], ""odd"": [""mean""]}, ""n_chunks"": 16, ""parameter_selection"": {""mean"": {""likelihood"": ""student_t""}, ""range"": {""likelihood"": ""beta""}}, ""rem_profile_params"": {""rem_stage"": 2, ""step_size_hours"": 1, ""window_size_hours"": 3}, ""tau_threshold"": 5.0}",run_output_8day_rem_w3_s1_stage2_no_pareto,rem_w3_s1_stage2
162,a382a57ca4c2a593,ok,,"concat: mean; even: mean, range; odd: mean",mean=lognormal; range=lognormal,16,5.0,3,1,2,352.3754186374637,352.3754186374637,11.745847287915458,2.936461821978865,0.0150724851438174,2.936461821978865,0.0150724851438174,-703.0155188136387,1.0,2132.0,2118.0,1.053368083539354,0,7,0.7742536656294154,0.994588804672166,6.90808083326541,0.3866737060531371,6.175084247167848,6.454907644237927,6.734731041308006,0.9064238810988348,1.3368513456230406,4,False,,False,4,4,30,0,[],17.553514506027568,"(30, 176)",,[],"{""feature_selection"": {""concat"": [""mean""], ""even"": [""mean"", ""range""], ""odd"": [""mean""]}, ""n_chunks"": 16, ""parameter_selection"": {""mean"": {""likelihood"": ""lognormal""}, ""range"": {""likelihood"": ""lognormal""}}, ""rem_profile_params"": {""rem_stage"": 2, ""step_size_hours"": 1, ""window_size_hours"": 3}, ""tau_threshold"": 5.0}",run_output_8day_rem_w3_s1_stage2_no_pareto,rem_w3_s1_stage2
140,8a3eb3722c158f38,ok,,"concat: mean, range; even: mean, range",mean=student_t; range=lognormal,16,5.0,6,1,2,352.252500876204,352.252500876204,11.7417500292068,2.9354375073017005,0.0091842909329483,2.9354375073017005,0.0091842909329483,-706.6028593238034,1.0,1519.0,1314.0,0.9734379732395944,0,7,0.6923048736119736,0.99741302703063,7.185987845584237,0.4258599296161424,6.304045035117084,6.619016973201895,6.933988911286706,0.9913270821567726,0.8406677343233949,3,False,,False,4,4,30,0,[],37.23957567801699,"(30, 152)",,[],"{""feature_selection"": {""concat"": [""mean"", ""range""], ""even"": [""mean"", ""range""]}, ""n_chunks"": 16, ""parameter_selection"": {""mean"": {""likelihood"": ""student_t""}, ""range"": {""likelihood"": ""lognormal""}}, ""rem_profile_params"": {""rem_stage"": 2, ""step_size_hours"": 1, ""window_size_hours"": 6}, ""tau_threshold"": 5.0}",run_output_8day_rem_w6_s1_stage2_no_pareto,rem_w6_s1_stage2
167,7c186aa005141bc0,ok,,"concat: mean; even: mean, range; odd: range",mean=student_t; range=beta,16,5.0,6,1,2,352.137958184367,352.137958184367,11.7379319394789,2.934482984869725,0.0085456465243889,2.934482984869725,0.0085456465243889,-705.6309788664829,1.0,2680.0,2027.0,0.9558087456546344,0,5,0.8520023899085962,0.0560002225479461,5.082902198124226,0.373860252034541,4.264822066144578,4.529655700729646,4.794489335314713,0.0219924790109138,1.0399460989914495,3,False,,False,4,4,30,0,[],57.23269330197945,"(30, 152)",,[],"{""feature_selection"": {""concat"": [""mean""], ""even"": [""mean"", ""range""], ""odd"": [""range""]}, ""n_chunks"": 16, ""parameter_selection"": {""mean"": {""likelihood"": ""student_t""}, ""range"": {""likelihood"": ""beta""}}, ""rem_profile_params"": {""rem_stage"": 2, ""step_size_hours"": 1, ""window_size_hours"": 6}, ""tau_threshold"": 5.0}",run_output_8day_rem_w6_s1_stage2_no_pareto,rem_w6_s1_stage2
88,a67816c308fbc68b,ok,,concat: mean; even: range; odd: mean,mean=lognormal; range=lognormal,16,5.0,3,1,2,263.7954058488539,263.7954058488539,8.793180194961796,2.931060064987265,0.0173265001310288,2.931060064987265,0.0173265001310288,-531.72607748298,1.0,1662.0,1466.0,1.0229042326829714,0,7,0.6246868146877791,0.9899939085819242,6.812671194819915,0.5333886039085383,6.069207777207683,6.392346260224722,6.715484743241761,0.8035434348158662,1.7690459754946066,3,False,,False,3,3,30,0,[],13.102701338997576,"(30, 176)",,[],"{""feature_selection"": {""concat"": [""mean""], ""even"": [""range""], ""odd"": [""mean""]}, ""n_chunks"": 16, ""parameter_selection"": {""mean"": {""likelihood"": ""lognormal""}, ""range"": {""likelihood"": ""lognormal""}}, ""rem_profile_params"": {""rem_stage"": 2, ""step_size_hours"": 1, ""window_size_hours"": 3}, ""tau_threshold"": 5.0}",run_output_8day_rem_w3_s1_stage2_no_pareto,rem_w3_s1_stage2
101,1cfe7081dc475cbb,ok,,"concat: range; even: mean, range",mean=student_t; range=beta,16,5.0,3,1,2,263.72160051501413,263.72160051501413,8.790720017167137,2.9302400057223794,0.0072654254304401,2.9302400057223794,0.0072654254304401,-528.1899776344212,1.0,1745.0,1641.0,0.9621536365903672,0,7,0.5924609893172159,0.9840955664323134,7.246383530743628,0.6359998345230451,6.337199542304527,6.705030045992221,7.165332491148029,0.97918133414978,0.8284793463167612,1,False,,False,3,3,30,0,[],38.04893816402182,"(30, 176)",,[],"{""feature_selection"": {""concat"": [""range""], ""even"": [""mean"", ""range""]}, ""n_chunks"": 16, ""parameter_selection"": {""mean"": {""likelihood"": ""student_t""}, ""range"": {""likelihood"": ""beta""}}, ""rem_profile_params"": {""rem_stage"": 2, ""step_size_hours"": 1, ""window_size_hours"": 3}, ""tau_threshold"": 5.0}",run_output_8day_rem_w3_s1_stage2_no_pareto,rem_w3_s1_stage2
101,69bcc8390cbc012f,ok,,"concat: range; even: mean, range",mean=student_t; range=beta,16,5.0,2,2,2,263.65649411708074,263.65649411708074,8.788549803902692,2.929516601300897,0.0065778650001072,2.929516601300897,0.0065778650001072,-528.1026076176798,1.0,1941.0,1595.0,0.9341203653117652,0,7,0.6721806343073545,0.99688448708916,7.062719241403173,0.4346286320482999,6.237629543456583,6.540814944597132,6.844000345737682,0.9459440845128488,1.0246383953462996,1,False,,False,3,3,30,0,[],37.33684635098325,"(30, 96)",,[],"{""feature_selection"": {""concat"": [""range""], ""even"": [""mean"", ""range""]}, ""n_chunks"": 16, ""parameter_selection"": {""mean"": {""likelihood"": ""student_t""}, ""range"": {""likelihood"": ""beta""}}, ""rem_profile_params"": {""rem_stage"": 2, ""step_size_hours"": 2, ""window_size_hours"": 2}, ""tau_threshold"": 5.0}",run_output_8day_rem_w2_s2_stage2_no_pareto,rem_w2_s2_stage2
131,e8805c25ab8464a1,ok,,"even: mean; odd: mean, range",mean=student_t; range=beta,16,5.0,3,1,2,263.4573815607747,263.4573815607747,8.78191271869249,2.9273042395641635,0.0130038999165316,2.9273042395641635,0.0130038999165316,-527.1246824752782,1.0,541.0,353.0,1.021267351051015,0,8,0.5933105846907265,0.9211524799887184,7.479609133347481,1.3250911490581865,7.073279392407359,7.382186261604906,7.691093130802453,0.8890113172729974,0.9085159235685966,2,False,,False,3,3,30,0,[],43.378591154993046,"(30, 176)",,[],"{""feature_selection"": {""even"": [""mean""], ""odd"": [""mean"", ""range""]}, ""n_chunks"": 16, ""parameter_selection"": {""mean"": {""likelihood"": ""student_t""}, ""range"": {""likelihood"": ""beta""}}, ""rem_profile_params"": {""rem_stage"": 2, ""step_size_hours"": 1, ""window_size_hours"": 3}, ""tau_threshold"": 5.0}",run_output_8day_rem_w3_s1_stage2_no_pareto,rem_w3_s1_stage2
177,c89117e2546812a0,ok,,"concat: range; even: mean, range; odd: mean",mean=lognormal; range=beta,16,5.0,2,1,2,351.15242190089407,351.15242190089407,11.705080730029804,2.92627018250745,0.0122290535796123,2.92627018250745,0.0122290535796123,-702.9836759027071,1.01,548.0,638.0,0.8979714743675714,0,8,0.2024856647020203,0.8111157246796612,6.624424268137886,1.4397836498757774,5.203975260236803,6.139738208794518,7.417588014989625,0.5114925026834765,1.3835828463413586,5,False,,False,4,4,30,0,[],44.54273343994282,"(30, 184)",,[],"{""feature_selection"": {""concat"": [""range""], ""even"": [""mean"", ""range""], ""odd"": [""mean""]}, ""n_chunks"": 16, ""parameter_selection"": {""mean"": {""likelihood"": ""lognormal""}, ""range"": {""likelihood"": ""beta""}}, ""rem_profile_params"": {""rem_stage"": 2, ""step_size_hours"": 1, ""window_size_hours"": 2}, ""tau_threshold"": 5.0}",run_output_8day_rem_w2_s1_stage2_no_pareto,rem_w2_s1_stage2
132,b43fc4f1e1af0d06,ok,,"even: mean; odd: mean, range",mean=student_t; range=lognormal,16,5.0,2,2,2,263.241448427314,263.241448427314,8.774714947577134,2.9249049825257107,0.0127950916842244,2.9249049825257107,0.0127950916842244,-526.5633449314827,1.0,1593.0,1324.0,1.068121662831043,0,8,0.5695553236808442,0.935138850265698,7.533970597317872,1.0445014393378504,7.059445945035148,7.372963963356765,7.686481981678383,0.8398195124708834,0.8306275420199004,1,False,,False,3,3,30,0,[],32.84860160504468,"(30, 96)",,[],"{""feature_selection"": {""even"": [""mean""], ""odd"": [""mean"", ""range""]}, ""n_chunks"": 16, ""parameter_selection"": {""mean"": {""likelihood"": ""student_t""}, ""range"": {""likelihood"": ""lognormal""}}, ""rem_profile_params"": {""rem_stage"": 2, ""step_size_hours"": 2, ""window_size_hours"": 2}, ""tau_threshold"": 5.0}",run_output_8day_rem_w2_s2_stage2_no_pareto,rem_w2_s2_stage2
208,38c622b609b0d87d,ok,,"concat: mean, range; even: mean; odd: mean, range",mean=student_t; range=lognormal,16,5.0,6,1,2,438.7072912084929,438.7072912084929,14.623576373616428,2.9247152747232854,0.0090983267643838,2.9247152747232854,0.0090983267643838,-879.8479590420812,1.0,1036.0,691.0,0.9370023854635002,0,7,0.6395507081301404,0.9980349261083064,7.082243926318978,0.45594349630314,6.237921472696573,6.553295452486071,6.868669432275571,0.9386026495078768,1.2678620615963432,4,False,,False,5,5,30,0,[],59.946701665001456,"(30, 152)",,[],"{""feature_selection"": {""concat"": [""mean"", ""range""], ""even"": [""mean""], ""odd"": [""mean"", ""range""]}, ""n_chunks"": 16, ""parameter_selection"": {""mean"": {""likelihood"": ""student_t""}, ""range"": {""likelihood"": ""lognormal""}}, ""rem_profile_params"": {""rem_stage"": 2, ""step_size_hours"": 1, ""window_size_hours"": 6}, ""tau_threshold"": 5.0}",run_output_8day_rem_w6_s1_stage2_no_pareto,rem_w6_s1_stage2
36,211a441b3a88a41b,ok,,concat: range; odd: mean,mean=lognormal; range=lognormal,16,5.0,2,1,2,175.3831253674866,175.3831253674866,5.84610417891622,2.9230520894581096,0.0215055881106636,2.9230520894581096,0.0215055881106636,-348.86937904633095,1.0,716.0,703.0,1.0525375080463073,0,7,0.1100237865781995,0.7006028893973596,6.0193428006749015,1.8294981185844497,4.156821762713236,6.112912406167568,6.968063706848161,0.5330094820874692,1.4723356242747492,2,False,,False,2,2,30,0,[],11.016832733002955,"(30, 184)",,[],"{""feature_selection"": {""concat"": [""range""], ""odd"": [""mean""]}, ""n_chunks"": 16, ""parameter_selection"": {""mean"": {""likelihood"": ""lognormal""}, ""range"": {""likelihood"": ""lognormal""}}, ""rem_profile_params"": {""rem_stage"": 2, ""step_size_hours"": 1, ""window_size_hours"": 2}, ""tau_threshold"": 5.0}",run_output_8day_rem_w2_s1_stage2_no_pareto,rem_w2_s1_stage2
148,e2b2c1c8a085f300,ok,,"concat: mean, range; even: mean; odd: range",mean=student_t; range=lognormal,16,5.0,6,1,2,350.00261700226594,350.00261700226594,11.66675390007553,2.916688475018883,0.0074149857085179,2.916688475018883,0.0074149857085179,-701.5218353514559,1.0,1399.0,983.0,0.9681246486544934,0,7,0.6915679627050676,0.99756034255418,7.085644659883876,0.411633649634848,6.253022056403626,6.553158564621354,6.853295072839081,0.9607558140012058,0.8291654027198128,2,False,,False,4,4,30,0,[],39.369659336982295,"(30, 152)",,[],"{""feature_selection"": {""concat"": [""mean"", ""range""], ""even"": [""mean""], ""odd"": [""range""]}, ""n_chunks"": 16, ""parameter_selection"": {""mean"": {""likelihood"": ""student_t""}, ""range"": {""likelihood"": ""lognormal""}}, ""rem_profile_params"": {""rem_stage"": 2, ""step_size_hours"": 1, ""window_size_hours"": 6}, ""tau_threshold"": 5.0}",run_output_8day_rem_w6_s1_stage2_no_pareto,rem_w6_s1_stage2
150,7a05b31b695d88e0,ok,,"concat: mean, range; even: range; odd: mean",mean=lognormal; range=lognormal,16,5.0,3,1,2,349.95066483888013,349.95066483888013,11.665022161296005,2.9162555403240003,0.0144894405143663,2.9162555403240003,0.0144894405143663,-704.576704732626,1.01,2239.0,1888.0,0.9932659841276622,0,7,0.8069035449410967,0.9968336945933626,6.916852453538191,0.3387515712785172,6.182929656644178,6.45795227930682,6.732974901969463,0.916286008468264,1.97811609284902,3,False,,False,4,4,30,0,[],16.220348941977136,"(30, 176)",,[],"{""feature_selection"": {""concat"": [""mean"", ""range""], ""even"": [""range""], ""odd"": [""mean""]}, ""n_chunks"": 16, ""parameter_selection"": {""mean"": {""likelihood"": ""lognormal""}, ""range"": {""likelihood"": ""lognormal""}}, ""rem_profile_params"": {""rem_stage"": 2, ""step_size_hours"": 1, ""window_size_hours"": 3}, ""tau_threshold"": 5.0}",run_output_8day_rem_w3_s1_stage2_no_pareto,rem_w3_s1_stage2
181,89c5c6172b96df89,ok,,"concat: range; even: mean, range; odd: range",mean=lognormal; range=beta,16,5.0,2,1,2,349.7452927965587,349.7452927965587,11.658176426551956,2.9145441066379894,0.0093003227031787,2.9145441066379894,0.0093003227031787,-701.0530186195024,1.0,540.0,336.0,0.8478063983382564,0,6,0.3847247355250413,0.8693618001022542,6.146869539807491,0.9073279018509632,5.179972753078763,5.556920723293239,5.933868693507715,0.2061402954002794,1.0377632023885397,3,False,,False,4,4,30,0,[],47.844986091018654,"(30, 184)",,[],"{""feature_selection"": {""concat"": [""range""], ""even"": [""mean"", ""range""], ""odd"": [""range""]}, ""n_chunks"": 16, ""parameter_selection"": {""mean"": {""likelihood"": ""lognormal""}, ""range"": {""likelihood"": ""beta""}}, ""rem_profile_params"": {""rem_stage"": 2, ""step_size_hours"": 1, ""window_size_hours"": 2}, ""tau_threshold"": 5.0}",run_output_8day_rem_w2_s1_stage2_no_pareto,rem_w2_s1_stage2
109,2a3ea6e48888f6d8,ok,,concat: range; even: mean; odd: range,mean=student_t; range=beta,16,5.0,2,2,2,262.2329158996652,262.2329158996652,8.741097196655506,2.913699065551836,0.0081836556910927,2.913699065551836,0.0081836556910927,-524.6963581799383,1.0,2181.0,1511.0,0.9347966620535736,0,7,0.8739899692764626,0.9999850632356502,6.992680799564901,0.2194099816036988,6.233538627772671,6.496169111833691,6.758799595894711,0.9723072357799958,1.0362891586460343,2,False,,False,3,3,30,0,[],38.98747726395959,"(30, 96)",,[],"{""feature_selection"": {""concat"": [""range""], ""even"": [""mean""], ""odd"": [""range""]}, ""n_chunks"": 16, ""parameter_selection"": {""mean"": {""likelihood"": ""student_t""}, ""range"": {""likelihood"": ""beta""}}, ""rem_profile_params"": {""rem_stage"": 2, ""step_size_hours"": 2, ""window_size_hours"": 2}, ""tau_threshold"": 5.0}",run_output_8day_rem_w2_s2_stage2_no_pareto,rem_w2_s2_stage2
5,880e0afccfcc8cd0,ok,,even: mean,mean=lognormal,16,5.0,2,2,2,87.26811314861318,87.26811314861318,2.9089371049537727,2.9089371049537727,0.0181941924088631,2.9089371049537727,0.0181941924088631,-175.65125200896708,1.01,1242.0,1581.0,1.0409140525110157,0,8,0.0322704834611022,0.5716139128127877,5.750216991253862,1.870331903945048,3.422528440585153,5.619161263300231,6.943828294301112,0.4559511330854615,0.8415263598832676,1,False,,False,1,1,30,0,[],6.482696452992968,"(30, 96)",,[],"{""feature_selection"": {""even"": [""mean""]}, ""n_chunks"": 16, ""parameter_selection"": {""mean"": {""likelihood"": ""lognormal""}}, ""rem_profile_params"": {""rem_stage"": 2, ""step_size_hours"": 2, ""window_size_hours"": 2}, ""tau_threshold"": 5.0}",run_output_8day_rem_w2_s2_stage2_no_pareto,rem_w2_s2_stage2
212,432ef0c7bc44a949,ok,,"concat: mean, range; even: range; odd: mean, range",mean=student_t; range=lognormal,16,5.0,6,1,2,436.1529312264421,436.1529312264421,14.538431040881402,2.90768620817628,0.0095767458341601,2.90768620817628,0.0095767458341601,-874.6438512400454,1.0,1426.0,968.0,0.9868684869109938,0,7,0.7295060300325811,0.9984211536092322,7.033454558433272,0.3687845596034586,6.232108666557808,6.520203113871642,6.808297561185476,0.9514171643379172,1.2559035435947474,2,False,,False,5,5,30,0,[],56.66078085498884,"(30, 152)",,[],"{""feature_selection"": {""concat"": [""mean"", ""range""], ""even"": [""range""], ""odd"": [""mean"", ""range""]}, ""n_chunks"": 16, ""parameter_selection"": {""mean"": {""likelihood"": ""student_t""}, ""range"": {""likelihood"": ""lognormal""}}, ""rem_profile_params"": {""rem_stage"": 2, ""step_size_hours"": 1, ""window_size_hours"": 6}, ""tau_threshold"": 5.0}",run_output_8day_rem_w6_s1_stage2_no_pareto,rem_w6_s1_stage2
14,609836fed41d080a,ok,,"concat: mean, range",mean=lognormal; range=lognormal,16,5.0,6,1,2,174.3964164152526,174.3964164152526,5.813213880508419,2.9066069402542096,0.0166444919981387,2.9066069402542096,0.0166444919981387,-350.73496468734226,1.0,4023.0,2739.0,1.042874598389073,0,7,0.9451756330506094,0.9983723707741068,6.9889848177210485,0.1490937886320228,6.241130948928852,6.495322427161629,6.749513905394407,0.9871548316698824,1.145824105071511,3,False,,False,2,2,30,0,[],9.409027874004096,"(30, 152)",,[],"{""feature_selection"": {""concat"": [""mean"", ""range""]}, ""n_chunks"": 16, ""parameter_selection"": {""mean"": {""likelihood"": ""lognormal""}, ""range"": {""likelihood"": ""lognormal""}}, ""rem_profile_params"": {""rem_stage"": 2, ""step_size_hours"": 1, ""window_size_hours"": 6}, ""tau_threshold"": 5.0}",run_output_8day_rem_w6_s1_stage2_no_pareto,rem_w6_s1_stage2
188,f1184039cf825d3e,ok,,"concat: range; even: mean; odd: mean, range",mean=student_t; range=lognormal,16,5.0,2,2,2,348.72187002619484,348.72187002619484,11.624062334206494,2.9060155835516235,0.010793435813767,2.9060155835516235,0.010793435813767,-698.4154601647,1.0,939.0,1265.0,0.948622773034964,0,7,0.3294925169283503,0.9664438408290132,6.889091275033582,0.8403939908417061,5.723757185441632,6.410530356133956,7.037173079057008,0.6673879624449659,1.0637602115045717,3,False,,False,4,4,30,0,[],43.76675566501217,"(30, 96)",,[],"{""feature_selection"": {""concat"": [""range""], ""even"": [""mean""], ""odd"": [""mean"", ""range""]}, ""n_chunks"": 16, ""parameter_selection"": {""mean"": {""likelihood"": ""student_t""}, ""range"": {""likelihood"": ""lognormal""}}, ""rem_profile_params"": {""rem_stage"": 2, ""step_size_hours"": 2, ""window_size_hours"": 2}, ""tau_threshold"": 5.0}",run_output_8day_rem_w2_s2_stage2_no_pareto,rem_w2_s2_stage2
198,421ba634a93afc42,ok,,"concat: mean, range; even: mean, range; odd: mean",mean=lognormal; range=lognormal,16,5.0,3,1,2,434.9756068858026,434.9756068858026,14.49918689619342,2.8998373792386847,0.0132904040617304,2.8998373792386847,0.0132904040617304,-872.5076889745407,1.0,2681.0,2180.0,1.0182042634006938,0,7,0.8852222823876602,0.9988173753282223,6.967995736453839,0.2166773232661762,6.222298194225204,6.483886985597371,6.745475776969538,0.9624500375753258,1.6633303661025067,5,False,,False,5,5,30,0,[],19.938907155999917,"(30, 176)",,[],"{""feature_selection"": {""concat"": [""mean"", ""range""], ""even"": [""mean"", ""range""], ""odd"": [""mean""]}, ""n_chunks"": 16, ""parameter_selection"": {""mean"": {""likelihood"": ""lognormal""}, ""range"": {""likelihood"": ""lognormal""}}, ""rem_profile_params"": {""rem_stage"": 2, ""step_size_hours"": 1, ""window_size_hours"": 3}, ""tau_threshold"": 5.0}",run_output_8day_rem_w3_s1_stage2_no_pareto,rem_w3_s1_stage2
202,110c9ff319b621b5,ok,,"concat: mean, range; even: mean, range; odd: range",mean=lognormal; range=lognormal,16,5.0,2,2,2,434.5256304285377,434.5256304285377,14.484187680951257,2.896837536190252,0.0101452920407417,2.896837536190252,0.0101452920407417,-871.9811530754752,1.0,2504.0,2362.0,1.0362456649127594,0,7,0.8078532363886957,0.9991708238014132,6.929251953911519,0.2985607287610539,6.186299213413432,6.461516943765984,6.736734674118535,0.9192289348280578,1.2918988507510316,4,False,,False,5,5,30,0,[],20.546966966998298,"(30, 96)",,[],"{""feature_selection"": {""concat"": [""mean"", ""range""], ""even"": [""mean"", ""range""], ""odd"": [""range""]}, ""n_chunks"": 16, ""parameter_selection"": {""mean"": {""likelihood"": ""lognormal""}, ""range"": {""likelihood"": ""lognormal""}}, ""rem_profile_params"": {""rem_stage"": 2, ""step_size_hours"": 2, ""window_size_hours"": 2}, ""tau_threshold"": 5.0}",run_output_8day_rem_w2_s2_stage2_no_pareto,rem_w2_s2_stage2
23,d53f21cd6cb09238,ok,,concat: mean; odd: mean,mean=lognormal,16,5.0,6,1,2,173.80403225052262,173.80403225052262,5.793467741684087,2.896733870842044,0.0278350068240778,2.896733870842044,0.0278350068240778,-316.79603179746107,1.01,462.0,572.0,1.0753132865125263,0,7,0.3029657005018737,0.7998007391107964,6.402667752449937,1.7038247081895024,5.8741787710603806,6.468647139567594,6.951127689396639,0.7428321409710955,1.2764121976784923,2,False,,False,2,2,30,0,[],10.200883476994932,"(30, 152)",,[],"{""feature_selection"": {""concat"": [""mean""], ""odd"": [""mean""]}, ""n_chunks"": 16, ""parameter_selection"": {""mean"": {""likelihood"": ""lognormal""}}, ""rem_profile_params"": {""rem_stage"": 2, ""step_size_hours"": 1, ""window_size_hours"": 6}, ""tau_threshold"": 5.0}",run_output_8day_rem_w6_s1_stage2_no_pareto,rem_w6_s1_stage2
60,0e926220b1f94005,ok,,"odd: mean, range",mean=student_t; range=lognormal,16,5.0,2,1,2,173.76039588755128,173.76039588755128,5.79201319625171,2.896006598125855,0.0150504655593924,2.896006598125855,0.0150504655593924,-348.1531763967641,1.0,976.0,1581.0,1.0093655314831185,0,8,0.0868816500635351,0.691447606121045,6.2682599910111385,1.769779665173359,4.241163424428483,6.185738547331282,7.351914173110602,0.5260608840566718,0.7844011814931923,1,False,,False,2,2,30,0,[],19.10420712805353,"(30, 184)",,[],"{""feature_selection"": {""odd"": [""mean"", ""range""]}, ""n_chunks"": 16, ""parameter_selection"": {""mean"": {""likelihood"": ""student_t""}, ""range"": {""likelihood"": ""lognormal""}}, ""rem_profile_params"": {""rem_stage"": 2, ""step_size_hours"": 1, ""window_size_hours"": 2}, ""tau_threshold"": 5.0}",run_output_8day_rem_w2_s1_stage2_no_pareto,rem_w2_s1_stage2
43,07555bcbc3b08424,ok,,"even: mean, range",mean=student_t; range=beta,16,5.0,2,1,2,173.5379154232512,173.5379154232512,5.78459718077504,2.8922985903875205,0.0113692550963153,2.8922985903875205,0.0113692550963153,-347.4053368178741,1.01,535.0,1090.0,0.9464151422049224,0,5,0.0698562793058622,0.3855898449926561,5.428141954069172,1.6328361777100515,3.632136715257508,4.579944576880394,6.301598846026999,0.2679151048160046,0.6313598385444145,0,False,,False,2,2,30,0,[],25.36886049696477,"(30, 184)",,[],"{""feature_selection"": {""even"": [""mean"", ""range""]}, ""n_chunks"": 16, ""parameter_selection"": {""mean"": {""likelihood"": ""student_t""}, ""range"": {""likelihood"": ""beta""}}, ""rem_profile_params"": {""rem_stage"": 2, ""step_size_hours"": 1, ""window_size_hours"": 2}, ""tau_threshold"": 5.0}",run_output_8day_rem_w2_s1_stage2_no_pareto,rem_w2_s1_stage2
154,ea16380ea7cabf4f,ok,,"concat: mean, range; even: range; odd: range",mean=lognormal; range=lognormal,16,5.0,2,2,2,347.0548144088736,347.0548144088736,11.56849381362912,2.8921234534072795,0.0100844435441045,2.8921234534072795,0.0100844435441045,-696.5160647197454,1.0,2706.0,2742.0,1.01326461483445,0,7,0.7499433208077837,0.9990651211622128,6.855786873876637,0.3647175779258045,6.12116794799892,6.415625007021172,6.710082066043424,0.8528740390884665,1.1828011508613514,2,False,,False,4,4,30,0,[],16.178943480015732,"(30, 96)",,[],"{""feature_selection"": {""concat"": [""mean"", ""range""], ""even"": [""range""], ""odd"": [""range""]}, ""n_chunks"": 16, ""parameter_selection"": {""mean"": {""likelihood"": ""lognormal""}, ""range"": {""likelihood"": ""lognormal""}}, ""rem_profile_params"": {""rem_stage"": 2, ""step_size_hours"": 2, ""window_size_hours"": 2}, ""tau_threshold"": 5.0}",run_output_8day_rem_w2_s2_stage2_no_pareto,rem_w2_s2_stage2
92,2e12398c4c7fe952,ok,,concat: mean; even: range; odd: range,mean=lognormal; range=lognormal,16,5.0,3,1,2,260.1859485120379,260.1859485120379,8.672864950401264,2.890954983467088,0.0114512361563483,2.890954983467088,0.0114512361563483,-517.1631276270754,1.02,357.0,324.0,0.9570161577709576,0,7,0.5371566495514839,0.9936809645330638,7.100510529550495,0.5713887224332063,6.220756050348205,6.578679539075589,6.936603027802971,0.9041922067849728,0.760723474879619,2,False,,False,3,3,30,0,[],13.541515506978612,"(30, 176)",,[],"{""feature_selection"": {""concat"": [""mean""], ""even"": [""range""], ""odd"": [""range""]}, ""n_chunks"": 16, ""parameter_selection"": {""mean"": {""likelihood"": ""lognormal""}, ""range"": {""likelihood"": ""lognormal""}}, ""rem_profile_params"": {""rem_stage"": 2, ""step_size_hours"": 1, ""window_size_hours"": 3}, ""tau_threshold"": 5.0}",run_output_8day_rem_w3_s1_stage2_no_pareto,rem_w3_s1_stage2
211,670a0004cb2eaae3,ok,,"concat: mean, range; even: range; odd: mean, range",mean=student_t; range=beta,16,5.0,6,1,2,433.2854579510589,433.2854579510589,14.44284859836863,2.8885697196737263,0.0093027048997919,2.8885697196737263,0.0093027048997919,-866.0957290577135,1.0,3499.0,2170.0,0.9033161226289258,0,5,0.963068222969142,0.0122550729350637,5.012260008913184,0.110096082746702,4.253101660553282,4.506203482079252,4.759305303605223,5.240979481576044e-06,1.0417140082702752,2,False,,False,5,5,30,0,[],72.99562870099908,"(30, 152)",,[],"{""feature_selection"": {""concat"": [""mean"", ""range""], ""even"": [""range""], ""odd"": [""mean"", ""range""]}, ""n_chunks"": 16, ""parameter_selection"": {""mean"": {""likelihood"": ""student_t""}, ""range"": {""likelihood"": ""beta""}}, ""rem_profile_params"": {""rem_stage"": 2, ""step_size_hours"": 1, ""window_size_hours"": 6}, ""tau_threshold"": 5.0}",run_output_8day_rem_w6_s1_stage2_no_pareto,rem_w6_s1_stage2
156,f252426697078c9c,ok,,"concat: mean, range; even: range; odd: range",mean=student_t; range=lognormal,16,5.0,6,1,2,346.5597268025215,346.5597268025215,11.551990893417384,2.887997723354346,0.0101438546571703,2.887997723354346,0.0101438546571703,-695.2761174630252,1.0,1987.0,1462.0,0.9757322055387754,0,7,0.7637793641440356,0.9982939810300386,7.052243851637113,0.3397308833806865,6.248722573965675,6.530442723402237,6.8121628728387975,0.9707177712200552,1.0861374110237452,2,False,,False,4,4,30,0,[],33.96561872999882,"(30, 152)",,[],"{""feature_selection"": {""concat"": [""mean"", ""range""], ""even"": [""range""], ""odd"": [""range""]}, ""n_chunks"": 16, ""parameter_selection"": {""mean"": {""likelihood"": ""student_t""}, ""range"": {""likelihood"": ""lognormal""}}, ""rem_profile_params"": {""rem_stage"": 2, ""step_size_hours"": 1, ""window_size_hours"": 6}, ""tau_threshold"": 5.0}",run_output_8day_rem_w6_s1_stage2_no_pareto,rem_w6_s1_stage2
173,3a54608e0b1f86c6,ok,,"concat: mean; even: range; odd: mean, range",mean=lognormal; range=beta,16,5.0,3,1,2,346.43879393017323,346.43879393017323,11.54795979767244,2.88698994941811,0.0131393768723266,2.88698994941811,0.0131393768723266,-684.6375681303861,1.02,313.0,140.0,0.9052487683145132,0,7,0.4689517175611829,0.9572452389531771,6.8116383534318565,0.9362849244806756,6.085802704840371,6.450836893463263,6.815871082086155,0.8087634716929293,1.6431517274874576,3,False,,False,4,4,30,0,[],42.0871420649928,"(30, 176)",,[],"{""feature_selection"": {""concat"": [""mean""], ""even"": [""range""], ""odd"": [""mean"", ""range""]}, ""n_chunks"": 16, ""parameter_selection"": {""mean"": {""likelihood"": ""lognormal""}, ""range"": {""likelihood"": ""beta""}}, ""rem_profile_params"": {""rem_stage"": 2, ""step_size_hours"": 1, ""window_size_hours"": 3}, ""tau_threshold"": 5.0}",run_output_8day_rem_w3_s1_stage2_no_pareto,rem_w3_s1_stage2
108,a1871d9021fbe322,ok,,concat: range; even: mean; odd: range,mean=lognormal; range=lognormal,16,5.0,2,1,2,259.03245537290456,259.03245537290456,8.634415179096818,2.878138393032273,0.0101050383571107,2.878138393032273,0.0101050383571107,-519.97918944748,1.0,706.0,694.0,0.9928355914569584,0,7,0.1958166687645259,0.7954972456016701,6.452148910525128,1.5716037638548004,5.483027861606335,6.429912211537881,6.963817454488881,0.7013054831423232,0.8925791159567352,1,False,,False,3,3,30,0,[],14.219685755029786,"(30, 184)",,[],"{""feature_selection"": {""concat"": [""range""], ""even"": [""mean""], ""odd"": [""range""]}, ""n_chunks"": 16, ""parameter_selection"": {""mean"": {""likelihood"": ""lognormal""}, ""range"": {""likelihood"": ""lognormal""}}, ""rem_profile_params"": {""rem_stage"": 2, ""step_size_hours"": 1, ""window_size_hours"": 2}, ""tau_threshold"": 5.0}",run_output_8day_rem_w2_s1_stage2_no_pareto,rem_w2_s1_stage2
154,a5118c172a7209eb,ok,,"concat: mean, range; even: range; odd: range",mean=lognormal; range=lognormal,16,5.0,3,1,2,345.3686060505296,345.3686060505296,11.512286868350987,2.878071717087746,0.0100939208430978,2.878071717087746,0.0100939208430978,-698.0117985781766,1.01,640.0,313.0,0.9292404528623882,0,7,0.7643038425787736,0.9980811870255,7.01283022013928,0.3370164955381152,6.228348098915964,6.508352111549997,6.7883561241840304,0.953879309414055,1.5587030155999777,4,False,,False,4,4,30,0,[],16.544794088986237,"(30, 176)",,[],"{""feature_selection"": {""concat"": [""mean"", ""range""], ""even"": [""range""], ""odd"": [""range""]}, ""n_chunks"": 16, ""parameter_selection"": {""mean"": {""likelihood"": ""lognormal""}, ""range"": {""likelihood"": ""lognormal""}}, ""rem_profile_params"": {""rem_stage"": 2, ""step_size_hours"": 1, ""window_size_hours"": 3}, ""tau_threshold"": 5.0}",run_output_8day_rem_w3_s1_stage2_no_pareto,rem_w3_s1_stage2
217,c6ae89d4024949a7,ok,,"concat: range; even: mean, range; odd: mean, range",mean=lognormal; range=beta,16,5.0,2,1,2,431.5710233312778,431.5710233312778,14.385700777709262,2.877140155541852,0.0109025321453572,2.877140155541852,0.0109025321453572,-863.2261701461027,1.01,444.0,418.0,0.863282554919717,0,6,0.3605892347075216,0.912320270414891,6.495085374192633,1.0852255116092375,5.286562057777962,5.727914910760385,7.102038091515353,0.3458800665946693,1.266410718979683,3,False,,False,5,5,30,0,[],62.75673401297536,"(30, 184)",,[],"{""feature_selection"": {""concat"": [""range""], ""even"": [""mean"", ""range""], ""odd"": [""mean"", ""range""]}, ""n_chunks"": 16, ""parameter_selection"": {""mean"": {""likelihood"": ""lognormal""}, ""range"": {""likelihood"": ""beta""}}, ""rem_profile_params"": {""rem_stage"": 2, ""step_size_hours"": 1, ""window_size_hours"": 2}, ""tau_threshold"": 5.0}",run_output_8day_rem_w2_s1_stage2_no_pareto,rem_w2_s1_stage2
123,d67f8b7d8b389af6,ok,,"even: mean, range; odd: mean",mean=student_t; range=beta,16,5.0,3,1,2,258.6342313243719,258.6342313243719,8.62114104414573,2.873713681381909,0.0116687267525209,2.873713681381909,0.0116687267525209,-517.9596068767836,1.0,732.0,1316.0,0.976976625663989,0,8,0.1716235250683271,0.6334392052114952,6.357113915197316,1.87091667717694,4.324982156853439,6.785035476478858,7.480007208112591,0.5702050926838389,0.7169891872898982,1,False,,False,3,3,30,0,[],40.57092023000587,"(30, 176)",,[],"{""feature_selection"": {""even"": [""mean"", ""range""], ""odd"": [""mean""]}, ""n_chunks"": 16, ""parameter_selection"": {""mean"": {""likelihood"": ""student_t""}, ""range"": {""likelihood"": ""beta""}}, ""rem_profile_params"": {""rem_stage"": 2, ""step_size_hours"": 1, ""window_size_hours"": 3}, ""tau_threshold"": 5.0}",run_output_8day_rem_w3_s1_stage2_no_pareto,rem_w3_s1_stage2
30,dbf254a041a6639c,ok,,concat: range; even: mean,mean=lognormal; range=lognormal,16,5.0,2,2,2,172.3884382467752,172.3884382467752,5.746281274892507,2.8731406374462543,0.0106870564391105,2.8731406374462543,0.0106870564391105,-344.9968601497626,1.0,2471.0,2232.0,0.978100422330996,0,7,0.5927213806118363,0.96029786678105,6.803686388959516,0.6047969418553648,6.09111400995169,6.408550464862422,6.725986919773154,0.8217576766484749,0.5795107706834076,0,False,,False,2,2,30,0,[],9.433678599016275,"(30, 96)",,[],"{""feature_selection"": {""concat"": [""range""], ""even"": [""mean""]}, ""n_chunks"": 16, ""parameter_selection"": {""mean"": {""likelihood"": ""lognormal""}, ""range"": {""likelihood"": ""lognormal""}}, ""rem_profile_params"": {""rem_stage"": 2, ""step_size_hours"": 2, ""window_size_hours"": 2}, ""tau_threshold"": 5.0}",run_output_8day_rem_w2_s2_stage2_no_pareto,rem_w2_s2_stage2
155,dbbcdcfa14e6e56c,ok,,"concat: mean, range; even: range; odd: range",mean=student_t; range=beta,16,5.0,6,1,2,342.7941471104334,342.7941471104334,11.42647157034778,2.8566178925869457,0.0092134384017416,2.8566178925869457,0.0092134384017416,-685.5401293009872,1.0,2993.0,1922.0,1.005010937724329,0,5,0.9773170451469062,0.006736558670367,5.0067644934251945,0.0825299826413543,4.251693354864629,4.503389659137551,4.755085963410474,3.010445778670602e-05,0.8735527814497714,3,False,,False,4,4,30,0,[],53.552567555976566,"(30, 152)",,[],"{""feature_selection"": {""concat"": [""mean"", ""range""], ""even"": [""range""], ""odd"": [""range""]}, ""n_chunks"": 16, ""parameter_selection"": {""mean"": {""likelihood"": ""student_t""}, ""range"": {""likelihood"": ""beta""}}, ""rem_profile_params"": {""rem_stage"": 2, ""step_size_hours"": 1, ""window_size_hours"": 6}, ""tau_threshold"": 5.0}",run_output_8day_rem_w6_s1_stage2_no_pareto,rem_w6_s1_stage2
166,2288a5cd8c34f111,ok,,"concat: mean; even: mean, range; odd: range",mean=lognormal; range=lognormal,16,5.0,2,2,2,342.5294298270408,342.5294298270408,11.41764766090136,2.85441191522534,0.0124696516510945,2.85441191522534,0.0124696516510945,-683.1913161603428,1.0,663.0,558.0,0.9560856042934924,0,7,0.4726368779399883,0.993877133316042,6.985350048337371,0.6323787010881085,6.099119832894546,6.495060396548538,6.89100096020253,0.8125850455809609,1.0520268054248405,3,False,,False,4,4,30,0,[],17.006321921013296,"(30, 96)",,[],"{""feature_selection"": {""concat"": [""mean""], ""even"": [""mean"", ""range""], ""odd"": [""range""]}, ""n_chunks"": 16, ""parameter_selection"": {""mean"": {""likelihood"": ""lognormal""}, ""range"": {""likelihood"": ""lognormal""}}, ""rem_profile_params"": {""rem_stage"": 2, ""step_size_hours"": 2, ""window_size_hours"": 2}, ""tau_threshold"": 5.0}",run_output_8day_rem_w2_s2_stage2_no_pareto,rem_w2_s2_stage2
213,adf33e29c7a5280b,ok,,"concat: mean; even: mean, range; odd: mean, range",mean=lognormal; range=beta,16,5.0,3,1,2,428.1145496267103,428.1145496267103,14.27048498755701,2.8540969975114026,0.0127007535797295,2.8540969975114026,0.0127007535797295,-852.0213544150985,1.03,156.0,79.0,0.9602155761253328,0,7,0.6086694644131643,0.9902422389507454,7.040562384891467,0.579817607815202,6.222090709679001,6.54184471141612,6.861598713153239,0.9236418531687284,2.185785983678354,4,False,,False,5,5,30,0,[],53.13614962500287,"(30, 176)",,[],"{""feature_selection"": {""concat"": [""mean""], ""even"": [""mean"", ""range""], ""odd"": [""mean"", ""range""]}, ""n_chunks"": 16, ""parameter_selection"": {""mean"": {""likelihood"": ""lognormal""}, ""range"": {""likelihood"": ""beta""}}, ""rem_profile_params"": {""rem_stage"": 2, ""step_size_hours"": 1, ""window_size_hours"": 3}, ""tau_threshold"": 5.0}",run_output_8day_rem_w3_s1_stage2_no_pareto,rem_w3_s1_stage2
166,2725b87bcd2319ac,ok,,"concat: mean; even: mean, range; odd: range",mean=lognormal; range=lognormal,16,5.0,3,1,2,341.9539076331911,341.9539076331911,11.398463587773035,2.8496158969432592,0.012118681477914,2.8496158969432592,0.012118681477914,-672.2125450059629,1.03,146.0,303.0,0.950302516315052,0,7,0.5696311449659323,0.998300788864678,7.261746293644349,0.5314606765006586,6.320956280902313,6.700640894467748,7.17461682746031,0.9613308450192172,0.9817568484960162,3,False,,False,4,4,30,0,[],17.045590329973493,"(30, 176)",,[],"{""feature_selection"": {""concat"": [""mean""], ""even"": [""mean"", ""range""], ""odd"": [""range""]}, ""n_chunks"": 16, ""parameter_selection"": {""mean"": {""likelihood"": ""lognormal""}, ""range"": {""likelihood"": ""lognormal""}}, ""rem_profile_params"": {""rem_stage"": 2, ""step_size_hours"": 1, ""window_size_hours"": 3}, ""tau_threshold"": 5.0}",run_output_8day_rem_w3_s1_stage2_no_pareto,rem_w3_s1_stage2
78,0bb479fb51e50a67,ok,,"concat: mean; even: mean, range",mean=lognormal; range=lognormal,16,5.0,6,1,2,256.2727917140167,256.2727917140167,8.542426390467224,2.847475463489074,0.0165322126967414,2.847475463489074,0.0165322126967414,-503.1367233984335,1.01,493.0,607.0,0.9143421668984107,0,7,0.5420352821913483,0.9515134655156758,7.061893251623506,0.958524184050677,6.276810985686968,6.636480320491982,6.996149655296996,0.9424065793912028,1.039200076599606,3,False,,False,3,3,30,0,[],13.59850223804824,"(30, 152)",,[],"{""feature_selection"": {""concat"": [""mean""], ""even"": [""mean"", ""range""]}, ""n_chunks"": 16, ""parameter_selection"": {""mean"": {""likelihood"": ""lognormal""}, ""range"": {""likelihood"": ""lognormal""}}, ""rem_profile_params"": {""rem_stage"": 2, ""step_size_hours"": 1, ""window_size_hours"": 6}, ""tau_threshold"": 5.0}",run_output_8day_rem_w6_s1_stage2_no_pareto,rem_w6_s1_stage2
39,b80e41b2bc209c31,ok,,concat: range; odd: range,range=beta,16,5.0,3,1,2,170.76797132398315,170.76797132398315,5.692265710799438,2.8461328553997194,0.0171136596984824,2.8461328553997194,0.0171136596984824,-341.6596352041275,1.0,1354.0,1027.0,0.9471752852954168,0,7,0.6313024629730165,0.9953292431962226,7.2604172815259105,0.53632277076683,6.339332350775498,6.693380567830702,7.118135745401584,0.9896088544082328,1.3396218113007348,1,False,,False,2,2,30,0,[],24.20302100299159,"(30, 176)",,[],"{""feature_selection"": {""concat"": [""range""], ""odd"": [""range""]}, ""n_chunks"": 16, ""parameter_selection"": {""range"": {""likelihood"": ""beta""}}, ""rem_profile_params"": {""rem_stage"": 2, ""step_size_hours"": 1, ""window_size_hours"": 3}, ""tau_threshold"": 5.0}",run_output_8day_rem_w3_s1_stage2_no_pareto,rem_w3_s1_stage2
188,22fa0ebb5b0f135c,ok,,"concat: range; even: mean; odd: mean, range",mean=student_t; range=lognormal,16,5.0,3,1,2,341.423054645182,341.423054645182,11.380768488172732,2.8451921220431835,0.011318596279011,2.8451921220431835,0.011318596279011,-680.6894097837607,1.01,873.0,437.0,1.0458867180811795,0,8,0.7239216766657793,0.9836671585196228,7.814178296683825,0.5631910641766696,7.140484579772026,7.4269897198480175,7.713494859924008,0.9619629580020878,0.7071538521494654,1,False,,False,4,4,30,0,[],42.16968333499972,"(30, 176)",,[],"{""feature_selection"": {""concat"": [""range""], ""even"": [""mean""], ""odd"": [""mean"", ""range""]}, ""n_chunks"": 16, ""parameter_selection"": {""mean"": {""likelihood"": ""student_t""}, ""range"": {""likelihood"": ""lognormal""}}, ""rem_profile_params"": {""rem_stage"": 2, ""step_size_hours"": 1, ""window_size_hours"": 3}, ""tau_threshold"": 5.0}",run_output_8day_rem_w3_s1_stage2_no_pareto,rem_w3_s1_stage2
61,7a651ef6a6f6375c,ok,,"concat: mean, range; even: mean",mean=lognormal; range=beta,16,5.0,6,1,2,255.87885007385887,255.87885007385887,8.529295002461962,2.843098334153987,0.014641462145625,2.843098334153987,0.014641462145625,-512.4212459465267,1.0,890.0,868.0,0.8958100876367515,0,5,0.4086896521521737,0.2742567536431964,5.167830892320349,0.9293906265181716,4.2461553262978775,4.642295828278196,5.122171828463636,0.0757105425548006,0.9196508782048246,1,False,,False,3,3,30,0,[],23.27173020900227,"(30, 152)",,[],"{""feature_selection"": {""concat"": [""mean"", ""range""], ""even"": [""mean""]}, ""n_chunks"": 16, ""parameter_selection"": {""mean"": {""likelihood"": ""lognormal""}, ""range"": {""likelihood"": ""beta""}}, ""rem_profile_params"": {""rem_stage"": 2, ""step_size_hours"": 1, ""window_size_hours"": 6}, ""tau_threshold"": 5.0}",run_output_8day_rem_w6_s1_stage2_no_pareto,rem_w6_s1_stage2
84,a61ffd8bfc125376,ok,,concat: mean; even: mean; odd: range,mean=lognormal; range=lognormal,16,5.0,6,1,2,255.4135200795268,255.4135200795268,8.513784002650892,2.837928000883631,0.0133739335196008,2.837928000883631,0.0133739335196008,-509.6813860375494,1.01,614.0,478.0,0.9494917432535632,0,7,0.5684850681561661,0.9775997623419082,7.006710750505192,0.6746747958414674,6.209689701361662,6.536163227432743,6.862636753503825,0.9105717497871536,0.91682360964932,3,False,,False,3,3,30,0,[],13.353026406024584,"(30, 152)",,[],"{""feature_selection"": {""concat"": [""mean""], ""even"": [""mean""], ""odd"": [""range""]}, ""n_chunks"": 16, ""parameter_selection"": {""mean"": {""likelihood"": ""lognormal""}, ""range"": {""likelihood"": ""lognormal""}}, ""rem_profile_params"": {""rem_stage"": 2, ""step_size_hours"": 1, ""window_size_hours"": 6}, ""tau_threshold"": 5.0}",run_output_8day_rem_w6_s1_stage2_no_pareto,rem_w6_s1_stage2
35,6e0fa4f37eeb70df,ok,,concat: range; odd: mean,mean=lognormal; range=beta,16,5.0,3,1,2,170.25493765614024,170.25493765614024,5.675164588538008,2.8375822942690028,0.0194169335256389,2.8375822942690028,0.0194169335256389,-336.61439898148154,1.0,1826.0,1625.0,0.9070154755880928,0,7,0.621093699869506,0.9874429349793749,7.163701223507795,0.5926124555061217,6.295111468738898,6.627587091799226,6.960062714859555,0.971904591096404,1.159664545950698,1,False,,False,2,2,30,0,[],20.12520426901756,"(30, 176)",,[],"{""feature_selection"": {""concat"": [""range""], ""odd"": [""mean""]}, ""n_chunks"": 16, ""parameter_selection"": {""mean"": {""likelihood"": ""lognormal""}, ""range"": {""likelihood"": ""beta""}}, ""rem_profile_params"": {""rem_stage"": 2, ""step_size_hours"": 1, ""window_size_hours"": 3}, ""tau_threshold"": 5.0}",run_output_8day_rem_w3_s1_stage2_no_pareto,rem_w3_s1_stage2
186,e1d5098fcc22f6fe,ok,,"concat: range; even: mean; odd: mean, range",mean=lognormal; range=lognormal,16,5.0,2,1,2,340.4714945327535,340.4714945327535,11.34904981775845,2.837262454439612,0.013266401651662,2.837262454439612,0.013266401651662,-680.287538172393,1.02,404.0,440.0,1.020832859633915,0,8,0.2772805663225408,0.8339520573740056,6.808896304847096,1.670032200907669,6.076912248317693,6.916829692462404,7.473954984490721,0.7728928000167958,1.3409695669323505,3,False,,False,4,4,30,0,[],18.84945746295853,"(30, 184)",,[],"{""feature_selection"": {""concat"": [""range""], ""even"": [""mean""], ""odd"": [""mean"", ""range""]}, ""n_chunks"": 16, ""parameter_selection"": {""mean"": {""likelihood"": ""lognormal""}, ""range"": {""likelihood"": ""lognormal""}}, ""rem_profile_params"": {""rem_stage"": 2, ""step_size_hours"": 1, ""window_size_hours"": 2}, ""tau_threshold"": 5.0}",run_output_8day_rem_w2_s1_stage2_no_pareto,rem_w2_s1_stage2
219,9460ef6e88fc2053,ok,,"concat: range; even: mean, range; odd: mean, range",mean=student_t; range=beta,16,5.0,3,1,2,424.8610112472203,424.8610112472203,14.162033708240676,2.8324067416481347,0.0098118783622048,2.8324067416481347,0.0098118783622048,-847.3881246424978,1.0,963.0,1076.0,0.9564836926122984,0,8,0.6356282446271487,0.9908735058313508,7.672554865578978,0.6357499752796965,6.85798324459422,7.296158681397151,7.648079340698575,0.9893164965773876,1.310296850204546,2,False,,False,5,5,30,0,[],81.77180573198711,"(30, 176)",,[],"{""feature_selection"": {""concat"": [""range""], ""even"": [""mean"", ""range""], ""odd"": [""mean"", ""range""]}, ""n_chunks"": 16, ""parameter_selection"": {""mean"": {""likelihood"": ""student_t""}, ""range"": {""likelihood"": ""beta""}}, ""rem_profile_params"": {""rem_stage"": 2, ""step_size_hours"": 1, ""window_size_hours"": 3}, ""tau_threshold"": 5.0}",run_output_8day_rem_w3_s1_stage2_no_pareto,rem_w3_s1_stage2
113,279ea1ab97a50b9e,ok,,concat: range; even: range; odd: mean,mean=student_t; range=beta,16,5.0,2,2,2,254.6131768448344,254.6131768448344,8.487105894827813,2.829035298275938,0.0103107387311915,2.829035298275938,0.0103107387311915,-508.3229362544489,1.0,1452.0,1474.0,0.9316662265280664,0,7,0.5903339753845729,0.9932776218916206,6.896243450806363,0.5208509793497964,6.109180990437782,6.438478526412967,6.767776062388151,0.832889316279313,0.7446265257041719,1,False,,False,3,3,30,0,[],40.75377142097568,"(30, 96)",,[],"{""feature_selection"": {""concat"": [""range""], ""even"": [""range""], ""odd"": [""mean""]}, ""n_chunks"": 16, ""parameter_selection"": {""mean"": {""likelihood"": ""student_t""}, ""range"": {""likelihood"": ""beta""}}, ""rem_profile_params"": {""rem_stage"": 2, ""step_size_hours"": 2, ""window_size_hours"": 2}, ""tau_threshold"": 5.0}",run_output_8day_rem_w2_s2_stage2_no_pareto,rem_w2_s2_stage2
107,fc5af7a13e03e135,ok,,concat: range; even: mean; odd: range,mean=lognormal; range=beta,16,5.0,3,1,2,254.00446773747447,254.00446773747447,8.46681559124915,2.822271863749716,0.013600794013954,2.822271863749716,0.013600794013954,-508.1950580626048,1.0,1199.0,1330.0,0.9592739264879004,0,7,0.6630279597646522,0.9963915705487312,7.235846381213943,0.5007064470812745,6.328848329916667,6.665525805674937,7.00650164220438,0.9941864644910006,1.3830153263012828,2,False,,False,3,3,30,0,[],32.87485862401081,"(30, 176)",,[],"{""feature_selection"": {""concat"": [""range""], ""even"": [""mean""], ""odd"": [""range""]}, ""n_chunks"": 16, ""parameter_selection"": {""mean"": {""likelihood"": ""lognormal""}, ""range"": {""likelihood"": ""beta""}}, ""rem_profile_params"": {""rem_stage"": 2, ""step_size_hours"": 1, ""window_size_hours"": 3}, ""tau_threshold"": 5.0}",run_output_8day_rem_w3_s1_stage2_no_pareto,rem_w3_s1_stage2
92,af58b9dce7ed28f6,ok,,concat: mean; even: range; odd: range,mean=lognormal; range=lognormal,16,5.0,2,2,2,253.6044353209988,253.6044353209988,8.453481177366628,2.817827059122209,0.0127395547438189,2.817827059122209,0.0127395547438189,-508.3754846236533,1.01,721.0,579.0,0.9228001783145712,0,7,0.4054639408440199,0.9884877166231316,6.875932009795979,0.7190220075455686,5.848778418466684,6.396141802224843,6.873397796336801,0.7075101240802404,1.1789881664190758,1,False,,False,3,3,30,0,[],13.07728385302471,"(30, 96)",,[],"{""feature_selection"": {""concat"": [""mean""], ""even"": [""range""], ""odd"": [""range""]}, ""n_chunks"": 16, ""parameter_selection"": {""mean"": {""likelihood"": ""lognormal""}, ""range"": {""likelihood"": ""lognormal""}}, ""rem_profile_params"": {""rem_stage"": 2, ""step_size_hours"": 2, ""window_size_hours"": 2}, ""tau_threshold"": 5.0}",run_output_8day_rem_w2_s2_stage2_no_pareto,rem_w2_s2_stage2
65,8b74f12bd2355514,ok,,"concat: mean, range; even: range",mean=lognormal; range=beta,16,5.0,6,1,2,253.23354924696628,253.23354924696628,8.441118308232209,2.81370610274407,0.0117996680722973,2.81370610274407,0.0117996680722973,-504.6738345677277,1.0,816.0,978.0,0.9361926829404588,0,5,0.2550533657913375,0.4614720780605762,5.22400749267153,1.2419908778692408,4.183901033582899,4.891024074683615,5.63263911390478,0.1272023918957002,0.8354198938015377,1,False,,False,3,3,30,0,[],27.79464662703685,"(30, 152)",,[],"{""feature_selection"": {""concat"": [""mean"", ""range""], ""even"": [""range""]}, ""n_chunks"": 16, ""parameter_selection"": {""mean"": {""likelihood"": ""lognormal""}, ""range"": {""likelihood"": ""beta""}}, ""rem_profile_params"": {""rem_stage"": 2, ""step_size_hours"": 1, ""window_size_hours"": 6}, ""tau_threshold"": 5.0}",run_output_8day_rem_w6_s1_stage2_no_pareto,rem_w6_s1_stage2
103,17c1c25dfae7a57b,ok,,concat: range; even: mean; odd: mean,mean=lognormal; range=beta,16,5.0,2,2,2,253.093535544395,253.093535544395,8.436451184813167,2.8121503949377225,0.0140783269663751,2.8121503949377225,0.0140783269663751,-503.7982404938342,1.0,1359.0,1244.0,0.9377933580333548,0,7,0.52959892238101,0.9573518265026922,7.034478099691039,0.7822136697414437,6.234661818166038,6.577842644473375,6.921023470780712,0.9209461894265948,1.2515097312934793,3,False,,False,3,3,30,0,[],26.81428010697709,"(30, 96)",,[],"{""feature_selection"": {""concat"": [""range""], ""even"": [""mean""], ""odd"": [""mean""]}, ""n_chunks"": 16, ""parameter_selection"": {""mean"": {""likelihood"": ""lognormal""}, ""range"": {""likelihood"": ""beta""}}, ""rem_profile_params"": {""rem_stage"": 2, ""step_size_hours"": 2, ""window_size_hours"": 2}, ""tau_threshold"": 5.0}",run_output_8day_rem_w2_s2_stage2_no_pareto,rem_w2_s2_stage2
223,feb2b900656af5d2,ok,,"concat: mean, range; even: mean, range; odd: mean, range",mean=student_t; range=beta,16,5.0,6,1,2,506.134998855782,506.134998855782,16.871166628526066,2.8118611047543443,0.0081957882063004,2.8118611047543443,0.0081957882063004,-1011.6467017348308,1.0,3153.0,2023.0,0.976087175016496,0,5,0.9583934864917736,0.0138753141178561,5.014164983040338,0.1206189473159898,4.253517459075097,4.507035156294538,4.76055285351398,0.0002886431369204,0.8769391416532248,3,False,,False,6,6,30,0,[],96.6147657269612,"(30, 152)",,[],"{""feature_selection"": {""concat"": [""mean"", ""range""], ""even"": [""mean"", ""range""], ""odd"": [""mean"", ""range""]}, ""n_chunks"": 16, ""parameter_selection"": {""mean"": {""likelihood"": ""student_t""}, ""range"": {""likelihood"": ""beta""}}, ""rem_profile_params"": {""rem_stage"": 2, ""step_size_hours"": 1, ""window_size_hours"": 6}, ""tau_threshold"": 5.0}",run_output_8day_rem_w6_s1_stage2_no_pareto,rem_w6_s1_stage2
224,4fe695adf6c80fd7,ok,,"concat: mean, range; even: mean, range; odd: mean, range",mean=student_t; range=lognormal,16,5.0,6,1,2,505.8112175837529,505.8112175837529,16.860373919458432,2.8100623199097385,0.0086086992197486,2.8100623199097385,0.0086086992197486,-1014.5876858184956,1.0,869.0,862.0,0.9471801223846168,0,7,0.6764675663128412,0.99943431163595,7.192279635732957,0.4296167666132988,6.3031662911366055,6.6235925087900895,6.944018726443574,0.9865336186882,1.2733064090040536,3,False,,False,6,6,30,0,[],71.2055909030023,"(30, 152)",,[],"{""feature_selection"": {""concat"": [""mean"", ""range""], ""even"": [""mean"", ""range""], ""odd"": [""mean"", ""range""]}, ""n_chunks"": 16, ""parameter_selection"": {""mean"": {""likelihood"": ""student_t""}, ""range"": {""likelihood"": ""lognormal""}}, ""rem_profile_params"": {""rem_stage"": 2, ""step_size_hours"": 1, ""window_size_hours"": 6}, ""tau_threshold"": 5.0}",run_output_8day_rem_w6_s1_stage2_no_pareto,rem_w6_s1_stage2
119,0ab44bac53ecc838,ok,,"concat: range; odd: mean, range",mean=student_t; range=beta,16,5.0,2,2,2,252.1873810691529,252.1873810691529,8.40624603563843,2.8020820118794774,0.0119188185856278,2.8020820118794774,0.0119188185856278,-503.0150763002453,1.0,1438.0,1085.0,0.956117786028054,0,7,0.7812381304570912,0.9999502520965428,6.908300157812176,0.32588722957543,6.1661480033260725,6.4483203229631245,6.7304926426001765,0.8972043781081919,0.7956811278971392,1,False,,False,3,3,30,0,[],40.87991821503965,"(30, 96)",,[],"{""feature_selection"": {""concat"": [""range""], ""odd"": [""mean"", ""range""]}, ""n_chunks"": 16, ""parameter_selection"": {""mean"": {""likelihood"": ""student_t""}, ""range"": {""likelihood"": ""beta""}}, ""rem_profile_params"": {""rem_stage"": 2, ""step_size_hours"": 2, ""window_size_hours"": 2}, ""tau_threshold"": 5.0}",run_output_8day_rem_w2_s2_stage2_no_pareto,rem_w2_s2_stage2
103,4142643e13cbd040,ok,,concat: range; even: mean; odd: mean,mean=lognormal; range=beta,16,5.0,3,1,2,251.7421623784488,251.7421623784488,8.391405412614962,2.797135137538321,0.0154727182945262,2.797135137538321,0.0154727182945262,-504.2760396586528,1.0,2090.0,1712.0,0.876509242322691,0,7,0.6614182707054411,0.9916679999751276,7.174444666093577,0.5323886354556052,6.302439536370826,6.624826850563588,6.94721416475635,0.9845312013347328,1.5019481295031476,3,False,,False,3,3,30,0,[],26.49836102296831,"(30, 176)",,[],"{""feature_selection"": {""concat"": [""range""], ""even"": [""mean""], ""odd"": [""mean""]}, ""n_chunks"": 16, ""parameter_selection"": {""mean"": {""likelihood"": ""lognormal""}, ""range"": {""likelihood"": ""beta""}}, ""rem_profile_params"": {""rem_stage"": 2, ""step_size_hours"": 1, ""window_size_hours"": 3}, ""tau_threshold"": 5.0}",run_output_8day_rem_w3_s1_stage2_no_pareto,rem_w3_s1_stage2
219,237230e6a2488951,ok,,"concat: range; even: mean, range; odd: mean, range",mean=student_t; range=beta,16,5.0,2,2,2,418.557073135729,418.557073135729,13.951902437857637,2.7903804875715275,0.0076841896472095,2.7903804875715275,0.0076841896472095,-837.1821376523517,1.0,1420.0,1045.0,0.9610336935415016,0,7,0.7337556757384993,0.9999999057336588,6.937794093439336,0.3634518527398961,6.174662167348025,6.464002708138071,6.753343248928116,0.9009140119728036,1.0179756124473538,3,False,,False,5,5,30,0,[],83.18729588499991,"(30, 96)",,[],"{""feature_selection"": {""concat"": [""range""], ""even"": [""mean"", ""range""], ""odd"": [""mean"", ""range""]}, ""n_chunks"": 16, ""parameter_selection"": {""mean"": {""likelihood"": ""student_t""}, ""range"": {""likelihood"": ""beta""}}, ""rem_profile_params"": {""rem_stage"": 2, ""step_size_hours"": 2, ""window_size_hours"": 2}, ""tau_threshold"": 5.0}",run_output_8day_rem_w2_s2_stage2_no_pareto,rem_w2_s2_stage2
4,b653904f5e5c039c,ok,,concat: range,range=lognormal,16,5.0,2,2,2,83.61053809187075,83.61053809187075,2.787017936395692,2.787017936395692,0.0150948485602789,2.787017936395692,0.0150948485602789,-167.4888717689915,1.0,2815.0,2409.0,1.1009469057191996,0,7,0.5091318562245358,0.9429415333162912,6.667076797443811,0.6584718029082234,5.829047609435162,6.306557942948886,6.671134946847716,0.7102148103627758,0.6904769551425115,0,False,,False,1,1,30,0,[],6.318235580984037,"(30, 96)",,[],"{""feature_selection"": {""concat"": [""range""]}, ""n_chunks"": 16, ""parameter_selection"": {""range"": {""likelihood"": ""lognormal""}}, ""rem_profile_params"": {""rem_stage"": 2, ""step_size_hours"": 2, ""window_size_hours"": 2}, ""tau_threshold"": 5.0}",run_output_8day_rem_w2_s2_stage2_no_pareto,rem_w2_s2_stage2
204,df20ffc4ea088412,ok,,"concat: mean, range; even: mean, range; odd: range",mean=student_t; range=lognormal,16,5.0,6,1,2,417.64293287396,417.64293287396,13.921431095798669,2.784286219159734,0.0085249271135372,2.784286219159734,0.0085249271135372,-838.201957274753,1.0,1257.0,1115.0,0.9846767162149044,0,7,0.7080431439924478,0.9996190372983668,7.17889891746301,0.4032700846292372,6.3011770982893145,6.611144806368657,6.921112514447999,0.9929100600152058,1.1282019433050874,4,False,,False,5,5,30,0,[],49.4428023850196,"(30, 152)",,[],"{""feature_selection"": {""concat"": [""mean"", ""range""], ""even"": [""mean"", ""range""], ""odd"": [""range""]}, ""n_chunks"": 16, ""parameter_selection"": {""mean"": {""likelihood"": ""student_t""}, ""range"": {""likelihood"": ""lognormal""}}, ""rem_profile_params"": {""rem_stage"": 2, ""step_size_hours"": 1, ""window_size_hours"": 6}, ""tau_threshold"": 5.0}",run_output_8day_rem_w6_s1_stage2_no_pareto,rem_w6_s1_stage2
222,d6098219858e47d7,ok,,"concat: mean, range; even: mean, range; odd: mean, range",mean=lognormal; range=lognormal,16,5.0,2,2,2,499.8848784138927,499.8848784138927,16.66282928046309,2.777138213410516,0.0121825517454414,2.777138213410516,0.0121825517454414,-998.8036274955645,1.01,689.0,424.0,0.962865263733194,0,7,0.7008184661556836,0.9987573425542776,6.910631716452414,0.3967526990503839,6.149235168907272,6.4474422423227065,6.745649315738141,0.8751103530158147,1.9802226491074844,3,False,,False,6,6,30,0,[],22.92561185202794,"(30, 96)",,[],"{""feature_selection"": {""concat"": [""mean"", ""range""], ""even"": [""mean"", ""range""], ""odd"": [""mean"", ""range""]}, ""n_chunks"": 16, ""parameter_selection"": {""mean"": {""likelihood"": ""lognormal""}, ""range"": {""likelihood"": ""lognormal""}}, ""rem_profile_params"": {""rem_stage"": 2, ""step_size_hours"": 2, ""window_size_hours"": 2}, ""tau_threshold"": 5.0}",run_output_8day_rem_w2_s2_stage2_no_pareto,rem_w2_s2_stage2
203,757b7f1ecb7d55ad,ok,,"concat: mean, range; even: mean, range; odd: range",mean=student_t; range=beta,16,5.0,6,1,2,416.16185659310713,416.16185659310713,13.872061886436905,2.774412377287381,0.0075630111022344,2.774412377287381,0.0075630111022344,-830.9659287407733,1.0,2938.0,1945.0,0.9977839365348304,0,5,0.975042575341966,0.0075882014428492,5.007604066976251,0.0870663619727992,4.251911400030195,4.503823008056794,4.755734616083393,1.59126956403252e-05,0.9129795905511312,2,False,,False,5,5,30,0,[],72.30124066700228,"(30, 152)",,[],"{""feature_selection"": {""concat"": [""mean"", ""range""], ""even"": [""mean"", ""range""], ""odd"": [""range""]}, ""n_chunks"": 16, ""parameter_selection"": {""mean"": {""likelihood"": ""student_t""}, ""range"": {""likelihood"": ""beta""}}, ""rem_profile_params"": {""rem_stage"": 2, ""step_size_hours"": 1, ""window_size_hours"": 6}, ""tau_threshold"": 5.0}",run_output_8day_rem_w6_s1_stage2_no_pareto,rem_w6_s1_stage2
127,1f486cea565204e4,ok,,"even: mean, range; odd: range",mean=student_t; range=beta,16,5.0,2,1,2,249.6565619679444,249.6565619679444,8.321885398931478,2.773961799643826,0.009074637754742,2.773961799643826,0.009074637754742,-499.83576627866125,1.0,531.0,925.0,0.8871125472711001,0,6,0.121182716100207,0.682949714041194,6.107074595089882,1.3867617958368352,4.643037288139481,5.526344218732798,6.97765653505434,0.3353640324093991,0.863994529819278,1,False,,False,3,3,30,0,[],40.26398749300279,"(30, 184)",,[],"{""feature_selection"": {""even"": [""mean"", ""range""], ""odd"": [""range""]}, ""n_chunks"": 16, ""parameter_selection"": {""mean"": {""likelihood"": ""student_t""}, ""range"": {""likelihood"": ""beta""}}, ""rem_profile_params"": {""rem_stage"": 2, ""step_size_hours"": 1, ""window_size_hours"": 2}, ""tau_threshold"": 5.0}",run_output_8day_rem_w2_s1_stage2_no_pareto,rem_w2_s1_stage2
180,da1cc187f82d9bde,ok,,"concat: range; even: mean, range; odd: mean",mean=student_t; range=lognormal,16,5.0,2,2,2,332.67378058231554,332.67378058231554,11.089126019410518,2.772281504852629,0.0098194836697827,2.772281504852629,0.0098194836697827,-666.335417562669,1.0,1561.0,1501.0,0.9754506062896384,0,7,0.4380412635155088,0.9809363127401312,6.698086750637846,0.6722971566630024,5.652403792600619,6.237988119342011,6.706620929659015,0.6269587372579745,0.7402815219554022,2,False,,False,4,4,30,0,[],40.38767219701549,"(30, 96)",,[],"{""feature_selection"": {""concat"": [""range""], ""even"": [""mean"", ""range""], ""odd"": [""mean""]}, ""n_chunks"": 16, ""parameter_selection"": {""mean"": {""likelihood"": ""student_t""}, ""range"": {""likelihood"": ""lognormal""}}, ""rem_profile_params"": {""rem_stage"": 2, ""step_size_hours"": 2, ""window_size_hours"": 2}, ""tau_threshold"": 5.0}",run_output_8day_rem_w2_s2_stage2_no_pareto,rem_w2_s2_stage2
5,d9c81b660a9533bc,ok,,even: mean,mean=lognormal,16,5.0,3,1,2,83.01917917278695,83.01917917278695,2.7673059724262314,2.7673059724262314,0.0184336903880792,2.7673059724262314,0.0184336903880792,-166.52351532247118,1.0,1210.0,1849.0,0.9956138349866824,0,7,0.0375623593775509,0.5896857522629139,5.803623092839904,1.8273030280045763,3.582156354017739,5.820302144159072,6.875505950739678,0.4803531692610072,0.6904070732846301,0,False,,False,1,1,30,0,[],6.412945085030515,"(30, 176)",,[],"{""feature_selection"": {""even"": [""mean""]}, ""n_chunks"": 16, ""parameter_selection"": {""mean"": {""likelihood"": ""lognormal""}}, ""rem_profile_params"": {""rem_stage"": 2, ""step_size_hours"": 1, ""window_size_hours"": 3}, ""tau_threshold"": 5.0}",run_output_8day_rem_w3_s1_stage2_no_pareto,rem_w3_s1_stage2
9,f54aef7312169d3b,ok,,odd: mean,mean=lognormal,16,5.0,2,1,2,82.93228787316833,82.93228787316833,2.764409595772278,2.7644095957722783,0.0344437545930547,2.7644095957722783,0.0344437545930547,-163.52004656753445,1.0,965.0,1472.0,1.0622378795225635,0,8,0.0884981094605665,0.6119665900117575,5.979475850221237,1.978840609383348,3.506921526333061,5.932567739224907,7.332377223160613,0.4919039014773918,1.2981617209135938,2,False,,False,1,1,30,0,[],6.990072056010831,"(30, 184)",,[],"{""feature_selection"": {""odd"": [""mean""]}, ""n_chunks"": 16, ""parameter_selection"": {""mean"": {""likelihood"": ""lognormal""}}, ""rem_profile_params"": {""rem_stage"": 2, ""step_size_hours"": 1, ""window_size_hours"": 2}, ""tau_threshold"": 5.0}",run_output_8day_rem_w2_s1_stage2_no_pareto,rem_w2_s1_stage2
73,abebaa0809312bae,ok,,"concat: mean, range; odd: range",mean=lognormal; range=beta,16,5.0,6,1,2,248.1008056681973,248.1008056681973,8.270026855606577,2.756675618535526,0.0127135517402017,2.756675618535526,0.0127135517402017,-496.64702173880056,1.0,2620.0,1879.0,0.9505694870743234,0,5,0.9524433525299928,0.0165320878835906,5.016710852102046,0.1295820301669173,4.254202315531012,4.508404875775605,4.762607436020197,0.0001791913740804,1.175373425930265,2,False,,False,3,3,30,0,[],27.774317072005942,"(30, 152)",,[],"{""feature_selection"": {""concat"": [""mean"", ""range""], ""odd"": [""range""]}, ""n_chunks"": 16, ""parameter_selection"": {""mean"": {""likelihood"": ""lognormal""}, ""range"": {""likelihood"": ""beta""}}, ""rem_profile_params"": {""rem_stage"": 2, ""step_size_hours"": 1, ""window_size_hours"": 6}, ""tau_threshold"": 5.0}",run_output_8day_rem_w6_s1_stage2_no_pareto,rem_w6_s1_stage2
210,81f47003c1b03ce4,ok,,"concat: mean, range; even: range; odd: mean, range",mean=lognormal; range=lognormal,16,5.0,2,2,2,413.26359709738455,413.26359709738455,13.775453236579486,2.7550906473158965,0.0130926376647724,2.7550906473158965,0.0130926376647724,-824.6397515737333,1.0,1346.0,1359.0,0.997691816059412,0,7,0.6370026188846531,0.9984863711604538,6.800577175844653,0.4614209392262041,6.036010728835249,6.368439291263903,6.700867853692558,0.7770815544339525,1.5048789174397776,3,False,,False,5,5,30,0,[],20.425264374003746,"(30, 96)",,[],"{""feature_selection"": {""concat"": [""mean"", ""range""], ""even"": [""range""], ""odd"": [""mean"", ""range""]}, ""n_chunks"": 16, ""parameter_selection"": {""mean"": {""likelihood"": ""lognormal""}, ""range"": {""likelihood"": ""lognormal""}}, ""rem_profile_params"": {""rem_stage"": 2, ""step_size_hours"": 2, ""window_size_hours"": 2}, ""tau_threshold"": 5.0}",run_output_8day_rem_w2_s2_stage2_no_pareto,rem_w2_s2_stage2
220,379aad156c88c672,ok,,"concat: range; even: mean, range; odd: mean, range",mean=student_t; range=lognormal,16,5.0,2,1,2,412.6133892886293,412.6133892886293,13.75377964295431,2.7507559285908623,0.0096831680617021,2.7507559285908623,0.0096831680617021,-823.006847350437,1.0,461.0,363.0,0.9620779628916952,0,8,0.3843324888768449,0.9166093770348496,7.239951428167328,1.277886683973326,6.410031273477531,7.137345225160916,7.568672612580459,0.8684246050045588,0.7133023480567519,2,False,,False,5,5,30,0,[],53.92460478801513,"(30, 184)",,[],"{""feature_selection"": {""concat"": [""range""], ""even"": [""mean"", ""range""], ""odd"": [""mean"", ""range""]}, ""n_chunks"": 16, ""parameter_selection"": {""mean"": {""likelihood"": ""student_t""}, ""range"": {""likelihood"": ""lognormal""}}, ""rem_profile_params"": {""rem_stage"": 2, ""step_size_hours"": 1, ""window_size_hours"": 2}, ""tau_threshold"": 5.0}",run_output_8day_rem_w2_s1_stage2_no_pareto,rem_w2_s1_stage2
130,15e40bfebe47c102,ok,,"even: mean; odd: mean, range",mean=lognormal; range=lognormal,16,5.0,2,1,2,247.00015411120145,247.00015411120145,8.233338470373381,2.744446156791127,0.0150630436398445,2.744446156791127,0.0150630436398445,-499.6349213133824,1.0,719.0,663.0,1.0399077085644162,0,8,0.365333251059772,0.8201115748406428,7.003965866159087,1.7073106101750812,6.246823339830695,7.243073578307521,7.62153678915376,0.7793083331661365,1.3363790680005208,4,False,,False,3,3,30,0,[],14.808198572020046,"(30, 184)",,[],"{""feature_selection"": {""even"": [""mean""], ""odd"": [""mean"", ""range""]}, ""n_chunks"": 16, ""parameter_selection"": {""mean"": {""likelihood"": ""lognormal""}, ""range"": {""likelihood"": ""lognormal""}}, ""rem_profile_params"": {""rem_stage"": 2, ""step_size_hours"": 1, ""window_size_hours"": 2}, ""tau_threshold"": 5.0}",run_output_8day_rem_w2_s1_stage2_no_pareto,rem_w2_s1_stage2
43,fd96ad2819fab656,ok,,"even: mean, range",mean=student_t; range=beta,16,5.0,2,2,2,164.08542005998885,164.08542005998885,5.469514001999628,2.734757000999814,0.0097421009982838,2.734757000999814,0.0097421009982838,-328.4819666044333,1.0,1222.0,1635.0,0.985265327144976,0,8,0.3060695725933012,0.9372955394736868,7.093423755791123,1.1702664626912611,5.837563121732286,7.022032456280103,7.511016228140051,0.7136759284689498,0.5500354951446504,0,False,,False,2,2,30,0,[],23.961029427999165,"(30, 96)",,[],"{""feature_selection"": {""even"": [""mean"", ""range""]}, ""n_chunks"": 16, ""parameter_selection"": {""mean"": {""likelihood"": ""student_t""}, ""range"": {""likelihood"": ""beta""}}, ""rem_profile_params"": {""rem_stage"": 2, ""step_size_hours"": 2, ""window_size_hours"": 2}, ""tau_threshold"": 5.0}",run_output_8day_rem_w2_s2_stage2_no_pareto,rem_w2_s2_stage2
35,e2691fef9129de61,ok,,concat: range; odd: mean,mean=lognormal; range=beta,16,5.0,2,2,2,164.05710008606655,164.05710008606655,5.468570002868885,2.734285001434442,0.0195909930564079,2.734285001434442,0.0195909930564079,-329.2275413923052,1.01,1214.0,1109.0,0.8898251958469077,0,7,0.4558248302792126,0.939003152695996,6.948073516997278,0.851065351272558,6.173745073988762,6.535794582422159,6.897844090855556,0.8699732839995863,1.3345194829077494,3,False,,False,2,2,30,0,[],19.730597613030117,"(30, 96)",,[],"{""feature_selection"": {""concat"": [""range""], ""odd"": [""mean""]}, ""n_chunks"": 16, ""parameter_selection"": {""mean"": {""likelihood"": ""lognormal""}, ""range"": {""likelihood"": ""beta""}}, ""rem_profile_params"": {""rem_stage"": 2, ""step_size_hours"": 2, ""window_size_hours"": 2}, ""tau_threshold"": 5.0}",run_output_8day_rem_w2_s2_stage2_no_pareto,rem_w2_s2_stage2
48,26d1ed49e789fbc9,ok,,even: mean; odd: range,mean=lognormal; range=lognormal,16,5.0,2,1,2,163.83486093534972,163.83486093534972,5.461162031178324,2.730581015589162,0.0118985061409711,2.730581015589162,0.0118985061409711,-329.44343907677745,1.0,828.0,1100.0,0.9601565835264476,0,8,0.0968688688268033,0.656128973189559,6.218294454557579,1.862982430537943,3.873784961066833,6.4058769156702455,7.336561122378161,0.5841477256546527,0.6520910669178696,0,False,,False,2,2,30,0,[],10.542546253011096,"(30, 184)",,[],"{""feature_selection"": {""even"": [""mean""], ""odd"": [""range""]}, ""n_chunks"": 16, ""parameter_selection"": {""mean"": {""likelihood"": ""lognormal""}, ""range"": {""likelihood"": ""lognormal""}}, ""rem_profile_params"": {""rem_stage"": 2, ""step_size_hours"": 1, ""window_size_hours"": 2}, ""tau_threshold"": 5.0}",run_output_8day_rem_w2_s1_stage2_no_pareto,rem_w2_s1_stage2
77,722fb3113843b462,ok,,"concat: mean; even: mean, range",mean=lognormal; range=beta,16,5.0,6,1,2,245.442007564521,245.442007564521,8.1814002521507,2.727133417383566,0.0148995414222178,2.727133417383566,0.0148995414222178,-479.1309064783749,1.01,352.0,268.0,0.9633245765099514,0,7,0.3755197085529321,0.8741977728613306,6.847451556147206,1.4477361392451655,6.201544362299222,6.6775020676751256,7.243812379399699,0.8558625377963178,0.8654440870972061,3,False,,False,3,3,30,0,[],24.774459968029987,"(30, 152)",,[],"{""feature_selection"": {""concat"": [""mean""], ""even"": [""mean"", ""range""]}, ""n_chunks"": 16, ""parameter_selection"": {""mean"": {""likelihood"": ""lognormal""}, ""range"": {""likelihood"": ""beta""}}, ""rem_profile_params"": {""rem_stage"": 2, ""step_size_hours"": 1, ""window_size_hours"": 6}, ""tau_threshold"": 5.0}",run_output_8day_rem_w6_s1_stage2_no_pareto,rem_w6_s1_stage2
30,84df3792752f099d,ok,,concat: range; even: mean,mean=lognormal; range=lognormal,16,5.0,3,1,2,163.28401676378132,163.28401676378132,5.442800558792711,2.721400279396355,0.011899387343424,2.721400279396355,0.011899387343424,-326.7887975632945,1.0,1971.0,2244.0,1.01791772874693,0,7,0.3809410779961604,0.8526686669000354,6.608191471682579,0.9966997665747002,5.937126106557875,6.365112403040503,6.740569816105217,0.7431117287445675,0.6967995354670858,0,False,,False,2,2,30,0,[],9.689096998015884,"(30, 176)",,[],"{""feature_selection"": {""concat"": [""range""], ""even"": [""mean""]}, ""n_chunks"": 16, ""parameter_selection"": {""mean"": {""likelihood"": ""lognormal""}, ""range"": {""likelihood"": ""lognormal""}}, ""rem_profile_params"": {""rem_stage"": 2, ""step_size_hours"": 1, ""window_size_hours"": 3}, ""tau_threshold"": 5.0}",run_output_8day_rem_w3_s1_stage2_no_pareto,rem_w3_s1_stage2
214,c7cae144042124a8,ok,,"concat: mean; even: mean, range; odd: mean, range",mean=lognormal; range=lognormal,16,5.0,2,2,2,408.04733605796827,408.04733605796827,13.601577868598945,2.7203155737197884,0.0146389583541764,2.7203155737197884,0.0146389583541764,-805.4169009524146,1.03,188.0,852.0,0.9776672004383636,0,8,0.4115851753063446,0.9908650718769514,7.318163359964408,0.7865061414144427,6.241032823790728,7.003457748584716,7.501728874292358,0.8288440481669809,1.7446187816315597,4,False,,False,5,5,30,0,[],21.57621316297445,"(30, 96)",,[],"{""feature_selection"": {""concat"": [""mean""], ""even"": [""mean"", ""range""], ""odd"": [""mean"", ""range""]}, ""n_chunks"": 16, ""parameter_selection"": {""mean"": {""likelihood"": ""lognormal""}, ""range"": {""likelihood"": ""lognormal""}}, ""rem_profile_params"": {""rem_stage"": 2, ""step_size_hours"": 2, ""window_size_hours"": 2}, ""tau_threshold"": 5.0}",run_output_8day_rem_w2_s2_stage2_no_pareto,rem_w2_s2_stage2
210,ea0bc29f95ae9964,ok,,"concat: mean, range; even: range; odd: mean, range",mean=lognormal; range=lognormal,16,5.0,3,1,2,406.7021199140318,406.7021199140318,13.556737330467728,2.711347466093546,0.0127314916445147,2.711347466093546,0.0127314916445147,-815.098443918996,1.03,236.0,88.0,1.0095810868967192,0,7,0.727676671484924,0.9975356774448364,7.012871595327949,0.3818346514717771,6.222266123657444,6.509653656540751,6.797041189424058,0.943350526923948,2.2241693991560583,2,False,,False,5,5,30,0,[],20.54720335896127,"(30, 176)",,[],"{""feature_selection"": {""concat"": [""mean"", ""range""], ""even"": [""range""], ""odd"": [""mean"", ""range""]}, ""n_chunks"": 16, ""parameter_selection"": {""mean"": {""likelihood"": ""lognormal""}, ""range"": {""likelihood"": ""lognormal""}}, ""rem_profile_params"": {""rem_stage"": 2, ""step_size_hours"": 1, ""window_size_hours"": 3}, ""tau_threshold"": 5.0}",run_output_8day_rem_w3_s1_stage2_no_pareto,rem_w3_s1_stage2
222,d03c76a5fa5410ff,ok,,"concat: mean, range; even: mean, range; odd: mean, range",mean=lognormal; range=lognormal,16,5.0,3,1,2,487.43312940959487,487.43312940959487,16.247770980319828,2.7079618300533053,0.0122549124419471,2.7079618300533053,0.0122549124419471,-974.1169534946132,1.02,230.0,90.0,0.9385820823835144,0,7,0.7453940537482869,0.9992536552045822,7.078427576304202,0.3566158093820007,6.257991123537818,6.545582123463414,6.83317312338901,0.9742691214298812,2.398931021070584,5,False,,False,6,6,30,0,[],22.86777157097822,"(30, 176)",,[],"{""feature_selection"": {""concat"": [""mean"", ""range""], ""even"": [""mean"", ""range""], ""odd"": [""mean"", ""range""]}, ""n_chunks"": 16, ""parameter_selection"": {""mean"": {""likelihood"": ""lognormal""}, ""range"": {""likelihood"": ""lognormal""}}, ""rem_profile_params"": {""rem_stage"": 2, ""step_size_hours"": 1, ""window_size_hours"": 3}, ""tau_threshold"": 5.0}",run_output_8day_rem_w3_s1_stage2_no_pareto,rem_w3_s1_stage2
124,5651d19e8a680449,ok,,"even: mean, range; odd: mean",mean=student_t; range=lognormal,16,5.0,2,2,2,242.91793458653112,242.91793458653112,8.097264486217703,2.6990881620725675,0.0123694554087921,2.6990881620725675,0.0123694554087921,-486.6043752945281,1.0,1185.0,1636.0,1.0517942641710667,0,8,0.3493216403689669,0.9218723135301468,7.155740286168114,1.2211284374725548,5.8040325701910085,7.157967146133717,7.578983573066859,0.7081094388628728,0.7321575887967946,1,False,,False,3,3,30,0,[],34.23505339800613,"(30, 96)",,[],"{""feature_selection"": {""even"": [""mean"", ""range""], ""odd"": [""mean""]}, ""n_chunks"": 16, ""parameter_selection"": {""mean"": {""likelihood"": ""student_t""}, ""range"": {""likelihood"": ""lognormal""}}, ""rem_profile_params"": {""rem_stage"": 2, ""step_size_hours"": 2, ""window_size_hours"": 2}, ""tau_threshold"": 5.0}",run_output_8day_rem_w2_s2_stage2_no_pareto,rem_w2_s2_stage2
99,0ff623ee17f44896,ok,,"concat: range; even: mean, range",mean=lognormal; range=beta,16,5.0,3,1,2,242.23957826888267,242.23957826888267,8.074652608962756,2.691550869654251,0.0093582416507973,2.691550869654251,0.0093582416507973,-485.2703870682768,1.0,2047.0,1650.0,0.9363243075743768,0,7,0.6636487527659889,0.980283437994954,7.1043658348183945,0.6178311891272613,6.280167769640708,6.591596333647731,6.903024897654754,0.974905325025348,0.9042015370203016,2,False,,False,3,3,30,0,[],30.16328712896211,"(30, 176)",,[],"{""feature_selection"": {""concat"": [""range""], ""even"": [""mean"", ""range""]}, ""n_chunks"": 16, ""parameter_selection"": {""mean"": {""likelihood"": ""lognormal""}, ""range"": {""likelihood"": ""beta""}}, ""rem_profile_params"": {""rem_stage"": 2, ""step_size_hours"": 1, ""window_size_hours"": 3}, ""tau_threshold"": 5.0}",run_output_8day_rem_w3_s1_stage2_no_pareto,rem_w3_s1_stage2
174,a11ae8971e1fcae9,ok,,"concat: mean; even: range; odd: mean, range",mean=lognormal; range=lognormal,16,5.0,2,2,2,322.6422021913048,322.6422021913048,10.754740073043491,2.688685018260873,0.0159563928346015,2.688685018260873,0.0159563928346015,-633.9830572392907,1.03,193.0,801.0,0.9753084226715718,0,8,0.3591725416447195,0.9871116700230635,7.103273785822466,0.8612028398433165,5.895058307989352,6.689689312435396,7.375040761064083,0.7221996884162918,1.498328974247242,2,False,,False,4,4,30,0,[],17.539473848999478,"(30, 96)",,[],"{""feature_selection"": {""concat"": [""mean""], ""even"": [""range""], ""odd"": [""mean"", ""range""]}, ""n_chunks"": 16, ""parameter_selection"": {""mean"": {""likelihood"": ""lognormal""}, ""range"": {""likelihood"": ""lognormal""}}, ""rem_profile_params"": {""rem_stage"": 2, ""step_size_hours"": 2, ""window_size_hours"": 2}, ""tau_threshold"": 5.0}",run_output_8day_rem_w2_s2_stage2_no_pareto,rem_w2_s2_stage2
191,f4751fd678654cfb,ok,,"concat: range; even: range; odd: mean, range",mean=student_t; range=beta,16,5.0,3,1,2,322.2376555675439,322.2376555675439,10.741255185584798,2.6853137963962,0.0112068857634712,2.6853137963962,0.0112068857634712,-640.1305401904415,1.0,1305.0,1360.0,0.9341490537040238,0,8,0.5811162721507064,0.9940126645902034,7.506319947723018,0.6031367280222412,6.524371758836759,7.060946085421946,7.530473042710973,0.9898441708578798,1.186177318139837,2,False,,False,4,4,30,0,[],63.12505489902105,"(30, 176)",,[],"{""feature_selection"": {""concat"": [""range""], ""even"": [""range""], ""odd"": [""mean"", ""range""]}, ""n_chunks"": 16, ""parameter_selection"": {""mean"": {""likelihood"": ""student_t""}, ""range"": {""likelihood"": ""beta""}}, ""rem_profile_params"": {""rem_stage"": 2, ""step_size_hours"": 1, ""window_size_hours"": 3}, ""tau_threshold"": 5.0}",run_output_8day_rem_w3_s1_stage2_no_pareto,rem_w3_s1_stage2
83,247155a7dbf87212,ok,,concat: mean; even: mean; odd: range,mean=lognormal; range=beta,16,5.0,6,1,2,241.61947342878017,241.61947342878017,8.053982447626005,2.684660815875336,0.013381329389949,2.684660815875336,0.013381329389949,-489.117237532682,1.01,1952.0,1644.0,0.9599739848744134,0,5,0.8866425572160898,0.0416792975797421,5.0643319361147405,0.3256784680739527,4.260842490276754,4.521726263402974,4.782610036529194,0.0226200775642977,1.1402669136773134,3,False,,False,3,3,30,0,[],24.131380763021298,"(30, 152)",,[],"{""feature_selection"": {""concat"": [""mean""], ""even"": [""mean""], ""odd"": [""range""]}, ""n_chunks"": 16, ""parameter_selection"": {""mean"": {""likelihood"": ""lognormal""}, ""range"": {""likelihood"": ""beta""}}, ""rem_profile_params"": {""rem_stage"": 2, ""step_size_hours"": 1, ""window_size_hours"": 6}, ""tau_threshold"": 5.0}",run_output_8day_rem_w6_s1_stage2_no_pareto,rem_w6_s1_stage2
66,370605723d1ca644,ok,,"concat: mean, range; even: range",mean=lognormal; range=lognormal,16,5.0,6,1,2,241.5684460789782,241.5684460789782,8.05228153596594,2.68409384532198,0.0134361582713048,2.68409384532198,0.0134361582713048,-488.8959428576938,1.0,2571.0,2368.0,0.9788616293452366,0,7,0.9583564406466798,0.9996164736929032,7.006979574367906,0.1168893113806848,6.250572991883639,6.503734821046352,6.756896650209065,0.997443495641073,1.808773095804279,3,False,,False,3,3,30,0,[],12.906590897007844,"(30, 152)",,[],"{""feature_selection"": {""concat"": [""mean"", ""range""], ""even"": [""range""]}, ""n_chunks"": 16, ""parameter_selection"": {""mean"": {""likelihood"": ""lognormal""}, ""range"": {""likelihood"": ""lognormal""}}, ""rem_profile_params"": {""rem_stage"": 2, ""step_size_hours"": 1, ""window_size_hours"": 6}, ""tau_threshold"": 5.0}",run_output_8day_rem_w6_s1_stage2_no_pareto,rem_w6_s1_stage2
60,452d56b78ce20bf3,ok,,"odd: mean, range",mean=student_t; range=lognormal,16,5.0,3,1,2,160.69463434513807,160.69463434513807,5.356487811504603,2.6782439057523013,0.0149941820924473,2.6782439057523013,0.0149941820924473,-321.0536295579231,1.0,1537.0,705.0,1.0482324282160405,0,8,0.7048613924193827,0.9438939409904532,7.698936230820399,0.9448905093028273,7.154011808787054,7.436007872524702,7.718003936262352,0.9127909726831028,0.6893738431401469,0,False,,False,2,2,30,0,[],18.892715825990308,"(30, 176)",,[],"{""feature_selection"": {""odd"": [""mean"", ""range""]}, ""n_chunks"": 16, ""parameter_selection"": {""mean"": {""likelihood"": ""student_t""}, ""range"": {""likelihood"": ""lognormal""}}, ""rem_profile_params"": {""rem_stage"": 2, ""step_size_hours"": 1, ""window_size_hours"": 3}, ""tau_threshold"": 5.0}",run_output_8day_rem_w3_s1_stage2_no_pareto,rem_w3_s1_stage2
183,2fa8f2bb9cbaa66a,ok,,"concat: range; even: mean, range; odd: range",mean=student_t; range=beta,16,5.0,3,1,2,321.37221208234314,321.37221208234314,10.712407069411436,2.67810176735286,0.0088674059941647,2.67810176735286,0.0088674059941647,-640.6258370037692,1.0,1410.0,1627.0,0.9596773693677138,0,8,0.6353063396310749,0.9990246934591662,7.656618322832609,0.494384626280971,6.736146898470981,7.243620604732483,7.621810302366241,0.9981863675482934,1.2325979491990442,1,False,,False,4,4,30,0,[],62.10315412300406,"(30, 176)",,[],"{""feature_selection"": {""concat"": [""range""], ""even"": [""mean"", ""range""], ""odd"": [""range""]}, ""n_chunks"": 16, ""parameter_selection"": {""mean"": {""likelihood"": ""student_t""}, ""range"": {""likelihood"": ""beta""}}, ""rem_profile_params"": {""rem_stage"": 2, ""step_size_hours"": 1, ""window_size_hours"": 3}, ""tau_threshold"": 5.0}",run_output_8day_rem_w3_s1_stage2_no_pareto,rem_w3_s1_stage2
214,88e483697d47c491,ok,,"concat: mean; even: mean, range; odd: mean, range",mean=lognormal; range=lognormal,16,5.0,3,1,2,401.6096402177358,401.6096402177358,13.38698800725786,2.677397601451572,0.0135355714934584,2.677397601451572,0.0135355714934584,-770.3360508595797,1.09,32.0,343.0,0.9711696539220388,0,8,0.5405927337621419,0.9991957285002652,7.487765830728331,0.5716640231966901,6.4874293502124605,7.046913474628001,7.523456737314,0.9643334733099928,1.457164532389018,2,False,,False,5,5,30,0,[],20.963783899031117,"(30, 176)",,[],"{""feature_selection"": {""concat"": [""mean""], ""even"": [""mean"", ""range""], ""odd"": [""mean"", ""range""]}, ""n_chunks"": 16, ""parameter_selection"": {""mean"": {""likelihood"": ""lognormal""}, ""range"": {""likelihood"": ""lognormal""}}, ""rem_profile_params"": {""rem_stage"": 2, ""step_size_hours"": 1, ""window_size_hours"": 3}, ""tau_threshold"": 5.0}",run_output_8day_rem_w3_s1_stage2_no_pareto,rem_w3_s1_stage2
166,3675b66c2b17d8ad,ok,,"concat: mean; even: mean, range; odd: range",mean=lognormal; range=lognormal,16,5.0,6,1,2,321.0537082516646,321.0537082516646,10.701790275055489,2.675447568763872,0.0133016245684312,2.675447568763872,0.0133016245684312,-633.5777053055302,1.01,387.0,469.0,0.909846583726963,0,7,0.6403315723145546,0.9949456255131012,7.200813429609258,0.4981631899321835,6.30704226283005,6.639784465500815,6.972526668171578,0.9806908023430508,1.0617457368826255,2,False,,False,4,4,30,0,[],17.461711390002165,"(30, 152)",,[],"{""feature_selection"": {""concat"": [""mean""], ""even"": [""mean"", ""range""], ""odd"": [""range""]}, ""n_chunks"": 16, ""parameter_selection"": {""mean"": {""likelihood"": ""lognormal""}, ""range"": {""likelihood"": ""lognormal""}}, ""rem_profile_params"": {""rem_stage"": 2, ""step_size_hours"": 1, ""window_size_hours"": 6}, ""tau_threshold"": 5.0}",run_output_8day_rem_w6_s1_stage2_no_pareto,rem_w6_s1_stage2
74,9bc56f3727f76a13,ok,,"concat: mean, range; odd: range",mean=lognormal; range=lognormal,16,5.0,6,1,2,240.65969539842163,240.65969539842163,8.021989846614055,2.673996615538018,0.0123665962129076,2.673996615538018,0.0123665962129076,-487.27477733669,1.0,3337.0,2515.0,0.9842357925009552,0,7,0.9304758352223788,0.9995310606846466,6.989068252407169,0.1555638954903642,6.238797908403726,6.494650105589504,6.750502302775281,0.983335799956344,1.6994341514418396,4,False,,False,3,3,30,0,[],13.071683911024593,"(30, 152)",,[],"{""feature_selection"": {""concat"": [""mean"", ""range""], ""odd"": [""range""]}, ""n_chunks"": 16, ""parameter_selection"": {""mean"": {""likelihood"": ""lognormal""}, ""range"": {""likelihood"": ""lognormal""}}, ""rem_profile_params"": {""rem_stage"": 2, ""step_size_hours"": 1, ""window_size_hours"": 6}, ""tau_threshold"": 5.0}",run_output_8day_rem_w6_s1_stage2_no_pareto,rem_w6_s1_stage2
50,1398729a7334c176,ok,,even: mean; odd: range,mean=student_t; range=lognormal,16,5.0,3,1,2,160.30327908184736,160.30327908184736,5.343442636061579,2.671721318030789,0.0086628154017026,2.671721318030789,0.0086628154017026,-320.8927446672064,1.0,2698.0,1188.0,1.035018663829764,0,8,0.8446370306600204,0.9709898124538576,7.858501297018281,0.6892339581171907,7.209761103985271,7.473174069323514,7.736587034661757,0.9644277890996188,0.539750704261183,0,False,,False,2,2,30,0,[],18.7880228110007,"(30, 176)",,[],"{""feature_selection"": {""even"": [""mean""], ""odd"": [""range""]}, ""n_chunks"": 16, ""parameter_selection"": {""mean"": {""likelihood"": ""student_t""}, ""range"": {""likelihood"": ""lognormal""}}, ""rem_profile_params"": {""rem_stage"": 2, ""step_size_hours"": 1, ""window_size_hours"": 3}, ""tau_threshold"": 5.0}",run_output_8day_rem_w3_s1_stage2_no_pareto,rem_w3_s1_stage2
102,bb9e2d48acdcc98c,ok,,"concat: range; even: mean, range",mean=student_t; range=lognormal,16,5.0,2,1,2,240.22705117256172,240.22705117256172,8.007568372418724,2.669189457472908,0.008674638361888,2.669189457472908,0.008674638361888,-481.7382474838701,1.0,908.0,851.0,0.96987942758339,0,7,0.2622960796965942,0.8556747835645095,6.751745699003108,1.4252854549374363,6.074025593486526,6.594905909911237,7.181863218120252,0.7855290798827999,0.7759390742270684,1,False,,False,3,3,30,0,[],26.209164924977813,"(30, 184)",,[],"{""feature_selection"": {""concat"": [""range""], ""even"": [""mean"", ""range""]}, ""n_chunks"": 16, ""parameter_selection"": {""mean"": {""likelihood"": ""student_t""}, ""range"": {""likelihood"": ""lognormal""}}, ""rem_profile_params"": {""rem_stage"": 2, ""step_size_hours"": 1, ""window_size_hours"": 2}, ""tau_threshold"": 5.0}",run_output_8day_rem_w2_s1_stage2_no_pareto,rem_w2_s1_stage2
88,4ebb408dec440850,ok,,concat: mean; even: range; odd: mean,mean=lognormal; range=lognormal,16,5.0,6,1,2,239.6998800137611,239.6998800137611,7.989996000458703,2.663332000152901,0.0190949052063598,2.663332000152901,0.0190949052063598,-450.03289738743536,1.02,192.0,249.0,1.0196499898120903,0,7,0.4895608067921356,0.9424625582926088,7.097021804308389,1.101919619903242,6.300549206571105,6.7204162772057,7.250438709342111,0.92895497622429,1.6157140066639506,2,False,,False,3,3,30,0,[],13.348573333001696,"(30, 152)",,[],"{""feature_selection"": {""concat"": [""mean""], ""even"": [""range""], ""odd"": [""mean""]}, ""n_chunks"": 16, ""parameter_selection"": {""mean"": {""likelihood"": ""lognormal""}, ""range"": {""likelihood"": ""lognormal""}}, ""rem_profile_params"": {""rem_stage"": 2, ""step_size_hours"": 1, ""window_size_hours"": 6}, ""tau_threshold"": 5.0}",run_output_8day_rem_w6_s1_stage2_no_pareto,rem_w6_s1_stage2
104,a8ea53043a98d614,ok,,concat: range; even: mean; odd: mean,mean=lognormal; range=lognormal,16,5.0,2,2,2,239.62626204386277,239.62626204386277,7.987542068128758,2.662514022709586,0.0143903098244038,2.662514022709586,0.0143903098244038,-477.2425506212722,1.01,1330.0,1236.0,0.9830272642134236,0,7,0.4103572918643885,0.935627428782675,6.765759201103241,0.7752424555347786,5.9432963215969465,6.378187764037315,6.774044158937553,0.7388415148204341,1.231071132111226,3,False,,False,3,3,30,0,[],13.90494000999024,"(30, 96)",,[],"{""feature_selection"": {""concat"": [""range""], ""even"": [""mean""], ""odd"": [""mean""]}, ""n_chunks"": 16, ""parameter_selection"": {""mean"": {""likelihood"": ""lognormal""}, ""range"": {""likelihood"": ""lognormal""}}, ""rem_profile_params"": {""rem_stage"": 2, ""step_size_hours"": 2, ""window_size_hours"": 2}, ""tau_threshold"": 5.0}",run_output_8day_rem_w2_s2_stage2_no_pareto,rem_w2_s2_stage2
49,ee58320f36789228,ok,,even: mean; odd: range,mean=student_t; range=beta,16,5.0,2,2,2,159.73483523908988,159.73483523908988,5.324494507969662,2.662247253984832,0.0095082503813727,2.662247253984832,0.0095082503813727,-319.4835075705405,1.0,1623.0,1861.0,0.9596917170301787,0,7,0.4180710541498069,0.9977524171047738,6.911126799857167,0.713621916125447,5.866479002542671,6.417665341442063,6.910608345170782,0.7118223294999414,0.742560787561543,1,False,,False,2,2,30,0,[],24.877733930014077,"(30, 96)",,[],"{""feature_selection"": {""even"": [""mean""], ""odd"": [""range""]}, ""n_chunks"": 16, ""parameter_selection"": {""mean"": {""likelihood"": ""student_t""}, ""range"": {""likelihood"": ""beta""}}, ""rem_profile_params"": {""rem_stage"": 2, ""step_size_hours"": 2, ""window_size_hours"": 2}, ""tau_threshold"": 5.0}",run_output_8day_rem_w2_s2_stage2_no_pareto,rem_w2_s2_stage2
110,aa29235dc84ff45e,ok,,concat: range; even: mean; odd: range,mean=student_t; range=lognormal,16,5.0,2,2,2,239.35639824543887,239.35639824543887,7.978546608181298,2.659515536060433,0.0083345088187559,2.659515536060433,0.0083345088187559,-479.794256337088,1.0,1588.0,2235.0,0.9676928200819116,0,7,0.3757892843100234,0.964743835522058,7.095047579838862,0.7798957032940174,6.133942962222773,6.63224345782624,7.207593393931382,0.8171998941424699,0.9297644185524268,1,False,,False,3,3,30,0,[],25.27344613103196,"(30, 96)",,[],"{""feature_selection"": {""concat"": [""range""], ""even"": [""mean""], ""odd"": [""range""]}, ""n_chunks"": 16, ""parameter_selection"": {""mean"": {""likelihood"": ""student_t""}, ""range"": {""likelihood"": ""lognormal""}}, ""rem_profile_params"": {""rem_stage"": 2, ""step_size_hours"": 2, ""window_size_hours"": 2}, ""tau_threshold"": 5.0}",run_output_8day_rem_w2_s2_stage2_no_pareto,rem_w2_s2_stage2
59,5efcc2c369ba25cb,ok,,"odd: mean, range",mean=student_t; range=beta,16,5.0,3,1,2,159.35667573777033,159.35667573777033,5.311889191259011,2.6559445956295056,0.0171639282880929,2.6559445956295056,0.0171639282880929,-314.55427810561497,1.01,493.0,540.0,1.0395681180374523,0,8,0.3245704303020956,0.811562042265594,6.797145021069889,1.8338949881342443,5.651961225915776,7.164822513751836,7.582411256875917,0.7171361165840154,1.004423761412947,1,False,,False,2,2,30,0,[],29.339547024981584,"(30, 176)",,[],"{""feature_selection"": {""odd"": [""mean"", ""range""]}, ""n_chunks"": 16, ""parameter_selection"": {""mean"": {""likelihood"": ""student_t""}, ""range"": {""likelihood"": ""beta""}}, ""rem_profile_params"": {""rem_stage"": 2, ""step_size_hours"": 1, ""window_size_hours"": 3}, ""tau_threshold"": 5.0}",run_output_8day_rem_w3_s1_stage2_no_pareto,rem_w3_s1_stage2
57,4f7d0df3eaaaec83,ok,,"odd: mean, range",mean=lognormal; range=beta,16,5.0,2,1,2,159.20377361217447,159.20377361217447,5.306792453739149,2.653396226869575,0.0193224985632636,2.653396226869575,0.0193224985632636,-317.7776252039334,1.01,925.0,1300.0,0.9504884763704288,0,8,0.1567327598193072,0.8213045891570674,6.526986310960053,1.4787803116672429,5.23267500438998,6.100905964784773,7.320085841937547,0.5148488555727428,1.291504570969919,2,False,,False,2,2,30,0,[],20.278944248973858,"(30, 184)",,[],"{""feature_selection"": {""odd"": [""mean"", ""range""]}, ""n_chunks"": 16, ""parameter_selection"": {""mean"": {""likelihood"": ""lognormal""}, ""range"": {""likelihood"": ""beta""}}, ""rem_profile_params"": {""rem_stage"": 2, ""step_size_hours"": 1, ""window_size_hours"": 2}, ""tau_threshold"": 5.0}",run_output_8day_rem_w2_s1_stage2_no_pareto,rem_w2_s1_stage2
33,17e4b69b5105315d,ok,,concat: range; even: range,range=beta,16,5.0,3,1,2,159.17579067255323,159.17579067255323,5.305859689085108,2.652929844542554,0.0086462887511127,2.652929844542554,0.0086462887511127,-318.778044233157,1.0,1955.0,1408.0,0.8825538880470514,0,7,0.6363664531977683,0.977391769196858,7.109547652092168,0.6037023014093884,6.2763256760258255,6.5943500168001234,6.912374357574422,0.9672205399066712,0.7101516672450514,1,False,,False,2,2,30,0,[],21.54535011999542,"(30, 176)",,[],"{""feature_selection"": {""concat"": [""range""], ""even"": [""range""]}, ""n_chunks"": 16, ""parameter_selection"": {""range"": {""likelihood"": ""beta""}}, ""rem_profile_params"": {""rem_stage"": 2, ""step_size_hours"": 1, ""window_size_hours"": 3}, ""tau_threshold"": 5.0}",run_output_8day_rem_w3_s1_stage2_no_pareto,rem_w3_s1_stage2
189,0751fa859a2fb16f,ok,,"concat: range; even: range; odd: mean, range",mean=lognormal; range=beta,16,5.0,2,1,2,318.3259874298727,318.3259874298727,10.610866247662424,2.652716561915605,0.0119696066377816,2.652716561915605,0.0119696066377816,-641.2314560847034,1.01,861.0,569.0,0.8451793717071162,0,6,0.4811190808685592,0.9119174207198724,6.195130040841221,0.9133729552504728,5.222401533933466,5.565788818860385,5.909176103787304,0.1838764856770791,1.626014615803212,4,False,,False,4,4,30,0,[],53.895355193002615,"(30, 184)",,[],"{""feature_selection"": {""concat"": [""range""], ""even"": [""range""], ""odd"": [""mean"", ""range""]}, ""n_chunks"": 16, ""parameter_selection"": {""mean"": {""likelihood"": ""lognormal""}, ""range"": {""likelihood"": ""beta""}}, ""rem_profile_params"": {""rem_stage"": 2, ""step_size_hours"": 1, ""window_size_hours"": 2}, ""tau_threshold"": 5.0}",run_output_8day_rem_w2_s1_stage2_no_pareto,rem_w2_s1_stage2
49,c1a29304b2f26ebb,ok,,even: mean; odd: range,mean=student_t; range=beta,16,5.0,3,1,2,158.97554226549337,158.97554226549337,5.299184742183113,2.649592371091556,0.0116423907447175,2.649592371091556,0.0116423907447175,-316.9739453249433,1.0,535.0,363.0,0.972843541592569,0,8,0.5108535895560258,0.8721946700364932,7.23561170536572,1.607786645599334,6.961631566205603,7.329903909799546,7.664951954899773,0.8462010788613998,1.109694515669651,1,False,,False,2,2,30,0,[],26.82716212695232,"(30, 176)",,[],"{""feature_selection"": {""even"": [""mean""], ""odd"": [""range""]}, ""n_chunks"": 16, ""parameter_selection"": {""mean"": {""likelihood"": ""student_t""}, ""range"": {""likelihood"": ""beta""}}, ""rem_profile_params"": {""rem_stage"": 2, ""step_size_hours"": 1, ""window_size_hours"": 3}, ""tau_threshold"": 5.0}",run_output_8day_rem_w3_s1_stage2_no_pareto,rem_w3_s1_stage2
91,5f8e11f9e22fa53b,ok,,concat: mean; even: range; odd: range,mean=lognormal; range=beta,16,5.0,6,1,2,238.3137147322003,238.3137147322003,7.943790491073344,2.647930163691114,0.0127239729830092,2.647930163691114,0.0127239729830092,-476.6949959808729,1.0,1457.0,948.0,0.8860587014984262,0,5,0.6939590160053698,0.1526851022829848,5.239765716181574,0.6097569260475817,4.294019510137013,4.58950037482049,4.8849812395039685,0.0880377998535843,1.0907616807437368,3,False,,False,3,3,30,0,[],29.67660139396321,"(30, 152)",,[],"{""feature_selection"": {""concat"": [""mean""], ""even"": [""range""], ""odd"": [""range""]}, ""n_chunks"": 16, ""parameter_selection"": {""mean"": {""likelihood"": ""lognormal""}, ""range"": {""likelihood"": ""beta""}}, ""rem_profile_params"": {""rem_stage"": 2, ""step_size_hours"": 1, ""window_size_hours"": 6}, ""tau_threshold"": 5.0}",run_output_8day_rem_w6_s1_stage2_no_pareto,rem_w6_s1_stage2
196,73d2d37fbbbb59a0,ok,,"even: mean, range; odd: mean, range",mean=student_t; range=lognormal,16,5.0,2,1,2,317.32995551662896,317.32995551662896,10.577665183887632,2.644416295971907,0.0102757324076631,2.644416295971907,0.0102757324076631,-635.000922384036,1.01,664.0,375.0,1.0470175861473945,0,8,0.4770244437937901,0.8953552188941947,7.371029426080282,1.3175519541268648,6.89473581554806,7.321372477190201,7.6606862385951,0.8623585829582843,0.7298179872263739,2,False,,False,4,4,30,0,[],48.02562825399218,"(30, 184)",,[],"{""feature_selection"": {""even"": [""mean"", ""range""], ""odd"": [""mean"", ""range""]}, ""n_chunks"": 16, ""parameter_selection"": {""mean"": {""likelihood"": ""student_t""}, ""range"": {""likelihood"": ""lognormal""}}, ""rem_profile_params"": {""rem_stage"": 2, ""step_size_hours"": 1, ""window_size_hours"": 2}, ""tau_threshold"": 5.0}",run_output_8day_rem_w2_s1_stage2_no_pareto,rem_w2_s1_stage2
4,c7e0c6e3e8457e4c,ok,,concat: range,range=lognormal,16,5.0,3,1,2,79.2669614166063,79.2669614166063,2.6422320472202103,2.64223204722021,0.0165680522209875,2.64223204722021,0.0165680522209875,-158.55601694753628,1.0,2300.0,2459.0,1.061791820132659,0,7,0.2393253075757492,0.767852981098298,6.325772419684511,1.109144590315985,5.093566127895222,6.151841819482652,6.64453429736048,0.5770469543886074,0.5709102847231993,0,False,,False,1,1,30,0,[],6.510872086975724,"(30, 176)",,[],"{""feature_selection"": {""concat"": [""range""]}, ""n_chunks"": 16, ""parameter_selection"": {""range"": {""likelihood"": ""lognormal""}}, ""rem_profile_params"": {""rem_stage"": 2, ""step_size_hours"": 1, ""window_size_hours"": 3}, ""tau_threshold"": 5.0}",run_output_8day_rem_w3_s1_stage2_no_pareto,rem_w3_s1_stage2
46,aa8690f28287b402,ok,,even: mean; odd: mean,mean=student_t,16,5.0,6,1,2,158.3121779476626,158.3121779476626,5.27707259825542,2.6385362991277104,0.0147521620259908,2.6385362991277104,0.0147521620259908,-317.0033813653611,1.0,1462.0,1736.0,1.0650157450717062,0,8,0.2896264060141175,0.8582012030883719,7.072253069047328,1.4243468850619594,6.099172280308527,7.146832619567513,7.573416309783757,0.7680491218492658,0.7881642104923863,1,False,,False,2,2,30,0,[],22.67859570198925,"(30, 152)",,[],"{""feature_selection"": {""even"": [""mean""], ""odd"": [""mean""]}, ""n_chunks"": 16, ""parameter_selection"": {""mean"": {""likelihood"": ""student_t""}}, ""rem_profile_params"": {""rem_stage"": 2, ""step_size_hours"": 1, ""window_size_hours"": 6}, ""tau_threshold"": 5.0}",run_output_8day_rem_w6_s1_stage2_no_pareto,rem_w6_s1_stage2
174,79c6748f940b6ef3,ok,,"concat: mean; even: range; odd: mean, range",mean=lognormal; range=lognormal,16,5.0,3,1,2,316.5896405657376,316.5896405657376,10.55298801885792,2.63824700471448,0.0144944798600583,2.63824700471448,0.0144944798600583,-609.6179408580758,1.03,142.0,535.0,0.9353892951797064,0,7,0.4765672725146849,0.9962878433776006,7.34796313667635,0.6540455024172838,6.349302191145493,6.8688842322422,7.427803528912835,0.9180688339459364,1.6952712268951666,3,False,,False,4,4,30,0,[],17.169093076954596,"(30, 176)",,[],"{""feature_selection"": {""concat"": [""mean""], ""even"": [""range""], ""odd"": [""mean"", ""range""]}, ""n_chunks"": 16, ""parameter_selection"": {""mean"": {""likelihood"": ""lognormal""}, ""range"": {""likelihood"": ""lognormal""}}, ""rem_profile_params"": {""rem_stage"": 2, ""step_size_hours"": 1, ""window_size_hours"": 3}, ""tau_threshold"": 5.0}",run_output_8day_rem_w3_s1_stage2_no_pareto,rem_w3_s1_stage2
111,d1c380b2b3030583,ok,,concat: range; even: range; odd: mean,mean=lognormal; range=beta,16,5.0,2,1,2,237.13080725871455,237.13080725871455,7.904360241957153,2.634786747319051,0.0143012015460514,2.634786747319051,0.0143012015460514,-472.9642263884244,1.0,502.0,910.0,0.9052428505797028,0,6,0.1537900933108785,0.6966920064634429,6.010300195523106,1.4126836312814082,4.684351541782234,5.472842313556619,6.613307845150079,0.2807139926009198,1.4409682899180276,4,False,,False,3,3,30,0,[],31.40801991900662,"(30, 184)",,[],"{""feature_selection"": {""concat"": [""range""], ""even"": [""range""], ""odd"": [""mean""]}, ""n_chunks"": 16, ""parameter_selection"": {""mean"": {""likelihood"": ""lognormal""}, ""range"": {""likelihood"": ""beta""}}, ""rem_profile_params"": {""rem_stage"": 2, ""step_size_hours"": 1, ""window_size_hours"": 2}, ""tau_threshold"": 5.0}",run_output_8day_rem_w2_s1_stage2_no_pareto,rem_w2_s1_stage2
120,ecf63f011c8f66b1,ok,,"concat: range; odd: mean, range",mean=student_t; range=lognormal,16,5.0,3,1,2,236.9976736073301,236.9976736073301,7.899922453577671,2.63330748452589,0.0139084064273012,2.63330748452589,0.0139084064273012,-469.7866520743964,1.01,722.0,969.0,1.0498129794580602,0,8,0.5048955460078427,0.946994201977519,7.541190908261552,0.9078651191622832,6.882035212654012,7.317328267135945,7.658664133567973,0.8814741439829026,0.8334127270363569,2,False,,False,3,3,30,0,[],27.625674978015013,"(30, 176)",,[],"{""feature_selection"": {""concat"": [""range""], ""odd"": [""mean"", ""range""]}, ""n_chunks"": 16, ""parameter_selection"": {""mean"": {""likelihood"": ""student_t""}, ""range"": {""likelihood"": ""lognormal""}}, ""rem_profile_params"": {""rem_stage"": 2, ""step_size_hours"": 1, ""window_size_hours"": 3}, ""tau_threshold"": 5.0}",run_output_8day_rem_w3_s1_stage2_no_pareto,rem_w3_s1_stage2
69,8316eb739b97eea4,ok,,"concat: mean, range; odd: mean",mean=lognormal; range=beta,16,5.0,6,1,2,236.9382990604367,236.9382990604367,7.897943302014556,2.6326477673381863,0.0195808784614891,2.6326477673381863,0.0195808784614891,-467.7330325798635,1.01,927.0,1291.0,0.956835905551964,0,5,0.3076230423290715,0.3937774006684263,5.069505292465822,1.16649649477993,4.134440064534363,4.741897267621561,5.431436468218363,0.0605246247448664,1.3004702934429655,2,False,,False,3,3,30,0,[],24.37998249405064,"(30, 152)",,[],"{""feature_selection"": {""concat"": [""mean"", ""range""], ""odd"": [""mean""]}, ""n_chunks"": 16, ""parameter_selection"": {""mean"": {""likelihood"": ""lognormal""}, ""range"": {""likelihood"": ""beta""}}, ""rem_profile_params"": {""rem_stage"": 2, ""step_size_hours"": 1, ""window_size_hours"": 6}, ""tau_threshold"": 5.0}",run_output_8day_rem_w6_s1_stage2_no_pareto,rem_w6_s1_stage2
96,e7cfe53147d83f18,ok,,"concat: mean; odd: mean, range",mean=lognormal; range=lognormal,16,5.0,6,1,2,236.91710149762488,236.91710149762488,7.897236716587496,2.632412238862498,0.0188442275917309,2.632412238862498,0.0188442275917309,-449.186976847257,1.03,164.0,385.0,0.9242017458810348,0,7,0.4500348710893422,0.9811781074115494,7.192475751407602,0.7894436913662755,6.266967947436923,6.71318629681284,7.263207717269933,0.8995724838581305,1.6409099031344103,2,False,,False,3,3,30,0,[],13.548444135987666,"(30, 152)",,[],"{""feature_selection"": {""concat"": [""mean""], ""odd"": [""mean"", ""range""]}, ""n_chunks"": 16, ""parameter_selection"": {""mean"": {""likelihood"": ""lognormal""}, ""range"": {""likelihood"": ""lognormal""}}, ""rem_profile_params"": {""rem_stage"": 2, ""step_size_hours"": 1, ""window_size_hours"": 6}, ""tau_threshold"": 5.0}",run_output_8day_rem_w6_s1_stage2_no_pareto,rem_w6_s1_stage2
110,10fcafa351deb618,ok,,concat: range; even: mean; odd: range,mean=student_t; range=lognormal,16,5.0,3,1,2,236.6245006174692,236.6245006174692,7.887483353915639,2.6291611179718792,0.0088135836610352,2.6291611179718792,0.0088135836610352,-470.9918765433547,1.0,1342.0,744.0,1.0904312269340966,0,8,0.6749598744837069,0.9694922743761814,7.754873748515307,0.6831752074931042,7.110322795224255,7.406881863482837,7.703440931741419,0.9531667851125036,0.6655572836073199,0,False,,False,3,3,30,0,[],25.434201711032077,"(30, 176)",,[],"{""feature_selection"": {""concat"": [""range""], ""even"": [""mean""], ""odd"": [""range""]}, ""n_chunks"": 16, ""parameter_selection"": {""mean"": {""likelihood"": ""student_t""}, ""range"": {""likelihood"": ""lognormal""}}, ""rem_profile_params"": {""rem_stage"": 2, ""step_size_hours"": 1, ""window_size_hours"": 3}, ""tau_threshold"": 5.0}",run_output_8day_rem_w3_s1_stage2_no_pareto,rem_w3_s1_stage2
195,abcb6a94bdaefda9,ok,,"even: mean, range; odd: mean, range",mean=student_t; range=beta,16,5.0,2,2,2,315.3233305811797,315.3233305811797,10.510777686039322,2.627694421509831,0.0091561687303377,2.627694421509831,0.0091561687303377,-631.5760485617665,1.0,989.0,1022.0,0.9871904123398358,0,6,0.4504125545006199,0.9999772123569616,6.623365548638386,0.7767185481551031,5.445793632779499,5.891627903607871,6.741932481474445,0.4392307279391224,0.7052676222621059,2,False,,False,4,4,30,0,[],61.942991096992046,"(30, 96)",,[],"{""feature_selection"": {""even"": [""mean"", ""range""], ""odd"": [""mean"", ""range""]}, ""n_chunks"": 16, ""parameter_selection"": {""mean"": {""likelihood"": ""student_t""}, ""range"": {""likelihood"": ""beta""}}, ""rem_profile_params"": {""rem_stage"": 2, ""step_size_hours"": 2, ""window_size_hours"": 2}, ""tau_threshold"": 5.0}",run_output_8day_rem_w2_s2_stage2_no_pareto,rem_w2_s2_stage2
115,ffebd23b69ed1544,ok,,concat: range; even: range; odd: range,range=beta,16,5.0,2,1,2,235.77005907418328,235.77005907418328,7.859001969139443,2.619667323046482,0.009703525091773,2.619667323046482,0.009703525091773,-472.8714763779325,1.0,916.0,460.0,0.8445053666013493,0,6,0.5414915850814814,0.894110330591745,6.022841702223007,0.7226517521578815,5.183212389515584,5.501045935457916,5.8188794814002485,0.1075350832911969,0.85722566204415,2,False,,False,3,3,30,0,[],35.27828988595866,"(30, 184)",,[],"{""feature_selection"": {""concat"": [""range""], ""even"": [""range""], ""odd"": [""range""]}, ""n_chunks"": 16, ""parameter_selection"": {""range"": {""likelihood"": ""beta""}}, ""rem_profile_params"": {""rem_stage"": 2, ""step_size_hours"": 1, ""window_size_hours"": 2}, ""tau_threshold"": 5.0}",run_output_8day_rem_w2_s1_stage2_no_pareto,rem_w2_s1_stage2
180,f79362afb59ec68c,ok,,"concat: range; even: mean, range; odd: mean",mean=student_t; range=lognormal,16,5.0,3,1,2,312.7997471215697,312.7997471215697,10.426658237385656,2.606664559346414,0.0105657656699579,2.606664559346414,0.0105657656699579,-626.1576223472091,1.0,1115.0,1592.0,0.9771026168291056,0,7,0.4106618644632205,0.949068021530462,7.107524275385895,0.813323794679186,6.219815338630056,6.652336416472569,7.16401431926569,0.8770546973840743,1.0267286758925471,2,False,,False,4,4,30,0,[],42.22141634300351,"(30, 176)",,[],"{""feature_selection"": {""concat"": [""range""], ""even"": [""mean"", ""range""], ""odd"": [""mean""]}, ""n_chunks"": 16, ""parameter_selection"": {""mean"": {""likelihood"": ""student_t""}, ""range"": {""likelihood"": ""lognormal""}}, ""rem_profile_params"": {""rem_stage"": 2, ""step_size_hours"": 1, ""window_size_hours"": 3}, ""tau_threshold"": 5.0}",run_output_8day_rem_w3_s1_stage2_no_pareto,rem_w3_s1_stage2
195,189760ad979ff77b,ok,,"even: mean, range; odd: mean, range",mean=student_t; range=beta,16,5.0,3,1,2,312.35110738717805,312.35110738717805,10.4117035795726,2.602925894893151,0.0097500362349418,2.602925894893151,0.0097500362349418,-625.666283483946,1.02,272.0,124.0,0.9715314680177588,0,8,0.6706352466160784,0.8931652778149931,7.423741168067537,1.5126596036484476,7.114337923931609,7.409558615954406,7.704779307977203,0.881713108060506,0.9655550046784624,1,False,,False,4,4,30,0,[],64.13919454201823,"(30, 176)",,[],"{""feature_selection"": {""even"": [""mean"", ""range""], ""odd"": [""mean"", ""range""]}, ""n_chunks"": 16, ""parameter_selection"": {""mean"": {""likelihood"": ""student_t""}, ""range"": {""likelihood"": ""beta""}}, ""rem_profile_params"": {""rem_stage"": 2, ""step_size_hours"": 1, ""window_size_hours"": 3}, ""tau_threshold"": 5.0}",run_output_8day_rem_w3_s1_stage2_no_pareto,rem_w3_s1_stage2
50,f866b790423dfbc0,ok,,even: mean; odd: range,mean=student_t; range=lognormal,16,5.0,2,2,2,155.8700999150296,155.8700999150296,5.195669997167654,2.597834998583828,0.0103964165386495,2.597834998583828,0.0103964165386495,-311.77732404705995,1.0,2647.0,1846.0,1.0432241986306507,0,8,0.6070702216744874,0.9270361667368008,7.591317349856027,1.0608306525376772,7.099801757255307,7.399867838170205,7.699933919085102,0.8850329799414203,0.4452691333301711,0,False,,False,2,2,30,0,[],18.251547977037266,"(30, 96)",,[],"{""feature_selection"": {""even"": [""mean""], ""odd"": [""range""]}, ""n_chunks"": 16, ""parameter_selection"": {""mean"": {""likelihood"": ""student_t""}, ""range"": {""likelihood"": ""lognormal""}}, ""rem_profile_params"": {""rem_stage"": 2, ""step_size_hours"": 2, ""window_size_hours"": 2}, ""tau_threshold"": 5.0}",run_output_8day_rem_w2_s2_stage2_no_pareto,rem_w2_s2_stage2
53,50fe9466311b6d55,ok,,even: range; odd: mean,mean=student_t; range=beta,16,5.0,2,1,2,155.71892831315455,155.71892831315455,5.1906309437718186,2.5953154718859093,0.0155897821072819,2.5953154718859093,0.0155897821072819,-311.7747319837308,1.0,836.0,1197.0,0.95882250293661,0,5,0.0972009789932707,0.3945474812800864,5.344371553758227,1.3991005231187517,3.954395845726902,4.696852249339855,5.646240074298255,0.1708728949631532,0.883451294748831,2,False,,False,2,2,30,0,[],25.87597689696122,"(30, 184)",,[],"{""feature_selection"": {""even"": [""range""], ""odd"": [""mean""]}, ""n_chunks"": 16, ""parameter_selection"": {""mean"": {""likelihood"": ""student_t""}, ""range"": {""likelihood"": ""beta""}}, ""rem_profile_params"": {""rem_stage"": 2, ""step_size_hours"": 1, ""window_size_hours"": 2}, ""tau_threshold"": 5.0}",run_output_8day_rem_w2_s1_stage2_no_pareto,rem_w2_s1_stage2
135,c1b33b4588ed2f6c,ok,,"even: range; odd: mean, range",mean=student_t; range=beta,16,5.0,2,1,2,233.33478150074365,233.33478150074365,7.777826050024788,2.592608683341596,0.0117720410543074,2.592608683341596,0.0117720410543074,-466.6909768360245,1.01,646.0,879.0,0.9071348708146256,0,6,0.257584057980753,0.722211748738762,5.919378023235747,1.1163022304209151,4.8496907798082365,5.410158013600158,5.871607527327661,0.1804406718108718,0.7431302101281935,1,False,,False,3,3,30,0,[],42.68819194799289,"(30, 184)",,[],"{""feature_selection"": {""even"": [""range""], ""odd"": [""mean"", ""range""]}, ""n_chunks"": 16, ""parameter_selection"": {""mean"": {""likelihood"": ""student_t""}, ""range"": {""likelihood"": ""beta""}}, ""rem_profile_params"": {""rem_stage"": 2, ""step_size_hours"": 1, ""window_size_hours"": 2}, ""tau_threshold"": 5.0}",run_output_8day_rem_w2_s1_stage2_no_pareto,rem_w2_s1_stage2
137,e3b3362ee7549fae,ok,,"concat: mean, range; even: mean, range",mean=lognormal; range=beta,16,5.0,6,1,2,310.7103423477504,310.7103423477504,10.35701141159168,2.589252852897919,0.0115963077004808,2.589252852897919,0.0115963077004808,-622.4991895715701,1.01,565.0,806.0,0.9116342438508496,0,5,0.3222240982726871,0.2619491034820903,4.970732093016099,1.171822581523784,4.095053774512671,4.55860492867704,5.072661624511169,0.0975004889282894,1.0157254230866395,3,False,,False,4,4,30,0,[],37.8891604259843,"(30, 152)",,[],"{""feature_selection"": {""concat"": [""mean"", ""range""], ""even"": [""mean"", ""range""]}, ""n_chunks"": 16, ""parameter_selection"": {""mean"": {""likelihood"": ""lognormal""}, ""range"": {""likelihood"": ""beta""}}, ""rem_profile_params"": {""rem_stage"": 2, ""step_size_hours"": 1, ""window_size_hours"": 6}, ""tau_threshold"": 5.0}",run_output_8day_rem_w6_s1_stage2_no_pareto,rem_w6_s1_stage2
183,3b81f628fc5015e6,ok,,"concat: range; even: mean, range; odd: range",mean=student_t; range=beta,16,5.0,2,2,2,310.62146749247705,310.62146749247705,10.354048916415902,2.588512229103975,0.0065483783338011,2.588512229103975,0.0065483783338011,-621.7295489005078,1.0,2262.0,1644.0,0.929927278935276,0,7,0.8230406764697913,0.999996407314534,6.991004840298607,0.2732821498122104,6.224943665135087,6.49514121987479,6.765338774614492,0.9581288867989464,1.0351095002151118,2,False,,False,4,4,30,0,[],57.79461724101566,"(30, 96)",,[],"{""feature_selection"": {""concat"": [""range""], ""even"": [""mean"", ""range""], ""odd"": [""range""]}, ""n_chunks"": 16, ""parameter_selection"": {""mean"": {""likelihood"": ""student_t""}, ""range"": {""likelihood"": ""beta""}}, ""rem_profile_params"": {""rem_stage"": 2, ""step_size_hours"": 2, ""window_size_hours"": 2}, ""tau_threshold"": 5.0}",run_output_8day_rem_w2_s2_stage2_no_pareto,rem_w2_s2_stage2
53,be45c5cd27d445c1,ok,,even: range; odd: mean,mean=student_t; range=beta,16,5.0,3,1,2,155.18035704689694,155.18035704689694,5.172678568229898,2.5863392841149486,0.0140947553314995,2.5863392841149486,0.0140947553314995,-311.0199473507753,1.01,1132.0,1487.0,0.9354574557725236,0,5,0.0628829089078323,0.4439442750338263,5.589487837356563,1.7490512534433862,3.9260330654837783,4.812911128130586,6.907240509515972,0.3295500336692735,0.6729952840886675,0,False,,False,2,2,30,0,[],25.605095993028957,"(30, 176)",,[],"{""feature_selection"": {""even"": [""range""], ""odd"": [""mean""]}, ""n_chunks"": 16, ""parameter_selection"": {""mean"": {""likelihood"": ""student_t""}, ""range"": {""likelihood"": ""beta""}}, ""rem_profile_params"": {""rem_stage"": 2, ""step_size_hours"": 1, ""window_size_hours"": 3}, ""tau_threshold"": 5.0}",run_output_8day_rem_w3_s1_stage2_no_pareto,rem_w3_s1_stage2
99,9640f3ddd24fdb07,ok,,"concat: range; even: mean, range",mean=lognormal; range=beta,16,5.0,2,2,2,232.52480109090385,232.52480109090385,7.750826703030127,2.583608901010043,0.0084243954026469,2.583608901010043,0.0084243954026469,-466.0111422066195,1.0,1861.0,1367.0,0.887677133712622,0,7,0.7180005096954325,0.9950337323160192,7.033823336929685,0.4156693420183224,6.23550544425985,6.524774295993328,6.814043147726804,0.953535087556573,1.225304348594364,2,False,,False,3,3,30,0,[],31.66946647403529,"(30, 96)",,[],"{""feature_selection"": {""concat"": [""range""], ""even"": [""mean"", ""range""]}, ""n_chunks"": 16, ""parameter_selection"": {""mean"": {""likelihood"": ""lognormal""}, ""range"": {""likelihood"": ""beta""}}, ""rem_profile_params"": {""rem_stage"": 2, ""step_size_hours"": 2, ""window_size_hours"": 2}, ""tau_threshold"": 5.0}",run_output_8day_rem_w2_s2_stage2_no_pareto,rem_w2_s2_stage2
154,7642201b4f30786b,ok,,"concat: mean, range; even: range; odd: range",mean=lognormal; range=lognormal,16,5.0,6,1,2,309.5154717393293,309.5154717393293,10.317182391310975,2.5792955978277448,0.0116093580505634,2.5792955978277448,0.0116093580505634,-624.7404554170157,1.0,2750.0,1965.0,1.0039890821321105,0,7,0.959455623270332,0.9998061018701688,7.005179811406155,0.112037181802719,6.249695675405178,6.502722780771047,6.755749886136917,0.9967084258069164,1.8466415362068729,3,False,,False,4,4,30,0,[],16.390073994989507,"(30, 152)",,[],"{""feature_selection"": {""concat"": [""mean"", ""range""], ""even"": [""range""], ""odd"": [""range""]}, ""n_chunks"": 16, ""parameter_selection"": {""mean"": {""likelihood"": ""lognormal""}, ""range"": {""likelihood"": ""lognormal""}}, ""rem_profile_params"": {""rem_stage"": 2, ""step_size_hours"": 1, ""window_size_hours"": 6}, ""tau_threshold"": 5.0}",run_output_8day_rem_w6_s1_stage2_no_pareto,rem_w6_s1_stage2
124,88ddda558417c417,ok,,"even: mean, range; odd: mean",mean=student_t; range=lognormal,16,5.0,3,1,2,232.0018578139605,232.0018578139605,7.733395260465349,2.577798420155118,0.01233605248611,2.577798420155118,0.01233605248611,-463.6132032372196,1.01,913.0,755.0,1.0215095865084671,0,8,0.3550912433024851,0.8688062814834782,7.172445491235941,1.436152497510241,6.367410784356839,7.220868237872651,7.610434118936325,0.8128779286154015,0.8012933262377245,1,False,,False,3,3,30,0,[],32.15128783398541,"(30, 176)",,[],"{""feature_selection"": {""even"": [""mean"", ""range""], ""odd"": [""mean""]}, ""n_chunks"": 16, ""parameter_selection"": {""mean"": {""likelihood"": ""student_t""}, ""range"": {""likelihood"": ""lognormal""}}, ""rem_profile_params"": {""rem_stage"": 2, ""step_size_hours"": 1, ""window_size_hours"": 3}, ""tau_threshold"": 5.0}",run_output_8day_rem_w3_s1_stage2_no_pareto,rem_w3_s1_stage2
120,9afc2a3b0f67d10e,ok,,"concat: range; odd: mean, range",mean=student_t; range=lognormal,16,5.0,2,2,2,231.86212148328173,231.86212148328173,7.728737382776059,2.576245794258686,0.0132935484240563,2.576245794258686,0.0132935484240563,-464.4381794934658,1.0,1098.0,1006.0,0.964970787681266,0,6,0.3294600231701385,0.9363826860908232,6.615896364536738,0.8215989991990212,5.46293996717551,6.087699237589503,6.736821495309339,0.5337760863021256,0.907047227645258,3,False,,False,3,3,30,0,[],26.906601800001223,"(30, 96)",,[],"{""feature_selection"": {""concat"": [""range""], ""odd"": [""mean"", ""range""]}, ""n_chunks"": 16, ""parameter_selection"": {""mean"": {""likelihood"": ""student_t""}, ""range"": {""likelihood"": ""lognormal""}}, ""rem_profile_params"": {""rem_stage"": 2, ""step_size_hours"": 2, ""window_size_hours"": 2}, ""tau_threshold"": 5.0}",run_output_8day_rem_w2_s2_stage2_no_pareto,rem_w2_s2_stage2
33,a1db144ee26f12c2,ok,,concat: range; even: range,range=beta,16,5.0,2,1,2,154.41920584194372,154.41920584194372,5.147306861398124,2.573653430699061,0.0117328987884319,2.573653430699061,0.0117328987884319,-308.8538856868467,1.01,670.0,1106.0,0.893247038731091,0,6,0.1936724108011275,0.6501676112343806,5.733209608221904,1.1641391446588183,4.523515648964732,5.309175796083013,5.823893639600636,0.1644646126915679,0.8280498711071355,1,False,,False,2,2,30,0,[],22.336855351983104,"(30, 184)",,[],"{""feature_selection"": {""concat"": [""range""], ""even"": [""range""]}, ""n_chunks"": 16, ""parameter_selection"": {""range"": {""likelihood"": ""beta""}}, ""rem_profile_params"": {""rem_stage"": 2, ""step_size_hours"": 1, ""window_size_hours"": 2}, ""tau_threshold"": 5.0}",run_output_8day_rem_w2_s1_stage2_no_pareto,rem_w2_s1_stage2
45,6e288e1b9a8da959,ok,,even: mean; odd: mean,mean=lognormal,16,5.0,2,2,2,154.39012757723077,154.39012757723077,5.146337585907692,2.5731687929538465,0.0194823045411464,2.5731687929538465,0.0194823045411464,-302.4934178122416,1.0,764.0,1316.0,1.0310158505417126,0,8,0.1689777557279195,0.6110971009607197,6.060318250033524,2.0713481893502266,3.205578349284832,6.341652198441746,7.433123665809346,0.5306113841251485,0.9484913096082596,2,False,,False,2,2,30,0,[],9.836284389020877,"(30, 96)",,[],"{""feature_selection"": {""even"": [""mean""], ""odd"": [""mean""]}, ""n_chunks"": 16, ""parameter_selection"": {""mean"": {""likelihood"": ""lognormal""}}, ""rem_profile_params"": {""rem_stage"": 2, ""step_size_hours"": 2, ""window_size_hours"": 2}, ""tau_threshold"": 5.0}",run_output_8day_rem_w2_s2_stage2_no_pareto,rem_w2_s2_stage2
185,2c90c708aae6c6f9,ok,,"concat: range; even: mean; odd: mean, range",mean=lognormal; range=beta,16,5.0,3,1,2,308.5247057815238,308.5247057815238,10.284156859384126,2.571039214846032,0.0141866461154005,2.571039214846032,0.0141866461154005,-614.316307806045,1.01,476.0,671.0,0.9778668606606264,0,8,0.5763204454417699,0.9886948796524953,7.462354149582489,0.6909790114266582,6.495980925919439,7.0181812860478985,7.509090643023949,0.9869016541959644,1.3669359064452506,3,False,,False,4,4,30,0,[],45.25522580597317,"(30, 176)",,[],"{""feature_selection"": {""concat"": [""range""], ""even"": [""mean""], ""odd"": [""mean"", ""range""]}, ""n_chunks"": 16, ""parameter_selection"": {""mean"": {""likelihood"": ""lognormal""}, ""range"": {""likelihood"": ""beta""}}, ""rem_profile_params"": {""rem_stage"": 2, ""step_size_hours"": 1, ""window_size_hours"": 3}, ""tau_threshold"": 5.0}",run_output_8day_rem_w3_s1_stage2_no_pareto,rem_w3_s1_stage2
11,29117e2fa8183c1c,ok,,odd: range,range=beta,16,5.0,2,1,2,77.12119347184262,77.12119347184262,2.5707064490614204,2.5707064490614213,0.0096291189860213,2.5707064490614213,0.0096291189860213,-154.41512402187652,1.0,1325.0,1492.0,0.9972428995777932,0,6,0.1297931460240632,0.7650808894894876,6.105357911299342,1.2857639882213787,5.036481632971418,5.641247568641983,6.525463919291448,0.3516978180325948,0.5079495430720699,0,False,,False,1,1,30,0,[],13.397033313987777,"(30, 184)",,[],"{""feature_selection"": {""odd"": [""range""]}, ""n_chunks"": 16, ""parameter_selection"": {""range"": {""likelihood"": ""beta""}}, ""rem_profile_params"": {""rem_stage"": 2, ""step_size_hours"": 1, ""window_size_hours"": 2}, ""tau_threshold"": 5.0}",run_output_8day_rem_w2_s1_stage2_no_pareto,rem_w2_s1_stage2
53,0b66f21e4cab62c0,ok,,even: range; odd: mean,mean=student_t; range=beta,16,5.0,2,2,2,154.22144529452493,154.22144529452493,5.140714843150831,2.570357421575415,0.0144508922134316,2.570357421575415,0.0144508922134316,-309.20247738441924,1.0,1374.0,1624.0,0.9104270922769176,0,6,0.3244616662438601,0.9271730998923856,6.480214311378181,1.0985097030353983,5.323125789064603,5.77907224659804,6.941970747587446,0.3788631045643346,0.6796996924027783,0,False,,False,2,2,30,0,[],25.44339324097382,"(30, 96)",,[],"{""feature_selection"": {""even"": [""range""], ""odd"": [""mean""]}, ""n_chunks"": 16, ""parameter_selection"": {""mean"": {""likelihood"": ""student_t""}, ""range"": {""likelihood"": ""beta""}}, ""rem_profile_params"": {""rem_stage"": 2, ""step_size_hours"": 2, ""window_size_hours"": 2}, ""tau_threshold"": 5.0}",run_output_8day_rem_w2_s2_stage2_no_pareto,rem_w2_s2_stage2
107,2a6b4ae904bd2270,ok,,concat: range; even: mean; odd: range,mean=lognormal; range=beta,16,5.0,2,2,2,230.72254575624493,230.72254575624493,7.690751525208165,2.563583841736054,0.0101174324202527,2.563583841736054,0.0101174324202527,-463.3490904458087,1.0,2571.0,1910.0,0.9530508530394632,0,7,0.909282311314003,0.9999994342695616,6.994705794355607,0.1782508127038764,6.2390556907994,6.497266376118306,6.7554770614372135,0.9814541035590288,1.2865739396522065,2,False,,False,3,3,30,0,[],30.58532076299889,"(30, 96)",,[],"{""feature_selection"": {""concat"": [""range""], ""even"": [""mean""], ""odd"": [""range""]}, ""n_chunks"": 16, ""parameter_selection"": {""mean"": {""likelihood"": ""lognormal""}, ""range"": {""likelihood"": ""beta""}}, ""rem_profile_params"": {""rem_stage"": 2, ""step_size_hours"": 2, ""window_size_hours"": 2}, ""tau_threshold"": 5.0}",run_output_8day_rem_w2_s2_stage2_no_pareto,rem_w2_s2_stage2
145,025ebdbc10986585,ok,,"concat: mean, range; even: mean; odd: range",mean=lognormal; range=beta,16,5.0,6,1,2,307.2541475282873,307.2541475282873,10.241804917609578,2.5604512294023944,0.0116404794862231,2.5604512294023944,0.0116404794862231,-614.9780445648446,1.0,3395.0,2342.0,0.9822219556765088,0,5,0.9836462926566448,0.0045344961939533,5.004588373884557,0.0684257921685391,4.251138255979136,4.5022772222349445,4.753416188490752,5.527245687935257e-05,1.0331415104395345,3,False,,False,4,4,30,0,[],37.77689472603379,"(30, 152)",,[],"{""feature_selection"": {""concat"": [""mean"", ""range""], ""even"": [""mean""], ""odd"": [""range""]}, ""n_chunks"": 16, ""parameter_selection"": {""mean"": {""likelihood"": ""lognormal""}, ""range"": {""likelihood"": ""beta""}}, ""rem_profile_params"": {""rem_stage"": 2, ""step_size_hours"": 1, ""window_size_hours"": 6}, ""tau_threshold"": 5.0}",run_output_8day_rem_w6_s1_stage2_no_pareto,rem_w6_s1_stage2
62,f632d315b79dc6ae,ok,,"concat: mean, range; even: mean",mean=lognormal; range=lognormal,16,5.0,6,1,2,230.2017901876143,230.2017901876143,7.67339300625381,2.557797668751269,0.0136584641812301,2.557797668751269,0.0136584641812301,-464.9508581756472,1.0,3015.0,2307.0,1.0411084318171615,0,7,0.9277408624265964,0.9935753982490316,6.983063068120756,0.2359726793852116,6.2406263010196135,6.495998249446641,6.75137019787367,0.9855645388048282,1.5158239311857766,4,False,,False,3,3,30,0,[],12.516270427964628,"(30, 152)",,[],"{""feature_selection"": {""concat"": [""mean"", ""range""], ""even"": [""mean""]}, ""n_chunks"": 16, ""parameter_selection"": {""mean"": {""likelihood"": ""lognormal""}, ""range"": {""likelihood"": ""lognormal""}}, ""rem_profile_params"": {""rem_stage"": 2, ""step_size_hours"": 1, ""window_size_hours"": 6}, ""tau_threshold"": 5.0}",run_output_8day_rem_w6_s1_stage2_no_pareto,rem_w6_s1_stage2
43,7aec2bbf1a0a8b10,ok,,"even: mean, range",mean=student_t; range=beta,16,5.0,3,1,2,152.95606127603588,152.95606127603588,5.098535375867863,2.549267687933931,0.0091847551565624,2.549267687933931,0.0091847551565624,-306.4250648304057,1.0,975.0,1488.0,0.9717247414381632,0,8,0.1509552113451514,0.5789724574367491,6.169346433925004,1.9320297275223692,4.079173235334554,6.388969382625433,7.436012849141852,0.5361115402635152,0.6473238246533092,0,False,,False,2,2,30,0,[],24.6393080939888,"(30, 176)",,[],"{""feature_selection"": {""even"": [""mean"", ""range""]}, ""n_chunks"": 16, ""parameter_selection"": {""mean"": {""likelihood"": ""student_t""}, ""range"": {""likelihood"": ""beta""}}, ""rem_profile_params"": {""rem_stage"": 2, ""step_size_hours"": 1, ""window_size_hours"": 3}, ""tau_threshold"": 5.0}",run_output_8day_rem_w3_s1_stage2_no_pareto,rem_w3_s1_stage2
54,98af41708b981ad6,ok,,even: range; odd: mean,mean=student_t; range=lognormal,16,5.0,6,1,2,152.69758882508475,152.69758882508475,5.089919627502825,2.544959813751412,0.0155244316343177,2.544959813751412,0.0155244316343177,-306.15399504137514,1.0,1323.0,1461.0,1.0018803457710967,0,8,0.2349801618008266,0.844600066650762,6.917967584351638,1.4721554161869073,6.004656554835628,6.954931818894305,7.487855400193303,0.7512250542058044,0.8903091043054931,1,False,,False,2,2,30,0,[],19.345415133982897,"(30, 152)",,[],"{""feature_selection"": {""even"": [""range""], ""odd"": [""mean""]}, ""n_chunks"": 16, ""parameter_selection"": {""mean"": {""likelihood"": ""student_t""}, ""range"": {""likelihood"": ""lognormal""}}, ""rem_profile_params"": {""rem_stage"": 2, ""step_size_hours"": 1, ""window_size_hours"": 6}, ""tau_threshold"": 5.0}",run_output_8day_rem_w6_s1_stage2_no_pareto,rem_w6_s1_stage2
81,08306a91b3ed5418,ok,,concat: mean; even: mean; odd: mean,mean=lognormal,16,5.0,6,1,2,228.7254509582386,228.7254509582386,7.624181698607954,2.5413938995359846,0.021109246231037,2.5413938995359846,0.021109246231037,-426.212240756173,1.02,338.0,491.0,0.9939697244999792,0,7,0.2772223730754989,0.7855392488800101,6.5014282111426125,1.7887574941248725,6.003161598153934,6.606002598825393,7.257296491092163,0.7513111243886913,1.5342561779154806,3,False,,False,3,3,30,0,[],14.65361307800049,"(30, 152)",,[],"{""feature_selection"": {""concat"": [""mean""], ""even"": [""mean""], ""odd"": [""mean""]}, ""n_chunks"": 16, ""parameter_selection"": {""mean"": {""likelihood"": ""lognormal""}}, ""rem_profile_params"": {""rem_stage"": 2, ""step_size_hours"": 1, ""window_size_hours"": 6}, ""tau_threshold"": 5.0}",run_output_8day_rem_w6_s1_stage2_no_pareto,rem_w6_s1_stage2
153,ca669a89c4e9a408,ok,,"concat: mean, range; even: range; odd: range",mean=lognormal; range=beta,16,5.0,6,1,2,304.83270533083936,304.83270533083936,10.161090177694645,2.540272544423661,0.0103207238291052,2.540272544423661,0.0103207238291052,-609.9077703950028,1.0,2952.0,2225.0,0.924036791072404,0,5,0.94779733081208,0.0175332088986245,5.019002302042364,0.1473157422134079,4.254452235174629,4.508916933739435,4.763381632304243,0.0014935183945984,1.1312031740835755,2,False,,False,4,4,30,0,[],43.8651258579921,"(30, 152)",,[],"{""feature_selection"": {""concat"": [""mean"", ""range""], ""even"": [""range""], ""odd"": [""range""]}, ""n_chunks"": 16, ""parameter_selection"": {""mean"": {""likelihood"": ""lognormal""}, ""range"": {""likelihood"": ""beta""}}, ""rem_profile_params"": {""rem_stage"": 2, ""step_size_hours"": 1, ""window_size_hours"": 6}, ""tau_threshold"": 5.0}",run_output_8day_rem_w6_s1_stage2_no_pareto,rem_w6_s1_stage2
60,3256c1c3ecebe098,ok,,"odd: mean, range",mean=student_t; range=lognormal,16,5.0,6,1,2,152.21867858803506,152.21867858803506,5.073955952934502,2.536977976467251,0.0113928950153643,2.536977976467251,0.0113928950153643,-304.66912449091785,1.01,1424.0,1801.0,0.9612019013091284,0,6,0.2772235701018694,0.9223849472821332,6.6031459087971225,1.0411325945999457,5.372430802419633,5.912545830285284,7.033873011808344,0.4595205811712436,0.7180297184883917,1,False,,False,2,2,30,0,[],18.72182638500817,"(30, 152)",,[],"{""feature_selection"": {""odd"": [""mean"", ""range""]}, ""n_chunks"": 16, ""parameter_selection"": {""mean"": {""likelihood"": ""student_t""}, ""range"": {""likelihood"": ""lognormal""}}, ""rem_profile_params"": {""rem_stage"": 2, ""step_size_hours"": 1, ""window_size_hours"": 6}, ""tau_threshold"": 5.0}",run_output_8day_rem_w6_s1_stage2_no_pareto,rem_w6_s1_stage2
121,1dfe39bf273d61dc,ok,,"even: mean, range; odd: mean",mean=lognormal; range=beta,16,5.0,2,1,2,227.9995662777834,227.9995662777834,7.59998554259278,2.533328514197593,0.0142533625380796,2.533328514197593,0.0142533625380796,-455.49323498314266,1.01,476.0,1123.0,0.9565035458501188,0,8,0.0849189878204724,0.4601675237332159,5.661677964860481,1.876585041123145,3.625896279810258,4.84239382440869,7.191856273916748,0.3671903530617428,1.3789964944627575,4,False,,False,3,3,30,0,[],27.19362438999815,"(30, 184)",,[],"{""feature_selection"": {""even"": [""mean"", ""range""], ""odd"": [""mean""]}, ""n_chunks"": 16, ""parameter_selection"": {""mean"": {""likelihood"": ""lognormal""}, ""range"": {""likelihood"": ""beta""}}, ""rem_profile_params"": {""rem_stage"": 2, ""step_size_hours"": 1, ""window_size_hours"": 2}, ""tau_threshold"": 5.0}",run_output_8day_rem_w2_s1_stage2_no_pareto,rem_w2_s1_stage2
193,b7d7d1986f282a16,ok,,"even: mean, range; odd: mean, range",mean=lognormal; range=beta,16,5.0,2,1,2,303.7038711059202,303.7038711059202,10.12346237019734,2.5308655925493357,0.0120871444806362,2.5308655925493357,0.0120871444806362,-611.7361278000315,1.01,397.0,763.0,0.9544724723386788,0,8,0.1129404136746049,0.6496451881499627,6.152387508914337,1.5568878731721911,4.542926860546648,5.571299923791723,7.21440039275429,0.3877071378929868,1.5686034235739748,4,False,,False,4,4,30,0,[],49.35584043496056,"(30, 184)",,[],"{""feature_selection"": {""even"": [""mean"", ""range""], ""odd"": [""mean"", ""range""]}, ""n_chunks"": 16, ""parameter_selection"": {""mean"": {""likelihood"": ""lognormal""}, ""range"": {""likelihood"": ""beta""}}, ""rem_profile_params"": {""rem_stage"": 2, ""step_size_hours"": 1, ""window_size_hours"": 2}, ""tau_threshold"": 5.0}",run_output_8day_rem_w2_s1_stage2_no_pareto,rem_w2_s1_stage2
117,a466bb72fee65fac,ok,,"concat: range; odd: mean, range",mean=lognormal; range=beta,16,5.0,3,1,2,227.45365522154643,227.45365522154643,7.581788507384881,2.52726283579496,0.0167623838490576,2.52726283579496,0.0167623838490576,-448.8662380775231,1.01,1017.0,1156.0,0.9691618209197884,0,8,0.5769243020194307,0.9899128293438302,7.51184133081866,0.6742829900660268,6.5481617259542535,7.099504332227615,7.549752166113808,0.9862673458565524,1.3482049691848312,3,False,,False,3,3,30,0,[],33.77528728399193,"(30, 176)",,[],"{""feature_selection"": {""concat"": [""range""], ""odd"": [""mean"", ""range""]}, ""n_chunks"": 16, ""parameter_selection"": {""mean"": {""likelihood"": ""lognormal""}, ""range"": {""likelihood"": ""beta""}}, ""rem_profile_params"": {""rem_stage"": 2, ""step_size_hours"": 1, ""window_size_hours"": 3}, ""tau_threshold"": 5.0}",run_output_8day_rem_w3_s1_stage2_no_pareto,rem_w3_s1_stage2
174,f6bb64e3c07124e4,ok,,"concat: mean; even: range; odd: mean, range",mean=lognormal; range=lognormal,16,5.0,6,1,2,302.87244638887194,302.87244638887194,10.095748212962398,2.5239370532406,0.0149515859382955,2.5239370532406,0.0149515859382955,-569.1671668719655,1.05,114.0,613.0,0.9878032818521296,0,7,0.5616284009458465,0.9959443158883736,7.384474410747717,0.582791549464218,6.406306670917534,6.851365126923344,7.399771764336902,0.9782321936785252,1.666772651656164,2,False,,False,4,4,30,0,[],18.371423840988427,"(30, 152)",,[],"{""feature_selection"": {""concat"": [""mean""], ""even"": [""range""], ""odd"": [""mean"", ""range""]}, ""n_chunks"": 16, ""parameter_selection"": {""mean"": {""likelihood"": ""lognormal""}, ""range"": {""likelihood"": ""lognormal""}}, ""rem_profile_params"": {""rem_stage"": 2, ""step_size_hours"": 1, ""window_size_hours"": 6}, ""tau_threshold"": 5.0}",run_output_8day_rem_w6_s1_stage2_no_pareto,rem_w6_s1_stage2
36,4ae3c0d4477d5261,ok,,concat: range; odd: mean,mean=lognormal; range=lognormal,16,5.0,2,2,2,151.39890769022523,151.39890769022523,5.046630256340841,2.5233151281704207,0.0205742298096415,2.5233151281704207,0.0205742298096415,-303.7661904284804,1.0,1979.0,1832.0,1.0280107332464457,0,7,0.3533984379641078,0.909071369648358,6.559930821527013,0.8337470544574869,5.515157927162584,6.190812178856446,6.666465072899276,0.6002896131013897,1.3726045409598482,2,False,,False,2,2,30,0,[],9.715271844004748,"(30, 96)",,[],"{""feature_selection"": {""concat"": [""range""], ""odd"": [""mean""]}, ""n_chunks"": 16, ""parameter_selection"": {""mean"": {""likelihood"": ""lognormal""}, ""range"": {""likelihood"": ""lognormal""}}, ""rem_profile_params"": {""rem_stage"": 2, ""step_size_hours"": 2, ""window_size_hours"": 2}, ""tau_threshold"": 5.0}",run_output_8day_rem_w2_s2_stage2_no_pareto,rem_w2_s2_stage2
118,2abfdcb56b15e02e,ok,,"concat: range; odd: mean, range",mean=lognormal; range=lognormal,16,5.0,2,1,2,227.0129066438355,227.0129066438355,7.56709688812785,2.5223656293759507,0.0159111057340743,2.5223656293759507,0.0159111057340743,-449.3393681681361,1.01,510.0,503.0,0.962305555690784,0,8,0.1816934858182535,0.7946274247920152,6.555496218584417,1.738032239960129,5.373791786175881,6.643140384500381,7.379293048426874,0.6752362919675592,1.467085612587436,2,False,,False,3,3,30,0,[],14.940516441012733,"(30, 184)",,[],"{""feature_selection"": {""concat"": [""range""], ""odd"": [""mean"", ""range""]}, ""n_chunks"": 16, ""parameter_selection"": {""mean"": {""likelihood"": ""lognormal""}, ""range"": {""likelihood"": ""lognormal""}}, ""rem_profile_params"": {""rem_stage"": 2, ""step_size_hours"": 1, ""window_size_hours"": 2}, ""tau_threshold"": 5.0}",run_output_8day_rem_w2_s1_stage2_no_pareto,rem_w2_s1_stage2
87,a8c16004e401ee9a,ok,,concat: mean; even: range; odd: mean,mean=lognormal; range=beta,16,5.0,6,1,2,226.58679574167127,226.58679574167127,7.552893191389042,2.5176310637963475,0.0191124418733831,2.5176310637963475,0.0191124418733831,-423.7895762279513,1.03,167.0,107.0,0.9699275007068956,0,8,0.3736148296738319,0.8490147497040972,6.815884387246097,1.6621651331357756,6.198540274752026,6.821582116761666,7.4164448823274896,0.8296657067652262,1.7255094314017518,2,False,,False,3,3,30,0,[],26.1357570750406,"(30, 152)",,[],"{""feature_selection"": {""concat"": [""mean""], ""even"": [""range""], ""odd"": [""mean""]}, ""n_chunks"": 16, ""parameter_selection"": {""mean"": {""likelihood"": ""lognormal""}, ""range"": {""likelihood"": ""beta""}}, ""rem_profile_params"": {""rem_stage"": 2, ""step_size_hours"": 1, ""window_size_hours"": 6}, ""tau_threshold"": 5.0}",run_output_8day_rem_w6_s1_stage2_no_pareto,rem_w6_s1_stage2
37,7a37c00ed625f14e,ok,,concat: range; odd: mean,mean=student_t; range=beta,16,5.0,6,1,2,150.64835698082592,150.64835698082592,5.021611899360864,2.510805949680432,0.0136907762335154,2.510805949680432,0.0136907762335154,-301.5695557758454,1.0,2124.0,1546.0,1.0012176172364828,0,5,0.6088160038757178,0.2414362224538242,5.190109677891507,0.568488966053209,4.303253138046685,4.645760259432288,4.988267380817891,0.0030893947561168,0.5629320536670467,0,False,,False,2,2,30,0,[],24.13802387501346,"(30, 152)",,[],"{""feature_selection"": {""concat"": [""range""], ""odd"": [""mean""]}, ""n_chunks"": 16, ""parameter_selection"": {""mean"": {""likelihood"": ""student_t""}, ""range"": {""likelihood"": ""beta""}}, ""rem_profile_params"": {""rem_stage"": 2, ""step_size_hours"": 1, ""window_size_hours"": 6}, ""tau_threshold"": 5.0}",run_output_8day_rem_w6_s1_stage2_no_pareto,rem_w6_s1_stage2
124,a22a4b18784067aa,ok,,"even: mean, range; odd: mean",mean=student_t; range=lognormal,16,5.0,6,1,2,225.1844226451856,225.1844226451856,7.506147421506187,2.5020491405020637,0.0123567855882586,2.5020491405020637,0.0123567855882586,-450.3163470502775,1.0,2352.0,2125.0,1.0643165030888548,0,8,0.6402492192730453,0.9807140458988416,7.723652763507706,0.6851201710645567,7.058189060239972,7.372126040159981,7.686063020079991,0.9646383182482616,0.8994848950688235,1,False,,False,3,3,30,0,[],30.946157775993925,"(30, 152)",,[],"{""feature_selection"": {""even"": [""mean"", ""range""], ""odd"": [""mean""]}, ""n_chunks"": 16, ""parameter_selection"": {""mean"": {""likelihood"": ""student_t""}, ""range"": {""likelihood"": ""lognormal""}}, ""rem_profile_params"": {""rem_stage"": 2, ""step_size_hours"": 1, ""window_size_hours"": 6}, ""tau_threshold"": 5.0}",run_output_8day_rem_w6_s1_stage2_no_pareto,rem_w6_s1_stage2
181,007d5da3fab94dea,ok,,"concat: range; even: mean, range; odd: range",mean=lognormal; range=beta,16,5.0,3,1,2,300.1956748523192,300.1956748523192,10.006522495077308,2.501630623769327,0.0104170771738235,2.501630623769327,0.0104170771738235,-600.1645877885901,1.01,1108.0,1205.0,0.9161456215954898,0,7,0.5823142830216478,0.9897085142700426,7.400434148181329,0.6658348964422033,6.436529577374972,6.894063634718922,7.434537011210634,0.9885229964677864,1.2069519783515898,2,False,,False,4,4,30,0,[],51.88262790197041,"(30, 176)",,[],"{""feature_selection"": {""concat"": [""range""], ""even"": [""mean"", ""range""], ""odd"": [""range""]}, ""n_chunks"": 16, ""parameter_selection"": {""mean"": {""likelihood"": ""lognormal""}, ""range"": {""likelihood"": ""beta""}}, ""rem_profile_params"": {""rem_stage"": 2, ""step_size_hours"": 1, ""window_size_hours"": 3}, ""tau_threshold"": 5.0}",run_output_8day_rem_w3_s1_stage2_no_pareto,rem_w3_s1_stage2
177,4196947a036f562e,ok,,"concat: range; even: mean, range; odd: mean",mean=lognormal; range=beta,16,5.0,3,1,2,300.1041771613209,300.1041771613209,10.003472572044029,2.500868143011008,0.0115660819069957,2.500868143011008,0.0115660819069957,-598.9899476278998,1.0,1089.0,1359.0,0.9149731542404154,0,7,0.5676277848028213,0.9827416149675726,7.3111556994326685,0.6969911069246264,6.377560697593193,6.789622385510364,7.328611757718128,0.9790680671513238,1.279371077090686,3,False,,False,4,4,30,0,[],43.14303547103191,"(30, 176)",,[],"{""feature_selection"": {""concat"": [""range""], ""even"": [""mean"", ""range""], ""odd"": [""mean""]}, ""n_chunks"": 16, ""parameter_selection"": {""mean"": {""likelihood"": ""lognormal""}, ""range"": {""likelihood"": ""beta""}}, ""rem_profile_params"": {""rem_stage"": 2, ""step_size_hours"": 1, ""window_size_hours"": 3}, ""tau_threshold"": 5.0}",run_output_8day_rem_w3_s1_stage2_no_pareto,rem_w3_s1_stage2
59,8806323da24c8f62,ok,,"odd: mean, range",mean=student_t; range=beta,16,5.0,2,2,2,149.40210698083263,149.40210698083263,4.980070232694421,2.49003511634721,0.0149785390232642,2.49003511634721,0.0149785390232642,-298.76768868937006,1.0,1455.0,1427.0,1.0032874032707155,0,6,0.5111857489823071,0.9982625507024636,6.458225428103629,0.6514595743635337,5.401706165316547,5.8062236450773,6.436235091814209,0.3802422857985603,0.6848622748626811,0,False,,False,2,2,30,0,[],24.31143244705163,"(30, 96)",,[],"{""feature_selection"": {""odd"": [""mean"", ""range""]}, ""n_chunks"": 16, ""parameter_selection"": {""mean"": {""likelihood"": ""student_t""}, ""range"": {""likelihood"": ""beta""}}, ""rem_profile_params"": {""rem_stage"": 2, ""step_size_hours"": 2, ""window_size_hours"": 2}, ""tau_threshold"": 5.0}",run_output_8day_rem_w2_s2_stage2_no_pareto,rem_w2_s2_stage2
102,27642b57e4fbc621,ok,,"concat: range; even: mean, range",mean=student_t; range=lognormal,16,5.0,2,2,2,223.81534347999397,223.81534347999397,7.460511449333131,2.486837149777711,0.0080657886479541,2.486837149777711,0.0080657886479541,-448.9108368904349,1.0,2281.0,2287.0,0.9857238964119532,0,7,0.5063612813958486,0.980598769211217,6.887058038006183,0.6081581415249366,6.075685983225623,6.435231764052234,6.794777544878844,0.8026261099849495,0.585054940195009,0,False,,False,3,3,30,0,[],25.02644381101709,"(30, 96)",,[],"{""feature_selection"": {""concat"": [""range""], ""even"": [""mean"", ""range""]}, ""n_chunks"": 16, ""parameter_selection"": {""mean"": {""likelihood"": ""student_t""}, ""range"": {""likelihood"": ""lognormal""}}, ""rem_profile_params"": {""rem_stage"": 2, ""step_size_hours"": 2, ""window_size_hours"": 2}, ""tau_threshold"": 5.0}",run_output_8day_rem_w2_s2_stage2_no_pareto,rem_w2_s2_stage2
138,f741f0668a0f3b1a,ok,,"concat: mean, range; even: mean, range",mean=lognormal; range=lognormal,16,5.0,6,1,2,298.3390445284241,298.3390445284241,9.94463481761414,2.486158704403535,0.0125959865453696,2.486158704403535,0.0125959865453696,-604.9724133489073,1.0,1502.0,1359.0,1.0345667016184734,0,7,0.9569310800530154,0.9994512238694772,7.008425691126545,0.1218401906184227,6.251219542887626,6.50455680403311,6.7578940651785935,0.9979101788577388,1.8435182608082032,4,False,,False,4,4,30,0,[],16.14585732499836,"(30, 152)",,[],"{""feature_selection"": {""concat"": [""mean"", ""range""], ""even"": [""mean"", ""range""]}, ""n_chunks"": 16, ""parameter_selection"": {""mean"": {""likelihood"": ""lognormal""}, ""range"": {""likelihood"": ""lognormal""}}, ""rem_profile_params"": {""rem_stage"": 2, ""step_size_hours"": 1, ""window_size_hours"": 6}, ""tau_threshold"": 5.0}",run_output_8day_rem_w6_s1_stage2_no_pareto,rem_w6_s1_stage2
125,2e9a6e88ce2bec0e,ok,,"even: mean, range; odd: range",mean=lognormal; range=beta,16,5.0,2,1,2,223.5399878939596,223.5399878939596,7.451332929798652,2.483777643266217,0.0100606874496721,2.483777643266217,0.0100606874496721,-447.64675137435887,1.01,535.0,1190.0,0.9359369533769664,0,6,0.1160630224132677,0.567261942369525,5.770164520047244,1.288367281214064,4.393308377755624,5.205418119533935,5.968918667902748,0.239822753839648,0.9549935766394552,2,False,,False,3,3,30,0,[],33.017471407016274,"(30, 184)",,[],"{""feature_selection"": {""even"": [""mean"", ""range""], ""odd"": [""range""]}, ""n_chunks"": 16, ""parameter_selection"": {""mean"": {""likelihood"": ""lognormal""}, ""range"": {""likelihood"": ""beta""}}, ""rem_profile_params"": {""rem_stage"": 2, ""step_size_hours"": 1, ""window_size_hours"": 2}, ""tau_threshold"": 5.0}",run_output_8day_rem_w2_s1_stage2_no_pareto,rem_w2_s1_stage2
191,252d8740d0145e64,ok,,"concat: range; even: range; odd: mean, range",mean=student_t; range=beta,16,5.0,2,2,2,297.921534596489,297.921534596489,9.930717819882966,2.4826794549707416,0.008821621877597,2.4826794549707416,0.008821621877597,-598.6508137022882,1.0,1250.0,1056.0,0.9320161454514226,0,7,0.7040253398430311,0.9999991100326704,6.861190341260916,0.398532262889439,6.111387896916751,6.415557525226222,6.719727153535693,0.8415508046742114,1.4175195099980136,3,False,,False,4,4,30,0,[],62.62814344803337,"(30, 96)",,[],"{""feature_selection"": {""concat"": [""range""], ""even"": [""range""], ""odd"": [""mean"", ""range""]}, ""n_chunks"": 16, ""parameter_selection"": {""mean"": {""likelihood"": ""student_t""}, ""range"": {""likelihood"": ""beta""}}, ""rem_profile_params"": {""rem_stage"": 2, ""step_size_hours"": 2, ""window_size_hours"": 2}, ""tau_threshold"": 5.0}",run_output_8day_rem_w2_s2_stage2_no_pareto,rem_w2_s2_stage2
185,d1cb96b8b5cd5785,ok,,"concat: range; even: mean; odd: mean, range",mean=lognormal; range=beta,16,5.0,2,2,2,297.83002792098233,297.83002792098233,9.927667597366078,2.4819168993415195,0.0116162664787725,2.4819168993415195,0.0116162664787725,-593.7471777333494,1.0,1861.0,1625.0,0.8949364145923462,0,7,0.779485158770604,0.9999865678176564,7.026068354406477,0.3174300203559353,6.236309722020932,6.514514132509297,6.792718542997662,0.9623526021802724,1.482173095340627,3,False,,False,4,4,30,0,[],42.33702962700045,"(30, 96)",,[],"{""feature_selection"": {""concat"": [""range""], ""even"": [""mean""], ""odd"": [""mean"", ""range""]}, ""n_chunks"": 16, ""parameter_selection"": {""mean"": {""likelihood"": ""lognormal""}, ""range"": {""likelihood"": ""beta""}}, ""rem_profile_params"": {""rem_stage"": 2, ""step_size_hours"": 2, ""window_size_hours"": 2}, ""tau_threshold"": 5.0}",run_output_8day_rem_w2_s2_stage2_no_pareto,rem_w2_s2_stage2
105,2688b75b1b4ee737,ok,,concat: range; even: mean; odd: mean,mean=student_t; range=beta,16,5.0,6,1,2,223.32250593937903,223.32250593937903,7.444083531312635,2.481361177104212,0.0110670166004148,2.481361177104212,0.0110670166004148,-447.1910739683513,1.0,2302.0,2042.0,0.9695729498115296,0,5,0.5563480761473013,0.2586920137070211,5.20230135661505,0.6477969729789482,4.300954422518639,4.65666082104261,5.035406217336543,0.0131980196889128,0.6838106045069036,0,False,,False,3,3,30,0,[],36.969088782032486,"(30, 152)",,[],"{""feature_selection"": {""concat"": [""range""], ""even"": [""mean""], ""odd"": [""mean""]}, ""n_chunks"": 16, ""parameter_selection"": {""mean"": {""likelihood"": ""student_t""}, ""range"": {""likelihood"": ""beta""}}, ""rem_profile_params"": {""rem_stage"": 2, ""step_size_hours"": 1, ""window_size_hours"": 6}, ""tau_threshold"": 5.0}",run_output_8day_rem_w6_s1_stage2_no_pareto,rem_w6_s1_stage2
177,48aa1819dc46322e,ok,,"concat: range; even: mean, range; odd: mean",mean=lognormal; range=beta,16,5.0,2,2,2,297.6796637451404,297.6796637451404,9.922655458171343,2.480663864542836,0.0107629697549756,2.480663864542836,0.0107629697549756,-596.4078251674769,1.0,1104.0,1706.0,0.8703430871252089,0,7,0.5483681186404539,0.9936890975332062,7.222952619984804,0.5723484039130298,6.298333500052633,6.675707295609975,7.123313947185527,0.9476379279409326,1.639736817240735,4,False,,False,4,4,30,0,[],42.32469768403098,"(30, 96)",,[],"{""feature_selection"": {""concat"": [""range""], ""even"": [""mean"", ""range""], ""odd"": [""mean""]}, ""n_chunks"": 16, ""parameter_selection"": {""mean"": {""likelihood"": ""lognormal""}, ""range"": {""likelihood"": ""beta""}}, ""rem_profile_params"": {""rem_stage"": 2, ""step_size_hours"": 2, ""window_size_hours"": 2}, ""tau_threshold"": 5.0}",run_output_8day_rem_w2_s2_stage2_no_pareto,rem_w2_s2_stage2
95,294573b8fc470b3a,ok,,"concat: mean; odd: mean, range",mean=lognormal; range=beta,16,5.0,6,1,2,223.19117095656568,223.19117095656568,7.4397056985521886,2.479901899517396,0.0181941988554268,2.479901899517396,0.0181941988554268,-449.7390090679176,1.0,2022.0,1478.0,0.9294275212501978,0,5,0.7782229928262256,0.1012263581050639,5.140071584891156,0.4465712264719739,4.27808526538731,4.556269630470378,4.834453995553446,0.0388130927102005,1.3573866992621708,4,False,,False,3,3,30,0,[],24.6221265780041,"(30, 152)",,[],"{""feature_selection"": {""concat"": [""mean""], ""odd"": [""mean"", ""range""]}, ""n_chunks"": 16, ""parameter_selection"": {""mean"": {""likelihood"": ""lognormal""}, ""range"": {""likelihood"": ""beta""}}, ""rem_profile_params"": {""rem_stage"": 2, ""step_size_hours"": 1, ""window_size_hours"": 6}, ""tau_threshold"": 5.0}",run_output_8day_rem_w6_s1_stage2_no_pareto,rem_w6_s1_stage2
114,efe3570810efd3e9,ok,,concat: range; even: range; odd: mean,mean=student_t; range=lognormal,16,5.0,2,1,2,222.79959813315185,222.79959813315185,7.426653271105062,2.475551090368353,0.0122452774283381,2.475551090368353,0.0122452774283381,-446.0160281402568,1.01,941.0,936.0,0.9725105681355984,0,7,0.1876895492298943,0.8342764981311915,6.51171314120539,1.43987396495201,5.4985769461350085,6.375739852432977,6.944207484930926,0.6652424126514943,0.725902875869852,1,False,,False,3,3,30,0,[],26.007038505980745,"(30, 184)",,[],"{""feature_selection"": {""concat"": [""range""], ""even"": [""range""], ""odd"": [""mean""]}, ""n_chunks"": 16, ""parameter_selection"": {""mean"": {""likelihood"": ""student_t""}, ""range"": {""likelihood"": ""lognormal""}}, ""rem_profile_params"": {""rem_stage"": 2, ""step_size_hours"": 1, ""window_size_hours"": 2}, ""tau_threshold"": 5.0}",run_output_8day_rem_w2_s1_stage2_no_pareto,rem_w2_s1_stage2
146,5d139e4aeb4b3b84,ok,,"concat: mean, range; even: mean; odd: range",mean=lognormal; range=lognormal,16,5.0,6,1,2,296.9290586401916,296.9290586401916,9.897635288006388,2.474408822001597,0.0109556883053373,2.474408822001597,0.0109556883053373,-599.4670282008649,1.0,2158.0,1882.0,1.0616370626355642,0,7,0.9246674695707762,0.99947812059688,7.002967380418863,0.1622418308545601,6.245448163503014,6.501791102664131,6.758134041825248,0.9893748042234408,2.0407638859822748,3,False,,False,4,4,30,0,[],16.203336909995414,"(30, 152)",,[],"{""feature_selection"": {""concat"": [""mean"", ""range""], ""even"": [""mean""], ""odd"": [""range""]}, ""n_chunks"": 16, ""parameter_selection"": {""mean"": {""likelihood"": ""lognormal""}, ""range"": {""likelihood"": ""lognormal""}}, ""rem_profile_params"": {""rem_stage"": 2, ""step_size_hours"": 1, ""window_size_hours"": 6}, ""tau_threshold"": 5.0}",run_output_8day_rem_w6_s1_stage2_no_pareto,rem_w6_s1_stage2
165,4a852a3ccd9a3d6d,ok,,"concat: mean; even: mean, range; odd: range",mean=lognormal; range=beta,16,5.0,6,1,2,296.72755908266475,296.72755908266475,9.890918636088823,2.472729659022208,0.0117611465596485,2.472729659022208,0.0117611465596485,-598.5851067301675,1.0,1845.0,995.0,0.9102214959641278,0,5,0.8481666952100232,0.0600482623342465,5.102595687564356,0.4252275266668888,4.265947940898966,4.531927435922952,4.7979069309469375,0.0409189776829613,1.2279688441875372,3,False,,False,4,4,30,0,[],42.83473475696519,"(30, 152)",,[],"{""feature_selection"": {""concat"": [""mean""], ""even"": [""mean"", ""range""], ""odd"": [""range""]}, ""n_chunks"": 16, ""parameter_selection"": {""mean"": {""likelihood"": ""lognormal""}, ""range"": {""likelihood"": ""beta""}}, ""rem_profile_params"": {""rem_stage"": 2, ""step_size_hours"": 1, ""window_size_hours"": 6}, ""tau_threshold"": 5.0}",run_output_8day_rem_w6_s1_stage2_no_pareto,rem_w6_s1_stage2
141,d57e6c2249323f63,ok,,"concat: mean, range; even: mean; odd: mean",mean=lognormal; range=beta,16,5.0,6,1,2,295.91032129945216,295.91032129945216,9.863677376648406,2.465919344162101,0.0160602501281889,2.465919344162101,0.0160602501281889,-588.8498109739128,1.01,653.0,733.0,0.851406705881067,0,5,0.376604289282326,0.2081268152176285,4.846212616002521,1.1016843036054604,4.06723493739598,4.497577815028244,4.927920692660507,0.0507358852109287,1.3293546371536502,3,False,,False,4,4,30,0,[],32.01677158701932,"(30, 152)",,[],"{""feature_selection"": {""concat"": [""mean"", ""range""], ""even"": [""mean""], ""odd"": [""mean""]}, ""n_chunks"": 16, ""parameter_selection"": {""mean"": {""likelihood"": ""lognormal""}, ""range"": {""likelihood"": ""beta""}}, ""rem_profile_params"": {""rem_stage"": 2, ""step_size_hours"": 1, ""window_size_hours"": 6}, ""tau_threshold"": 5.0}",run_output_8day_rem_w6_s1_stage2_no_pareto,rem_w6_s1_stage2
104,80b30ccf66de7a59,ok,,concat: range; even: mean; odd: mean,mean=lognormal; range=lognormal,16,5.0,3,1,2,221.3976435475513,221.3976435475513,7.3799214515850435,2.4599738171950154,0.0161090804651972,2.4599738171950154,0.0161090804651972,-439.0845976600976,1.0,769.0,887.0,1.0087632537808242,0,7,0.2531143828533488,0.8374589213091345,6.619935967016053,1.2788233315388793,5.796072180301976,6.426952920501749,6.895934328685194,0.7275958668359103,1.2508266048054262,2,False,,False,3,3,30,0,[],13.699431611981709,"(30, 176)",,[],"{""feature_selection"": {""concat"": [""range""], ""even"": [""mean""], ""odd"": [""mean""]}, ""n_chunks"": 16, ""parameter_selection"": {""mean"": {""likelihood"": ""lognormal""}, ""range"": {""likelihood"": ""lognormal""}}, ""rem_profile_params"": {""rem_stage"": 2, ""step_size_hours"": 1, ""window_size_hours"": 3}, ""tau_threshold"": 5.0}",run_output_8day_rem_w3_s1_stage2_no_pareto,rem_w3_s1_stage2
178,bb10bddfe7a2ad6e,ok,,"concat: range; even: mean, range; odd: mean",mean=lognormal; range=lognormal,16,5.0,2,1,2,293.8660521874916,293.8660521874916,9.795535072916383,2.4488837682290967,0.0129333364552138,2.4488837682290967,0.0129333364552138,-586.6687530597877,1.0,435.0,407.0,1.0326211986218925,0,7,0.2826746063803875,0.8263237073900882,6.698325311685345,1.6687890762819109,6.075589903643587,6.709627474347298,7.351502634352392,0.779804978102359,1.450970979799573,4,False,,False,4,4,30,0,[],18.54879542102572,"(30, 184)",,[],"{""feature_selection"": {""concat"": [""range""], ""even"": [""mean"", ""range""], ""odd"": [""mean""]}, ""n_chunks"": 16, ""parameter_selection"": {""mean"": {""likelihood"": ""lognormal""}, ""range"": {""likelihood"": ""lognormal""}}, ""rem_profile_params"": {""rem_stage"": 2, ""step_size_hours"": 1, ""window_size_hours"": 2}, ""tau_threshold"": 5.0}",run_output_8day_rem_w2_s1_stage2_no_pareto,rem_w2_s1_stage2
132,8f1776c9ecebcaca,ok,,"even: mean; odd: mean, range",mean=student_t; range=lognormal,16,5.0,6,1,2,220.3820899336912,220.3820899336912,7.346069664456373,2.4486898881521246,0.0095605619171766,2.4486898881521246,0.0095605619171766,-440.7692836536265,1.0,1410.0,1908.0,0.9825259243394006,0,8,0.4418818998088947,0.9744085548489174,7.432916617270136,0.8905643379045093,6.442966286993216,7.215915273440287,7.607957636720144,0.8393145806350681,0.6043218833893623,0,False,,False,3,3,30,0,[],31.98575661802897,"(30, 152)",,[],"{""feature_selection"": {""even"": [""mean""], ""odd"": [""mean"", ""range""]}, ""n_chunks"": 16, ""parameter_selection"": {""mean"": {""likelihood"": ""student_t""}, ""range"": {""likelihood"": ""lognormal""}}, ""rem_profile_params"": {""rem_stage"": 2, ""step_size_hours"": 1, ""window_size_hours"": 6}, ""tau_threshold"": 5.0}",run_output_8day_rem_w6_s1_stage2_no_pareto,rem_w6_s1_stage2
162,c92da14803bb9fb3,ok,,"concat: mean; even: mean, range; odd: mean",mean=lognormal; range=lognormal,16,5.0,6,1,2,293.5066950941464,293.5066950941464,9.783556503138213,2.4458891257845536,0.0168486514082193,2.4458891257845536,0.0168486514082193,-552.4876445721765,1.05,83.0,90.0,0.98857838870892,0,8,0.4449203402122416,0.9089574569274256,7.132385002235001,1.3590590664364537,6.369350938209692,6.971688057647691,7.487966316824343,0.9032990937675848,1.7478016907944964,3,False,,False,4,4,30,0,[],17.73901137697976,"(30, 152)",,[],"{""feature_selection"": {""concat"": [""mean""], ""even"": [""mean"", ""range""], ""odd"": [""mean""]}, ""n_chunks"": 16, ""parameter_selection"": {""mean"": {""likelihood"": ""lognormal""}, ""range"": {""likelihood"": ""lognormal""}}, ""rem_profile_params"": {""rem_stage"": 2, ""step_size_hours"": 1, ""window_size_hours"": 6}, ""tau_threshold"": 5.0}",run_output_8day_rem_w6_s1_stage2_no_pareto,rem_w6_s1_stage2
41,b0008a820de95807,ok,,"even: mean, range",mean=lognormal; range=beta,16,5.0,2,1,2,146.70541153992943,146.70541153992943,4.890180384664315,2.4450901923321577,0.0125565340015862,2.4450901923321577,0.0125565340015862,-294.4098257146805,1.01,814.0,1151.0,0.9418928042179436,0,5,0.0849409109109672,0.3271532718288426,5.235422119264493,1.4656496825344456,3.7524249747216927,4.545963414442831,5.590274869713893,0.1964459085520715,1.0695569927693522,2,False,,False,2,2,30,0,[],19.24556217395002,"(30, 184)",,[],"{""feature_selection"": {""even"": [""mean"", ""range""]}, ""n_chunks"": 16, ""parameter_selection"": {""mean"": {""likelihood"": ""lognormal""}, ""range"": {""likelihood"": ""beta""}}, ""rem_profile_params"": {""rem_stage"": 2, ""step_size_hours"": 1, ""window_size_hours"": 2}, ""tau_threshold"": 5.0}",run_output_8day_rem_w2_s1_stage2_no_pareto,rem_w2_s1_stage2
220,1770586932182a50,ok,,"concat: range; even: mean, range; odd: mean, range",mean=student_t; range=lognormal,16,5.0,3,1,2,366.0894699160976,366.0894699160976,12.202982330536589,2.4405964661073174,0.0092905660345853,2.4405964661073174,0.0092905660345853,-732.2130401860409,1.0,1849.0,737.0,1.0743162170105784,0,8,0.818428583750463,0.9931112482633716,7.896591968212376,0.4246971657118064,7.185535246403328,7.457023497602218,7.728511748801109,0.988216740867326,0.9295441706152988,1,False,,False,5,5,30,0,[],53.90357106499141,"(30, 176)",,[],"{""feature_selection"": {""concat"": [""range""], ""even"": [""mean"", ""range""], ""odd"": [""mean"", ""range""]}, ""n_chunks"": 16, ""parameter_selection"": {""mean"": {""likelihood"": ""student_t""}, ""range"": {""likelihood"": ""lognormal""}}, ""rem_profile_params"": {""rem_stage"": 2, ""step_size_hours"": 1, ""window_size_hours"": 3}, ""tau_threshold"": 5.0}",run_output_8day_rem_w3_s1_stage2_no_pareto,rem_w3_s1_stage2
170,b36d3751d94aba18,ok,,"concat: mean; even: mean; odd: mean, range",mean=lognormal; range=lognormal,16,5.0,6,1,2,292.487464950836,292.487464950836,9.749582165027867,2.4373955412569672,0.0156270395024755,2.4373955412569672,0.0156270395024755,-557.0507253196498,1.01,218.0,643.0,0.9444888041131962,0,7,0.439027297843801,0.9638801168506804,7.194086258797144,0.9163054501277088,6.297998907674536,6.761361441889802,7.326592619873407,0.9107806445654998,1.4969211023764064,3,False,,False,4,4,30,0,[],17.798319459019694,"(30, 152)",,[],"{""feature_selection"": {""concat"": [""mean""], ""even"": [""mean""], ""odd"": [""mean"", ""range""]}, ""n_chunks"": 16, ""parameter_selection"": {""mean"": {""likelihood"": ""lognormal""}, ""range"": {""likelihood"": ""lognormal""}}, ""rem_profile_params"": {""rem_stage"": 2, ""step_size_hours"": 1, ""window_size_hours"": 6}, ""tau_threshold"": 5.0}",run_output_8day_rem_w6_s1_stage2_no_pareto,rem_w6_s1_stage2
220,f1f673d7e0ed163a,ok,,"concat: range; even: mean, range; odd: mean, range",mean=student_t; range=lognormal,16,5.0,2,2,2,364.9134083268939,364.9134083268939,12.163780277563127,2.432756055512627,0.0093648035296977,2.432756055512627,0.0093648035296977,-729.344722999007,1.0,703.0,1436.0,0.9596744152030304,0,8,0.3830486690056144,0.9836898730107022,7.241957785073968,0.8505848525223922,6.060889514300035,6.973677802129706,7.492685248346418,0.7666767899829247,0.905832549903956,1,False,,False,5,5,30,0,[],58.24406249902677,"(30, 96)",,[],"{""feature_selection"": {""concat"": [""range""], ""even"": [""mean"", ""range""], ""odd"": [""mean"", ""range""]}, ""n_chunks"": 16, ""parameter_selection"": {""mean"": {""likelihood"": ""student_t""}, ""range"": {""likelihood"": ""lognormal""}}, ""rem_profile_params"": {""rem_stage"": 2, ""step_size_hours"": 2, ""window_size_hours"": 2}, ""tau_threshold"": 5.0}",run_output_8day_rem_w2_s2_stage2_no_pareto,rem_w2_s2_stage2
60,be10750f51ecee1b,ok,,"odd: mean, range",mean=student_t; range=lognormal,16,5.0,2,2,2,145.62530813758474,145.62530813758474,4.854176937919491,2.4270884689597456,0.0168607010130004,2.4270884689597456,0.0168607010130004,-290.5442077521664,1.0,1108.0,1743.0,1.033059085229202,0,8,0.3358602107516186,0.8269632329122448,7.011447256149079,1.407890047082701,5.467698261030897,7.180596435547526,7.590298217773762,0.6624057835375066,0.6781499174437031,0,False,,False,2,2,30,0,[],19.269841033034027,"(30, 96)",,[],"{""feature_selection"": {""odd"": [""mean"", ""range""]}, ""n_chunks"": 16, ""parameter_selection"": {""mean"": {""likelihood"": ""student_t""}, ""range"": {""likelihood"": ""lognormal""}}, ""rem_profile_params"": {""rem_stage"": 2, ""step_size_hours"": 2, ""window_size_hours"": 2}, ""tau_threshold"": 5.0}",run_output_8day_rem_w2_s2_stage2_no_pareto,rem_w2_s2_stage2
202,68ff8baa0ef60c27,ok,,"concat: mean, range; even: mean, range; odd: range",mean=lognormal; range=lognormal,16,5.0,6,1,2,363.8015931722318,363.8015931722318,12.126719772407728,2.425343954481545,0.0110865567884579,2.425343954481545,0.0110865567884579,-738.4804887532762,1.0,1374.0,1129.0,1.0139719926490185,0,7,0.9377189291626584,0.999782155591152,7.0155957930748025,0.1470849365146429,6.252659632911185,6.508078885485885,6.763498138060584,0.9972989314277444,2.4727961904404543,5,False,,False,5,5,30,0,[],19.90308969898615,"(30, 152)",,[],"{""feature_selection"": {""concat"": [""mean"", ""range""], ""even"": [""mean"", ""range""], ""odd"": [""range""]}, ""n_chunks"": 16, ""parameter_selection"": {""mean"": {""likelihood"": ""lognormal""}, ""range"": {""likelihood"": ""lognormal""}}, ""rem_profile_params"": {""rem_stage"": 2, ""step_size_hours"": 1, ""window_size_hours"": 6}, ""tau_threshold"": 5.0}",run_output_8day_rem_w6_s1_stage2_no_pareto,rem_w6_s1_stage2
40,77e8607af3ca2354,ok,,concat: range; odd: range,range=lognormal,16,5.0,2,1,2,145.44981207167314,145.44981207167314,4.848327069055771,2.424163534527885,0.0108092454136691,2.424163534527885,0.0108092454136691,-291.96504521134176,1.0,831.0,899.0,0.9792367544258042,0,7,0.1060992128964466,0.7259138724121736,6.106140792389212,1.6559006657918351,4.587806742030679,6.166183382596219,6.814316573803888,0.5641007839324541,0.818406654458616,1,False,,False,2,2,30,0,[],10.31717957399087,"(30, 184)",,[],"{""feature_selection"": {""concat"": [""range""], ""odd"": [""range""]}, ""n_chunks"": 16, ""parameter_selection"": {""range"": {""likelihood"": ""lognormal""}}, ""rem_profile_params"": {""rem_stage"": 2, ""step_size_hours"": 1, ""window_size_hours"": 2}, ""tau_threshold"": 5.0}",run_output_8day_rem_w2_s1_stage2_no_pareto,rem_w2_s1_stage2
201,b177a07931fe0f2f,ok,,"concat: mean, range; even: mean, range; odd: range",mean=lognormal; range=beta,16,5.0,6,1,2,363.3095283643426,363.3095283643426,12.110317612144753,2.4220635224289517,0.0101486731313956,2.4220635224289517,0.0101486731313956,-726.9203613958235,1.0,3151.0,1978.0,1.0072284211205358,0,5,0.9875631415457312,0.0032756456171639,5.003322634458311,0.0584603652544097,4.250820754575914,4.501642641202097,4.75246452782828,4.881513163123796e-05,1.2263579741685426,3,False,,False,5,5,30,0,[],56.03036657097982,"(30, 152)",,[],"{""feature_selection"": {""concat"": [""mean"", ""range""], ""even"": [""mean"", ""range""], ""odd"": [""range""]}, ""n_chunks"": 16, ""parameter_selection"": {""mean"": {""likelihood"": ""lognormal""}, ""range"": {""likelihood"": ""beta""}}, ""rem_profile_params"": {""rem_stage"": 2, ""step_size_hours"": 1, ""window_size_hours"": 6}, ""tau_threshold"": 5.0}",run_output_8day_rem_w6_s1_stage2_no_pareto,rem_w6_s1_stage2
184,0fa2f7a04b292178,ok,,"concat: range; even: mean, range; odd: range",mean=student_t; range=lognormal,16,5.0,2,1,2,289.89280044441995,289.89280044441995,9.663093348147331,2.415773337036833,0.0086162526693735,2.415773337036833,0.0086162526693735,-579.2106174978078,1.0,635.0,614.0,1.0238799416461075,0,8,0.3431801605753199,0.9038953510376684,7.090287520467241,1.2627923638676848,6.274343452892778,6.878869097195781,7.444329151110195,0.863454017822969,0.7148555566502405,1,False,,False,4,4,30,0,[],36.21271990903188,"(30, 184)",,[],"{""feature_selection"": {""concat"": [""range""], ""even"": [""mean"", ""range""], ""odd"": [""range""]}, ""n_chunks"": 16, ""parameter_selection"": {""mean"": {""likelihood"": ""student_t""}, ""range"": {""likelihood"": ""lognormal""}}, ""rem_profile_params"": {""rem_stage"": 2, ""step_size_hours"": 1, ""window_size_hours"": 2}, ""tau_threshold"": 5.0}",run_output_8day_rem_w2_s1_stage2_no_pareto,rem_w2_s1_stage2
157,340952005ff27b55,ok,,"concat: mean, range; odd: mean, range",mean=lognormal; range=beta,16,5.0,6,1,2,289.81456282176015,289.81456282176015,9.660485427392006,2.415121356848001,0.0149247070592202,2.415121356848001,0.0149247070592202,-580.0994564036494,1.0,3480.0,2161.0,0.9732901486312244,0,5,0.9657002473516356,0.0110194181469274,5.011165522566172,0.106547314075863,4.252784052379185,4.505570108592966,4.758356164806748,0.0001499556543302,1.1046319849001434,4,False,,False,4,4,30,0,[],40.38198892597575,"(30, 152)",,[],"{""feature_selection"": {""concat"": [""mean"", ""range""], ""odd"": [""mean"", ""range""]}, ""n_chunks"": 16, ""parameter_selection"": {""mean"": {""likelihood"": ""lognormal""}, ""range"": {""likelihood"": ""beta""}}, ""rem_profile_params"": {""rem_stage"": 2, ""step_size_hours"": 1, ""window_size_hours"": 6}, ""tau_threshold"": 5.0}",run_output_8day_rem_w6_s1_stage2_no_pareto,rem_w6_s1_stage2
196,0c4539b3cf6f0ca7,ok,,"even: mean, range; odd: mean, range",mean=student_t; range=lognormal,16,5.0,3,1,2,289.7992843765169,289.7992843765169,9.659976145883896,2.4149940364709748,0.0097181241663294,2.4149940364709748,0.0097181241663294,-578.9093489107395,1.0,3838.0,2461.0,1.0875564915026987,0,8,0.9584699843568988,0.9981070383282468,7.982124971379298,0.1948083635403766,7.241109349198188,7.4940728994654595,7.74703644973273,0.9967679672301326,0.6002267099887084,0,False,,False,4,4,30,0,[],45.39751025999431,"(30, 176)",,[],"{""feature_selection"": {""even"": [""mean"", ""range""], ""odd"": [""mean"", ""range""]}, ""n_chunks"": 16, ""parameter_selection"": {""mean"": {""likelihood"": ""student_t""}, ""range"": {""likelihood"": ""lognormal""}}, ""rem_profile_params"": {""rem_stage"": 2, ""step_size_hours"": 1, ""window_size_hours"": 3}, ""tau_threshold"": 5.0}",run_output_8day_rem_w3_s1_stage2_no_pareto,rem_w3_s1_stage2
115,2a3e124b79c2a3ab,ok,,concat: range; even: range; odd: range,range=beta,16,5.0,3,1,2,217.23322157519056,217.23322157519056,7.241107385839685,2.4137024619465617,0.0114577614427773,2.4137024619465617,0.0114577614427773,-434.7083881079721,1.0,1220.0,1335.0,0.92160780965672,0,8,0.5865729216528461,0.993806975444296,7.476933174206703,0.6105701487955069,6.494802133889421,7.006023384620548,7.503011692310274,0.991888019519233,1.3357994652106338,1,False,,False,3,3,30,0,[],41.04999615601264,"(30, 176)",,[],"{""feature_selection"": {""concat"": [""range""], ""even"": [""range""], ""odd"": [""range""]}, ""n_chunks"": 16, ""parameter_selection"": {""range"": {""likelihood"": ""beta""}}, ""rem_profile_params"": {""rem_stage"": 2, ""step_size_hours"": 1, ""window_size_hours"": 3}, ""tau_threshold"": 5.0}",run_output_8day_rem_w3_s1_stage2_no_pareto,rem_w3_s1_stage2
33,81c57ac1207eff53,ok,,concat: range; even: range,range=beta,16,5.0,2,2,2,144.79802215764715,144.79802215764715,4.826600738588239,2.413300369294119,0.0076020142137279,2.413300369294119,0.0076020142137279,-290.4418807714563,1.0,1546.0,1382.0,0.914072432151942,3,7,0.7107623221095444,0.9945225048802412,6.992481532089004,0.4129438120200494,6.210984270426907,6.500616193660207,6.790248116893506,0.9321141365147096,1.2453121144334716,1,False,,False,2,2,30,0,[],21.541993706021454,"(30, 96)",,[],"{""feature_selection"": {""concat"": [""range""], ""even"": [""range""]}, ""n_chunks"": 16, ""parameter_selection"": {""range"": {""likelihood"": ""beta""}}, ""rem_profile_params"": {""rem_stage"": 2, ""step_size_hours"": 2, ""window_size_hours"": 2}, ""tau_threshold"": 5.0}",run_output_8day_rem_w2_s2_stage2_no_pareto,rem_w2_s2_stage2
44,39cdde36e5fad5f1,ok,,"even: mean, range",mean=student_t; range=lognormal,16,5.0,2,1,2,144.63625621793807,144.63625621793807,4.821208540597936,2.4106042702989674,0.0115910737841159,2.4106042702989674,0.0115910737841159,-290.2568264524566,1.0,1202.0,1654.0,0.9930514322134968,0,8,0.1671565509522998,0.7258384714867316,6.546214373765546,1.7772741963551306,4.606641891239514,6.813807110412869,7.457733822515629,0.6703369425409282,0.916120193517198,2,False,,False,2,2,30,0,[],18.396018870000265,"(30, 184)",,[],"{""feature_selection"": {""even"": [""mean"", ""range""]}, ""n_chunks"": 16, ""parameter_selection"": {""mean"": {""likelihood"": ""student_t""}, ""range"": {""likelihood"": ""lognormal""}}, ""rem_profile_params"": {""rem_stage"": 2, ""step_size_hours"": 1, ""window_size_hours"": 2}, ""tau_threshold"": 5.0}",run_output_8day_rem_w2_s1_stage2_no_pareto,rem_w2_s1_stage2
111,6331ae4613b746e6,ok,,concat: range; even: range; odd: mean,mean=lognormal; range=beta,16,5.0,3,1,2,216.6896212754148,216.6896212754148,7.2229873758471586,2.40766245861572,0.0128753837940796,2.40766245861572,0.0128753837940796,-430.74349522270745,1.0,1150.0,1112.0,0.8830081988444886,0,7,0.5072630195337593,0.9654546784378004,7.296406387550798,0.8427501663233434,6.381086714307789,6.841434732306842,7.395972401136735,0.9569557700955352,1.0996774678158876,2,False,,False,3,3,30,0,[],31.8082172270515,"(30, 176)",,[],"{""feature_selection"": {""concat"": [""range""], ""even"": [""range""], ""odd"": [""mean""]}, ""n_chunks"": 16, ""parameter_selection"": {""mean"": {""likelihood"": ""lognormal""}, ""range"": {""likelihood"": ""beta""}}, ""rem_profile_params"": {""rem_stage"": 2, ""step_size_hours"": 1, ""window_size_hours"": 3}, ""tau_threshold"": 5.0}",run_output_8day_rem_w3_s1_stage2_no_pareto,rem_w3_s1_stage2
149,347e482a7f7d1ac3,ok,,"concat: mean, range; even: range; odd: mean",mean=lognormal; range=beta,16,5.0,6,1,2,288.3756305263715,288.3756305263715,9.612521017545715,2.403130254386429,0.0143699316361507,2.403130254386429,0.0143699316361507,-563.782792686563,1.02,417.0,649.0,0.9641701530657883,0,3,0.2900341124335078,0.2763089355236138,4.464902741101164,1.440326101286775,3.6054,4.182840925580202,5.130507314233776,0.0747191956835387,1.4934478901556054,2,False,,False,4,4,30,0,[],40.76512651098892,"(30, 152)",,[],"{""feature_selection"": {""concat"": [""mean"", ""range""], ""even"": [""range""], ""odd"": [""mean""]}, ""n_chunks"": 16, ""parameter_selection"": {""mean"": {""likelihood"": ""lognormal""}, ""range"": {""likelihood"": ""beta""}}, ""rem_profile_params"": {""rem_stage"": 2, ""step_size_hours"": 1, ""window_size_hours"": 6}, ""tau_threshold"": 5.0}",run_output_8day_rem_w6_s1_stage2_no_pareto,rem_w6_s1_stage2
136,e01206ac251789c6,ok,,"even: range; odd: mean, range",mean=student_t; range=lognormal,16,5.0,6,1,2,215.6885964080417,215.6885964080417,7.189619880268057,2.396539960089352,0.0122169869785285,2.396539960089352,0.0122169869785285,-431.2421358541822,1.0,1187.0,1764.0,0.9932556135336166,0,8,0.3856235432372082,0.9688403635946397,7.319151070769225,0.9138721390892116,6.28074436373703,7.077172459645172,7.538586229822586,0.8312608357396715,0.7143446528221454,1,False,,False,3,3,30,0,[],28.61884207400726,"(30, 152)",,[],"{""feature_selection"": {""even"": [""range""], ""odd"": [""mean"", ""range""]}, ""n_chunks"": 16, ""parameter_selection"": {""mean"": {""likelihood"": ""student_t""}, ""range"": {""likelihood"": ""lognormal""}}, ""rem_profile_params"": {""rem_stage"": 2, ""step_size_hours"": 1, ""window_size_hours"": 6}, ""tau_threshold"": 5.0}",run_output_8day_rem_w6_s1_stage2_no_pareto,rem_w6_s1_stage2
214,0b1784b091e1db5f,ok,,"concat: mean; even: mean, range; odd: mean, range",mean=lognormal; range=lognormal,16,5.0,6,1,2,359.0681640088292,359.0681640088292,11.968938800294309,2.3937877600588617,0.013664321107546,2.3937877600588617,0.013664321107546,-679.6881899477395,1.06,94.0,381.0,1.0045914963740374,0,8,0.5903912602528052,0.9985735676948404,7.577991979989077,0.5240237429537257,6.600339401966152,7.154302842351497,7.577151421175749,0.9884947973223775,1.2610364808014096,2,False,,False,5,5,30,0,[],21.34612984705018,"(30, 152)",,[],"{""feature_selection"": {""concat"": [""mean""], ""even"": [""mean"", ""range""], ""odd"": [""mean"", ""range""]}, ""n_chunks"": 16, ""parameter_selection"": {""mean"": {""likelihood"": ""lognormal""}, ""range"": {""likelihood"": ""lognormal""}}, ""rem_profile_params"": {""rem_stage"": 2, ""step_size_hours"": 1, ""window_size_hours"": 6}, ""tau_threshold"": 5.0}",run_output_8day_rem_w6_s1_stage2_no_pareto,rem_w6_s1_stage2
123,a7f80a0a999aa5fe,ok,,"even: mean, range; odd: mean",mean=student_t; range=beta,16,5.0,6,1,2,215.11507269588577,215.11507269588577,7.170502423196193,2.3901674743987305,0.0111633905223017,2.3901674743987305,0.0111633905223017,-429.9954909689035,1.0,1236.0,751.0,1.0089905834049175,0,8,0.5656872042649946,0.9220808351110896,7.503842231430974,1.2362398027634247,7.058775326336541,7.37251688422436,7.68625844211218,0.8952497841737491,0.7208178932952872,1,False,,False,3,3,30,0,[],39.76364232803462,"(30, 152)",,[],"{""feature_selection"": {""even"": [""mean"", ""range""], ""odd"": [""mean""]}, ""n_chunks"": 16, ""parameter_selection"": {""mean"": {""likelihood"": ""student_t""}, ""range"": {""likelihood"": ""beta""}}, ""rem_profile_params"": {""rem_stage"": 2, ""step_size_hours"": 1, ""window_size_hours"": 6}, ""tau_threshold"": 5.0}",run_output_8day_rem_w6_s1_stage2_no_pareto,rem_w6_s1_stage2
196,196b6145206d6c6d,ok,,"even: mean, range; odd: mean, range",mean=student_t; range=lognormal,16,5.0,6,1,2,286.6259105194283,286.6259105194283,9.554197017314277,2.3885492543285696,0.0101667783632242,2.3885492543285696,0.0101667783632242,-573.0593201749908,1.0,1744.0,1473.0,1.0377568253537872,0,8,0.6731295975118188,0.9959518480997054,7.772184431942114,0.5068112985652896,7.067005793513435,7.37800386234229,7.689001931171145,0.9744036467989768,0.6765384670963441,0,False,,False,4,4,30,0,[],43.53986147302203,"(30, 152)",,[],"{""feature_selection"": {""even"": [""mean"", ""range""], ""odd"": [""mean"", ""range""]}, ""n_chunks"": 16, ""parameter_selection"": {""mean"": {""likelihood"": ""student_t""}, ""range"": {""likelihood"": ""lognormal""}}, ""rem_profile_params"": {""rem_stage"": 2, ""step_size_hours"": 1, ""window_size_hours"": 6}, ""tau_threshold"": 5.0}",run_output_8day_rem_w6_s1_stage2_no_pareto,rem_w6_s1_stage2
217,c89b33e7caafdfa6,ok,,"concat: range; even: mean, range; odd: mean, range",mean=lognormal; range=beta,16,5.0,3,1,2,357.9606834126928,357.9606834126928,11.932022780423091,2.386404556084619,0.0111536846036515,2.386404556084619,0.0111536846036515,-709.2286576524915,1.0,1089.0,1365.0,0.9689573708004208,0,8,0.6666055069354584,0.999916655509684,7.718543911912785,0.4522200297123779,6.890240206005058,7.304815904765272,7.652407952382636,0.9995374423506724,1.303662838453847,3,False,,False,5,5,30,0,[],59.20804497000063,"(30, 176)",,[],"{""feature_selection"": {""concat"": [""range""], ""even"": [""mean"", ""range""], ""odd"": [""mean"", ""range""]}, ""n_chunks"": 16, ""parameter_selection"": {""mean"": {""likelihood"": ""lognormal""}, ""range"": {""likelihood"": ""beta""}}, ""rem_profile_params"": {""rem_stage"": 2, ""step_size_hours"": 1, ""window_size_hours"": 3}, ""tau_threshold"": 5.0}",run_output_8day_rem_w3_s1_stage2_no_pareto,rem_w3_s1_stage2
114,9a516c8ec1966b6b,ok,,concat: range; even: range; odd: mean,mean=student_t; range=lognormal,16,5.0,2,2,2,214.70752835064064,214.70752835064064,7.15691761168802,2.385639203896006,0.0117410884931395,2.385639203896006,0.0117410884931395,-429.6246094745349,1.0,1987.0,2173.0,1.0097250937042397,0,7,0.4582519803852409,0.9701674058403776,6.534023202784596,0.6433014430097492,5.486508422125276,6.037534999037036,6.57005277981435,0.5176214768745591,0.7483358186045869,1,False,,False,3,3,30,0,[],26.93187247001333,"(30, 96)",,[],"{""feature_selection"": {""concat"": [""range""], ""even"": [""range""], ""odd"": [""mean""]}, ""n_chunks"": 16, ""parameter_selection"": {""mean"": {""likelihood"": ""student_t""}, ""range"": {""likelihood"": ""lognormal""}}, ""rem_profile_params"": {""rem_stage"": 2, ""step_size_hours"": 2, ""window_size_hours"": 2}, ""tau_threshold"": 5.0}",run_output_8day_rem_w2_s2_stage2_no_pareto,rem_w2_s2_stage2
39,4d5a7123784bb599,ok,,concat: range; odd: range,range=beta,16,5.0,2,2,2,143.00423048864727,143.00423048864727,4.766807682954909,2.3834038414774548,0.0112693562610989,2.3834038414774548,0.0112693562610989,-285.96001611818104,1.0,1974.0,1643.0,0.9918737552996296,0,7,0.8722434898848117,0.9999723039362765,6.979844480510605,0.2230306548248916,6.226291803935861,6.489423359017098,6.752554914098336,0.9649987331108932,0.8989217468756728,3,False,,False,2,2,30,0,[],21.480648801021744,"(30, 96)",,[],"{""feature_selection"": {""concat"": [""range""], ""odd"": [""range""]}, ""n_chunks"": 16, ""parameter_selection"": {""range"": {""likelihood"": ""beta""}}, ""rem_profile_params"": {""rem_stage"": 2, ""step_size_hours"": 2, ""window_size_hours"": 2}, ""tau_threshold"": 5.0}",run_output_8day_rem_w2_s2_stage2_no_pareto,rem_w2_s2_stage2
53,2c1acece7c562468,ok,,even: range; odd: mean,mean=student_t; range=beta,16,5.0,6,1,2,142.67561774236503,142.67561774236503,4.755853924745501,2.37792696237275,0.0140178992856511,2.37792696237275,0.0140178992856511,-286.6289169188267,1.0,766.0,900.0,0.9482216074059364,0,8,0.1383466399369175,0.7065962047872749,6.324433911942258,1.8978383587460523,4.394096798386504,6.544866175991719,7.424444590840743,0.5785776729216444,0.888256946389579,1,False,,False,2,2,30,0,[],26.449811484024394,"(30, 152)",,[],"{""feature_selection"": {""even"": [""range""], ""odd"": [""mean""]}, ""n_chunks"": 16, ""parameter_selection"": {""mean"": {""likelihood"": ""student_t""}, ""range"": {""likelihood"": ""beta""}}, ""rem_profile_params"": {""rem_stage"": 2, ""step_size_hours"": 1, ""window_size_hours"": 6}, ""tau_threshold"": 5.0}",run_output_8day_rem_w6_s1_stage2_no_pareto,rem_w6_s1_stage2
6,8ab3b346d478d49f,ok,,even: mean,mean=student_t,16,5.0,6,1,2,71.28217766653376,71.28217766653376,2.3760725888844587,2.3760725888844587,0.0143707841477944,2.3760725888844587,0.0143707841477944,-142.61829584381704,1.0,1639.0,1747.0,1.022545528167352,0,8,0.2235268870432234,0.790294874437811,6.8194041622400015,1.6223600563068907,5.675605319692063,7.038852062374179,7.5194260311870895,0.7306522498708861,0.5377340551248032,0,False,,False,1,1,30,0,[],13.332454588031396,"(30, 152)",,[],"{""feature_selection"": {""even"": [""mean""]}, ""n_chunks"": 16, ""parameter_selection"": {""mean"": {""likelihood"": ""student_t""}}, ""rem_profile_params"": {""rem_stage"": 2, ""step_size_hours"": 1, ""window_size_hours"": 6}, ""tau_threshold"": 5.0}",run_output_8day_rem_w6_s1_stage2_no_pareto,rem_w6_s1_stage2
108,219b1adab4a506ed,ok,,concat: range; even: mean; odd: range,mean=lognormal; range=lognormal,16,5.0,3,1,2,213.10914045762547,213.10914045762547,7.103638015254182,2.3678793384180614,0.0107203139710162,2.3678793384180614,0.0107203139710162,-423.96423148432,1.0,976.0,1183.0,0.9917065799518716,0,8,0.5300262795780085,0.9538153339683016,7.577923381365529,0.8438291466707304,6.844546317188049,7.30277580129042,7.65138790064521,0.9285786537217632,0.8211603458056862,1,False,,False,3,3,30,0,[],13.415938756021204,"(30, 176)",,[],"{""feature_selection"": {""concat"": [""range""], ""even"": [""mean""], ""odd"": [""range""]}, ""n_chunks"": 16, ""parameter_selection"": {""mean"": {""likelihood"": ""lognormal""}, ""range"": {""likelihood"": ""lognormal""}}, ""rem_profile_params"": {""rem_stage"": 2, ""step_size_hours"": 1, ""window_size_hours"": 3}, ""tau_threshold"": 5.0}",run_output_8day_rem_w3_s1_stage2_no_pareto,rem_w3_s1_stage2
161,61f6a715bc1109a5,ok,,"concat: mean; even: mean, range; odd: mean",mean=lognormal; range=beta,16,5.0,6,1,2,284.0599356945692,284.0599356945692,9.468664523152306,2.367166130788076,0.0158646840858623,2.367166130788076,0.0158646840858623,-532.8953528033699,1.06,61.0,96.0,1.015719755277631,0,8,0.346247567854969,0.6888612225582293,6.181867660486398,2.154299715873031,6.282474894246708,6.692379646492406,7.405666769541711,0.6786215789321637,1.5157839344095538,2,False,,False,4,4,30,0,[],36.62876995402621,"(30, 152)",,[],"{""feature_selection"": {""concat"": [""mean""], ""even"": [""mean"", ""range""], ""odd"": [""mean""]}, ""n_chunks"": 16, ""parameter_selection"": {""mean"": {""likelihood"": ""lognormal""}, ""range"": {""likelihood"": ""beta""}}, ""rem_profile_params"": {""rem_stage"": 2, ""step_size_hours"": 1, ""window_size_hours"": 6}, ""tau_threshold"": 5.0}",run_output_8day_rem_w6_s1_stage2_no_pareto,rem_w6_s1_stage2
169,7a7a98edf410e0d1,ok,,"concat: mean; even: mean; odd: mean, range",mean=lognormal; range=beta,16,5.0,6,1,2,282.94399593075445,282.94399593075445,9.431466531025148,2.357866632756287,0.0150441471093001,2.357866632756287,0.0150441471093001,-575.6061898069136,1.0,2925.0,1992.0,0.968744951054547,0,5,0.9091389995708952,0.031348096521916,5.044554795241246,0.2652318598059976,4.258011741731867,4.516129842677926,4.774247943623984,0.0132166262518691,1.4655803346091056,4,False,,False,4,4,30,0,[],34.99698894203175,"(30, 152)",,[],"{""feature_selection"": {""concat"": [""mean""], ""even"": [""mean""], ""odd"": [""mean"", ""range""]}, ""n_chunks"": 16, ""parameter_selection"": {""mean"": {""likelihood"": ""lognormal""}, ""range"": {""likelihood"": ""beta""}}, ""rem_profile_params"": {""rem_stage"": 2, ""step_size_hours"": 1, ""window_size_hours"": 6}, ""tau_threshold"": 5.0}",run_output_8day_rem_w6_s1_stage2_no_pareto,rem_w6_s1_stage2
158,cc46e0b0affe38da,ok,,"concat: mean, range; odd: mean, range",mean=lognormal; range=lognormal,16,5.0,6,1,2,282.5191099167725,282.5191099167725,9.417303663892415,2.3543259159731047,0.0151672326548802,2.3543259159731047,0.0151672326548802,-568.7819319310438,1.0,1908.0,1248.0,0.981635961650448,0,7,0.9165698665339416,0.9994244413431372,6.993136053335256,0.1727974200682644,6.2395397491554565,6.496771503643616,6.754003258131776,0.9828053836433346,1.862675195460446,3,False,,False,4,4,30,0,[],16.57142178801587,"(30, 152)",,[],"{""feature_selection"": {""concat"": [""mean"", ""range""], ""odd"": [""mean"", ""range""]}, ""n_chunks"": 16, ""parameter_selection"": {""mean"": {""likelihood"": ""lognormal""}, ""range"": {""likelihood"": ""lognormal""}}, ""rem_profile_params"": {""rem_stage"": 2, ""step_size_hours"": 1, ""window_size_hours"": 6}, ""tau_threshold"": 5.0}",run_output_8day_rem_w6_s1_stage2_no_pareto,rem_w6_s1_stage2
100,213bfda300a9e691,ok,,"concat: range; even: mean, range",mean=lognormal; range=lognormal,16,5.0,2,1,2,211.8533419197881,211.8533419197881,7.061778063992937,2.35392602133098,0.0109919259756154,2.35392602133098,0.0109919259756154,-424.2321320206185,1.0,697.0,751.0,0.9984400260841096,0,7,0.2607109262251201,0.8023173003797384,6.449997490847876,1.5523901500055488,5.778239531323806,6.434024993606274,6.895572802415112,0.7350921103527742,1.1327970120792787,3,False,,False,3,3,30,0,[],13.903661446995102,"(30, 184)",,[],"{""feature_selection"": {""concat"": [""range""], ""even"": [""mean"", ""range""]}, ""n_chunks"": 16, ""parameter_selection"": {""mean"": {""likelihood"": ""lognormal""}, ""range"": {""likelihood"": ""lognormal""}}, ""rem_profile_params"": {""rem_stage"": 2, ""step_size_hours"": 1, ""window_size_hours"": 2}, ""tau_threshold"": 5.0}",run_output_8day_rem_w2_s1_stage2_no_pareto,rem_w2_s1_stage2
45,a8d49bb1328015da,ok,,even: mean; odd: mean,mean=lognormal,16,5.0,3,1,2,141.23423059804762,141.23423059804762,4.707807686601587,2.353903843300793,0.0203887606277071,2.353903843300793,0.0203887606277071,-280.82364177852685,1.0,615.0,1125.0,1.0349064492107416,0,8,0.1451587603964446,0.6448776617517926,6.065058454805686,2.0486553486594703,3.0766532191402414,6.3720999295726015,7.364578829102311,0.5631486316536425,1.2876758817882477,2,False,,False,2,2,30,0,[],10.581755571998656,"(30, 176)",,[],"{""feature_selection"": {""even"": [""mean""], ""odd"": [""mean""]}, ""n_chunks"": 16, ""parameter_selection"": {""mean"": {""likelihood"": ""lognormal""}}, ""rem_profile_params"": {""rem_stage"": 2, ""step_size_hours"": 1, ""window_size_hours"": 3}, ""tau_threshold"": 5.0}",run_output_8day_rem_w3_s1_stage2_no_pareto,rem_w3_s1_stage2
196,384a22a3e95093c8,ok,,"even: mean, range; odd: mean, range",mean=student_t; range=lognormal,16,5.0,2,2,2,281.16950646184256,281.16950646184256,9.37231688206142,2.3430792205153548,0.0110639540826873,2.3430792205153548,0.0110639540826873,-561.9387301147239,1.0,2579.0,1474.0,1.054360398019774,0,8,0.8112617550732659,0.9855818608829336,7.856346214440437,0.5676725783544073,7.192388106887053,7.4615920712580355,7.730796035629018,0.9474048285991328,0.7009829732076349,1,False,,False,4,4,30,0,[],45.62451753497589,"(30, 96)",,[],"{""feature_selection"": {""even"": [""mean"", ""range""], ""odd"": [""mean"", ""range""]}, ""n_chunks"": 16, ""parameter_selection"": {""mean"": {""likelihood"": ""student_t""}, ""range"": {""likelihood"": ""lognormal""}}, ""rem_profile_params"": {""rem_stage"": 2, ""step_size_hours"": 2, ""window_size_hours"": 2}, ""tau_threshold"": 5.0}",run_output_8day_rem_w2_s2_stage2_no_pareto,rem_w2_s2_stage2
111,3d7093e85ef25d5d,ok,,concat: range; even: range; odd: mean,mean=lognormal; range=beta,16,5.0,2,2,2,210.6032083896023,210.6032083896023,7.020106946320076,2.3400356487733585,0.0125582018729254,2.3400356487733585,0.0125582018729254,-422.0554310614687,1.0,1496.0,1466.0,0.9351583972214034,0,7,0.4942242985150079,0.9887319650678832,7.117715270754273,0.6514912192684775,6.222487193854293,6.6062935844617625,6.990099975069233,0.8949215016340341,1.3949606595908088,3,False,,False,3,3,30,0,[],31.343132256995887,"(30, 96)",,[],"{""feature_selection"": {""concat"": [""range""], ""even"": [""range""], ""odd"": [""mean""]}, ""n_chunks"": 16, ""parameter_selection"": {""mean"": {""likelihood"": ""lognormal""}, ""range"": {""likelihood"": ""beta""}}, ""rem_profile_params"": {""rem_stage"": 2, ""step_size_hours"": 2, ""window_size_hours"": 2}, ""tau_threshold"": 5.0}",run_output_8day_rem_w2_s2_stage2_no_pareto,rem_w2_s2_stage2
150,b4024adaea2f7076,ok,,"concat: mean, range; even: range; odd: mean",mean=lognormal; range=lognormal,16,5.0,6,1,2,280.12086124635954,280.12086124635954,9.337362041545315,2.3343405103863297,0.0153812320614806,2.3343405103863297,0.0153812320614806,-570.5735912619881,1.0,1003.0,627.0,0.9770647805912184,0,7,0.9257844692616556,0.9998306672031748,7.021546592331834,0.1642238990395156,6.254248552609036,6.511160275776833,6.768071998944629,0.9974084769994894,2.2511484022578494,3,False,,False,4,4,30,0,[],16.631647253991105,"(30, 152)",,[],"{""feature_selection"": {""concat"": [""mean"", ""range""], ""even"": [""range""], ""odd"": [""mean""]}, ""n_chunks"": 16, ""parameter_selection"": {""mean"": {""likelihood"": ""lognormal""}, ""range"": {""likelihood"": ""lognormal""}}, ""rem_profile_params"": {""rem_stage"": 2, ""step_size_hours"": 1, ""window_size_hours"": 6}, ""tau_threshold"": 5.0}",run_output_8day_rem_w6_s1_stage2_no_pareto,rem_w6_s1_stage2
117,feff868b13fdc0b0,ok,,"concat: range; odd: mean, range",mean=lognormal; range=beta,16,5.0,2,2,2,210.0786593523376,210.0786593523376,7.002621978411253,2.334207326137084,0.0140459872316611,2.334207326137084,0.0140459872316611,-419.344103253604,1.0,1611.0,1583.0,0.8569215346880915,0,7,0.7577454839298493,0.9999762245121232,6.994099894821133,0.3378670621447976,6.2145021838744645,6.496688959077155,6.778875734279845,0.9400356454695578,1.1393571223143637,4,False,,False,3,3,30,0,[],33.38925172202289,"(30, 96)",,[],"{""feature_selection"": {""concat"": [""range""], ""odd"": [""mean"", ""range""]}, ""n_chunks"": 16, ""parameter_selection"": {""mean"": {""likelihood"": ""lognormal""}, ""range"": {""likelihood"": ""beta""}}, ""rem_profile_params"": {""rem_stage"": 2, ""step_size_hours"": 2, ""window_size_hours"": 2}, ""tau_threshold"": 5.0}",run_output_8day_rem_w2_s2_stage2_no_pareto,rem_w2_s2_stage2
205,a874eba7b51644eb,ok,,"concat: mean, range; even: mean; odd: mean, range",mean=lognormal; range=beta,16,5.0,6,1,2,349.798356244666,349.798356244666,11.659945208155534,2.331989041631107,0.0130922619809813,2.331989041631107,0.0130922619809813,-699.0996877285866,1.0,3304.0,1908.0,0.978324316145314,0,5,0.9872360326396196,0.0034117469659469,5.003424069450218,0.0586314379978561,4.250855807042716,4.501711680381482,4.752567553720247,1.24499062387828e-05,1.1986194503989642,4,False,,False,5,5,30,0,[],48.72777543502161,"(30, 152)",,[],"{""feature_selection"": {""concat"": [""mean"", ""range""], ""even"": [""mean""], ""odd"": [""mean"", ""range""]}, ""n_chunks"": 16, ""parameter_selection"": {""mean"": {""likelihood"": ""lognormal""}, ""range"": {""likelihood"": ""beta""}}, ""rem_profile_params"": {""rem_stage"": 2, ""step_size_hours"": 1, ""window_size_hours"": 6}, ""tau_threshold"": 5.0}",run_output_8day_rem_w6_s1_stage2_no_pareto,rem_w6_s1_stage2
181,42d34f6d8d38103a,ok,,"concat: range; even: mean, range; odd: range",mean=lognormal; range=beta,16,5.0,2,2,2,279.7670657819757,279.7670657819757,9.32556885939919,2.3313922148497976,0.0079069857088307,2.3313922148497976,0.0079069857088307,-559.3783153442392,1.0,1836.0,1401.0,0.9214677502602002,0,7,0.8417030205351144,0.999993401253532,6.987441313956361,0.2542542364112111,6.225977458789974,6.493290852297655,6.760604245805334,0.9613413172313432,1.2309188219896037,2,False,,False,4,4,30,0,[],47.63672068098094,"(30, 96)",,[],"{""feature_selection"": {""concat"": [""range""], ""even"": [""mean"", ""range""], ""odd"": [""range""]}, ""n_chunks"": 16, ""parameter_selection"": {""mean"": {""likelihood"": ""lognormal""}, ""range"": {""likelihood"": ""beta""}}, ""rem_profile_params"": {""rem_stage"": 2, ""step_size_hours"": 2, ""window_size_hours"": 2}, ""tau_threshold"": 5.0}",run_output_8day_rem_w2_s2_stage2_no_pareto,rem_w2_s2_stage2
108,844f611614bca521,ok,,concat: range; even: mean; odd: range,mean=lognormal; range=lognormal,16,5.0,2,2,2,209.75231379637543,209.75231379637543,6.991743793212515,2.3305812644041715,0.0092909380863254,2.3305812644041715,0.0092909380863254,-420.49403389596125,1.0,1226.0,1431.0,0.9408034819380288,0,7,0.3930058539856147,0.9461703719989688,6.994399844158832,0.7763452241996308,6.116066060506757,6.544948885657207,6.973831710807657,0.8176560436210298,0.5571707505073641,0,False,,False,3,3,30,0,[],13.252393706003204,"(30, 96)",,[],"{""feature_selection"": {""concat"": [""range""], ""even"": [""mean""], ""odd"": [""range""]}, ""n_chunks"": 16, ""parameter_selection"": {""mean"": {""likelihood"": ""lognormal""}, ""range"": {""likelihood"": ""lognormal""}}, ""rem_profile_params"": {""rem_stage"": 2, ""step_size_hours"": 2, ""window_size_hours"": 2}, ""tau_threshold"": 5.0}",run_output_8day_rem_w2_s2_stage2_no_pareto,rem_w2_s2_stage2
179,a311cb2838a4c5a5,ok,,"concat: range; even: mean, range; odd: mean",mean=student_t; range=beta,16,5.0,6,1,2,279.3671733492432,279.3671733492432,9.31223911164144,2.32805977791036,0.008480753642061,2.32805977791036,0.008480753642061,-560.3955795634113,1.01,766.0,644.0,0.8517578785347716,0,5,0.4464603723446492,0.2701207192339567,5.199899971009407,0.8968584320025129,4.2679120635957615,4.649303783215115,5.090194498303555,0.0470392717798224,0.8320414515885373,3,False,,False,4,4,30,0,[],60.22366425098153,"(30, 152)",,[],"{""feature_selection"": {""concat"": [""range""], ""even"": [""mean"", ""range""], ""odd"": [""mean""]}, ""n_chunks"": 16, ""parameter_selection"": {""mean"": {""likelihood"": ""student_t""}, ""range"": {""likelihood"": ""beta""}}, ""rem_profile_params"": {""rem_stage"": 2, ""step_size_hours"": 1, ""window_size_hours"": 6}, ""tau_threshold"": 5.0}",run_output_8day_rem_w6_s1_stage2_no_pareto,rem_w6_s1_stage2
114,b930ae7c4785ec2c,ok,,concat: range; even: range; odd: mean,mean=student_t; range=lognormal,16,5.0,3,1,2,209.50682655570145,209.50682655570145,6.983560885190047,2.327853628396683,0.0123029764660758,2.327853628396683,0.0123029764660758,-419.8229684171095,1.0,1229.0,1461.0,1.0157488450393823,0,7,0.3208643335435882,0.8786866494443895,6.713294847753798,0.991843799018056,5.927605429562718,6.404407462815492,6.825741242938172,0.7399567052858549,0.9451127236287964,2,False,,False,3,3,30,0,[],27.012037670006976,"(30, 176)",,[],"{""feature_selection"": {""concat"": [""range""], ""even"": [""range""], ""odd"": [""mean""]}, ""n_chunks"": 16, ""parameter_selection"": {""mean"": {""likelihood"": ""student_t""}, ""range"": {""likelihood"": ""lognormal""}}, ""rem_profile_params"": {""rem_stage"": 2, ""step_size_hours"": 1, ""window_size_hours"": 3}, ""tau_threshold"": 5.0}",run_output_8day_rem_w3_s1_stage2_no_pareto,rem_w3_s1_stage2
209,41a4de1896d44a80,ok,,"concat: mean, range; even: range; odd: mean, range",mean=lognormal; range=beta,16,5.0,6,1,2,348.246051466802,348.246051466802,11.608201715560066,2.321640343112013,0.0116530999359363,2.321640343112013,0.0116530999359363,-695.5648270081814,1.0,3216.0,2278.0,0.9806111111686928,0,5,0.9544275346665084,0.0150626813161093,5.015989269561889,0.1326696787305529,4.253822166690247,4.507645797066641,4.761469427443036,0.000929431171555,0.9807533716914236,5,False,,False,5,5,30,0,[],55.844254125026055,"(30, 152)",,[],"{""feature_selection"": {""concat"": [""mean"", ""range""], ""even"": [""range""], ""odd"": [""mean"", ""range""]}, ""n_chunks"": 16, ""parameter_selection"": {""mean"": {""likelihood"": ""lognormal""}, ""range"": {""likelihood"": ""beta""}}, ""rem_profile_params"": {""rem_stage"": 2, ""step_size_hours"": 1, ""window_size_hours"": 6}, ""tau_threshold"": 5.0}",run_output_8day_rem_w6_s1_stage2_no_pareto,rem_w6_s1_stage2
197,542e671bf524e7f6,ok,,"concat: mean, range; even: mean, range; odd: mean",mean=lognormal; range=beta,16,5.0,6,1,2,348.11090345744145,348.11090345744145,11.603696781914715,2.320739356382943,0.0128412324658373,2.320739356382943,0.0128412324658373,-684.494393603002,1.01,458.0,649.0,0.9793807389039264,0,3,0.3916640378385921,0.128836022324608,4.238302698953331,1.2554972181858433,3.45,4.076796751940649,4.698626525024633,0.0401057883313565,1.4021021541754075,2,False,,False,5,5,30,0,[],49.44329899799777,"(30, 152)",,[],"{""feature_selection"": {""concat"": [""mean"", ""range""], ""even"": [""mean"", ""range""], ""odd"": [""mean""]}, ""n_chunks"": 16, ""parameter_selection"": {""mean"": {""likelihood"": ""lognormal""}, ""range"": {""likelihood"": ""beta""}}, ""rem_profile_params"": {""rem_stage"": 2, ""step_size_hours"": 1, ""window_size_hours"": 6}, ""tau_threshold"": 5.0}",run_output_8day_rem_w6_s1_stage2_no_pareto,rem_w6_s1_stage2
70,3cb6c257c52f41c6,ok,,"concat: mean, range; odd: mean",mean=lognormal; range=lognormal,16,5.0,6,1,2,208.76234683291983,208.76234683291983,6.958744894430662,2.319581631476887,0.020976330436026,2.319581631476887,0.020976330436026,-426.50618786969903,1.01,831.0,463.0,0.9678940758494198,0,7,0.8605292726192285,0.9977437804607738,7.021907087811798,0.2511985695826105,6.248687075295451,6.513015715583139,6.7773443558708255,0.9852063278356706,2.611087897842267,4,False,,False,3,3,30,0,[],13.184454787988216,"(30, 152)",,[],"{""feature_selection"": {""concat"": [""mean"", ""range""], ""odd"": [""mean""]}, ""n_chunks"": 16, ""parameter_selection"": {""mean"": {""likelihood"": ""lognormal""}, ""range"": {""likelihood"": ""lognormal""}}, ""rem_profile_params"": {""rem_stage"": 2, ""step_size_hours"": 1, ""window_size_hours"": 6}, ""tau_threshold"": 5.0}",run_output_8day_rem_w6_s1_stage2_no_pareto,rem_w6_s1_stage2
217,e2566af607b31e31,ok,,"concat: range; even: mean, range; odd: mean, range",mean=lognormal; range=beta,16,5.0,2,2,2,347.20313517757984,347.20313517757984,11.57343783925266,2.3146875678505325,0.0090959992052743,2.3146875678505325,0.0090959992052743,-693.2609974356205,1.0,1298.0,1031.0,0.9041086972564748,0,7,0.7273216761361553,0.9999983718411636,7.035035638437696,0.3677692810095586,6.2307776491327145,6.5202877412579845,6.809797833383254,0.9492829053372508,1.557721612254143,5,False,,False,5,5,30,0,[],60.49154547002399,"(30, 96)",,[],"{""feature_selection"": {""concat"": [""range""], ""even"": [""mean"", ""range""], ""odd"": [""mean"", ""range""]}, ""n_chunks"": 16, ""parameter_selection"": {""mean"": {""likelihood"": ""lognormal""}, ""range"": {""likelihood"": ""beta""}}, ""rem_profile_params"": {""rem_stage"": 2, ""step_size_hours"": 2, ""window_size_hours"": 2}, ""tau_threshold"": 5.0}",run_output_8day_rem_w2_s2_stage2_no_pareto,rem_w2_s2_stage2
44,573e54a69b89c51b,ok,,"even: mean, range",mean=student_t; range=lognormal,16,5.0,6,1,2,138.52567927691663,138.52567927691663,4.617522642563888,2.308761321281943,0.0160984739839487,2.308761321281943,0.0160984739839487,-276.9058135585095,1.0,1821.0,1701.0,1.0072954858319805,0,8,0.5513038705250832,0.9488938456523272,7.558716429989122,1.007259747863895,6.934701512313042,7.321516014453708,7.660758007226854,0.936986580263624,0.6874253693902868,0,False,,False,2,2,30,0,[],18.304970194993075,"(30, 152)",,[],"{""feature_selection"": {""even"": [""mean"", ""range""]}, ""n_chunks"": 16, ""parameter_selection"": {""mean"": {""likelihood"": ""student_t""}, ""range"": {""likelihood"": ""lognormal""}}, ""rem_profile_params"": {""rem_stage"": 2, ""step_size_hours"": 1, ""window_size_hours"": 6}, ""tau_threshold"": 5.0}",run_output_8day_rem_w6_s1_stage2_no_pareto,rem_w6_s1_stage2
127,99d3885af3fc3770,ok,,"even: mean, range; odd: range",mean=student_t; range=beta,16,5.0,2,2,2,207.56281967443948,207.56281967443948,6.9187606558146495,2.3062535519382164,0.0083441206323901,2.3062535519382164,0.0083441206323901,-415.0410914594057,1.0,1338.0,1706.0,0.9201455478890924,0,7,0.3950335828147098,0.9999492755012392,6.929236740860313,0.7688239479113711,5.75037268988217,6.412629242516162,7.047594106339625,0.6668490989203343,0.8972368181926151,1,False,,False,3,3,30,0,[],39.5108185269637,"(30, 96)",,[],"{""feature_selection"": {""even"": [""mean"", ""range""], ""odd"": [""range""]}, ""n_chunks"": 16, ""parameter_selection"": {""mean"": {""likelihood"": ""student_t""}, ""range"": {""likelihood"": ""beta""}}, ""rem_profile_params"": {""rem_stage"": 2, ""step_size_hours"": 2, ""window_size_hours"": 2}, ""tau_threshold"": 5.0}",run_output_8day_rem_w2_s2_stage2_no_pareto,rem_w2_s2_stage2
127,94a782a6629bf39e,ok,,"even: mean, range; odd: range",mean=student_t; range=beta,16,5.0,3,1,2,207.53843144852272,207.53843144852272,6.917947714950757,2.305982571650252,0.0083787910352072,2.305982571650252,0.0083787910352072,-414.0217254144913,1.03,264.0,77.0,0.9763848099624688,0,8,0.6016270405452098,0.8563551434328885,7.2485396830584445,1.6888371490817125,7.0648866546454965,7.376591103096997,7.688295551548498,0.8466209964912055,0.99604999415823,1,False,,False,3,3,30,0,[],44.59105810604524,"(30, 176)",,[],"{""feature_selection"": {""even"": [""mean"", ""range""], ""odd"": [""range""]}, ""n_chunks"": 16, ""parameter_selection"": {""mean"": {""likelihood"": ""student_t""}, ""range"": {""likelihood"": ""beta""}}, ""rem_profile_params"": {""rem_stage"": 2, ""step_size_hours"": 1, ""window_size_hours"": 3}, ""tau_threshold"": 5.0}",run_output_8day_rem_w3_s1_stage2_no_pareto,rem_w3_s1_stage2
113,bbafbe1c31ab7bee,ok,,concat: range; even: range; odd: mean,mean=student_t; range=beta,16,5.0,6,1,2,207.420244326644,207.420244326644,6.914008144221466,2.3046693814071557,0.0098560202318454,2.3046693814071557,0.0098560202318454,-415.3755114095752,1.0,1936.0,1588.0,0.9656683521991958,0,5,0.5318920954607558,0.2307768340602396,5.1043756771682895,0.7473587620388502,4.255478504822483,4.613957066651471,4.972435628480459,0.0111674707127755,0.6891252047346882,0,False,,False,3,3,30,0,[],38.09894337301375,"(30, 152)",,[],"{""feature_selection"": {""concat"": [""range""], ""even"": [""range""], ""odd"": [""mean""]}, ""n_chunks"": 16, ""parameter_selection"": {""mean"": {""likelihood"": ""student_t""}, ""range"": {""likelihood"": ""beta""}}, ""rem_profile_params"": {""rem_stage"": 2, ""step_size_hours"": 1, ""window_size_hours"": 6}, ""tau_threshold"": 5.0}",run_output_8day_rem_w6_s1_stage2_no_pareto,rem_w6_s1_stage2
131,69e86acd03923379,ok,,"even: mean; odd: mean, range",mean=student_t; range=beta,16,5.0,6,1,2,207.3177253611883,207.3177253611883,6.910590845372943,2.303530281790981,0.0101118526096782,2.303530281790981,0.0101118526096782,-414.71121396111033,1.01,3094.0,2005.0,1.0203024076074627,0,5,0.9107111588765512,0.0331545965639977,5.0371263098517325,0.2127184480789596,4.258468067565492,4.5170775002549455,4.775686932944399,0.0040238895311555,1.0015328078698729,2,False,,False,3,3,30,0,[],40.24359116097912,"(30, 152)",,[],"{""feature_selection"": {""even"": [""mean""], ""odd"": [""mean"", ""range""]}, ""n_chunks"": 16, ""parameter_selection"": {""mean"": {""likelihood"": ""student_t""}, ""range"": {""likelihood"": ""beta""}}, ""rem_profile_params"": {""rem_stage"": 2, ""step_size_hours"": 1, ""window_size_hours"": 6}, ""tau_threshold"": 5.0}",run_output_8day_rem_w6_s1_stage2_no_pareto,rem_w6_s1_stage2
102,364d96aa0103c373,ok,,"concat: range; even: mean, range",mean=student_t; range=lognormal,16,5.0,3,1,2,207.10203829323345,207.10203829323345,6.903401276441114,2.301133758813705,0.0078951897008391,2.301133758813705,0.0078951897008391,-415.67460820001565,1.0,1269.0,1586.0,1.0040567715566586,0,7,0.4062796661553037,0.9203958778726556,7.000550377745643,0.9523441546521696,6.201302773561232,6.605255181011326,7.022285769562721,0.8745832243159131,0.7673671668856412,2,False,,False,3,3,30,0,[],25.352878229983617,"(30, 176)",,[],"{""feature_selection"": {""concat"": [""range""], ""even"": [""mean"", ""range""]}, ""n_chunks"": 16, ""parameter_selection"": {""mean"": {""likelihood"": ""student_t""}, ""range"": {""likelihood"": ""lognormal""}}, ""rem_profile_params"": {""rem_stage"": 2, ""step_size_hours"": 1, ""window_size_hours"": 3}, ""tau_threshold"": 5.0}",run_output_8day_rem_w3_s1_stage2_no_pareto,rem_w3_s1_stage2
135,050defdb0597593a,ok,,"even: range; odd: mean, range",mean=student_t; range=beta,16,5.0,3,1,2,207.05002704475632,207.05002704475632,6.901667568158544,2.3005558560528483,0.0114517731418519,2.3005558560528483,0.0114517731418519,-411.6480735008299,1.01,310.0,329.0,1.0016531079410584,0,8,0.4816232184094156,0.8042973117812195,6.946395037206826,1.8973192398987508,6.401397788241034,7.303280181431807,7.651640090715904,0.7716935078538499,1.0454715327596271,1,False,,False,3,3,30,0,[],45.24739960202714,"(30, 176)",,[],"{""feature_selection"": {""even"": [""range""], ""odd"": [""mean"", ""range""]}, ""n_chunks"": 16, ""parameter_selection"": {""mean"": {""likelihood"": ""student_t""}, ""range"": {""likelihood"": ""beta""}}, ""rem_profile_params"": {""rem_stage"": 2, ""step_size_hours"": 1, ""window_size_hours"": 3}, ""tau_threshold"": 5.0}",run_output_8day_rem_w3_s1_stage2_no_pareto,rem_w3_s1_stage2
173,2b534b436109853b,ok,,"concat: mean; even: range; odd: mean, range",mean=lognormal; range=beta,16,5.0,6,1,2,276.0338672095682,276.0338672095682,9.201128906985607,2.3002822267464014,0.0141587768152529,2.3002822267464014,0.0141587768152529,-560.9190487167999,1.0,1063.0,688.0,0.8476230258099561,0,5,0.6951531897608227,0.1479401366239482,5.24227787211148,0.6231011640086994,4.293389030935451,4.586802947079199,4.880216863222947,0.0864824660120051,1.535491146628365,4,False,,False,4,4,30,0,[],41.80625148996478,"(30, 152)",,[],"{""feature_selection"": {""concat"": [""mean""], ""even"": [""range""], ""odd"": [""mean"", ""range""]}, ""n_chunks"": 16, ""parameter_selection"": {""mean"": {""likelihood"": ""lognormal""}, ""range"": {""likelihood"": ""beta""}}, ""rem_profile_params"": {""rem_stage"": 2, ""step_size_hours"": 1, ""window_size_hours"": 6}, ""tau_threshold"": 5.0}",run_output_8day_rem_w6_s1_stage2_no_pareto,rem_w6_s1_stage2
189,a4385cbcab8cdd4f,ok,,"concat: range; even: range; odd: mean, range",mean=lognormal; range=beta,16,5.0,3,1,2,276.0326259189949,276.0326259189949,9.201087530633163,2.3002718826582904,0.0120315506895008,2.3002718826582904,0.0120315506895008,-544.6764435897472,1.01,695.0,701.0,0.9871971741200416,0,8,0.6200071997008849,0.9810525184145632,7.63597349124808,0.7810357803151616,6.860645264840881,7.298583795765086,7.649291897882543,0.97947583115955,1.1807196261994413,2,False,,False,4,4,30,0,[],50.76349822798511,"(30, 176)",,[],"{""feature_selection"": {""concat"": [""range""], ""even"": [""range""], ""odd"": [""mean"", ""range""]}, ""n_chunks"": 16, ""parameter_selection"": {""mean"": {""likelihood"": ""lognormal""}, ""range"": {""likelihood"": ""beta""}}, ""rem_profile_params"": {""rem_stage"": 2, ""step_size_hours"": 1, ""window_size_hours"": 3}, ""tau_threshold"": 5.0}",run_output_8day_rem_w3_s1_stage2_no_pareto,rem_w3_s1_stage2
210,fe4bc5f275006f31,ok,,"concat: mean, range; even: range; odd: mean, range",mean=lognormal; range=lognormal,16,5.0,6,1,2,344.99960844226365,344.99960844226365,11.499986948075454,2.2999973896150907,0.0132496991369243,2.2999973896150907,0.0132496991369243,-703.0746665084986,1.01,736.0,483.0,1.0087027422017143,0,7,0.9026715049577192,0.9999849819312572,7.033849280239203,0.1947204108564162,6.257469414460072,6.517619614691632,6.777769814923191,0.9974238096212288,2.794069847745277,3,False,,False,5,5,30,0,[],19.417144713981543,"(30, 152)",,[],"{""feature_selection"": {""concat"": [""mean"", ""range""], ""even"": [""range""], ""odd"": [""mean"", ""range""]}, ""n_chunks"": 16, ""parameter_selection"": {""mean"": {""likelihood"": ""lognormal""}, ""range"": {""likelihood"": ""lognormal""}}, ""rem_profile_params"": {""rem_stage"": 2, ""step_size_hours"": 1, ""window_size_hours"": 6}, ""tau_threshold"": 5.0}",run_output_8day_rem_w6_s1_stage2_no_pareto,rem_w6_s1_stage2
36,6a171fa42b853ca7,ok,,concat: range; odd: mean,mean=lognormal; range=lognormal,16,5.0,3,1,2,137.87817814222393,137.87817814222393,4.595939271407464,2.297969635703732,0.0220714476523267,2.297969635703732,0.0220714476523267,-275.9165680642792,1.0,1005.0,1245.0,0.9515241561455976,0,7,0.169909203717067,0.7959838805030999,6.459997769043568,1.240991830234036,5.232265129539606,6.232597709438859,6.825936504792179,0.5980037506650614,1.4323833117046894,2,False,,False,2,2,30,0,[],10.32947624399094,"(30, 176)",,[],"{""feature_selection"": {""concat"": [""range""], ""odd"": [""mean""]}, ""n_chunks"": 16, ""parameter_selection"": {""mean"": {""likelihood"": ""lognormal""}, ""range"": {""likelihood"": ""lognormal""}}, ""rem_profile_params"": {""rem_stage"": 2, ""step_size_hours"": 1, ""window_size_hours"": 3}, ""tau_threshold"": 5.0}",run_output_8day_rem_w3_s1_stage2_no_pareto,rem_w3_s1_stage2
186,a2c10d5f921e252a,ok,,"concat: range; even: mean; odd: mean, range",mean=lognormal; range=lognormal,16,5.0,2,2,2,274.7955993411831,274.7955993411831,9.15985331137277,2.289963327843193,0.0130483174255239,2.289963327843193,0.0130483174255239,-546.819820521814,1.0,657.0,1134.0,0.9971038433762583,0,8,0.3899492051320888,0.9509525454293826,7.33046149889568,0.8754308894658007,6.311491657432152,7.074384978795067,7.537192489397533,0.8449251381515464,1.3143402439266096,3,False,,False,4,4,30,0,[],17.689747583994176,"(30, 96)",,[],"{""feature_selection"": {""concat"": [""range""], ""even"": [""mean""], ""odd"": [""mean"", ""range""]}, ""n_chunks"": 16, ""parameter_selection"": {""mean"": {""likelihood"": ""lognormal""}, ""range"": {""likelihood"": ""lognormal""}}, ""rem_profile_params"": {""rem_stage"": 2, ""step_size_hours"": 2, ""window_size_hours"": 2}, ""tau_threshold"": 5.0}",run_output_8day_rem_w2_s2_stage2_no_pareto,rem_w2_s2_stage2
218,e500a097ebc730ee,ok,,"concat: range; even: mean, range; odd: mean, range",mean=lognormal; range=lognormal,16,5.0,2,1,2,343.4174249030636,343.4174249030636,11.447247496768789,2.289449499353758,0.0118561853811785,2.289449499353758,0.0118561853811785,-685.4584360331614,1.01,368.0,288.0,1.0013733183074924,0,8,0.3977998296290018,0.8993197403449913,7.168414305645783,1.4025383205447426,6.39911851718669,7.114496775418829,7.557248387709414,0.8731130379787424,1.402844085874278,5,False,,False,5,5,30,0,[],22.19531433697557,"(30, 184)",,[],"{""feature_selection"": {""concat"": [""range""], ""even"": [""mean"", ""range""], ""odd"": [""mean"", ""range""]}, ""n_chunks"": 16, ""parameter_selection"": {""mean"": {""likelihood"": ""lognormal""}, ""range"": {""likelihood"": ""lognormal""}}, ""rem_profile_params"": {""rem_stage"": 2, ""step_size_hours"": 1, ""window_size_hours"": 2}, ""tau_threshold"": 5.0}",run_output_8day_rem_w2_s1_stage2_no_pareto,rem_w2_s1_stage2
48,7b00970363c43bbb,ok,,even: mean; odd: range,mean=lognormal; range=lognormal,16,5.0,3,1,2,136.8958709119464,136.8958709119464,4.56319569706488,2.28159784853244,0.0125599682503286,2.28159784853244,0.0125599682503286,-274.6150530686065,1.0,1691.0,737.0,1.0579079891879428,0,8,0.7305962036013159,0.9500776093658376,7.736749381403041,0.915309824195376,7.164307186537304,7.442871457691536,7.721435728845767,0.9383298587549466,0.865881883204465,1,False,,False,2,2,30,0,[],9.75391510303598,"(30, 176)",,[],"{""feature_selection"": {""even"": [""mean""], ""odd"": [""range""]}, ""n_chunks"": 16, ""parameter_selection"": {""mean"": {""likelihood"": ""lognormal""}, ""range"": {""likelihood"": ""lognormal""}}, ""rem_profile_params"": {""rem_stage"": 2, ""step_size_hours"": 1, ""window_size_hours"": 3}, ""tau_threshold"": 5.0}",run_output_8day_rem_w3_s1_stage2_no_pareto,rem_w3_s1_stage2
186,e0fe99d5ff2dd9be,ok,,"concat: range; even: mean; odd: mean, range",mean=lognormal; range=lognormal,16,5.0,3,1,2,272.87101279371655,272.87101279371655,9.09570042645722,2.2739251066143047,0.0136815531201623,2.2739251066143047,0.0136815531201623,-544.3117965818906,1.0,882.0,421.0,1.0084002762235,0,8,0.7472323630175777,0.9814076334628218,7.830176714055062,0.5769425034794479,7.1553351806500425,7.436890120433361,7.71844506021668,0.9694141498244664,1.4552289669268974,2,False,,False,4,4,30,0,[],17.650487196980976,"(30, 176)",,[],"{""feature_selection"": {""concat"": [""range""], ""even"": [""mean""], ""odd"": [""mean"", ""range""]}, ""n_chunks"": 16, ""parameter_selection"": {""mean"": {""likelihood"": ""lognormal""}, ""range"": {""likelihood"": ""lognormal""}}, ""rem_profile_params"": {""rem_stage"": 2, ""step_size_hours"": 1, ""window_size_hours"": 3}, ""tau_threshold"": 5.0}",run_output_8day_rem_w3_s1_stage2_no_pareto,rem_w3_s1_stage2
44,b7f6ec98f89349ec,ok,,"even: mean, range",mean=student_t; range=lognormal,16,5.0,2,2,2,136.18993481820502,136.18993481820502,4.539664493940167,2.269832246970084,0.0121957061791707,2.269832246970084,0.0121957061791707,-273.2878105585931,1.0,1336.0,1698.0,0.9571201361263244,0,8,0.3036654163649125,0.8627198729999932,7.077612952973823,1.4461966947805192,6.012677427318646,7.176781492785114,7.588390746392557,0.751831371194768,0.71028115826507,1,False,,False,2,2,30,0,[],17.772215982025955,"(30, 96)",,[],"{""feature_selection"": {""even"": [""mean"", ""range""]}, ""n_chunks"": 16, ""parameter_selection"": {""mean"": {""likelihood"": ""student_t""}, ""range"": {""likelihood"": ""lognormal""}}, ""rem_profile_params"": {""rem_stage"": 2, ""step_size_hours"": 2, ""window_size_hours"": 2}, ""tau_threshold"": 5.0}",run_output_8day_rem_w2_s2_stage2_no_pareto,rem_w2_s2_stage2
198,a6ecb065f0e3a47d,ok,,"concat: mean, range; even: mean, range; odd: mean",mean=lognormal; range=lognormal,16,5.0,6,1,2,339.9702296667388,339.9702296667388,11.332340988891293,2.266468197778259,0.0135424053835742,2.266468197778259,0.0135424053835742,-689.8701154368936,1.0,2189.0,1914.0,1.003624351865162,0,7,0.961926565807738,0.999715899995858,7.007541644695206,0.1105664124275849,6.25106920817279,6.503958523056883,6.756847837940976,0.9982006883998472,1.9474481041577756,3,False,,False,5,5,30,0,[],20.164953708997928,"(30, 152)",,[],"{""feature_selection"": {""concat"": [""mean"", ""range""], ""even"": [""mean"", ""range""], ""odd"": [""mean""]}, ""n_chunks"": 16, ""parameter_selection"": {""mean"": {""likelihood"": ""lognormal""}, ""range"": {""likelihood"": ""lognormal""}}, ""rem_profile_params"": {""rem_stage"": 2, ""step_size_hours"": 1, ""window_size_hours"": 6}, ""tau_threshold"": 5.0}",run_output_8day_rem_w6_s1_stage2_no_pareto,rem_w6_s1_stage2
192,6dbb590a8bf512d3,ok,,"concat: range; even: range; odd: mean, range",mean=student_t; range=lognormal,16,5.0,2,1,2,271.855163734396,271.855163734396,9.061838791146531,2.2654596977866333,0.0110115473302348,2.2654596977866333,0.0110115473302348,-543.1887815808467,1.0,494.0,464.0,1.0651211817739257,0,7,0.2319948511437581,0.8635866372029315,6.803220674903406,1.4430473873748464,6.023300254508349,6.665278131591188,7.323688411554165,0.7590736205016233,0.9901997249593292,2,False,,False,4,4,30,0,[],37.64539080898976,"(30, 184)",,[],"{""feature_selection"": {""concat"": [""range""], ""even"": [""range""], ""odd"": [""mean"", ""range""]}, ""n_chunks"": 16, ""parameter_selection"": {""mean"": {""likelihood"": ""student_t""}, ""range"": {""likelihood"": ""lognormal""}}, ""rem_profile_params"": {""rem_stage"": 2, ""step_size_hours"": 1, ""window_size_hours"": 2}, ""tau_threshold"": 5.0}",run_output_8day_rem_w2_s1_stage2_no_pareto,rem_w2_s1_stage2
187,748f72457dc335f8,ok,,"concat: range; even: mean; odd: mean, range",mean=student_t; range=beta,16,5.0,6,1,2,271.4852066516291,271.4852066516291,9.049506888387636,2.262376722096909,0.0092506784662088,2.262376722096909,0.0092506784662088,-543.5924367701992,1.01,3225.0,2199.0,0.99354929664516,0,5,0.979679230947292,0.0059377131917161,5.00594172268274,0.0769427731600051,4.251492854494179,4.502986297575606,4.7544797406570325,5.157666057524557e-06,1.067662366121288,2,False,,False,4,4,30,0,[],57.68535945902113,"(30, 152)",,[],"{""feature_selection"": {""concat"": [""range""], ""even"": [""mean""], ""odd"": [""mean"", ""range""]}, ""n_chunks"": 16, ""parameter_selection"": {""mean"": {""likelihood"": ""student_t""}, ""range"": {""likelihood"": ""beta""}}, ""rem_profile_params"": {""rem_stage"": 2, ""step_size_hours"": 1, ""window_size_hours"": 6}, ""tau_threshold"": 5.0}",run_output_8day_rem_w6_s1_stage2_no_pareto,rem_w6_s1_stage2
47,e318b06c25d419c2,ok,,even: mean; odd: range,mean=lognormal; range=beta,16,5.0,3,1,2,135.61323138343525,135.61323138343525,4.520441046114509,2.260220523057254,0.0145253263239035,2.260220523057254,0.0145253263239035,-263.9855440609425,1.0,430.0,506.0,0.9932761936896336,0,8,0.3642460834637917,0.7615152942944262,6.625163825663606,2.022210620923088,5.389690412037966,7.136415723402915,7.568207861701458,0.7319654415428417,0.9638362361846232,2,False,,False,2,2,30,0,[],22.44191187096294,"(30, 176)",,[],"{""feature_selection"": {""even"": [""mean""], ""odd"": [""range""]}, ""n_chunks"": 16, ""parameter_selection"": {""mean"": {""likelihood"": ""lognormal""}, ""range"": {""likelihood"": ""beta""}}, ""rem_profile_params"": {""rem_stage"": 2, ""step_size_hours"": 1, ""window_size_hours"": 3}, ""tau_threshold"": 5.0}",run_output_8day_rem_w3_s1_stage2_no_pareto,rem_w3_s1_stage2
213,8fd256f0959c78ee,ok,,"concat: mean; even: mean, range; odd: mean, range",mean=lognormal; range=beta,16,5.0,6,1,2,338.8088080061058,338.8088080061058,11.29362693353686,2.258725386707372,0.0124173805922043,2.258725386707372,0.0124173805922043,-683.0891761964164,1.0,1221.0,851.0,0.9417694653831588,0,5,0.8486604348838189,0.0566845857561813,5.100395656047884,0.4363814994397169,4.265008945918799,4.530036608286164,4.795064270653528,0.0374822497288423,1.3037896497159067,4,False,,False,5,5,30,0,[],51.799077991978265,"(30, 152)",,[],"{""feature_selection"": {""concat"": [""mean""], ""even"": [""mean"", ""range""], ""odd"": [""mean"", ""range""]}, ""n_chunks"": 16, ""parameter_selection"": {""mean"": {""likelihood"": ""lognormal""}, ""range"": {""likelihood"": ""beta""}}, ""rem_profile_params"": {""rem_stage"": 2, ""step_size_hours"": 1, ""window_size_hours"": 6}, ""tau_threshold"": 5.0}",run_output_8day_rem_w6_s1_stage2_no_pareto,rem_w6_s1_stage2
221,46adf7ab0f8d5f46,ok,,"concat: mean, range; even: mean, range; odd: mean, range",mean=lognormal; range=beta,16,5.0,6,1,2,406.38811727289954,406.38811727289954,13.546270575763318,2.2577117626272205,0.0110169750050585,2.2577117626272205,0.0110169750050585,-811.530924025803,1.01,3137.0,2206.0,1.004865407692792,0,5,0.9890215256274332,0.0028532593309825,5.002869424978225,0.0538039957072816,4.250715251869248,4.501430642616928,4.752146033364607,1.6426989370225454e-05,1.160753921785182,4,False,,False,6,6,30,0,[],64.85195130697684,"(30, 152)",,[],"{""feature_selection"": {""concat"": [""mean"", ""range""], ""even"": [""mean"", ""range""], ""odd"": [""mean"", ""range""]}, ""n_chunks"": 16, ""parameter_selection"": {""mean"": {""likelihood"": ""lognormal""}, ""range"": {""likelihood"": ""beta""}}, ""rem_profile_params"": {""rem_stage"": 2, ""step_size_hours"": 1, ""window_size_hours"": 6}, ""tau_threshold"": 5.0}",run_output_8day_rem_w6_s1_stage2_no_pareto,rem_w6_s1_stage2
206,5d22ba528f14f914,ok,,"concat: mean, range; even: mean; odd: mean, range",mean=lognormal; range=lognormal,16,5.0,6,1,2,335.6578331110647,335.6578331110647,11.188594437035489,2.237718887407098,0.0133289630736506,2.237718887407098,0.0133289630736506,-676.5383550685112,1.01,562.0,318.0,0.9966700949404828,0,7,0.8759942580736568,0.9988294860910102,7.022182294412013,0.2251945140458013,6.249790793487322,6.512273510835477,6.774756228183632,0.987911657585442,2.4036182259295287,4,False,,False,5,5,30,0,[],19.60950141598005,"(30, 152)",,[],"{""feature_selection"": {""concat"": [""mean"", ""range""], ""even"": [""mean""], ""odd"": [""mean"", ""range""]}, ""n_chunks"": 16, ""parameter_selection"": {""mean"": {""likelihood"": ""lognormal""}, ""range"": {""likelihood"": ""lognormal""}}, ""rem_profile_params"": {""rem_stage"": 2, ""step_size_hours"": 1, ""window_size_hours"": 6}, ""tau_threshold"": 5.0}",run_output_8day_rem_w6_s1_stage2_no_pareto,rem_w6_s1_stage2
59,d36a9d423f594f69,ok,,"odd: mean, range",mean=student_t; range=beta,16,5.0,6,1,2,134.1277051132358,134.1277051132358,4.470923503774527,2.235461751887263,0.0134057303330683,2.235461751887263,0.0134057303330683,-269.292539183287,1.0,2585.0,2198.0,0.974177710210627,0,5,0.9291935895710148,0.0265906715665026,5.027464698418281,0.1692809586361447,4.256816338146451,4.513650067213392,4.770483796280335,0.0008745643561131,0.9784801120968448,3,False,,False,2,2,30,0,[],23.914247461012565,"(30, 152)",,[],"{""feature_selection"": {""odd"": [""mean"", ""range""]}, ""n_chunks"": 16, ""parameter_selection"": {""mean"": {""likelihood"": ""student_t""}, ""range"": {""likelihood"": ""beta""}}, ""rem_profile_params"": {""rem_stage"": 2, ""step_size_hours"": 1, ""window_size_hours"": 6}, ""tau_threshold"": 5.0}",run_output_8day_rem_w6_s1_stage2_no_pareto,rem_w6_s1_stage2
9,ede32aa208e3b024,ok,,odd: mean,mean=lognormal,16,5.0,2,2,2,66.98925259733377,66.98925259733377,2.2329750865777926,2.2329750865777926,0.0357438056283307,2.2329750865777926,0.0357438056283307,-134.656396126633,1.0,1011.0,1511.0,1.0611837435306424,0,8,0.0782189358363837,0.5504828956549784,5.794728148361253,1.9464895073105124,3.449032775563926,5.373871647279733,7.256047916046461,0.4154555513182554,1.3756476311470722,2,False,,False,1,1,30,0,[],6.545925468031783,"(30, 96)",,[],"{""feature_selection"": {""odd"": [""mean""]}, ""n_chunks"": 16, ""parameter_selection"": {""mean"": {""likelihood"": ""lognormal""}}, ""rem_profile_params"": {""rem_stage"": 2, ""step_size_hours"": 2, ""window_size_hours"": 2}, ""tau_threshold"": 5.0}",run_output_8day_rem_w2_s2_stage2_no_pareto,rem_w2_s2_stage2
128,7250999d3edf14f8,ok,,"even: mean, range; odd: range",mean=student_t; range=lognormal,16,5.0,6,1,2,200.6042815587817,200.6042815587817,6.686809385292723,2.2289364617642407,0.012787726976803,2.2289364617642407,0.012787726976803,-401.41212217927256,1.0,2143.0,2299.0,1.0435010128196989,0,8,0.642569157392619,0.9927966100224342,7.731247553577366,0.5653436914973764,7.025731094740643,7.350487396493762,7.675243698246881,0.9751666707190412,0.7330332934965292,1,False,,False,3,3,30,0,[],26.350683810014743,"(30, 152)",,[],"{""feature_selection"": {""even"": [""mean"", ""range""], ""odd"": [""range""]}, ""n_chunks"": 16, ""parameter_selection"": {""mean"": {""likelihood"": ""student_t""}, ""range"": {""likelihood"": ""lognormal""}}, ""rem_profile_params"": {""rem_stage"": 2, ""step_size_hours"": 1, ""window_size_hours"": 6}, ""tau_threshold"": 5.0}",run_output_8day_rem_w6_s1_stage2_no_pareto,rem_w6_s1_stage2
142,6ea519143a647072,ok,,"concat: mean, range; even: mean; odd: mean",mean=lognormal; range=lognormal,16,5.0,6,1,2,267.4282726193145,267.4282726193145,8.914275753977153,2.2285689384942877,0.0165870472657764,2.2285689384942877,0.0165870472657764,-536.9653223410993,1.02,198.0,92.0,0.9919659097876906,0,7,0.8429557156686033,0.9947739463775812,7.030472422852448,0.2850035550562732,6.252278036110061,6.519321639217098,6.786365242324134,0.9861768201660904,2.133768684407752,5,False,,False,4,4,30,0,[],15.945579335966611,"(30, 152)",,[],"{""feature_selection"": {""concat"": [""mean"", ""range""], ""even"": [""mean""], ""odd"": [""mean""]}, ""n_chunks"": 16, ""parameter_selection"": {""mean"": {""likelihood"": ""lognormal""}, ""range"": {""likelihood"": ""lognormal""}}, ""rem_profile_params"": {""rem_stage"": 2, ""step_size_hours"": 1, ""window_size_hours"": 6}, ""tau_threshold"": 5.0}",run_output_8day_rem_w6_s1_stage2_no_pareto,rem_w6_s1_stage2
41,5996bfaee0523be8,ok,,"even: mean, range",mean=lognormal; range=beta,16,5.0,2,2,2,133.20832780816744,133.20832780816744,4.440277593605582,2.220138796802789,0.0121937194379606,2.220138796802789,0.0121937194379606,-267.2667365306715,1.0,1486.0,1639.0,1.0134598954264868,0,8,0.2361528535816337,0.8993221802445044,6.916454147207739,1.3175268520877634,5.725703286865268,6.770387291402637,7.434785179572787,0.693560151951215,0.6702701150818796,0,False,,False,2,2,30,0,[],18.79647711798316,"(30, 96)",,[],"{""feature_selection"": {""even"": [""mean"", ""range""]}, ""n_chunks"": 16, ""parameter_selection"": {""mean"": {""likelihood"": ""lognormal""}, ""range"": {""likelihood"": ""beta""}}, ""rem_profile_params"": {""rem_stage"": 2, ""step_size_hours"": 2, ""window_size_hours"": 2}, ""tau_threshold"": 5.0}",run_output_8day_rem_w2_s2_stage2_no_pareto,rem_w2_s2_stage2
50,74bbc233eb48ab32,ok,,even: mean; odd: range,mean=student_t; range=lognormal,16,5.0,6,1,2,133.19909696273123,133.19909696273123,4.439969898757708,2.219984949378854,0.0088029054545442,2.219984949378854,0.0088029054545442,-266.491880305643,1.0,2535.0,2724.0,1.0140665911841422,0,8,0.44729407538133,0.9716233458614548,7.459516433357426,0.8424733660698475,6.508200154678552,7.200653541217594,7.600326770608797,0.8786404040682679,0.4380420804298616,0,False,,False,2,2,30,0,[],18.132786668022163,"(30, 152)",,[],"{""feature_selection"": {""even"": [""mean""], ""odd"": [""range""]}, ""n_chunks"": 16, ""parameter_selection"": {""mean"": {""likelihood"": ""student_t""}, ""range"": {""likelihood"": ""lognormal""}}, ""rem_profile_params"": {""rem_stage"": 2, ""step_size_hours"": 1, ""window_size_hours"": 6}, ""tau_threshold"": 5.0}",run_output_8day_rem_w6_s1_stage2_no_pareto,rem_w6_s1_stage2
130,68899533f4b6f558,ok,,"even: mean; odd: mean, range",mean=lognormal; range=lognormal,16,5.0,3,1,2,199.629961286255,199.629961286255,6.654332042875167,2.218110680958389,0.0148645459400719,2.218110680958389,0.0148645459400719,-402.2715496370541,1.01,1558.0,809.0,0.9854831147841776,0,8,0.8591405230804282,0.976718191050086,7.872703928434936,0.6813333719721476,7.21443795238578,7.476291968257187,7.738145984128593,0.970912376079298,1.2545447213825034,2,False,,False,3,3,30,0,[],13.766873034997843,"(30, 176)",,[],"{""feature_selection"": {""even"": [""mean""], ""odd"": [""mean"", ""range""]}, ""n_chunks"": 16, ""parameter_selection"": {""mean"": {""likelihood"": ""lognormal""}, ""range"": {""likelihood"": ""lognormal""}}, ""rem_profile_params"": {""rem_stage"": 2, ""step_size_hours"": 1, ""window_size_hours"": 3}, ""tau_threshold"": 5.0}",run_output_8day_rem_w3_s1_stage2_no_pareto,rem_w3_s1_stage2
119,a0931466448660c9,ok,,"concat: range; odd: mean, range",mean=student_t; range=beta,16,5.0,6,1,2,199.40620384752123,199.40620384752123,6.6468734615840415,2.2156244871946806,0.0112198680061962,2.2156244871946806,0.0112198680061962,-397.8912856060039,1.0,2786.0,1876.0,1.0039461519673407,0,5,0.9843635144226276,0.0043513562095514,5.0043528862399125,0.0658597198579632,4.251092553427347,4.502185160115948,4.753277766804548,1.6298005522483409e-06,0.9127419591215908,1,False,,False,3,3,30,0,[],37.14825954003027,"(30, 152)",,[],"{""feature_selection"": {""concat"": [""range""], ""odd"": [""mean"", ""range""]}, ""n_chunks"": 16, ""parameter_selection"": {""mean"": {""likelihood"": ""student_t""}, ""range"": {""likelihood"": ""beta""}}, ""rem_profile_params"": {""rem_stage"": 2, ""step_size_hours"": 1, ""window_size_hours"": 6}, ""tau_threshold"": 5.0}",run_output_8day_rem_w6_s1_stage2_no_pareto,rem_w6_s1_stage2
222,53a549c14a97b070,ok,,"concat: mean, range; even: mean, range; odd: mean, range",mean=lognormal; range=lognormal,16,5.0,6,1,2,398.76954492174434,398.76954492174434,13.292318164058145,2.2153863606763573,0.0121585214881309,2.2153863606763573,0.0121585214881309,-796.9556355997817,1.03,137.0,59.0,0.9359246447984838,0,7,0.8190437059728595,0.9999708704804868,7.090934188391342,0.2947918956589246,6.273991979779758,6.550260643679846,6.826529307579934,0.99793979157083,2.298783089088966,5,False,,False,6,6,30,0,[],22.76608261599904,"(30, 152)",,[],"{""feature_selection"": {""concat"": [""mean"", ""range""], ""even"": [""mean"", ""range""], ""odd"": [""mean"", ""range""]}, ""n_chunks"": 16, ""parameter_selection"": {""mean"": {""likelihood"": ""lognormal""}, ""range"": {""likelihood"": ""lognormal""}}, ""rem_profile_params"": {""rem_stage"": 2, ""step_size_hours"": 1, ""window_size_hours"": 6}, ""tau_threshold"": 5.0}",run_output_8day_rem_w6_s1_stage2_no_pareto,rem_w6_s1_stage2
58,8c9e436a1b62a546,ok,,"odd: mean, range",mean=lognormal; range=lognormal,16,5.0,2,1,2,132.78778081142227,132.78778081142227,4.426259360380742,2.213129680190371,0.0194541178265938,2.213129680190371,0.0194541178265938,-263.72400261257144,1.01,837.0,1088.0,1.027290772902698,0,8,0.2212267094460565,0.7247638958075908,6.557794763169154,1.9023570414057476,4.479829440264076,7.083232333650629,7.541616166825314,0.6517170022841068,1.3443237765697196,2,False,,False,2,2,30,0,[],10.855164845997932,"(30, 184)",,[],"{""feature_selection"": {""odd"": [""mean"", ""range""]}, ""n_chunks"": 16, ""parameter_selection"": {""mean"": {""likelihood"": ""lognormal""}, ""range"": {""likelihood"": ""lognormal""}}, ""rem_profile_params"": {""rem_stage"": 2, ""step_size_hours"": 1, ""window_size_hours"": 2}, ""tau_threshold"": 5.0}",run_output_8day_rem_w2_s1_stage2_no_pareto,rem_w2_s1_stage2
31,8b2717df25dc1c28,ok,,concat: range; even: mean,mean=student_t; range=beta,16,5.0,6,1,2,132.56723432726142,132.56723432726142,4.418907810908714,2.2094539054543563,0.0087422563939281,2.2094539054543563,0.0087422563939281,-265.35952471488787,1.0,2254.0,1941.0,0.9769943411301272,0,5,0.6111094278119615,0.1602189291994666,5.080907105345403,0.6203748595677016,4.253344659295836,4.569841482299454,4.886338305303073,0.0125368417944908,0.5175851479549697,0,False,,False,2,2,30,0,[],22.64155421796022,"(30, 152)",,[],"{""feature_selection"": {""concat"": [""range""], ""even"": [""mean""]}, ""n_chunks"": 16, ""parameter_selection"": {""mean"": {""likelihood"": ""student_t""}, ""range"": {""likelihood"": ""beta""}}, ""rem_profile_params"": {""rem_stage"": 2, ""step_size_hours"": 1, ""window_size_hours"": 6}, ""tau_threshold"": 5.0}",run_output_8day_rem_w6_s1_stage2_no_pareto,rem_w6_s1_stage2
121,646e37837cfccf22,ok,,"even: mean, range; odd: mean",mean=lognormal; range=beta,16,5.0,2,2,2,198.79360052697825,198.79360052697825,6.626453350899275,2.208817783633092,0.0139362511964153,2.208817783633092,0.0139362511964153,-402.1702543531053,1.0,755.0,606.0,0.9840498752247366,0,8,0.4330866925269203,0.9118556970977124,7.264421292628246,1.3663793039605725,6.393665486877216,7.281066281673972,7.640533140836986,0.7854009947172623,1.350913321087234,3,False,,False,3,3,30,0,[],27.995437148958445,"(30, 96)",,[],"{""feature_selection"": {""even"": [""mean"", ""range""], ""odd"": [""mean""]}, ""n_chunks"": 16, ""parameter_selection"": {""mean"": {""likelihood"": ""lognormal""}, ""range"": {""likelihood"": ""beta""}}, ""rem_profile_params"": {""rem_stage"": 2, ""step_size_hours"": 2, ""window_size_hours"": 2}, ""tau_threshold"": 5.0}",run_output_8day_rem_w2_s2_stage2_no_pareto,rem_w2_s2_stage2
180,2c7ec5c12a9176ae,ok,,"concat: range; even: mean, range; odd: mean",mean=student_t; range=lognormal,16,5.0,6,1,2,263.9083339854641,263.9083339854641,8.796944466182136,2.1992361165455345,0.0096460369985597,2.1992361165455345,0.0096460369985597,-529.6821071144817,1.0,1902.0,1324.0,0.979446984105113,0,7,0.7204888638735216,0.9957217075337246,7.12951918874161,0.4000600219010992,6.281641407521208,6.580044862220909,6.878448316920609,0.9859568924936208,0.9473152138682208,1,False,,False,4,4,30,0,[],41.802665930998046,"(30, 152)",,[],"{""feature_selection"": {""concat"": [""range""], ""even"": [""mean"", ""range""], ""odd"": [""mean""]}, ""n_chunks"": 16, ""parameter_selection"": {""mean"": {""likelihood"": ""student_t""}, ""range"": {""likelihood"": ""lognormal""}}, ""rem_profile_params"": {""rem_stage"": 2, ""step_size_hours"": 1, ""window_size_hours"": 6}, ""tau_threshold"": 5.0}",run_output_8day_rem_w6_s1_stage2_no_pareto,rem_w6_s1_stage2
195,5833ea7ccf0f8c5b,ok,,"even: mean, range; odd: mean, range",mean=student_t; range=beta,16,5.0,6,1,2,263.8547750948029,263.8547750948029,8.795159169826764,2.198789792456691,0.0090696815433872,2.198789792456691,0.0090696815433872,-528.8674527747556,1.0,3198.0,2085.0,1.0039432607541992,0,5,0.9041689577299992,0.0341015358591676,5.043689709285377,0.252634564718768,4.258800486722703,4.517635904873386,4.77647132302407,0.0083005986797878,1.0898333156021631,3,False,,False,4,4,30,0,[],60.67725764098577,"(30, 152)",,[],"{""feature_selection"": {""even"": [""mean"", ""range""], ""odd"": [""mean"", ""range""]}, ""n_chunks"": 16, ""parameter_selection"": {""mean"": {""likelihood"": ""student_t""}, ""range"": {""likelihood"": ""beta""}}, ""rem_profile_params"": {""rem_stage"": 2, ""step_size_hours"": 1, ""window_size_hours"": 6}, ""tau_threshold"": 5.0}",run_output_8day_rem_w6_s1_stage2_no_pareto,rem_w6_s1_stage2
122,8a5079a7bbc5c6b4,ok,,"even: mean, range; odd: mean",mean=lognormal; range=lognormal,16,5.0,2,1,2,197.64605659707297,197.64605659707297,6.588201886569099,2.196067295523033,0.0155997197982103,2.196067295523033,0.0155997197982103,-397.1389800088653,1.01,380.0,544.0,1.031337396744391,0,8,0.2738017402897977,0.7447610856023031,6.642003254713867,1.9189237599296276,4.89431412087113,7.10727799212326,7.55363899606163,0.7093444904125519,1.4820726262072266,4,False,,False,3,3,30,0,[],14.63966003304813,"(30, 184)",,[],"{""feature_selection"": {""even"": [""mean"", ""range""], ""odd"": [""mean""]}, ""n_chunks"": 16, ""parameter_selection"": {""mean"": {""likelihood"": ""lognormal""}, ""range"": {""likelihood"": ""lognormal""}}, ""rem_profile_params"": {""rem_stage"": 2, ""step_size_hours"": 1, ""window_size_hours"": 2}, ""tau_threshold"": 5.0}",run_output_8day_rem_w2_s1_stage2_no_pareto,rem_w2_s1_stage2
135,e9997176de9c22a4,ok,,"even: range; odd: mean, range",mean=student_t; range=beta,16,5.0,2,2,2,197.25863269758415,197.25863269758415,6.575287756586139,2.191762585528713,0.0104951726566713,2.191762585528713,0.0104951726566713,-395.0703682430981,1.0,1313.0,1076.0,0.9425932845321654,0,6,0.5408011080769857,0.9998574875498458,6.415825465072684,0.6663274418880816,5.365518305274915,5.731245093032272,6.306318876299562,0.3162871055906664,0.8811966489456049,2,False,,False,3,3,30,0,[],40.30647983698873,"(30, 96)",,[],"{""feature_selection"": {""even"": [""range""], ""odd"": [""mean"", ""range""]}, ""n_chunks"": 16, ""parameter_selection"": {""mean"": {""likelihood"": ""student_t""}, ""range"": {""likelihood"": ""beta""}}, ""rem_profile_params"": {""rem_stage"": 2, ""step_size_hours"": 2, ""window_size_hours"": 2}, ""tau_threshold"": 5.0}",run_output_8day_rem_w2_s2_stage2_no_pareto,rem_w2_s2_stage2
219,c0ce4af5a6e66cc7,ok,,"concat: range; even: mean, range; odd: mean, range",mean=student_t; range=beta,16,5.0,6,1,2,328.36609643170993,328.36609643170993,10.945536547723664,2.1891073095447324,0.0079129944878495,2.1891073095447324,0.0079129944878495,-656.8151265651768,1.01,2660.0,1860.0,0.9802234468065943,0,5,0.9825111358485532,0.00491818313842,5.004969357729391,0.0710586929214455,4.25123544636514,4.502471128370102,4.753706810375063,5.1630288887310455e-05,1.0583997955655526,2,False,,False,5,5,30,0,[],76.13387483003316,"(30, 152)",,[],"{""feature_selection"": {""concat"": [""range""], ""even"": [""mean"", ""range""], ""odd"": [""mean"", ""range""]}, ""n_chunks"": 16, ""parameter_selection"": {""mean"": {""likelihood"": ""student_t""}, ""range"": {""likelihood"": ""beta""}}, ""rem_profile_params"": {""rem_stage"": 2, ""step_size_hours"": 1, ""window_size_hours"": 6}, ""tau_threshold"": 5.0}",run_output_8day_rem_w6_s1_stage2_no_pareto,rem_w6_s1_stage2
182,90b51e4869050831,ok,,"concat: range; even: mean, range; odd: range",mean=lognormal; range=lognormal,16,5.0,2,1,2,262.37200039470287,262.37200039470287,8.745733346490095,2.1864333366225237,0.010182934336092,2.1864333366225237,0.010182934336092,-526.2158751614937,1.01,476.0,401.0,0.981286782646384,0,7,0.279711555001822,0.8359377591295079,6.680650511940504,1.539133887339523,6.083326006847216,6.596472165504961,7.176018907928489,0.7905956497195528,1.0420186619682108,2,False,,False,4,4,30,0,[],17.651816461991984,"(30, 184)",,[],"{""feature_selection"": {""concat"": [""range""], ""even"": [""mean"", ""range""], ""odd"": [""range""]}, ""n_chunks"": 16, ""parameter_selection"": {""mean"": {""likelihood"": ""lognormal""}, ""range"": {""likelihood"": ""lognormal""}}, ""rem_profile_params"": {""rem_stage"": 2, ""step_size_hours"": 1, ""window_size_hours"": 2}, ""tau_threshold"": 5.0}",run_output_8day_rem_w2_s1_stage2_no_pareto,rem_w2_s1_stage2
220,99a66a79a6dd33a2,ok,,"concat: range; even: mean, range; odd: mean, range",mean=student_t; range=lognormal,16,5.0,6,1,2,327.7436411324467,327.7436411324467,10.924788037748224,2.1849576075496446,0.0088524992792069,2.1849576075496446,0.0088524992792069,-659.3881258335791,1.0,1215.0,968.0,0.9161252265324632,0,7,0.7094891179553477,0.9991468044012964,7.148688801310815,0.3982705092675133,6.286939905424946,6.590978535011061,6.895017164597175,0.9859403357852544,1.2628081370607247,3,False,,False,5,5,30,0,[],52.532821997010615,"(30, 152)",,[],"{""feature_selection"": {""concat"": [""range""], ""even"": [""mean"", ""range""], ""odd"": [""mean"", ""range""]}, ""n_chunks"": 16, ""parameter_selection"": {""mean"": {""likelihood"": ""student_t""}, ""range"": {""likelihood"": ""lognormal""}}, ""rem_profile_params"": {""rem_stage"": 2, ""step_size_hours"": 1, ""window_size_hours"": 6}, ""tau_threshold"": 5.0}",run_output_8day_rem_w6_s1_stage2_no_pareto,rem_w6_s1_stage2
40,306380389554cf1c,ok,,concat: range; odd: range,range=lognormal,16,5.0,3,1,2,131.08207441946115,131.08207441946115,4.369402480648705,2.184701240324352,0.0125529267735974,2.184701240324352,0.0125529267735974,-259.3262709058739,1.0,1109.0,1444.0,1.065932544993628,0,8,0.4478389777122372,0.920643089469564,7.442279467163277,0.9986238479810388,6.629937695135025,7.26463639865974,7.63231819932987,0.8692667102757252,0.5314901415245743,0,False,,False,2,2,30,0,[],10.741176857962271,"(30, 176)",,[],"{""feature_selection"": {""concat"": [""range""], ""odd"": [""range""]}, ""n_chunks"": 16, ""parameter_selection"": {""range"": {""likelihood"": ""lognormal""}}, ""rem_profile_params"": {""rem_stage"": 2, ""step_size_hours"": 1, ""window_size_hours"": 3}, ""tau_threshold"": 5.0}",run_output_8day_rem_w3_s1_stage2_no_pareto,rem_w3_s1_stage2
41,487d2002af83b088,ok,,"even: mean, range",mean=lognormal; range=beta,16,5.0,3,1,2,130.93126055609332,130.93126055609332,4.364375351869778,2.1821876759348893,0.0123394003291573,2.1821876759348893,0.0123394003291573,-263.8585206614338,1.0,874.0,1498.0,0.947617842912101,0,8,0.0915468078247144,0.4540668252354982,5.5360413937150525,1.975524786977855,2.7619501770981745,4.780951251787903,7.083576257792958,0.4119962598944768,0.6946393364982866,0,False,,False,2,2,30,0,[],19.93371290899813,"(30, 176)",,[],"{""feature_selection"": {""even"": [""mean"", ""range""]}, ""n_chunks"": 16, ""parameter_selection"": {""mean"": {""likelihood"": ""lognormal""}, ""range"": {""likelihood"": ""beta""}}, ""rem_profile_params"": {""rem_stage"": 2, ""step_size_hours"": 1, ""window_size_hours"": 3}, ""tau_threshold"": 5.0}",run_output_8day_rem_w3_s1_stage2_no_pareto,rem_w3_s1_stage2
8,77f33c334f68dfc1,ok,,even: range,range=lognormal,16,5.0,6,1,2,65.29436396717306,65.29436396717306,2.176478798905769,2.176478798905769,0.0286007988014313,2.176478798905769,0.0286007988014313,-130.78955895646442,1.0,1438.0,1531.0,1.0540663763219305,0,8,0.2048019580537584,0.7925759433604702,6.728264077758253,1.6320981893410806,5.740237292886054,6.801804049988176,7.434256368329929,0.7350593283916753,0.6335629144795141,0,False,,False,1,1,30,0,[],6.795577916956972,"(30, 152)",,[],"{""feature_selection"": {""even"": [""range""]}, ""n_chunks"": 16, ""parameter_selection"": {""range"": {""likelihood"": ""lognormal""}}, ""rem_profile_params"": {""rem_stage"": 2, ""step_size_hours"": 1, ""window_size_hours"": 6}, ""tau_threshold"": 5.0}",run_output_8day_rem_w6_s1_stage2_no_pareto,rem_w6_s1_stage2
188,9c010614ba0173d0,ok,,"concat: range; even: mean; odd: mean, range",mean=student_t; range=lognormal,16,5.0,6,1,2,260.91878013056584,260.91878013056584,8.697292671018861,2.1743231677547152,0.0085326995134713,2.1743231677547152,0.0085326995134713,-523.1323640122484,1.0,1556.0,1025.0,0.9510402097147777,0,7,0.6544554907391859,0.995341364927254,7.04873964206365,0.4459906263775932,6.225853026704932,6.532954969001429,6.840056911297927,0.9338583509241352,1.092312512099858,2,False,,False,4,4,30,0,[],42.71486228500726,"(30, 152)",,[],"{""feature_selection"": {""concat"": [""range""], ""even"": [""mean""], ""odd"": [""mean"", ""range""]}, ""n_chunks"": 16, ""parameter_selection"": {""mean"": {""likelihood"": ""student_t""}, ""range"": {""likelihood"": ""lognormal""}}, ""rem_profile_params"": {""rem_stage"": 2, ""step_size_hours"": 1, ""window_size_hours"": 6}, ""tau_threshold"": 5.0}",run_output_8day_rem_w6_s1_stage2_no_pareto,rem_w6_s1_stage2
129,26ee280a99da3492,ok,,"even: mean; odd: mean, range",mean=lognormal; range=beta,16,5.0,2,2,2,195.3193694914337,195.3193694914337,6.510645649714458,2.1702152165714863,0.0144509201107031,2.1702152165714863,0.0144509201107031,-390.9914729255877,1.0,1074.0,1461.0,0.98800427282393,0,8,0.3913394761397023,0.9966905595413514,7.178018849919704,0.8249171701779276,6.032745744652988,6.780279880235207,7.413858768868854,0.7609512539609593,1.4157658770438386,4,False,,False,3,3,30,0,[],29.339792153972667,"(30, 96)",,[],"{""feature_selection"": {""even"": [""mean""], ""odd"": [""mean"", ""range""]}, ""n_chunks"": 16, ""parameter_selection"": {""mean"": {""likelihood"": ""lognormal""}, ""range"": {""likelihood"": ""beta""}}, ""rem_profile_params"": {""rem_stage"": 2, ""step_size_hours"": 2, ""window_size_hours"": 2}, ""tau_threshold"": 5.0}",run_output_8day_rem_w2_s2_stage2_no_pareto,rem_w2_s2_stage2
130,0b7cc60e5f1b0b38,ok,,"even: mean; odd: mean, range",mean=lognormal; range=lognormal,16,5.0,2,2,2,195.16028610164167,195.16028610164167,6.505342870054722,2.168447623351573,0.0158202055423167,2.168447623351573,0.0158202055423167,-389.6141893749507,1.0,1545.0,799.0,1.017395030531294,0,8,0.7061033050449546,0.9220846109013024,7.63832533458427,1.1048570617405091,7.15144812677584,7.434298751183893,7.717149375591947,0.9018532519791216,1.076215212746873,1,False,,False,3,3,30,0,[],14.118028850003611,"(30, 96)",,[],"{""feature_selection"": {""even"": [""mean""], ""odd"": [""mean"", ""range""]}, ""n_chunks"": 16, ""parameter_selection"": {""mean"": {""likelihood"": ""lognormal""}, ""range"": {""likelihood"": ""lognormal""}}, ""rem_profile_params"": {""rem_stage"": 2, ""step_size_hours"": 2, ""window_size_hours"": 2}, ""tau_threshold"": 5.0}",run_output_8day_rem_w2_s2_stage2_no_pareto,rem_w2_s2_stage2
184,9092df5327927fbd,ok,,"concat: range; even: mean, range; odd: range",mean=student_t; range=lognormal,16,5.0,3,1,2,259.90320353553943,259.90320353553943,8.663440117851314,2.165860029462828,0.0076670794730702,2.165860029462828,0.0076670794730702,-518.0085444424311,1.0,2039.0,913.0,1.0098446814767017,0,8,0.808103004494934,0.9915258258684484,7.889953681834398,0.4145768538709756,7.178890149753701,7.452593433169134,7.726296716584567,0.9874677709937018,0.5635859153580073,0,False,,False,4,4,30,0,[],36.16224990499904,"(30, 176)",,[],"{""feature_selection"": {""concat"": [""range""], ""even"": [""mean"", ""range""], ""odd"": [""range""]}, ""n_chunks"": 16, ""parameter_selection"": {""mean"": {""likelihood"": ""student_t""}, ""range"": {""likelihood"": ""lognormal""}}, ""rem_profile_params"": {""rem_stage"": 2, ""step_size_hours"": 1, ""window_size_hours"": 3}, ""tau_threshold"": 5.0}",run_output_8day_rem_w3_s1_stage2_no_pareto,rem_w3_s1_stage2
192,2e0035dedb722a1d,ok,,"concat: range; even: range; odd: mean, range",mean=student_t; range=lognormal,16,5.0,3,1,2,259.7601195403992,259.7601195403992,8.658670651346638,2.1646676628366595,0.0105671745974362,2.1646676628366595,0.0105671745974362,-515.7672283922179,1.01,880.0,601.0,1.0294051153147672,0,8,0.6725614516110767,0.9734260031712092,7.757494917047919,0.6711206992982178,7.10794048692885,7.405293657952567,7.702646828976284,0.954199113055712,0.8136043962649656,1,False,,False,4,4,30,0,[],36.40867255599005,"(30, 176)",,[],"{""feature_selection"": {""concat"": [""range""], ""even"": [""range""], ""odd"": [""mean"", ""range""]}, ""n_chunks"": 16, ""parameter_selection"": {""mean"": {""likelihood"": ""student_t""}, ""range"": {""likelihood"": ""lognormal""}}, ""rem_profile_params"": {""rem_stage"": 2, ""step_size_hours"": 1, ""window_size_hours"": 3}, ""tau_threshold"": 5.0}",run_output_8day_rem_w3_s1_stage2_no_pareto,rem_w3_s1_stage2
106,80799d0071cc50d1,ok,,concat: range; even: mean; odd: mean,mean=student_t; range=lognormal,16,5.0,6,1,2,194.68267511814747,194.68267511814747,6.489422503938249,2.1631408346460828,0.0109629796409686,2.1631408346460828,0.0109629796409686,-390.7504950945664,1.0,2120.0,1881.0,0.9458873359241836,0,7,0.6541271448807534,0.9790998461408038,7.006573753438307,0.504129732088308,6.218490910129233,6.519060995381475,6.819631080633717,0.931730419001839,0.8104701193096384,2,False,,False,3,3,30,0,[],29.85288148804102,"(30, 152)",,[],"{""feature_selection"": {""concat"": [""range""], ""even"": [""mean""], ""odd"": [""mean""]}, ""n_chunks"": 16, ""parameter_selection"": {""mean"": {""likelihood"": ""student_t""}, ""range"": {""likelihood"": ""lognormal""}}, ""rem_profile_params"": {""rem_stage"": 2, ""step_size_hours"": 1, ""window_size_hours"": 6}, ""tau_threshold"": 5.0}",run_output_8day_rem_w6_s1_stage2_no_pareto,rem_w6_s1_stage2
128,298ea82bf49c8c3e,ok,,"even: mean, range; odd: range",mean=student_t; range=lognormal,16,5.0,2,1,2,194.67830562121048,194.67830562121048,6.48927685404035,2.163092284680116,0.0098691755487874,2.163092284680116,0.0098691755487874,-390.0238504647119,1.0,868.0,888.0,1.06922286110287,0,8,0.3218595136963487,0.8041688032299894,6.965965161321046,1.6156162995397811,6.137089355834993,7.175677968904321,7.58783898445216,0.7727882522781614,0.8155525875621367,1,False,,False,3,3,30,0,[],26.302001393050887,"(30, 184)",,[],"{""feature_selection"": {""even"": [""mean"", ""range""], ""odd"": [""range""]}, ""n_chunks"": 16, ""parameter_selection"": {""mean"": {""likelihood"": ""student_t""}, ""range"": {""likelihood"": ""lognormal""}}, ""rem_profile_params"": {""rem_stage"": 2, ""step_size_hours"": 1, ""window_size_hours"": 2}, ""tau_threshold"": 5.0}",run_output_8day_rem_w2_s1_stage2_no_pareto,rem_w2_s1_stage2
47,3874d76390e06a8a,ok,,even: mean; odd: range,mean=lognormal; range=beta,16,5.0,2,2,2,129.5742407249631,129.5742407249631,4.319141357498769,2.159570678749384,0.0126167104807423,2.159570678749384,0.0126167104807423,-259.5880529531667,1.0,1724.0,1766.0,1.0318008857657883,0,7,0.4644533398729175,0.9989206930121264,6.907652932627826,0.6428018949307095,5.999567227761924,6.423808554658949,6.847799887922223,0.7498922273935895,0.9409943135885056,1,False,,False,2,2,30,0,[],19.10016928002005,"(30, 96)",,[],"{""feature_selection"": {""even"": [""mean""], ""odd"": [""range""]}, ""n_chunks"": 16, ""parameter_selection"": {""mean"": {""likelihood"": ""lognormal""}, ""range"": {""likelihood"": ""beta""}}, ""rem_profile_params"": {""rem_stage"": 2, ""step_size_hours"": 2, ""window_size_hours"": 2}, ""tau_threshold"": 5.0}",run_output_8day_rem_w2_s2_stage2_no_pareto,rem_w2_s2_stage2
192,207a288852dc02ae,ok,,"concat: range; even: range; odd: mean, range",mean=student_t; range=lognormal,16,5.0,6,1,2,258.8253469297252,258.8253469297252,8.627511564324172,2.156877891081043,0.0103680310499215,2.156877891081043,0.0103680310499215,-519.1841712922115,1.0,1934.0,1464.0,1.0062227986242631,0,7,0.7451281705418193,0.996768198657634,7.013615480625548,0.3580773047608283,6.226049969134554,6.50959553957053,6.793141110006506,0.9493065601298072,0.9453810712139066,2,False,,False,4,4,30,0,[],36.43195657402976,"(30, 152)",,[],"{""feature_selection"": {""concat"": [""range""], ""even"": [""range""], ""odd"": [""mean"", ""range""]}, ""n_chunks"": 16, ""parameter_selection"": {""mean"": {""likelihood"": ""student_t""}, ""range"": {""likelihood"": ""lognormal""}}, ""rem_profile_params"": {""rem_stage"": 2, ""step_size_hours"": 1, ""window_size_hours"": 6}, ""tau_threshold"": 5.0}",run_output_8day_rem_w6_s1_stage2_no_pareto,rem_w6_s1_stage2
56,233eb6830ec85d26,ok,,even: range; odd: range,range=lognormal,16,5.0,6,1,2,128.8757705197801,128.8757705197801,4.295859017326004,2.147929508663001,0.0183316870349761,2.147929508663001,0.0183316870349761,-257.9846582088031,1.0,1747.0,2606.0,0.984846055459364,0,8,0.3949037662887592,0.963050067252298,7.324226600073691,0.8963496104025842,6.342637932635267,7.0301518032152925,7.515075901607646,0.8722055816373201,0.5238041464160074,0,False,,False,2,2,30,0,[],10.060460812004749,"(30, 152)",,[],"{""feature_selection"": {""even"": [""range""], ""odd"": [""range""]}, ""n_chunks"": 16, ""parameter_selection"": {""range"": {""likelihood"": ""lognormal""}}, ""rem_profile_params"": {""rem_stage"": 2, ""step_size_hours"": 1, ""window_size_hours"": 6}, ""tau_threshold"": 5.0}",run_output_8day_rem_w6_s1_stage2_no_pareto,rem_w6_s1_stage2
178,c4c0fa02610d2bb3,ok,,"concat: range; even: mean, range; odd: mean",mean=lognormal; range=lognormal,16,5.0,2,2,2,257.6008154734858,257.6008154734858,8.586693849116193,2.1466734622790486,0.0119454084885732,2.1466734622790486,0.0119454084885732,-512.7819627362496,1.0,920.0,1388.0,0.9539461217535138,0,7,0.3634235473725626,0.96200075503329,7.026148924249121,0.8028950280098494,6.079481590599989,6.569737545888499,7.109029641868929,0.7905306604349227,1.0149093537277931,3,False,,False,4,4,30,0,[],16.657785016985144,"(30, 96)",,[],"{""feature_selection"": {""concat"": [""range""], ""even"": [""mean"", ""range""], ""odd"": [""mean""]}, ""n_chunks"": 16, ""parameter_selection"": {""mean"": {""likelihood"": ""lognormal""}, ""range"": {""likelihood"": ""lognormal""}}, ""rem_profile_params"": {""rem_stage"": 2, ""step_size_hours"": 2, ""window_size_hours"": 2}, ""tau_threshold"": 5.0}",run_output_8day_rem_w2_s2_stage2_no_pareto,rem_w2_s2_stage2
189,fd48b7f175071929,ok,,"concat: range; even: range; odd: mean, range",mean=lognormal; range=beta,16,5.0,2,2,2,256.9638925398258,256.9638925398258,8.565463084660859,2.141365771165215,0.0101672112968724,2.141365771165215,0.0101672112968724,-512.5545014053207,1.0,1120.0,977.0,0.9065322896262784,0,7,0.6604517978374884,0.9999993430232668,7.016742957269304,0.4308696483827652,6.203186717230065,6.510283985159046,6.817381253088027,0.9154090889511378,1.2462224936043502,5,False,,False,4,4,30,0,[],49.81971223198343,"(30, 96)",,[],"{""feature_selection"": {""concat"": [""range""], ""even"": [""range""], ""odd"": [""mean"", ""range""]}, ""n_chunks"": 16, ""parameter_selection"": {""mean"": {""likelihood"": ""lognormal""}, ""range"": {""likelihood"": ""beta""}}, ""rem_profile_params"": {""rem_stage"": 2, ""step_size_hours"": 2, ""window_size_hours"": 2}, ""tau_threshold"": 5.0}",run_output_8day_rem_w2_s2_stage2_no_pareto,rem_w2_s2_stage2
100,c9df8cb6a1364531,ok,,"concat: range; even: mean, range",mean=lognormal; range=lognormal,16,5.0,2,2,2,192.6410982852784,192.6410982852784,6.421369942842614,2.140456647614205,0.0103005228833272,2.140456647614205,0.0103005228833272,-385.9820423508549,1.0,1825.0,2202.0,0.99202417619558,0,7,0.5463248385984835,0.9721250721191014,6.869757237650986,0.5963856850536408,6.100464733186697,6.435463080646517,6.770461428106339,0.8249740513262879,0.8541002563935629,2,False,,False,3,3,30,0,[],13.41541827301262,"(30, 96)",,[],"{""feature_selection"": {""concat"": [""range""], ""even"": [""mean"", ""range""]}, ""n_chunks"": 16, ""parameter_selection"": {""mean"": {""likelihood"": ""lognormal""}, ""range"": {""likelihood"": ""lognormal""}}, ""rem_profile_params"": {""rem_stage"": 2, ""step_size_hours"": 2, ""window_size_hours"": 2}, ""tau_threshold"": 5.0}",run_output_8day_rem_w2_s2_stage2_no_pareto,rem_w2_s2_stage2
129,7faed4561fbab74e,ok,,"even: mean; odd: mean, range",mean=lognormal; range=beta,16,5.0,3,1,2,192.5314496723298,192.5314496723298,6.417714989077661,2.139238329692553,0.0156556984846349,2.139238329692553,0.0156556984846349,-377.2720829663896,1.04,147.0,203.0,1.0283529642967573,0,8,0.5035709435486869,0.7653400522899453,6.737980812279428,2.0771341279757523,5.904931122149529,7.267534242842981,7.63376712142149,0.7483884281116241,1.4881170287006502,5,False,,False,3,3,30,0,[],32.5104660569923,"(30, 176)",,[],"{""feature_selection"": {""even"": [""mean""], ""odd"": [""mean"", ""range""]}, ""n_chunks"": 16, ""parameter_selection"": {""mean"": {""likelihood"": ""lognormal""}, ""range"": {""likelihood"": ""beta""}}, ""rem_profile_params"": {""rem_stage"": 2, ""step_size_hours"": 1, ""window_size_hours"": 3}, ""tau_threshold"": 5.0}",run_output_8day_rem_w3_s1_stage2_no_pareto,rem_w3_s1_stage2
184,76d49873e3afc8c8,ok,,"concat: range; even: mean, range; odd: range",mean=student_t; range=lognormal,16,5.0,2,2,2,256.0684980319908,256.0684980319908,8.535616601066359,2.1339041502665905,0.0080203603630379,2.1339041502665905,0.0080203603630379,-513.4781688366973,1.0,1213.0,1869.0,1.0072535393935311,0,8,0.4562522393109876,0.985823144538548,7.439661122236098,0.7239930118239596,6.430350508478845,7.112265024514864,7.556132512257432,0.891097405449579,0.7946626572733299,2,False,,False,4,4,30,0,[],36.06439540098654,"(30, 96)",,[],"{""feature_selection"": {""concat"": [""range""], ""even"": [""mean"", ""range""], ""odd"": [""range""]}, ""n_chunks"": 16, ""parameter_selection"": {""mean"": {""likelihood"": ""student_t""}, ""range"": {""likelihood"": ""lognormal""}}, ""rem_profile_params"": {""rem_stage"": 2, ""step_size_hours"": 2, ""window_size_hours"": 2}, ""tau_threshold"": 5.0}",run_output_8day_rem_w2_s2_stage2_no_pareto,rem_w2_s2_stage2
43,058b3fd21aa47a5d,ok,,"even: mean, range",mean=student_t; range=beta,16,5.0,6,1,2,127.78585882907056,127.78585882907056,4.259528627635685,2.129764313817843,0.01343545989643,2.129764313817843,0.01343545989643,-255.54157389439527,1.0,1585.0,989.0,0.9992559472723904,0,8,0.5503899327901776,0.9160961895973412,7.479346911872775,1.2572103689585763,7.038917636349012,7.359278424232675,7.679639212116338,0.8989704060038586,0.656515123762732,0,False,,False,2,2,30,0,[],25.42040934198303,"(30, 152)",,[],"{""feature_selection"": {""even"": [""mean"", ""range""]}, ""n_chunks"": 16, ""parameter_selection"": {""mean"": {""likelihood"": ""student_t""}, ""range"": {""likelihood"": ""beta""}}, ""rem_profile_params"": {""rem_stage"": 2, ""step_size_hours"": 1, ""window_size_hours"": 6}, ""tau_threshold"": 5.0}",run_output_8day_rem_w6_s1_stage2_no_pareto,rem_w6_s1_stage2
133,e75ecf348677b7cd,ok,,"even: range; odd: mean, range",mean=lognormal; range=beta,16,5.0,2,1,2,191.56864815913653,191.56864815913653,6.385621605304551,2.128540535101517,0.0137690169532567,2.128540535101517,0.0137690169532567,-381.6998831360602,1.0,538.0,1012.0,0.9697475130953658,0,6,0.1225328774094223,0.6136533717814866,5.897608595417058,1.4265524701306842,4.442616770749824,5.330895947487752,6.384300600026361,0.2701817377395087,1.1958575823995885,3,False,,False,3,3,30,0,[],33.58380516199395,"(30, 184)",,[],"{""feature_selection"": {""even"": [""range""], ""odd"": [""mean"", ""range""]}, ""n_chunks"": 16, ""parameter_selection"": {""mean"": {""likelihood"": ""lognormal""}, ""range"": {""likelihood"": ""beta""}}, ""rem_profile_params"": {""rem_stage"": 2, ""step_size_hours"": 1, ""window_size_hours"": 2}, ""tau_threshold"": 5.0}",run_output_8day_rem_w2_s1_stage2_no_pareto,rem_w2_s1_stage2
54,9e172a78158a9067,ok,,even: range; odd: mean,mean=student_t; range=lognormal,16,5.0,3,1,2,127.65944285228689,127.65944285228689,4.255314761742897,2.1276573808714474,0.0150764417347917,2.1276573808714474,0.0150764417347917,-254.91997627425076,1.01,937.0,1514.0,1.0135054211883332,0,8,0.1135503773635938,0.7424233638334439,6.494727464529282,1.6807353271415622,4.915539384503681,6.540398495639474,7.381271967407478,0.6128122269667494,0.676431973066394,0,False,,False,2,2,30,0,[],18.631721234996803,"(30, 176)",,[],"{""feature_selection"": {""even"": [""range""], ""odd"": [""mean""]}, ""n_chunks"": 16, ""parameter_selection"": {""mean"": {""likelihood"": ""student_t""}, ""range"": {""likelihood"": ""lognormal""}}, ""rem_profile_params"": {""rem_stage"": 2, ""step_size_hours"": 1, ""window_size_hours"": 3}, ""tau_threshold"": 5.0}",run_output_8day_rem_w3_s1_stage2_no_pareto,rem_w3_s1_stage2
118,ffc36cb9f7c31fd5,ok,,"concat: range; odd: mean, range",mean=lognormal; range=lognormal,16,5.0,3,1,2,191.4765932656437,191.4765932656437,6.382553108854791,2.1275177029515966,0.0164085251443953,2.1275177029515966,0.0164085251443953,-383.1068743320155,1.0,1580.0,728.0,1.008695109148043,0,8,0.7785327207607401,0.984784049083188,7.857250280654462,0.523435782839646,7.174646231125766,7.449764154083844,7.724882077041922,0.9679757799528286,1.564331651435208,2,False,,False,3,3,30,0,[],13.891506790008862,"(30, 176)",,[],"{""feature_selection"": {""concat"": [""range""], ""odd"": [""mean"", ""range""]}, ""n_chunks"": 16, ""parameter_selection"": {""mean"": {""likelihood"": ""lognormal""}, ""range"": {""likelihood"": ""lognormal""}}, ""rem_profile_params"": {""rem_stage"": 2, ""step_size_hours"": 1, ""window_size_hours"": 3}, ""tau_threshold"": 5.0}",run_output_8day_rem_w3_s1_stage2_no_pareto,rem_w3_s1_stage2
115,6ce20266fe185d3b,ok,,concat: range; even: range; odd: range,range=beta,16,5.0,2,2,2,191.09668449680547,191.09668449680547,6.369889483226848,2.12329649440895,0.0075001385219346,2.12329649440895,0.0075001385219346,-382.3626471329104,1.0,1682.0,1409.0,0.8841685946554345,0,7,0.8223043714555187,0.9999288595350012,6.960280338839829,0.2781772642942783,6.207374384373188,6.478555760628511,6.749737136883832,0.9411768308325325,1.088062247015388,2,False,,False,3,3,30,0,[],35.674815562029835,"(30, 96)",,[],"{""feature_selection"": {""concat"": [""range""], ""even"": [""range""], ""odd"": [""range""]}, ""n_chunks"": 16, ""parameter_selection"": {""range"": {""likelihood"": ""beta""}}, ""rem_profile_params"": {""rem_stage"": 2, ""step_size_hours"": 2, ""window_size_hours"": 2}, ""tau_threshold"": 5.0}",run_output_8day_rem_w2_s2_stage2_no_pareto,rem_w2_s2_stage2
135,1fa47038d50999e7,ok,,"even: range; odd: mean, range",mean=student_t; range=beta,16,5.0,6,1,2,190.8602598434085,190.8602598434085,6.36200866144695,2.120669553815651,0.011421207737333,2.120669553815651,0.011421207737333,-383.0353537627788,1.0,2501.0,1923.0,0.9719081786791284,0,5,0.929783560105148,0.0251678253344529,5.027603121562754,0.1788003652566167,4.256450189419257,4.512906041052718,4.769361892686177,0.0023407280006918,1.0543329128040664,2,False,,False,3,3,30,0,[],38.61142514500534,"(30, 152)",,[],"{""feature_selection"": {""even"": [""range""], ""odd"": [""mean"", ""range""]}, ""n_chunks"": 16, ""parameter_selection"": {""mean"": {""likelihood"": ""student_t""}, ""range"": {""likelihood"": ""beta""}}, ""rem_profile_params"": {""rem_stage"": 2, ""step_size_hours"": 1, ""window_size_hours"": 6}, ""tau_threshold"": 5.0}",run_output_8day_rem_w6_s1_stage2_no_pareto,rem_w6_s1_stage2
44,958c8efc1a4dd508,ok,,"even: mean, range",mean=student_t; range=lognormal,16,5.0,3,1,2,127.22074085519957,127.22074085519957,4.240691361839985,2.120345680919992,0.0112536729849762,2.120345680919992,0.0112536729849762,-253.67635140678792,1.0,1101.0,1124.0,1.0513044125591977,0,8,0.2853579577810901,0.8177205319028312,6.9623873426872045,1.590915800490834,6.127594076416674,7.132865131360712,7.566432565680356,0.7753589936702663,0.5354062497589629,0,False,,False,2,2,30,0,[],18.441675379988737,"(30, 176)",,[],"{""feature_selection"": {""even"": [""mean"", ""range""]}, ""n_chunks"": 16, ""parameter_selection"": {""mean"": {""likelihood"": ""student_t""}, ""range"": {""likelihood"": ""lognormal""}}, ""rem_profile_params"": {""rem_stage"": 2, ""step_size_hours"": 1, ""window_size_hours"": 3}, ""tau_threshold"": 5.0}",run_output_8day_rem_w3_s1_stage2_no_pareto,rem_w3_s1_stage2
191,9ddf4872a1038a51,ok,,"concat: range; even: range; odd: mean, range",mean=student_t; range=beta,16,5.0,6,1,2,254.0415372166476,254.0415372166476,8.468051240554919,2.1170128101387298,0.0095237268272572,2.1170128101387298,0.0095237268272572,-508.9348691142883,1.0,3356.0,2093.0,1.0140778691907333,0,5,0.980989719642572,0.0054783452589128,5.0054880166417695,0.0740131289288378,4.251377079016963,4.5027542270877525,4.754131375158542,9.791147179654863e-06,1.3256417307377624,3,False,,False,4,4,30,0,[],55.439093176973984,"(30, 152)",,[],"{""feature_selection"": {""concat"": [""range""], ""even"": [""range""], ""odd"": [""mean"", ""range""]}, ""n_chunks"": 16, ""parameter_selection"": {""mean"": {""likelihood"": ""student_t""}, ""range"": {""likelihood"": ""beta""}}, ""rem_profile_params"": {""rem_stage"": 2, ""step_size_hours"": 1, ""window_size_hours"": 6}, ""tau_threshold"": 5.0}",run_output_8day_rem_w6_s1_stage2_no_pareto,rem_w6_s1_stage2
114,53fca5c9ba8b3f6a,ok,,concat: range; even: range; odd: mean,mean=student_t; range=lognormal,16,5.0,6,1,2,190.2331607784045,190.2331607784045,6.34110535928015,2.113701786426717,0.0116638302806414,2.113701786426717,0.0116638302806414,-381.7860138615209,1.0,2519.0,2141.0,1.005847716060022,0,7,0.7203281610124117,0.9823746373266032,6.996193131538523,0.4373512508251591,6.22380060945699,6.509297034358266,6.794793459259541,0.9459749667043824,1.105605920958273,1,False,,False,3,3,30,0,[],24.890994134999342,"(30, 152)",,[],"{""feature_selection"": {""concat"": [""range""], ""even"": [""range""], ""odd"": [""mean""]}, ""n_chunks"": 16, ""parameter_selection"": {""mean"": {""likelihood"": ""student_t""}, ""range"": {""likelihood"": ""lognormal""}}, ""rem_profile_params"": {""rem_stage"": 2, ""step_size_hours"": 1, ""window_size_hours"": 6}, ""tau_threshold"": 5.0}",run_output_8day_rem_w6_s1_stage2_no_pareto,rem_w6_s1_stage2
54,cbeba8a7bcea9345,ok,,even: range; odd: mean,mean=student_t; range=lognormal,16,5.0,2,1,2,126.79635124172232,126.79635124172232,4.226545041390745,2.1132725206953724,0.0150498768142895,2.1132725206953724,0.0150498768142895,-254.8631467104836,1.0,1179.0,1689.0,1.0067375342775573,0,8,0.0823386223252684,0.7012112343796184,6.316537695178496,1.7529975218540754,4.464993880797567,6.331913628065573,7.331066678466241,0.5627328426180221,0.7261241474753979,2,False,,False,2,2,30,0,[],18.623433703032788,"(30, 184)",,[],"{""feature_selection"": {""even"": [""range""], ""odd"": [""mean""]}, ""n_chunks"": 16, ""parameter_selection"": {""mean"": {""likelihood"": ""student_t""}, ""range"": {""likelihood"": ""lognormal""}}, ""rem_profile_params"": {""rem_stage"": 2, ""step_size_hours"": 1, ""window_size_hours"": 2}, ""tau_threshold"": 5.0}",run_output_8day_rem_w2_s1_stage2_no_pareto,rem_w2_s1_stage2
120,e7e470e4ac6f3582,ok,,"concat: range; odd: mean, range",mean=student_t; range=lognormal,16,5.0,6,1,2,190.14339034470507,190.14339034470507,6.338113011490169,2.112704337163389,0.0104204789294516,2.112704337163389,0.0104204789294516,-381.09264418830935,1.0,2370.0,2332.0,0.9785105051156302,0,7,0.5880658467271256,0.9845923249860096,6.807946636952472,0.5178040306455206,6.045348503672018,6.381542051959324,6.7177356002466295,0.7837220210672096,0.8320391331418703,2,False,,False,3,3,30,0,[],25.26894312899094,"(30, 152)",,[],"{""feature_selection"": {""concat"": [""range""], ""odd"": [""mean"", ""range""]}, ""n_chunks"": 16, ""parameter_selection"": {""mean"": {""likelihood"": ""student_t""}, ""range"": {""likelihood"": ""lognormal""}}, ""rem_profile_params"": {""rem_stage"": 2, ""step_size_hours"": 1, ""window_size_hours"": 6}, ""tau_threshold"": 5.0}",run_output_8day_rem_w6_s1_stage2_no_pareto,rem_w6_s1_stage2
54,54b4167f90f6611b,ok,,even: range; odd: mean,mean=student_t; range=lognormal,16,5.0,2,2,2,126.55427984394704,126.55427984394704,4.218475994798235,2.109237997399117,0.0157819727025372,2.109237997399117,0.0157819727025372,-253.8404109943483,1.0,1287.0,2016.0,1.007798014656135,0,6,0.1603830528579733,0.7986577799755109,6.434216300677472,1.4473332958679042,5.141714360641129,5.8698320466126885,7.264011413946378,0.4553066915228054,0.6035465654158447,0,False,,False,2,2,30,0,[],18.40634740598034,"(30, 96)",,[],"{""feature_selection"": {""even"": [""range""], ""odd"": [""mean""]}, ""n_chunks"": 16, ""parameter_selection"": {""mean"": {""likelihood"": ""student_t""}, ""range"": {""likelihood"": ""lognormal""}}, ""rem_profile_params"": {""rem_stage"": 2, ""step_size_hours"": 2, ""window_size_hours"": 2}, ""tau_threshold"": 5.0}",run_output_8day_rem_w2_s2_stage2_no_pareto,rem_w2_s2_stage2
12,7109dd9218f432ad,ok,,odd: range,range=lognormal,16,5.0,6,1,2,63.22894564854664,63.22894564854664,2.107631521618221,2.107631521618221,0.0137963369346932,2.107631521618221,0.0137963369346932,-126.5188791252297,1.0,1731.0,1644.0,0.9969131464957012,0,6,0.2014927389991845,0.8848227697976899,6.6102089588026125,1.14253808569284,5.379197877179909,6.1102166978316985,7.051801413654413,0.529275500386886,0.3005787286429448,0,False,,False,1,1,30,0,[],6.64897993998602,"(30, 152)",,[],"{""feature_selection"": {""odd"": [""range""]}, ""n_chunks"": 16, ""parameter_selection"": {""range"": {""likelihood"": ""lognormal""}}, ""rem_profile_params"": {""rem_stage"": 2, ""step_size_hours"": 1, ""window_size_hours"": 6}, ""tau_threshold"": 5.0}",run_output_8day_rem_w6_s1_stage2_no_pareto,rem_w6_s1_stage2
101,e85f78171aef2365,ok,,"concat: range; even: mean, range",mean=student_t; range=beta,16,5.0,6,1,2,188.50140352067828,188.50140352067828,6.283380117355943,2.094460039118648,0.0081409710801126,2.094460039118648,0.0081409710801126,-377.7849979451676,1.0,1956.0,1728.0,0.924859874336412,0,5,0.5198221287105949,0.1470368358925993,4.939287889760128,0.8494129786589012,4.176212103245867,4.51777023887992,4.859328374513972,0.0217869711082821,0.7682041902409406,1,False,,False,3,3,30,0,[],35.33851784496801,"(30, 152)",,[],"{""feature_selection"": {""concat"": [""range""], ""even"": [""mean"", ""range""]}, ""n_chunks"": 16, ""parameter_selection"": {""mean"": {""likelihood"": ""student_t""}, ""range"": {""likelihood"": ""beta""}}, ""rem_profile_params"": {""rem_stage"": 2, ""step_size_hours"": 1, ""window_size_hours"": 6}, ""tau_threshold"": 5.0}",run_output_8day_rem_w6_s1_stage2_no_pareto,rem_w6_s1_stage2
194,53f741136718f0ef,ok,,"even: mean, range; odd: mean, range",mean=lognormal; range=lognormal,16,5.0,2,1,2,250.90545409653288,250.90545409653288,8.363515136551095,2.090878784137774,0.0129554340097032,2.090878784137774,0.0129554340097032,-505.7176494022985,1.01,579.0,375.0,1.0291164945259377,0,8,0.4942127932896113,0.8816568848755829,7.31815006408827,1.4630800640563209,6.952470929459534,7.328203422646175,7.664101711323088,0.8647692882674342,1.2157226486693284,4,False,,False,4,4,30,0,[],19.58304221101571,"(30, 184)",,[],"{""feature_selection"": {""even"": [""mean"", ""range""], ""odd"": [""mean"", ""range""]}, ""n_chunks"": 16, ""parameter_selection"": {""mean"": {""likelihood"": ""lognormal""}, ""range"": {""likelihood"": ""lognormal""}}, ""rem_profile_params"": {""rem_stage"": 2, ""step_size_hours"": 1, ""window_size_hours"": 2}, ""tau_threshold"": 5.0}",run_output_8day_rem_w2_s1_stage2_no_pareto,rem_w2_s1_stage2
121,5072423f33215910,ok,,"even: mean, range; odd: mean",mean=lognormal; range=beta,16,5.0,3,1,2,187.507634806895,187.507634806895,6.250254493563166,2.083418164521056,0.0144603996226502,2.083418164521056,0.0144603996226502,-373.9130031319743,1.01,408.0,1019.0,0.9681415330160614,0,8,0.241967135108429,0.5745501466571827,5.992882807341005,2.1762298812396432,1.7638100098069076,6.596006776856939,7.466948821625436,0.5457367354199503,1.7751441900967968,4,False,,False,3,3,30,0,[],29.70283677201951,"(30, 176)",,[],"{""feature_selection"": {""even"": [""mean"", ""range""], ""odd"": [""mean""]}, ""n_chunks"": 16, ""parameter_selection"": {""mean"": {""likelihood"": ""lognormal""}, ""range"": {""likelihood"": ""beta""}}, ""rem_profile_params"": {""rem_stage"": 2, ""step_size_hours"": 1, ""window_size_hours"": 3}, ""tau_threshold"": 5.0}",run_output_8day_rem_w3_s1_stage2_no_pareto,rem_w3_s1_stage2
192,5496e502bb6c18f0,ok,,"concat: range; even: range; odd: mean, range",mean=student_t; range=lognormal,16,5.0,2,2,2,249.11730032874087,249.11730032874087,8.303910010958031,2.075977502739508,0.0105990834022715,2.075977502739508,0.0105990834022715,-498.2485508416672,1.0,587.0,1211.0,0.9470374903727908,0,6,0.3176223394065315,0.9599482887524428,6.84499476351849,0.8905173107965372,5.581748179866548,6.317872230213798,7.130233325476789,0.5990562464247736,0.9394825955612373,2,False,,False,4,4,30,0,[],38.35582009004429,"(30, 96)",,[],"{""feature_selection"": {""concat"": [""range""], ""even"": [""range""], ""odd"": [""mean"", ""range""]}, ""n_chunks"": 16, ""parameter_selection"": {""mean"": {""likelihood"": ""student_t""}, ""range"": {""likelihood"": ""lognormal""}}, ""rem_profile_params"": {""rem_stage"": 2, ""step_size_hours"": 2, ""window_size_hours"": 2}, ""tau_threshold"": 5.0}",run_output_8day_rem_w2_s2_stage2_no_pareto,rem_w2_s2_stage2
118,51ea4f1d1c217078,ok,,"concat: range; odd: mean, range",mean=lognormal; range=lognormal,16,5.0,2,2,2,186.7796010376664,186.7796010376664,6.225986701255546,2.075328900418515,0.0163638192814614,2.075328900418515,0.0163638192814614,-371.5662599606048,1.01,843.0,1823.0,1.0263837954912427,0,8,0.2975318573280665,0.9159963264769098,7.072648781578307,1.002972234679884,5.838025026878937,6.796463230105669,7.437331592204369,0.7179159337049528,1.6744131450459905,3,False,,False,3,3,30,0,[],13.930853002006188,"(30, 96)",,[],"{""feature_selection"": {""concat"": [""range""], ""odd"": [""mean"", ""range""]}, ""n_chunks"": 16, ""parameter_selection"": {""mean"": {""likelihood"": ""lognormal""}, ""range"": {""likelihood"": ""lognormal""}}, ""rem_profile_params"": {""rem_stage"": 2, ""step_size_hours"": 2, ""window_size_hours"": 2}, ""tau_threshold"": 5.0}",run_output_8day_rem_w2_s2_stage2_no_pareto,rem_w2_s2_stage2
48,80f49abae527c985,ok,,even: mean; odd: range,mean=lognormal; range=lognormal,16,5.0,2,2,2,124.39987473542864,124.39987473542864,4.146662491180955,2.0733312455904773,0.0125208030409905,2.0733312455904773,0.0125208030409905,-249.3758716984998,1.0,1740.0,1518.0,1.0065525465640506,0,8,0.4983513231444627,0.8731406109447369,7.375003763908843,1.3116705605446335,7.019304673379468,7.346203115586312,7.673101557793156,0.8306417194068957,0.5720838216517149,0,False,,False,2,2,30,0,[],9.961182500002906,"(30, 96)",,[],"{""feature_selection"": {""even"": [""mean""], ""odd"": [""range""]}, ""n_chunks"": 16, ""parameter_selection"": {""mean"": {""likelihood"": ""lognormal""}, ""range"": {""likelihood"": ""lognormal""}}, ""rem_profile_params"": {""rem_stage"": 2, ""step_size_hours"": 2, ""window_size_hours"": 2}, ""tau_threshold"": 5.0}",run_output_8day_rem_w2_s2_stage2_no_pareto,rem_w2_s2_stage2
100,04a52f689dd46f43,ok,,"concat: range; even: mean, range",mean=lognormal; range=lognormal,16,5.0,3,1,2,185.90902700229765,185.90902700229765,6.196967566743255,2.065655855581085,0.0107296135584389,2.065655855581085,0.0107296135584389,-371.5622599182721,1.0,1591.0,1603.0,0.9353394095090596,0,7,0.5142331908533471,0.9302407029842258,6.91601600626538,0.8284942422768402,6.183801120119869,6.51739706490654,6.850993009693212,0.8877423219558361,0.8648510435310021,2,False,,False,3,3,30,0,[],13.231953008042185,"(30, 176)",,[],"{""feature_selection"": {""concat"": [""range""], ""even"": [""mean"", ""range""]}, ""n_chunks"": 16, ""parameter_selection"": {""mean"": {""likelihood"": ""lognormal""}, ""range"": {""likelihood"": ""lognormal""}}, ""rem_profile_params"": {""rem_stage"": 2, ""step_size_hours"": 1, ""window_size_hours"": 3}, ""tau_threshold"": 5.0}",run_output_8day_rem_w3_s1_stage2_no_pareto,rem_w3_s1_stage2
126,ff4ca8f40bb465ad,ok,,"even: mean, range; odd: range",mean=lognormal; range=lognormal,16,5.0,6,1,2,183.7952768937185,183.7952768937185,6.126509229790617,2.042169743263539,0.0151419941721297,2.042169743263539,0.0151419941721297,-367.8884794449864,1.0,1725.0,1698.0,1.0399492456066493,0,8,0.4600383136794465,0.9542655968059752,7.473613759019982,0.866440265288615,6.5708576055655055,7.210583685907224,7.605291842953612,0.905132142673574,0.7825667332952797,1,False,,False,3,3,30,0,[],13.84324483195087,"(30, 152)",,[],"{""feature_selection"": {""even"": [""mean"", ""range""], ""odd"": [""range""]}, ""n_chunks"": 16, ""parameter_selection"": {""mean"": {""likelihood"": ""lognormal""}, ""range"": {""likelihood"": ""lognormal""}}, ""rem_profile_params"": {""rem_stage"": 2, ""step_size_hours"": 1, ""window_size_hours"": 6}, ""tau_threshold"": 5.0}",run_output_8day_rem_w6_s1_stage2_no_pareto,rem_w6_s1_stage2
38,12eb0b45fa7c80a2,ok,,concat: range; odd: mean,mean=student_t; range=lognormal,16,5.0,6,1,2,122.48495441429532,122.48495441429532,4.082831813809844,2.0414159069049225,0.0139933339519297,2.0414159069049225,0.0139933339519297,-245.1373418229575,1.0,2553.0,2554.0,0.99659539077243,0,7,0.5290572688449797,0.9311727897748364,6.734958890901506,0.6862304640147819,6.041413460521414,6.377435400485444,6.713457340449473,0.7808115747783074,0.908742921832174,1,False,,False,2,2,30,0,[],17.89855850196909,"(30, 152)",,[],"{""feature_selection"": {""concat"": [""range""], ""odd"": [""mean""]}, ""n_chunks"": 16, ""parameter_selection"": {""mean"": {""likelihood"": ""student_t""}, ""range"": {""likelihood"": ""lognormal""}}, ""rem_profile_params"": {""rem_stage"": 2, ""step_size_hours"": 1, ""window_size_hours"": 6}, ""tau_threshold"": 5.0}",run_output_8day_rem_w6_s1_stage2_no_pareto,rem_w6_s1_stage2
128,51e09a3f026c64a5,ok,,"even: mean, range; odd: range",mean=student_t; range=lognormal,16,5.0,3,1,2,183.5298555183227,183.5298555183227,6.117661850610757,2.0392206168702525,0.0089814826328821,2.0392206168702525,0.0089814826328821,-366.6036986666202,1.0,2690.0,1689.0,1.0000249344151555,0,8,0.9259413371293752,0.9902127700969116,7.947112006694416,0.423897101362991,7.233614202171757,7.489076134781171,7.744538067390586,0.9886812828090762,0.8354447941242401,1,False,,False,3,3,30,0,[],27.2252151669818,"(30, 176)",,[],"{""feature_selection"": {""even"": [""mean"", ""range""], ""odd"": [""range""]}, ""n_chunks"": 16, ""parameter_selection"": {""mean"": {""likelihood"": ""student_t""}, ""range"": {""likelihood"": ""lognormal""}}, ""rem_profile_params"": {""rem_stage"": 2, ""step_size_hours"": 1, ""window_size_hours"": 3}, ""tau_threshold"": 5.0}",run_output_8day_rem_w3_s1_stage2_no_pareto,rem_w3_s1_stage2
40,9482697a72bc326e,ok,,concat: range; odd: range,range=lognormal,16,5.0,2,2,2,121.91329763045684,121.91329763045684,4.063776587681895,2.0318882938409475,0.0104821077457398,2.0318882938409475,0.0104821077457398,-244.62264129604205,1.0,1426.0,1695.0,0.9872392629678172,0,7,0.332293865018341,0.9239490492920732,6.820971587415436,0.8392256691353313,5.821681601083142,6.406509146294549,6.885318054324168,0.7122502001724468,0.669305316846577,0,False,,False,2,2,30,0,[],9.954654649016447,"(30, 96)",,[],"{""feature_selection"": {""concat"": [""range""], ""odd"": [""range""]}, ""n_chunks"": 16, ""parameter_selection"": {""range"": {""likelihood"": ""lognormal""}}, ""rem_profile_params"": {""rem_stage"": 2, ""step_size_hours"": 2, ""window_size_hours"": 2}, ""tau_threshold"": 5.0}",run_output_8day_rem_w2_s2_stage2_no_pareto,rem_w2_s2_stage2
136,020607b5ca422a22,ok,,"even: range; odd: mean, range",mean=student_t; range=lognormal,16,5.0,3,1,2,182.69312938214628,182.69312938214628,6.089770979404876,2.029923659801625,0.0111121055182516,2.029923659801625,0.0111121055182516,-364.4996956997412,1.0,1808.0,872.0,1.049889019285799,0,8,0.8509922376145732,0.975833788192838,7.873733620287819,0.6445422592728477,7.211407046530878,7.4742713643539185,7.737135682176959,0.9699287700711152,0.6377465254684926,0,False,,False,3,3,30,0,[],28.37982622598065,"(30, 176)",,[],"{""feature_selection"": {""even"": [""range""], ""odd"": [""mean"", ""range""]}, ""n_chunks"": 16, ""parameter_selection"": {""mean"": {""likelihood"": ""student_t""}, ""range"": {""likelihood"": ""lognormal""}}, ""rem_profile_params"": {""rem_stage"": 2, ""step_size_hours"": 1, ""window_size_hours"": 3}, ""tau_threshold"": 5.0}",run_output_8day_rem_w3_s1_stage2_no_pareto,rem_w3_s1_stage2
125,85fd82086f15e0bf,ok,,"even: mean, range; odd: range",mean=lognormal; range=beta,16,5.0,3,1,2,182.33101198207584,182.33101198207584,6.077700399402529,2.025900133134176,0.0108774436891902,2.025900133134176,0.0108774436891902,-359.2568850788883,1.0,277.0,445.0,0.9446174838432058,0,8,0.4256151805952937,0.708746837001395,6.477916391364756,2.1790787376768894,1.8627217101491391,7.184374539583072,7.592187269791536,0.6966815594322874,1.199080507956105,2,False,,False,3,3,30,0,[],37.28334374498809,"(30, 176)",,[],"{""feature_selection"": {""even"": [""mean"", ""range""], ""odd"": [""range""]}, ""n_chunks"": 16, ""parameter_selection"": {""mean"": {""likelihood"": ""lognormal""}, ""range"": {""likelihood"": ""beta""}}, ""rem_profile_params"": {""rem_stage"": 2, ""step_size_hours"": 1, ""window_size_hours"": 3}, ""tau_threshold"": 5.0}",run_output_8day_rem_w3_s1_stage2_no_pareto,rem_w3_s1_stage2
193,c1e3251e25c207a4,ok,,"even: mean, range; odd: mean, range",mean=lognormal; range=beta,16,5.0,2,2,2,243.0970766302952,243.0970766302952,8.103235887676506,2.0258089719191266,0.0113590259017622,2.0258089719191266,0.0113590259017622,-483.0838113333426,1.0,806.0,1492.0,0.9740580455294516,0,8,0.4242464924663205,0.9996726172119372,7.26177639477486,0.8379447407436772,5.993064030935077,7.028060883439255,7.514030441719627,0.7482561833926161,1.1683956316824835,3,False,,False,4,4,30,0,[],43.641117257997394,"(30, 96)",,[],"{""feature_selection"": {""even"": [""mean"", ""range""], ""odd"": [""mean"", ""range""]}, ""n_chunks"": 16, ""parameter_selection"": {""mean"": {""likelihood"": ""lognormal""}, ""range"": {""likelihood"": ""beta""}}, ""rem_profile_params"": {""rem_stage"": 2, ""step_size_hours"": 2, ""window_size_hours"": 2}, ""tau_threshold"": 5.0}",run_output_8day_rem_w2_s2_stage2_no_pareto,rem_w2_s2_stage2
178,13b049938ec3f243,ok,,"concat: range; even: mean, range; odd: mean",mean=lognormal; range=lognormal,16,5.0,3,1,2,242.7382141525943,242.7382141525943,8.091273805086477,2.022818451271619,0.0131223139512858,2.022818451271619,0.0131223139512858,-480.5021449824738,1.0,565.0,726.0,0.9409610633752088,0,7,0.4121383496116116,0.9321917917521748,7.0894540880394885,0.9555127941563084,6.2469156624985445,6.679728294556966,7.206363238719968,0.8926227218255127,1.5954786591160586,4,False,,False,4,4,30,0,[],18.03002856299281,"(30, 176)",,[],"{""feature_selection"": {""concat"": [""range""], ""even"": [""mean"", ""range""], ""odd"": [""mean""]}, ""n_chunks"": 16, ""parameter_selection"": {""mean"": {""likelihood"": ""lognormal""}, ""range"": {""likelihood"": ""lognormal""}}, ""rem_profile_params"": {""rem_stage"": 2, ""step_size_hours"": 1, ""window_size_hours"": 3}, ""tau_threshold"": 5.0}",run_output_8day_rem_w3_s1_stage2_no_pareto,rem_w3_s1_stage2
193,b983c408876615cc,ok,,"even: mean, range; odd: mean, range",mean=lognormal; range=beta,16,5.0,3,1,2,241.7255476893701,241.7255476893701,8.057518256312337,2.0143795640780846,0.0117334243199374,2.0143795640780846,0.0117334243199374,-473.5868515424105,1.04,111.0,147.0,1.004695333356543,0,8,0.5871080761445804,0.7595347117734478,6.778548481803286,2.1052896523992883,6.19293962723482,7.31401267895176,7.65700633947588,0.7550498958089844,1.256422869794136,2,False,,False,4,4,30,0,[],51.28566414600937,"(30, 176)",,[],"{""feature_selection"": {""even"": [""mean"", ""range""], ""odd"": [""mean"", ""range""]}, ""n_chunks"": 16, ""parameter_selection"": {""mean"": {""likelihood"": ""lognormal""}, ""range"": {""likelihood"": ""beta""}}, ""rem_profile_params"": {""rem_stage"": 2, ""step_size_hours"": 1, ""window_size_hours"": 3}, ""tau_threshold"": 5.0}",run_output_8day_rem_w3_s1_stage2_no_pareto,rem_w3_s1_stage2
109,53a477e33e338f59,ok,,concat: range; even: mean; odd: range,mean=student_t; range=beta,16,5.0,6,1,2,181.0956232339836,181.0956232339836,6.03652077446612,2.0121735914887067,0.0080588828059141,2.0121735914887067,0.0080588828059141,-362.2789958557647,1.0,2986.0,1990.0,0.9477330698705416,0,5,0.989390263363803,0.0027462822064433,5.002756565926402,0.0526403398052377,4.250688360836219,4.501376855694532,4.7520653505528445,1.0395097516962988e-05,0.8947481349628016,2,False,,False,3,3,30,0,[],36.06724419101374,"(30, 152)",,[],"{""feature_selection"": {""concat"": [""range""], ""even"": [""mean""], ""odd"": [""range""]}, ""n_chunks"": 16, ""parameter_selection"": {""mean"": {""likelihood"": ""student_t""}, ""range"": {""likelihood"": ""beta""}}, ""rem_profile_params"": {""rem_stage"": 2, ""step_size_hours"": 1, ""window_size_hours"": 6}, ""tau_threshold"": 5.0}",run_output_8day_rem_w6_s1_stage2_no_pareto,rem_w6_s1_stage2
112,01aa85463953483a,ok,,concat: range; even: range; odd: mean,mean=lognormal; range=lognormal,16,5.0,2,1,2,181.07537105155063,181.07537105155063,6.035845701718355,2.0119485672394517,0.0144769896106915,2.0119485672394517,0.0144769896106915,-359.5730022817768,1.01,574.0,522.0,0.9786310993014736,0,7,0.2205000535844867,0.8175684588680865,6.638010520640532,1.643521399995579,5.815893405215757,6.634455736613607,7.314591543058349,0.734753156726726,1.183959217177741,3,False,,False,3,3,30,0,[],14.855798309028614,"(30, 184)",,[],"{""feature_selection"": {""concat"": [""range""], ""even"": [""range""], ""odd"": [""mean""]}, ""n_chunks"": 16, ""parameter_selection"": {""mean"": {""likelihood"": ""lognormal""}, ""range"": {""likelihood"": ""lognormal""}}, ""rem_profile_params"": {""rem_stage"": 2, ""step_size_hours"": 1, ""window_size_hours"": 2}, ""tau_threshold"": 5.0}",run_output_8day_rem_w2_s1_stage2_no_pareto,rem_w2_s1_stage2
184,f5e318e9129ea176,ok,,"concat: range; even: mean, range; odd: range",mean=student_t; range=lognormal,16,5.0,6,1,2,241.3667052461136,241.3667052461136,8.04555684153712,2.01138921038428,0.0098746890161343,2.01138921038428,0.0098746890161343,-483.7440130315576,1.0,1704.0,1182.0,1.0118149909960077,0,7,0.7465555612130683,0.9984363570253376,7.124221571517628,0.3667698311462832,6.281137962652711,6.573584251798552,6.8660305409443945,0.9903329885582068,0.8377421827879532,1,False,,False,4,4,30,0,[],36.085888820001855,"(30, 152)",,[],"{""feature_selection"": {""concat"": [""range""], ""even"": [""mean"", ""range""], ""odd"": [""range""]}, ""n_chunks"": 16, ""parameter_selection"": {""mean"": {""likelihood"": ""student_t""}, ""range"": {""likelihood"": ""lognormal""}}, ""rem_profile_params"": {""rem_stage"": 2, ""step_size_hours"": 1, ""window_size_hours"": 6}, ""tau_threshold"": 5.0}",run_output_8day_rem_w6_s1_stage2_no_pareto,rem_w6_s1_stage2
42,82b144c9ce5c5553,ok,,"even: mean, range",mean=lognormal; range=lognormal,16,5.0,6,1,2,119.9705177123592,119.9705177123592,3.99901725707864,1.99950862853932,0.019778809710253,1.99950862853932,0.019778809710253,-239.68603281636624,1.0,1015.0,1101.0,1.0105082093439082,0,8,0.227763935348835,0.7354985683842782,6.683915890802718,1.7555968000038464,4.863122460143396,7.021588976655288,7.510794488327644,0.7093831002030461,0.7786052943988266,1,False,,False,2,2,30,0,[],10.368245852005202,"(30, 152)",,[],"{""feature_selection"": {""even"": [""mean"", ""range""]}, ""n_chunks"": 16, ""parameter_selection"": {""mean"": {""likelihood"": ""lognormal""}, ""range"": {""likelihood"": ""lognormal""}}, ""rem_profile_params"": {""rem_stage"": 2, ""step_size_hours"": 1, ""window_size_hours"": 6}, ""tau_threshold"": 5.0}",run_output_8day_rem_w6_s1_stage2_no_pareto,rem_w6_s1_stage2
218,eaa68356c501baec,ok,,"concat: range; even: mean, range; odd: mean, range",mean=lognormal; range=lognormal,16,5.0,3,1,2,298.6073569431563,298.6073569431563,9.953578564771876,1.9907157129543755,0.0114394968824924,1.9907157129543755,0.0114394968824924,-591.9863321301827,1.0,1718.0,842.0,1.0231992841670454,0,8,0.8686969572689858,0.9976531387115416,7.936645527993644,0.2887800098214542,7.205763734661277,7.470509156440851,7.735254578220426,0.9955700867479016,1.058025598871576,3,False,,False,5,5,30,0,[],20.37298527703388,"(30, 176)",,[],"{""feature_selection"": {""concat"": [""range""], ""even"": [""mean"", ""range""], ""odd"": [""mean"", ""range""]}, ""n_chunks"": 16, ""parameter_selection"": {""mean"": {""likelihood"": ""lognormal""}, ""range"": {""likelihood"": ""lognormal""}}, ""rem_profile_params"": {""rem_stage"": 2, ""step_size_hours"": 1, ""window_size_hours"": 3}, ""tau_threshold"": 5.0}",run_output_8day_rem_w3_s1_stage2_no_pareto,rem_w3_s1_stage2
3,686863abd8353289,ok,,concat: range,range=beta,16,5.0,6,1,2,59.665630416552624,59.665630416552624,1.9888543472184208,1.988854347218421,0.0114289734604116,1.988854347218421,0.0114289734604116,-119.56400185860213,1.0,1635.0,1214.0,0.9408283093172116,0,5,0.6523944911954516,0.153658942659186,5.077974688832793,0.5594916917314535,4.259172851940114,4.569744771708376,4.880316691476637,0.0031369964885742,0.5310328282814575,0,False,,False,1,1,30,0,[],12.596328434010502,"(30, 152)",,[],"{""feature_selection"": {""concat"": [""range""]}, ""n_chunks"": 16, ""parameter_selection"": {""range"": {""likelihood"": ""beta""}}, ""rem_profile_params"": {""rem_stage"": 2, ""step_size_hours"": 1, ""window_size_hours"": 6}, ""tau_threshold"": 5.0}",run_output_8day_rem_w6_s1_stage2_no_pareto,rem_w6_s1_stage2
29,2412e46fb52ada96,ok,,concat: range; even: mean,mean=lognormal; range=beta,16,5.0,6,1,2,118.759973585036,118.759973585036,3.958665786167866,1.979332893083933,0.0119310941977595,1.979332893083933,0.0119310941977595,-237.77446084976407,1.0,2509.0,2050.0,0.9467205962906448,0,5,0.7868544510410426,0.0534452099177808,4.9864197644554284,0.439233232620053,4.234813611258785,4.509446131067778,4.78407865087677,0.0015360191510897,0.5112179010827518,0,False,,False,2,2,30,0,[],18.031785116996616,"(30, 152)",,[],"{""feature_selection"": {""concat"": [""range""], ""even"": [""mean""]}, ""n_chunks"": 16, ""parameter_selection"": {""mean"": {""likelihood"": ""lognormal""}, ""range"": {""likelihood"": ""beta""}}, ""rem_profile_params"": {""rem_stage"": 2, ""step_size_hours"": 1, ""window_size_hours"": 6}, ""tau_threshold"": 5.0}",run_output_8day_rem_w6_s1_stage2_no_pareto,rem_w6_s1_stage2
48,8709c1cf0cd6925c,ok,,even: mean; odd: range,mean=lognormal; range=lognormal,16,5.0,6,1,2,118.68787107759589,118.68787107759589,3.956262369253196,1.978131184626598,0.0115222737486454,1.978131184626598,0.0115222737486454,-237.69138101410928,1.01,1219.0,1813.0,0.986643618696947,0,8,0.1519065917501957,0.7999341418965842,6.678534234519336,1.3329790703650062,5.245837435556767,6.432092376647264,7.329315179195474,0.5968155981992246,0.6180693630280262,0,False,,False,2,2,30,0,[],10.241949299001137,"(30, 152)",,[],"{""feature_selection"": {""even"": [""mean""], ""odd"": [""range""]}, ""n_chunks"": 16, ""parameter_selection"": {""mean"": {""likelihood"": ""lognormal""}, ""range"": {""likelihood"": ""lognormal""}}, ""rem_profile_params"": {""rem_stage"": 2, ""step_size_hours"": 1, ""window_size_hours"": 6}, ""tau_threshold"": 5.0}",run_output_8day_rem_w6_s1_stage2_no_pareto,rem_w6_s1_stage2
183,da0791691268d2b3,ok,,"concat: range; even: mean, range; odd: range",mean=student_t; range=beta,16,5.0,6,1,2,236.8257113288102,236.8257113288102,7.894190377627007,1.973547594406752,0.0080049507092898,1.973547594406752,0.0080049507092898,-473.7763757147218,1.0,2745.0,2098.0,0.996523767419323,0,5,0.9896946275343688,0.0026549433335093,5.002662779976568,0.051729277864238,4.250665156422071,4.501330774965235,4.7519963935084,8.735040162655094e-06,0.9674065426013944,2,False,,False,4,4,30,0,[],60.85616766795283,"(30, 152)",,[],"{""feature_selection"": {""concat"": [""range""], ""even"": [""mean"", ""range""], ""odd"": [""range""]}, ""n_chunks"": 16, ""parameter_selection"": {""mean"": {""likelihood"": ""student_t""}, ""range"": {""likelihood"": ""beta""}}, ""rem_profile_params"": {""rem_stage"": 2, ""step_size_hours"": 1, ""window_size_hours"": 6}, ""tau_threshold"": 5.0}",run_output_8day_rem_w6_s1_stage2_no_pareto,rem_w6_s1_stage2
182,1f81b575a8c2025f,ok,,"concat: range; even: mean, range; odd: range",mean=lognormal; range=lognormal,16,5.0,3,1,2,236.80963520642547,236.80963520642547,7.893654506880849,1.9734136267202125,0.0098951007730614,1.9734136267202125,0.0098951007730614,-469.7747249513325,1.01,1149.0,1001.0,1.0653254017288132,0,8,0.6707251992482361,0.9849031897730296,7.760497782539091,0.5596293492386746,7.064487477992439,7.376324985328292,7.688162492664146,0.9782791072019392,0.8916991710961172,1,False,,False,4,4,30,0,[],17.09103538794443,"(30, 176)",,[],"{""feature_selection"": {""concat"": [""range""], ""even"": [""mean"", ""range""], ""odd"": [""range""]}, ""n_chunks"": 16, ""parameter_selection"": {""mean"": {""likelihood"": ""lognormal""}, ""range"": {""likelihood"": ""lognormal""}}, ""rem_profile_params"": {""rem_stage"": 2, ""step_size_hours"": 1, ""window_size_hours"": 3}, ""tau_threshold"": 5.0}",run_output_8day_rem_w3_s1_stage2_no_pareto,rem_w3_s1_stage2
125,d110588ad8d928c2,ok,,"even: mean, range; odd: range",mean=lognormal; range=beta,16,5.0,2,2,2,176.85559976078264,176.85559976078264,5.895186658692754,1.9650622195642509,0.0100773074016727,1.9650622195642509,0.0100773074016727,-354.1537058799611,1.0,1297.0,1491.0,0.9053705672974056,0,7,0.4192484583145245,0.9996864977310952,6.895047451837941,0.7109010130145518,5.809697355572404,6.392962218741668,6.906460189967301,0.6913163443488071,0.8692591814029741,2,False,,False,3,3,30,0,[],32.45493588602403,"(30, 96)",,[],"{""feature_selection"": {""even"": [""mean"", ""range""], ""odd"": [""range""]}, ""n_chunks"": 16, ""parameter_selection"": {""mean"": {""likelihood"": ""lognormal""}, ""range"": {""likelihood"": ""beta""}}, ""rem_profile_params"": {""rem_stage"": 2, ""step_size_hours"": 2, ""window_size_hours"": 2}, ""tau_threshold"": 5.0}",run_output_8day_rem_w2_s2_stage2_no_pareto,rem_w2_s2_stage2
49,23c11f0a27804e4f,ok,,even: mean; odd: range,mean=student_t; range=beta,16,5.0,6,1,2,117.26993608025948,117.26993608025948,3.9089978693419822,1.9544989346709911,0.0088057272236865,1.9544989346709911,0.0088057272236865,-234.27946828839904,1.0,2649.0,2202.0,0.946536576751592,0,5,0.9429900725634388,0.0181866798097159,5.022729307323646,0.179146700369824,4.254618468684042,4.509253602655827,4.763888736627611,0.0042255692695543,0.8903200313898181,2,False,,False,2,2,30,0,[],23.848869902954902,"(30, 152)",,[],"{""feature_selection"": {""even"": [""mean""], ""odd"": [""range""]}, ""n_chunks"": 16, ""parameter_selection"": {""mean"": {""likelihood"": ""student_t""}, ""range"": {""likelihood"": ""beta""}}, ""rem_profile_params"": {""rem_stage"": 2, ""step_size_hours"": 1, ""window_size_hours"": 6}, ""tau_threshold"": 5.0}",run_output_8day_rem_w6_s1_stage2_no_pareto,rem_w6_s1_stage2
9,080c17955b1c39ed,ok,,odd: mean,mean=lognormal,16,5.0,3,1,2,58.612770288240775,58.612770288240775,1.9537590096080255,1.9537590096080255,0.0344486879505849,1.9537590096080255,0.0344486879505849,-117.63828357511446,1.0,732.0,1124.0,1.0013824529663589,0,8,0.0727640421859623,0.5958085551539463,5.878972500002003,1.965427965359372,3.3928611304933893,5.695219667486386,7.26954677124905,0.4579980764884784,1.3658605265613313,1,False,,False,1,1,30,0,[],6.743576700042468,"(30, 176)",,[],"{""feature_selection"": {""odd"": [""mean""]}, ""n_chunks"": 16, ""parameter_selection"": {""mean"": {""likelihood"": ""lognormal""}}, ""rem_profile_params"": {""rem_stage"": 2, ""step_size_hours"": 1, ""window_size_hours"": 3}, ""tau_threshold"": 5.0}",run_output_8day_rem_w3_s1_stage2_no_pareto,rem_w3_s1_stage2
136,560bafec0f62b133,ok,,"even: range; odd: mean, range",mean=student_t; range=lognormal,16,5.0,2,1,2,175.82733311741563,175.82733311741563,5.860911103913854,1.9536370346379517,0.0120254830148226,1.9536370346379517,0.0120254830148226,-353.1805724257554,1.01,739.0,1064.0,0.9987948960682314,0,8,0.242401288288139,0.802278522639744,6.857638189764609,1.6251280019180698,5.661905930044823,7.096637321131493,7.548318660565747,0.7232967213493344,0.7867698369368169,3,False,,False,3,3,30,0,[],29.876137992017902,"(30, 184)",,[],"{""feature_selection"": {""even"": [""range""], ""odd"": [""mean"", ""range""]}, ""n_chunks"": 16, ""parameter_selection"": {""mean"": {""likelihood"": ""student_t""}, ""range"": {""likelihood"": ""lognormal""}}, ""rem_profile_params"": {""rem_stage"": 2, ""step_size_hours"": 1, ""window_size_hours"": 2}, ""tau_threshold"": 5.0}",run_output_8day_rem_w2_s1_stage2_no_pareto,rem_w2_s1_stage2
42,48dd9aa91f43575f,ok,,"even: mean, range",mean=lognormal; range=lognormal,16,5.0,2,1,2,117.14206733899404,117.14206733899404,3.904735577966469,1.9523677889832345,0.0153117577351657,1.9523677889832345,0.0153117577351657,-236.2248328087147,1.0,989.0,1410.0,1.0237931101836737,0,8,0.1016320622076424,0.672285877895249,6.246920646334797,1.8187732955779008,4.177989174741851,6.40897907870316,7.262678854277571,0.6113648122206623,1.083001314197822,3,False,,False,2,2,30,0,[],10.314446013013368,"(30, 184)",,[],"{""feature_selection"": {""even"": [""mean"", ""range""]}, ""n_chunks"": 16, ""parameter_selection"": {""mean"": {""likelihood"": ""lognormal""}, ""range"": {""likelihood"": ""lognormal""}}, ""rem_profile_params"": {""rem_stage"": 2, ""step_size_hours"": 1, ""window_size_hours"": 2}, ""tau_threshold"": 5.0}",run_output_8day_rem_w2_s1_stage2_no_pareto,rem_w2_s1_stage2
99,3b60d27c46be0703,ok,,"concat: range; even: mean, range",mean=lognormal; range=beta,16,5.0,6,1,2,175.47836077157814,175.47836077157814,5.849278692385938,1.949759564128646,0.0108395583492563,1.949759564128646,0.0108395583492563,-351.3131403999248,1.0,2003.0,1786.0,0.9047649142086002,0,5,0.7155584239940602,0.0513455940220128,4.900721123070283,0.6163085403687121,4.19546782839427,4.483354144118399,4.771240459842528,0.0052460357181257,0.6646987535369892,0,False,,False,3,3,30,0,[],29.739362608990632,"(30, 152)",,[],"{""feature_selection"": {""concat"": [""range""], ""even"": [""mean"", ""range""]}, ""n_chunks"": 16, ""parameter_selection"": {""mean"": {""likelihood"": ""lognormal""}, ""range"": {""likelihood"": ""beta""}}, ""rem_profile_params"": {""rem_stage"": 2, ""step_size_hours"": 1, ""window_size_hours"": 6}, ""tau_threshold"": 5.0}",run_output_8day_rem_w6_s1_stage2_no_pareto,rem_w6_s1_stage2
58,7b29060f1ee1e130,ok,,"odd: mean, range",mean=lognormal; range=lognormal,16,5.0,3,1,2,116.82610359665944,116.82610359665944,3.894203453221981,1.9471017266109905,0.0190554992097069,1.9471017266109905,0.0190554992097069,-235.52196328149572,1.0,1784.0,945.0,1.009184800530709,0,8,0.8497068249450739,0.9703973952700194,7.853387299370681,0.7240716477511119,7.2121789643521135,7.474785976234743,7.737392988117371,0.96200102008308,1.3389746165738088,2,False,,False,2,2,30,0,[],10.248891882016324,"(30, 176)",,[],"{""feature_selection"": {""odd"": [""mean"", ""range""]}, ""n_chunks"": 16, ""parameter_selection"": {""mean"": {""likelihood"": ""lognormal""}, ""range"": {""likelihood"": ""lognormal""}}, ""rem_profile_params"": {""rem_stage"": 2, ""step_size_hours"": 1, ""window_size_hours"": 3}, ""tau_threshold"": 5.0}",run_output_8day_rem_w3_s1_stage2_no_pareto,rem_w3_s1_stage2
33,e8804798687248e5,ok,,concat: range; even: range,range=beta,16,5.0,6,1,2,116.6253124978702,116.6253124978702,3.887510416595673,1.943755208297837,0.0110244165298925,1.943755208297837,0.0110244165298925,-233.6799816887071,1.0,1989.0,1606.0,0.9157328405549656,0,5,0.5755694161301179,0.1531689846571681,4.994685905338638,0.7336576046137968,4.214675673159663,4.543631569657951,4.872587466156237,0.0092251342542678,0.619965492745876,0,False,,False,2,2,30,0,[],20.96075381699484,"(30, 152)",,[],"{""feature_selection"": {""concat"": [""range""], ""even"": [""range""]}, ""n_chunks"": 16, ""parameter_selection"": {""range"": {""likelihood"": ""beta""}}, ""rem_profile_params"": {""rem_stage"": 2, ""step_size_hours"": 1, ""window_size_hours"": 6}, ""tau_threshold"": 5.0}",run_output_8day_rem_w6_s1_stage2_no_pareto,rem_w6_s1_stage2
102,f31aeea8e3a6036d,ok,,"concat: range; even: mean, range",mean=student_t; range=lognormal,16,5.0,6,1,2,174.85788572462522,174.85788572462522,5.828596190820841,1.94286539694028,0.0105266630586613,1.94286539694028,0.0105266630586613,-351.2329752689097,1.0,2662.0,2056.0,0.9892657941163676,0,7,0.7381705249147927,0.9953178449996852,7.122051879111656,0.3897915711350348,6.28107496339076,6.574862348831343,6.8686497342719255,0.9891822941693372,0.7492489434859368,2,False,,False,3,3,30,0,[],24.81875401601428,"(30, 152)",,[],"{""feature_selection"": {""concat"": [""range""], ""even"": [""mean"", ""range""]}, ""n_chunks"": 16, ""parameter_selection"": {""mean"": {""likelihood"": ""student_t""}, ""range"": {""likelihood"": ""lognormal""}}, ""rem_profile_params"": {""rem_stage"": 2, ""step_size_hours"": 1, ""window_size_hours"": 6}, ""tau_threshold"": 5.0}",run_output_8day_rem_w6_s1_stage2_no_pareto,rem_w6_s1_stage2
218,b793214bfde31b80,ok,,"concat: range; even: mean, range; odd: mean, range",mean=lognormal; range=lognormal,16,5.0,2,2,2,291.0633860875691,291.0633860875691,9.702112869585635,1.9404225739171268,0.0113476730513539,1.9404225739171268,0.0113476730513539,-584.6462961193704,1.0,751.0,788.0,0.9832588743570372,0,8,0.551118585371038,0.9758548051565152,7.617015227251154,0.7447343433549334,6.944779716193096,7.325201097891333,7.662600548945667,0.9046424658371542,1.2851188796536976,5,False,,False,5,5,30,0,[],21.243652799981646,"(30, 96)",,[],"{""feature_selection"": {""concat"": [""range""], ""even"": [""mean"", ""range""], ""odd"": [""mean"", ""range""]}, ""n_chunks"": 16, ""parameter_selection"": {""mean"": {""likelihood"": ""lognormal""}, ""range"": {""likelihood"": ""lognormal""}}, ""rem_profile_params"": {""rem_stage"": 2, ""step_size_hours"": 2, ""window_size_hours"": 2}, ""tau_threshold"": 5.0}",run_output_8day_rem_w2_s2_stage2_no_pareto,rem_w2_s2_stage2
128,1d1c70ff4249c25b,ok,,"even: mean, range; odd: range",mean=student_t; range=lognormal,16,5.0,2,2,2,173.56538004214232,173.56538004214232,5.78551266807141,1.9285042226904705,0.0105858880124516,1.9285042226904705,0.0105858880124516,-346.789844127047,1.0,3471.0,2201.0,1.0247295328175083,0,8,0.8244037653439232,0.9795563980192792,7.867325497499312,0.598710755431513,7.201293088811782,7.467528725874521,7.7337643629372606,0.9610737799903488,0.6235685003942496,0,False,,False,3,3,30,0,[],28.816028326982632,"(30, 96)",,[],"{""feature_selection"": {""even"": [""mean"", ""range""], ""odd"": [""range""]}, ""n_chunks"": 16, ""parameter_selection"": {""mean"": {""likelihood"": ""student_t""}, ""range"": {""likelihood"": ""lognormal""}}, ""rem_profile_params"": {""rem_stage"": 2, ""step_size_hours"": 2, ""window_size_hours"": 2}, ""tau_threshold"": 5.0}",run_output_8day_rem_w2_s2_stage2_no_pareto,rem_w2_s2_stage2
110,8c7a0c7372a5aca2,ok,,concat: range; even: mean; odd: range,mean=student_t; range=lognormal,16,5.0,6,1,2,172.77610521162276,172.77610521162276,5.759203507054092,1.919734502351364,0.0073201738482228,1.919734502351364,0.0073201738482228,-345.8796084796454,1.0,2222.0,2044.0,0.9915721017312996,0,7,0.7178002537428687,0.9947342351014142,7.04742184110476,0.3917662437460726,6.240409695854672,6.530715377357934,6.821021058861196,0.9570315112416864,0.5636718929336227,0,False,,False,3,3,30,0,[],24.479696968977805,"(30, 152)",,[],"{""feature_selection"": {""concat"": [""range""], ""even"": [""mean""], ""odd"": [""range""]}, ""n_chunks"": 16, ""parameter_selection"": {""mean"": {""likelihood"": ""student_t""}, ""range"": {""likelihood"": ""lognormal""}}, ""rem_profile_params"": {""rem_stage"": 2, ""step_size_hours"": 1, ""window_size_hours"": 6}, ""tau_threshold"": 5.0}",run_output_8day_rem_w6_s1_stage2_no_pareto,rem_w6_s1_stage2
127,bfc1eed7c17d81f6,ok,,"even: mean, range; odd: range",mean=student_t; range=beta,16,5.0,6,1,2,172.6879169253637,172.6879169253637,5.756263897512124,1.9187546325040408,0.0102603010902418,1.9187546325040408,0.0102603010902418,-346.39562228008367,1.0,2384.0,1740.0,0.9261560156250492,0,5,0.919506258150725,0.0261459801779806,5.0382075639213575,0.2551424301027457,4.25665304703152,4.513385389676814,4.770117732322108,0.0104619867617799,1.196605564435994,2,False,,False,3,3,30,0,[],38.356948351021856,"(30, 152)",,[],"{""feature_selection"": {""even"": [""mean"", ""range""], ""odd"": [""range""]}, ""n_chunks"": 16, ""parameter_selection"": {""mean"": {""likelihood"": ""student_t""}, ""range"": {""likelihood"": ""beta""}}, ""rem_profile_params"": {""rem_stage"": 2, ""step_size_hours"": 1, ""window_size_hours"": 6}, ""tau_threshold"": 5.0}",run_output_8day_rem_w6_s1_stage2_no_pareto,rem_w6_s1_stage2
190,af1fa8bda71e60fe,ok,,"concat: range; even: range; odd: mean, range",mean=lognormal; range=lognormal,16,5.0,2,1,2,229.6545998125188,229.6545998125188,7.655153327083959,1.9137883317709896,0.0127437393970901,1.9137883317709896,0.0127437393970901,-455.7126390527393,1.01,362.0,404.0,1.0261631028533094,0,8,0.2401255632835767,0.7749954124312328,6.563788270500181,1.8590775472091032,5.463891592836147,6.806634176394647,7.440709425600586,0.7211134003033228,1.563504894237281,3,False,,False,4,4,30,0,[],18.585000936000142,"(30, 184)",,[],"{""feature_selection"": {""concat"": [""range""], ""even"": [""range""], ""odd"": [""mean"", ""range""]}, ""n_chunks"": 16, ""parameter_selection"": {""mean"": {""likelihood"": ""lognormal""}, ""range"": {""likelihood"": ""lognormal""}}, ""rem_profile_params"": {""rem_stage"": 2, ""step_size_hours"": 1, ""window_size_hours"": 2}, ""tau_threshold"": 5.0}",run_output_8day_rem_w2_s1_stage2_no_pareto,rem_w2_s1_stage2
51,0d68517ebe946c55,ok,,even: range; odd: mean,mean=lognormal; range=beta,16,5.0,2,2,2,114.78422889543452,114.78422889543452,3.8261409631811514,1.9130704815905757,0.0178198627358764,1.9130704815905757,0.0178198627358764,-227.96545337013492,1.01,1282.0,1256.0,0.958099133983928,0,8,0.3664633314376924,0.9124854333143292,7.132851427250013,1.3207956062985953,5.77428841438314,7.189934277225202,7.594967138612601,0.7026341294642281,1.2488820478578555,2,False,,False,2,2,30,0,[],19.805560693028383,"(30, 96)",,[],"{""feature_selection"": {""even"": [""range""], ""odd"": [""mean""]}, ""n_chunks"": 16, ""parameter_selection"": {""mean"": {""likelihood"": ""lognormal""}, ""range"": {""likelihood"": ""beta""}}, ""rem_profile_params"": {""rem_stage"": 2, ""step_size_hours"": 2, ""window_size_hours"": 2}, ""tau_threshold"": 5.0}",run_output_8day_rem_w2_s2_stage2_no_pareto,rem_w2_s2_stage2
122,6b0fbc04a86a5cc2,ok,,"even: mean, range; odd: mean",mean=lognormal; range=lognormal,16,5.0,2,2,2,171.6149074298233,171.6149074298233,5.720496914327443,1.906832304775815,0.0154115870876466,1.906832304775815,0.0154115870876466,-347.5946039283841,1.01,828.0,626.0,1.0163342105568152,0,8,0.4682977150850624,0.8564927568190338,7.218237966151305,1.5472801201595825,6.8614796578553285,7.326158051271375,7.663079025635688,0.7996676565134784,1.1904577070161808,3,False,,False,3,3,30,0,[],14.523583012050947,"(30, 96)",,[],"{""feature_selection"": {""even"": [""mean"", ""range""], ""odd"": [""mean""]}, ""n_chunks"": 16, ""parameter_selection"": {""mean"": {""likelihood"": ""lognormal""}, ""range"": {""likelihood"": ""lognormal""}}, ""rem_profile_params"": {""rem_stage"": 2, ""step_size_hours"": 2, ""window_size_hours"": 2}, ""tau_threshold"": 5.0}",run_output_8day_rem_w2_s2_stage2_no_pareto,rem_w2_s2_stage2
57,95f4e274e3ecfe82,ok,,"odd: mean, range",mean=lognormal; range=beta,16,5.0,3,1,2,114.2505678035568,114.2505678035568,3.80835226011856,1.90417613005928,0.0197483408518626,1.90417613005928,0.0197483408518626,-221.94536188726,1.01,353.0,247.0,0.9853988173675632,0,8,0.549825223121838,0.8394488769850492,7.107635308002242,1.7988277168261002,7.012940929586235,7.341960619724157,7.670980309862078,0.8129943483329876,1.093141957296094,2,False,,False,2,2,30,0,[],23.289532713009976,"(30, 176)",,[],"{""feature_selection"": {""odd"": [""mean"", ""range""]}, ""n_chunks"": 16, ""parameter_selection"": {""mean"": {""likelihood"": ""lognormal""}, ""range"": {""likelihood"": ""beta""}}, ""rem_profile_params"": {""rem_stage"": 2, ""step_size_hours"": 1, ""window_size_hours"": 3}, ""tau_threshold"": 5.0}",run_output_8day_rem_w3_s1_stage2_no_pareto,rem_w3_s1_stage2
112,3d4fb6d82d3d87a1,ok,,concat: range; even: range; odd: mean,mean=lognormal; range=lognormal,16,5.0,2,2,2,169.98087250664574,169.98087250664574,5.666029083554858,1.888676361184952,0.0139395794297225,1.888676361184952,0.0139395794297225,-339.91829474555607,1.0,1220.0,1336.0,0.9435081291302604,0,7,0.3326957697118358,0.9477941523533248,6.776605521081039,0.8198358020803233,5.667979428794177,6.323644590360424,6.857056677828127,0.6516860031691816,1.2045533264369026,3,False,,False,3,3,30,0,[],13.714688170992304,"(30, 96)",,[],"{""feature_selection"": {""concat"": [""range""], ""even"": [""range""], ""odd"": [""mean""]}, ""n_chunks"": 16, ""parameter_selection"": {""mean"": {""likelihood"": ""lognormal""}, ""range"": {""likelihood"": ""lognormal""}}, ""rem_profile_params"": {""rem_stage"": 2, ""step_size_hours"": 2, ""window_size_hours"": 2}, ""tau_threshold"": 5.0}",run_output_8day_rem_w2_s2_stage2_no_pareto,rem_w2_s2_stage2
182,0fcf28da1bc09dcb,ok,,"concat: range; even: mean, range; odd: range",mean=lognormal; range=lognormal,16,5.0,2,2,2,226.1541229480277,226.1541229480277,7.538470764934256,1.884617691233564,0.0094463008745409,1.884617691233564,0.0094463008745409,-454.4127688733765,1.0,962.0,1643.0,0.9618107975433468,0,8,0.4221000950489891,0.9774759558538652,7.315255249545384,0.7404097660961415,6.309232409940054,6.899569797460994,7.453515062655527,0.8809557959892406,0.960076233424992,2,False,,False,4,4,30,0,[],17.31905224599177,"(30, 96)",,[],"{""feature_selection"": {""concat"": [""range""], ""even"": [""mean"", ""range""], ""odd"": [""range""]}, ""n_chunks"": 16, ""parameter_selection"": {""mean"": {""likelihood"": ""lognormal""}, ""range"": {""likelihood"": ""lognormal""}}, ""rem_profile_params"": {""rem_stage"": 2, ""step_size_hours"": 2, ""window_size_hours"": 2}, ""tau_threshold"": 5.0}",run_output_8day_rem_w2_s2_stage2_no_pareto,rem_w2_s2_stage2
5,302808a29b4f4ff3,ok,,even: mean,mean=lognormal,16,5.0,6,1,2,56.44923334015397,56.44923334015397,1.8816411113384652,1.881641111338466,0.0188687075808725,1.881641111338466,0.0188687075808725,-113.05868714925036,1.0,1101.0,1339.0,0.9815894291496816,0,5,0.0351544596187731,0.3767658323089146,5.313154433722678,1.7418556548622222,3.363928855064461,4.508954707410708,6.449494043839826,0.300274187687977,0.7241142914517873,1,False,,False,1,1,30,0,[],6.431308168976102,"(30, 152)",,[],"{""feature_selection"": {""even"": [""mean""]}, ""n_chunks"": 16, ""parameter_selection"": {""mean"": {""likelihood"": ""lognormal""}}, ""rem_profile_params"": {""rem_stage"": 2, ""step_size_hours"": 1, ""window_size_hours"": 6}, ""tau_threshold"": 5.0}",run_output_8day_rem_w6_s1_stage2_no_pareto,rem_w6_s1_stage2
51,9932c0e45e41fff1,ok,,even: range; odd: mean,mean=lognormal; range=beta,16,5.0,2,1,2,112.69052238561504,112.69052238561504,3.756350746187168,1.878175373093584,0.0190521675750222,1.878175373093584,0.0190521675750222,-227.01887756520472,1.01,647.0,981.0,0.8982901055243947,0,5,0.0646932125854471,0.3903314041644664,5.369815233498752,1.6957923209943309,3.5583085601368625,4.626325592439789,6.037996803970779,0.2515622042118716,1.6119665300689625,3,False,,False,2,2,30,0,[],19.66111056302907,"(30, 184)",,[],"{""feature_selection"": {""even"": [""range""], ""odd"": [""mean""]}, ""n_chunks"": 16, ""parameter_selection"": {""mean"": {""likelihood"": ""lognormal""}, ""range"": {""likelihood"": ""beta""}}, ""rem_profile_params"": {""rem_stage"": 2, ""step_size_hours"": 1, ""window_size_hours"": 2}, ""tau_threshold"": 5.0}",run_output_8day_rem_w2_s1_stage2_no_pareto,rem_w2_s1_stage2
116,7770a0d33af9d487,ok,,concat: range; even: range; odd: range,range=lognormal,16,5.0,6,1,2,168.54298463791855,168.54298463791855,5.6180994879306185,1.872699829310206,0.0130946462922479,1.872699829310206,0.0130946462922479,-337.828542156105,1.0,2646.0,2634.0,0.9980821070816174,0,7,0.7905389031101331,0.9955273351399296,7.022337382500391,0.3224233777923591,6.23998318464787,6.514808618198171,6.7896340517484735,0.9683051087627456,0.8432799907655522,1,False,,False,3,3,30,0,[],13.428155959991273,"(30, 152)",,[],"{""feature_selection"": {""concat"": [""range""], ""even"": [""range""], ""odd"": [""range""]}, ""n_chunks"": 16, ""parameter_selection"": {""range"": {""likelihood"": ""lognormal""}}, ""rem_profile_params"": {""rem_stage"": 2, ""step_size_hours"": 1, ""window_size_hours"": 6}, ""tau_threshold"": 5.0}",run_output_8day_rem_w6_s1_stage2_no_pareto,rem_w6_s1_stage2
182,24b1c2efa25cce91,ok,,"concat: range; even: mean, range; odd: range",mean=lognormal; range=lognormal,16,5.0,6,1,2,224.50342198148024,224.50342198148024,7.483447399382674,1.8708618498456684,0.0114515422619174,1.8708618498456684,0.0114515422619174,-451.1277812636947,1.0,2285.0,1904.0,0.9545440756877118,0,7,0.7521401530878211,0.9906845792367228,7.050954482535301,0.379592956857573,6.251253495213457,6.534316852610281,6.817380210007104,0.9719057047193392,1.1941552201094994,1,False,,False,4,4,30,0,[],17.77784067299217,"(30, 152)",,[],"{""feature_selection"": {""concat"": [""range""], ""even"": [""mean"", ""range""], ""odd"": [""range""]}, ""n_chunks"": 16, ""parameter_selection"": {""mean"": {""likelihood"": ""lognormal""}, ""range"": {""likelihood"": ""lognormal""}}, ""rem_profile_params"": {""rem_stage"": 2, ""step_size_hours"": 1, ""window_size_hours"": 6}, ""tau_threshold"": 5.0}",run_output_8day_rem_w6_s1_stage2_no_pareto,rem_w6_s1_stage2
194,12a2a24f89145d1c,ok,,"even: mean, range; odd: mean, range",mean=lognormal; range=lognormal,16,5.0,3,1,2,223.56685740870813,223.56685740870813,7.452228580290271,1.863057145072568,0.0125830034667158,1.863057145072568,0.0125830034667158,-444.1737900337401,1.0,1913.0,1216.0,1.038410284207647,0,8,0.9413974357102688,0.9916861495980144,7.953737797074464,0.4243307431099671,7.2376912127068,7.491794141804533,7.745897070902266,0.9903492816715176,1.1589353155891993,3,False,,False,4,4,30,0,[],17.548431450035423,"(30, 176)",,[],"{""feature_selection"": {""even"": [""mean"", ""range""], ""odd"": [""mean"", ""range""]}, ""n_chunks"": 16, ""parameter_selection"": {""mean"": {""likelihood"": ""lognormal""}, ""range"": {""likelihood"": ""lognormal""}}, ""rem_profile_params"": {""rem_stage"": 2, ""step_size_hours"": 1, ""window_size_hours"": 3}, ""tau_threshold"": 5.0}",run_output_8day_rem_w3_s1_stage2_no_pareto,rem_w3_s1_stage2
181,220bb6c3dd4fec02,ok,,"concat: range; even: mean, range; odd: range",mean=lognormal; range=beta,16,5.0,6,1,2,222.7110616468317,222.7110616468317,7.42370205489439,1.8559255137235973,0.0099652598466847,1.8559255137235973,0.0099652598466847,-446.81210715379126,1.0,2966.0,2170.0,0.9842057085859568,0,5,0.9950156963096628,0.0011451396391911,5.001148424599998,0.0340108503893015,4.250286380354709,4.500573071184247,4.750859762013786,3.893330988378529e-06,1.1612169045698186,2,False,,False,4,4,30,0,[],45.76315124100074,"(30, 152)",,[],"{""feature_selection"": {""concat"": [""range""], ""even"": [""mean"", ""range""], ""odd"": [""range""]}, ""n_chunks"": 16, ""parameter_selection"": {""mean"": {""likelihood"": ""lognormal""}, ""range"": {""likelihood"": ""beta""}}, ""rem_profile_params"": {""rem_stage"": 2, ""step_size_hours"": 1, ""window_size_hours"": 6}, ""tau_threshold"": 5.0}",run_output_8day_rem_w6_s1_stage2_no_pareto,rem_w6_s1_stage2
107,3313b64782215552,ok,,concat: range; even: mean; odd: range,mean=lognormal; range=beta,16,5.0,6,1,2,166.4513180179779,166.4513180179779,5.548377267265931,1.849459089088644,0.0102593483532449,1.849459089088644,0.0102593483532449,-333.9829484528891,1.0,2327.0,1830.0,0.9687585762212508,0,5,0.9964188592499992,0.0007869388262778,5.000787247750212,0.0280716305639108,4.250196827536074,4.500393737908031,4.750590648279989,4.6263963672614273e-07,1.2076521699625251,2,False,,False,3,3,30,0,[],29.98434454802191,"(30, 152)",,[],"{""feature_selection"": {""concat"": [""range""], ""even"": [""mean""], ""odd"": [""range""]}, ""n_chunks"": 16, ""parameter_selection"": {""mean"": {""likelihood"": ""lognormal""}, ""range"": {""likelihood"": ""beta""}}, ""rem_profile_params"": {""rem_stage"": 2, ""step_size_hours"": 1, ""window_size_hours"": 6}, ""tau_threshold"": 5.0}",run_output_8day_rem_w6_s1_stage2_no_pareto,rem_w6_s1_stage2
194,ed793f10f0f7e16b,ok,,"even: mean, range; odd: mean, range",mean=lognormal; range=lognormal,16,5.0,6,1,2,221.5442502093547,221.5442502093547,7.384808340311823,1.8462020850779557,0.0124637722217853,1.8462020850779557,0.0124637722217853,-443.4695756448887,1.0,1110.0,812.0,1.0548335204285186,0,8,0.6545472863383172,0.9639362968518088,7.712073263653915,0.8276308303633529,7.105145268668061,7.403430179112041,7.70171508955602,0.9416001620439942,1.0902808914742483,2,False,,False,4,4,30,0,[],17.679627877951134,"(30, 152)",,[],"{""feature_selection"": {""even"": [""mean"", ""range""], ""odd"": [""mean"", ""range""]}, ""n_chunks"": 16, ""parameter_selection"": {""mean"": {""likelihood"": ""lognormal""}, ""range"": {""likelihood"": ""lognormal""}}, ""rem_profile_params"": {""rem_stage"": 2, ""step_size_hours"": 1, ""window_size_hours"": 6}, ""tau_threshold"": 5.0}",run_output_8day_rem_w6_s1_stage2_no_pareto,rem_w6_s1_stage2
12,d21f9d8961825698,ok,,odd: range,range=lognormal,16,5.0,3,1,2,55.28307659944837,55.28307659944837,1.8427692199816124,1.842769219981612,0.0138533142589446,1.842769219981612,0.0138533142589446,-110.80607891584276,1.0,1217.0,578.0,0.9974503457831998,0,8,0.704444650846535,0.9287598194324834,7.666298335878136,1.0304440261997294,7.153231261452691,7.435487507635128,7.7177437538175635,0.9112008608373292,0.7961306813678504,1,False,,False,1,1,30,0,[],6.7079667650396,"(30, 176)",,[],"{""feature_selection"": {""odd"": [""range""]}, ""n_chunks"": 16, ""parameter_selection"": {""range"": {""likelihood"": ""lognormal""}}, ""rem_profile_params"": {""rem_stage"": 2, ""step_size_hours"": 1, ""window_size_hours"": 3}, ""tau_threshold"": 5.0}",run_output_8day_rem_w3_s1_stage2_no_pareto,rem_w3_s1_stage2
41,b15d8acada9474e4,ok,,"even: mean, range",mean=lognormal; range=beta,16,5.0,6,1,2,110.27838330615889,110.27838330615889,3.675946110205296,1.8379730551026476,0.0166203719113322,1.8379730551026476,0.0166203719113322,-220.7781092755964,1.01,675.0,1012.0,0.9424085075307532,0,8,0.1808232680726418,0.5783190203307766,6.032223615747725,2.1055924327244537,3.1904245856229303,6.492437861837238,7.449099114883706,0.5448212626987308,0.6789614998814641,0,False,,False,2,2,30,0,[],20.17835790402023,"(30, 152)",,[],"{""feature_selection"": {""even"": [""mean"", ""range""]}, ""n_chunks"": 16, ""parameter_selection"": {""mean"": {""likelihood"": ""lognormal""}, ""range"": {""likelihood"": ""beta""}}, ""rem_profile_params"": {""rem_stage"": 2, ""step_size_hours"": 1, ""window_size_hours"": 6}, ""tau_threshold"": 5.0}",run_output_8day_rem_w6_s1_stage2_no_pareto,rem_w6_s1_stage2
134,553ee12f82975a50,ok,,"even: range; odd: mean, range",mean=lognormal; range=lognormal,16,5.0,6,1,2,165.05701817245065,165.05701817245065,5.501900605748356,1.8339668685827852,0.0137337090100156,1.8339668685827852,0.0137337090100156,-327.2352337939865,1.0,1332.0,1128.0,1.047723852042886,0,8,0.6028090928263566,0.9794593135941424,7.681656019132449,0.7421547238822619,7.044003130585696,7.362668753723797,7.681334376861899,0.9353926712943016,1.0289436002182126,1,False,,False,3,3,30,0,[],13.905328294960782,"(30, 152)",,[],"{""feature_selection"": {""even"": [""range""], ""odd"": [""mean"", ""range""]}, ""n_chunks"": 16, ""parameter_selection"": {""mean"": {""likelihood"": ""lognormal""}, ""range"": {""likelihood"": ""lognormal""}}, ""rem_profile_params"": {""rem_stage"": 2, ""step_size_hours"": 1, ""window_size_hours"": 6}, ""tau_threshold"": 5.0}",run_output_8day_rem_w6_s1_stage2_no_pareto,rem_w6_s1_stage2
126,1956df6b0051194c,ok,,"even: mean, range; odd: range",mean=lognormal; range=lognormal,16,5.0,2,1,2,164.74402947870132,164.74402947870132,5.491467649290044,1.8304892164300144,0.0123123912098795,1.8304892164300144,0.0123123912098795,-335.22024768362564,1.01,744.0,866.0,0.9773391275374396,0,8,0.2229434211702375,0.7715062980998042,6.723582638710035,1.7136764000102485,5.557472821862763,6.980580297560151,7.495344067589189,0.7329280979501679,1.3289935300926123,4,False,,False,3,3,30,0,[],15.344995368970558,"(30, 184)",,[],"{""feature_selection"": {""even"": [""mean"", ""range""], ""odd"": [""range""]}, ""n_chunks"": 16, ""parameter_selection"": {""mean"": {""likelihood"": ""lognormal""}, ""range"": {""likelihood"": ""lognormal""}}, ""rem_profile_params"": {""rem_stage"": 2, ""step_size_hours"": 1, ""window_size_hours"": 2}, ""tau_threshold"": 5.0}",run_output_8day_rem_w2_s1_stage2_no_pareto,rem_w2_s1_stage2
7,a3c5b9164e51aca8,ok,,even: range,range=beta,16,5.0,6,1,2,54.7577741949282,54.7577741949282,1.82525913983094,1.82525913983094,0.0241687799647637,1.82525913983094,0.0241687799647637,-110.37234103177596,1.01,674.0,489.0,0.9821069328793722,0,8,0.1296452904120828,0.6318217678212404,6.083160172007682,2.0317375224601624,3.406029176855158,6.376560720663244,7.389873519187356,0.5545108238816014,0.7451017348194559,1,False,,False,1,1,30,0,[],13.221170954988338,"(30, 152)",,[],"{""feature_selection"": {""even"": [""range""]}, ""n_chunks"": 16, ""parameter_selection"": {""range"": {""likelihood"": ""beta""}}, ""rem_profile_params"": {""rem_stage"": 2, ""step_size_hours"": 1, ""window_size_hours"": 6}, ""tau_threshold"": 5.0}",run_output_8day_rem_w6_s1_stage2_no_pareto,rem_w6_s1_stage2
115,4e7804c09c68b209,ok,,concat: range; even: range; odd: range,range=beta,16,5.0,6,1,2,163.98253802919,163.98253802919,5.466084600973001,1.8220282003243329,0.0107734895019872,1.8220282003243329,0.0107734895019872,-327.808856924,1.0,2789.0,1794.0,0.9330504748143382,0,5,0.9897812338745612,0.0026338180774115,5.0026380334867335,0.0513918911736588,4.25066007119409,4.501320305404261,4.751980539614433,4.5274039698243455e-06,0.9590452851477724,2,False,,False,3,3,30,0,[],33.817735534044914,"(30, 152)",,[],"{""feature_selection"": {""concat"": [""range""], ""even"": [""range""], ""odd"": [""range""]}, ""n_chunks"": 16, ""parameter_selection"": {""range"": {""likelihood"": ""beta""}}, ""rem_profile_params"": {""rem_stage"": 2, ""step_size_hours"": 1, ""window_size_hours"": 6}, ""tau_threshold"": 5.0}",run_output_8day_rem_w6_s1_stage2_no_pareto,rem_w6_s1_stage2
57,e5534b3f8f75ae61,ok,,"odd: mean, range",mean=lognormal; range=beta,16,5.0,2,2,2,108.7164064438384,108.7164064438384,3.623880214794613,1.8119401073973067,0.0187711849514313,1.8119401073973067,0.0187711849514313,-215.7640266511858,1.0,979.0,1333.0,1.0156088164411656,0,6,0.3793018064470376,0.997293634478502,6.944679938169861,0.8556842103246026,5.66094503325064,6.417271250923582,7.237873064266224,0.6231420454087268,1.1812343058603196,3,False,,False,2,2,30,0,[],19.77403008105466,"(30, 96)",,[],"{""feature_selection"": {""odd"": [""mean"", ""range""]}, ""n_chunks"": 16, ""parameter_selection"": {""mean"": {""likelihood"": ""lognormal""}, ""range"": {""likelihood"": ""beta""}}, ""rem_profile_params"": {""rem_stage"": 2, ""step_size_hours"": 2, ""window_size_hours"": 2}, ""tau_threshold"": 5.0}",run_output_8day_rem_w2_s2_stage2_no_pareto,rem_w2_s2_stage2
136,531dcee3e58761bf,ok,,"even: range; odd: mean, range",mean=student_t; range=lognormal,16,5.0,2,2,2,163.02563773189297,163.02563773189297,5.434187924396432,1.8113959747988104,0.0129749586645213,1.8113959747988104,0.0129749586645213,-326.4157390690792,1.0,1342.0,865.0,0.970524336010406,0,8,0.6194860285897152,0.9422183939054932,7.588232928921564,0.9753861046831104,7.088182041613565,7.39212136107571,7.696060680537855,0.8490212443841935,0.6302482814294382,0,False,,False,3,3,30,0,[],27.232397718995344,"(30, 96)",,[],"{""feature_selection"": {""even"": [""range""], ""odd"": [""mean"", ""range""]}, ""n_chunks"": 16, ""parameter_selection"": {""mean"": {""likelihood"": ""student_t""}, ""range"": {""likelihood"": ""lognormal""}}, ""rem_profile_params"": {""rem_stage"": 2, ""step_size_hours"": 2, ""window_size_hours"": 2}, ""tau_threshold"": 5.0}",run_output_8day_rem_w2_s2_stage2_no_pareto,rem_w2_s2_stage2
39,ab3e8eabb708d8f2,ok,,concat: range; odd: range,range=beta,16,5.0,6,1,2,108.53205249513351,108.53205249513351,3.6177350831711177,1.8088675415855584,0.0114280230990039,1.8088675415855584,0.0114280230990039,-216.6794241384285,1.0,2102.0,1754.0,0.9240756963519332,0,5,0.9897911602952236,0.0026254043202972,5.002623280990345,0.051392590040918,4.250655880786042,4.501314694835128,4.751973508884214,3.672445625301736e-06,0.8341131175470337,2,False,,False,2,2,30,0,[],21.003751620999537,"(30, 152)",,[],"{""feature_selection"": {""concat"": [""range""], ""odd"": [""range""]}, ""n_chunks"": 16, ""parameter_selection"": {""range"": {""likelihood"": ""beta""}}, ""rem_profile_params"": {""rem_stage"": 2, ""step_size_hours"": 1, ""window_size_hours"": 6}, ""tau_threshold"": 5.0}",run_output_8day_rem_w6_s1_stage2_no_pareto,rem_w6_s1_stage2
58,8b01dc09284ccdb3,ok,,"odd: mean, range",mean=lognormal; range=lognormal,16,5.0,2,2,2,108.23782206051536,108.23782206051536,3.607927402017179,1.8039637010085896,0.0212635269039949,1.8039637010085896,0.0212635269039949,-218.35127225506375,1.0,1554.0,862.0,1.071324645613326,0,8,0.6245751368143189,0.889578730822476,7.493566562069596,1.269653042415598,7.106221258894856,7.404147505929904,7.702073752964952,0.8565825734833845,1.2946072475879258,2,False,,False,2,2,30,0,[],10.124885933008043,"(30, 96)",,[],"{""feature_selection"": {""odd"": [""mean"", ""range""]}, ""n_chunks"": 16, ""parameter_selection"": {""mean"": {""likelihood"": ""lognormal""}, ""range"": {""likelihood"": ""lognormal""}}, ""rem_profile_params"": {""rem_stage"": 2, ""step_size_hours"": 2, ""window_size_hours"": 2}, ""tau_threshold"": 5.0}",run_output_8day_rem_w2_s2_stage2_no_pareto,rem_w2_s2_stage2
122,a520b976e56b948d,ok,,"even: mean, range; odd: mean",mean=lognormal; range=lognormal,16,5.0,3,1,2,162.33020414673234,162.33020414673234,5.411006804891078,1.8036689349636923,0.0158685114684935,1.8036689349636923,0.0158685114684935,-322.6782092056939,1.02,454.0,473.0,1.0381431377430193,0,8,0.3406563672996626,0.7940929004627191,6.844250605733484,1.830746946330195,6.087845975041652,7.179365456280426,7.589682728140213,0.7635517468292861,1.410510661604078,4,False,,False,3,3,30,0,[],14.788075115007814,"(30, 176)",,[],"{""feature_selection"": {""even"": [""mean"", ""range""], ""odd"": [""mean""]}, ""n_chunks"": 16, ""parameter_selection"": {""mean"": {""likelihood"": ""lognormal""}, ""range"": {""likelihood"": ""lognormal""}}, ""rem_profile_params"": {""rem_stage"": 2, ""step_size_hours"": 1, ""window_size_hours"": 3}, ""tau_threshold"": 5.0}",run_output_8day_rem_w3_s1_stage2_no_pareto,rem_w3_s1_stage2
55,80e9aa9a8a9a43c8,ok,,even: range; odd: range,range=beta,16,5.0,2,1,2,108.11664882660465,108.11664882660465,3.6038882942201536,1.8019441471100768,0.0104563199032303,1.8019441471100768,0.0104563199032303,-216.2130156619845,1.01,668.0,1276.0,1.0027257063697077,0,6,0.1696297176303406,0.517606374805059,5.5226945375570295,1.1543282056642803,4.250273617166068,5.046133970958955,5.701208787179768,0.1359705771685797,0.928748515461942,1,False,,False,2,2,30,0,[],23.093684535007924,"(30, 184)",,[],"{""feature_selection"": {""even"": [""range""], ""odd"": [""range""]}, ""n_chunks"": 16, ""parameter_selection"": {""range"": {""likelihood"": ""beta""}}, ""rem_profile_params"": {""rem_stage"": 2, ""step_size_hours"": 1, ""window_size_hours"": 2}, ""tau_threshold"": 5.0}",run_output_8day_rem_w2_s1_stage2_no_pareto,rem_w2_s1_stage2
190,b0d0e503fbb91d4e,ok,,"concat: range; even: range; odd: mean, range",mean=lognormal; range=lognormal,16,5.0,3,1,2,215.92570835424013,215.92570835424013,7.197523611808005,1.799380902952001,0.0121374827547154,1.799380902952001,0.0121374827547154,-427.7487924593566,1.0,1915.0,946.0,1.067983543263684,0,8,0.8200765206490241,0.9877207264508924,7.891407514557943,0.4693846294185838,7.192150068213313,7.461433378808875,7.730716689404438,0.9808491397904604,1.2439265406161022,2,False,,False,4,4,30,0,[],16.96510191296693,"(30, 176)",,[],"{""feature_selection"": {""concat"": [""range""], ""even"": [""range""], ""odd"": [""mean"", ""range""]}, ""n_chunks"": 16, ""parameter_selection"": {""mean"": {""likelihood"": ""lognormal""}, ""range"": {""likelihood"": ""lognormal""}}, ""rem_profile_params"": {""rem_stage"": 2, ""step_size_hours"": 1, ""window_size_hours"": 3}, ""tau_threshold"": 5.0}",run_output_8day_rem_w3_s1_stage2_no_pareto,rem_w3_s1_stage2
11,c82789eecf5d14d9,ok,,odd: range,range=beta,16,5.0,3,1,2,53.90692490813645,53.90692490813645,1.7968974969378817,1.796897496937882,0.0211388615311774,1.796897496937882,0.0211388615311774,-99.65853201112232,1.01,393.0,553.0,0.9560383364338348,0,8,0.260437528197358,0.7011194805441587,6.3109776808644815,2.1036183470540446,3.1370688551161665,7.006069371731394,7.503034685865697,0.6363639046042541,0.9762652840824746,1,False,,False,1,1,30,0,[],15.144793216022665,"(30, 176)",,[],"{""feature_selection"": {""odd"": [""range""]}, ""n_chunks"": 16, ""parameter_selection"": {""range"": {""likelihood"": ""beta""}}, ""rem_profile_params"": {""rem_stage"": 2, ""step_size_hours"": 1, ""window_size_hours"": 3}, ""tau_threshold"": 5.0}",run_output_8day_rem_w3_s1_stage2_no_pareto,rem_w3_s1_stage2
51,3f05e21c4dbe91e1,ok,,even: range; odd: mean,mean=lognormal; range=beta,16,5.0,3,1,2,107.73407487447832,107.73407487447832,3.591135829149277,1.7955679145746386,0.0170810575088771,1.7955679145746386,0.0170810575088771,-211.8041715172418,1.01,636.0,1186.0,0.9599718664955076,0,8,0.1615942188479691,0.4978175720230368,5.751188508417355,2.0808438753251157,2.7087381665786885,4.988212700194072,7.356846251096402,0.4468129262493871,1.188416153244764,1,False,,False,2,2,30,0,[],19.890485870011616,"(30, 176)",,[],"{""feature_selection"": {""even"": [""range""], ""odd"": [""mean""]}, ""n_chunks"": 16, ""parameter_selection"": {""mean"": {""likelihood"": ""lognormal""}, ""range"": {""likelihood"": ""beta""}}, ""rem_profile_params"": {""rem_stage"": 2, ""step_size_hours"": 1, ""window_size_hours"": 3}, ""tau_threshold"": 5.0}",run_output_8day_rem_w3_s1_stage2_no_pareto,rem_w3_s1_stage2
103,fb147ed3a4255f59,ok,,concat: range; even: mean; odd: mean,mean=lognormal; range=beta,16,5.0,6,1,2,160.9181433673836,160.9181433673836,5.36393811224612,1.7879793707487066,0.0136022983462252,1.7879793707487066,0.0136022983462252,-324.06823204663914,1.0,2228.0,1659.0,0.9258831048157992,0,5,0.7416460151369015,0.0440998891254586,4.895971268740682,0.5821477341509961,4.197719742965478,4.481853519357925,4.765987295750372,0.0016587772651029,1.2092029456305111,1,False,,False,3,3,30,0,[],25.543523358996023,"(30, 152)",,[],"{""feature_selection"": {""concat"": [""range""], ""even"": [""mean""], ""odd"": [""mean""]}, ""n_chunks"": 16, ""parameter_selection"": {""mean"": {""likelihood"": ""lognormal""}, ""range"": {""likelihood"": ""beta""}}, ""rem_profile_params"": {""rem_stage"": 2, ""step_size_hours"": 1, ""window_size_hours"": 6}, ""tau_threshold"": 5.0}",run_output_8day_rem_w6_s1_stage2_no_pareto,rem_w6_s1_stage2
133,52ffec79ba9e7f7c,ok,,"even: range; odd: mean, range",mean=lognormal; range=beta,16,5.0,3,1,2,160.7042475373355,160.7042475373355,5.356808251244517,1.7856027504148386,0.013095571466,1.7856027504148386,0.013095571466,-313.8360105405699,1.04,85.0,135.0,0.9669357488463514,0,8,0.5662467704927848,0.7666633041128375,6.814997913479377,2.0675651503224066,6.243754526124449,7.317603727849684,7.658801863924841,0.7555722725198324,1.4012820583801546,2,False,,False,3,3,30,0,[],37.03599974495592,"(30, 176)",,[],"{""feature_selection"": {""even"": [""range""], ""odd"": [""mean"", ""range""]}, ""n_chunks"": 16, ""parameter_selection"": {""mean"": {""likelihood"": ""lognormal""}, ""range"": {""likelihood"": ""beta""}}, ""rem_profile_params"": {""rem_stage"": 2, ""step_size_hours"": 1, ""window_size_hours"": 3}, ""tau_threshold"": 5.0}",run_output_8day_rem_w3_s1_stage2_no_pareto,rem_w3_s1_stage2
194,ccbbffd75d075189,ok,,"even: mean, range; odd: mean, range",mean=lognormal; range=lognormal,16,5.0,2,2,2,214.1081533637461,214.1081533637461,7.136938445458203,1.784234611364551,0.0134938281280268,1.784234611364551,0.0134938281280268,-430.6872163344966,1.0,1816.0,1182.0,1.0542705823117935,0,8,0.868838916465433,0.9743403595389902,7.871610827614825,0.6794797272328985,7.217102418715152,7.478068279143435,7.739034139571717,0.9646554486260234,1.0710770640743283,2,False,,False,4,4,30,0,[],17.122343393042684,"(30, 96)",,[],"{""feature_selection"": {""even"": [""mean"", ""range""], ""odd"": [""mean"", ""range""]}, ""n_chunks"": 16, ""parameter_selection"": {""mean"": {""likelihood"": ""lognormal""}, ""range"": {""likelihood"": ""lognormal""}}, ""rem_profile_params"": {""rem_stage"": 2, ""step_size_hours"": 2, ""window_size_hours"": 2}, ""tau_threshold"": 5.0}",run_output_8day_rem_w2_s2_stage2_no_pareto,rem_w2_s2_stage2
177,e5f89b8729465434,ok,,"concat: range; even: mean, range; odd: mean",mean=lognormal; range=beta,16,5.0,6,1,2,213.47101316496585,213.47101316496585,7.115700438832195,1.7789251097080496,0.0109575709821827,1.7789251097080496,0.0109575709821827,-431.3639036307865,1.0,939.0,930.0,0.935653712000202,1,5,0.6114112334866991,0.0416936329933219,4.660523148128311,0.8766800186818937,4.068169882734923,4.397063621613417,4.725957360491911,0.0089591168103695,1.4648958256684266,5,False,,False,4,4,30,0,[],40.79811001801863,"(30, 152)",,[],"{""feature_selection"": {""concat"": [""range""], ""even"": [""mean"", ""range""], ""odd"": [""mean""]}, ""n_chunks"": 16, ""parameter_selection"": {""mean"": {""likelihood"": ""lognormal""}, ""range"": {""likelihood"": ""beta""}}, ""rem_profile_params"": {""rem_stage"": 2, ""step_size_hours"": 1, ""window_size_hours"": 6}, ""tau_threshold"": 5.0}",run_output_8day_rem_w6_s1_stage2_no_pareto,rem_w6_s1_stage2
125,52c4da4cf7f9261d,ok,,"even: mean, range; odd: range",mean=lognormal; range=beta,16,5.0,6,1,2,159.77938811306458,159.77938811306458,5.325979603768819,1.775326534589606,0.0125150537551475,1.775326534589606,0.0125150537551475,-318.88674894091247,1.0,3053.0,2231.0,1.0185131665916167,0,5,0.9820792560715054,0.0047999680062344,5.005286593293387,0.0794274030799673,4.251202407000319,4.502409318182371,4.753616229364424,0.0004709087533634,0.8051220031110197,2,False,,False,3,3,30,0,[],30.838669063989077,"(30, 152)",,[],"{""feature_selection"": {""even"": [""mean"", ""range""], ""odd"": [""range""]}, ""n_chunks"": 16, ""parameter_selection"": {""mean"": {""likelihood"": ""lognormal""}, ""range"": {""likelihood"": ""beta""}}, ""rem_profile_params"": {""rem_stage"": 2, ""step_size_hours"": 1, ""window_size_hours"": 6}, ""tau_threshold"": 5.0}",run_output_8day_rem_w6_s1_stage2_no_pareto,rem_w6_s1_stage2
126,26ce6b01633d0961,ok,,"even: mean, range; odd: range",mean=lognormal; range=lognormal,16,5.0,3,1,2,159.47097351508768,159.47097351508768,5.315699117169589,1.7718997057231969,0.0123228007399401,1.7718997057231969,0.0123228007399401,-316.0839261565706,1.01,1531.0,842.0,1.012730887382436,0,8,0.836944957731665,0.9752781823121316,7.864808794831728,0.6661861774725636,7.205275352861249,7.470183568574166,7.735091784287083,0.9719593516214422,0.9303071945039628,1,False,,False,3,3,30,0,[],15.03131969604874,"(30, 176)",,[],"{""feature_selection"": {""even"": [""mean"", ""range""], ""odd"": [""range""]}, ""n_chunks"": 16, ""parameter_selection"": {""mean"": {""likelihood"": ""lognormal""}, ""range"": {""likelihood"": ""lognormal""}}, ""rem_profile_params"": {""rem_stage"": 2, ""step_size_hours"": 1, ""window_size_hours"": 3}, ""tau_threshold"": 5.0}",run_output_8day_rem_w3_s1_stage2_no_pareto,rem_w3_s1_stage2
112,9dd412fc7d4d1767,ok,,concat: range; even: range; odd: mean,mean=lognormal; range=lognormal,16,5.0,3,1,2,159.3129309706596,159.3129309706596,5.3104310323553205,1.7701436774517731,0.0147923878974735,1.7701436774517731,0.0147923878974735,-316.2630206834738,1.01,674.0,758.0,0.9744948086538952,0,7,0.2855371368027973,0.8803531579631594,6.890969334313731,1.1967901408742465,6.103003358073524,6.610749416210494,7.189216888693675,0.8007159811596892,1.4153395677279277,3,False,,False,3,3,30,0,[],14.343277663050683,"(30, 176)",,[],"{""feature_selection"": {""concat"": [""range""], ""even"": [""range""], ""odd"": [""mean""]}, ""n_chunks"": 16, ""parameter_selection"": {""mean"": {""likelihood"": ""lognormal""}, ""range"": {""likelihood"": ""lognormal""}}, ""rem_profile_params"": {""rem_stage"": 2, ""step_size_hours"": 1, ""window_size_hours"": 3}, ""tau_threshold"": 5.0}",run_output_8day_rem_w3_s1_stage2_no_pareto,rem_w3_s1_stage2
217,c21fcda1932c1192,ok,,"concat: range; even: mean, range; odd: mean, range",mean=lognormal; range=beta,16,5.0,6,1,2,264.0951166631097,264.0951166631097,8.80317055543699,1.7606341110873984,0.0095232881172954,1.7606341110873984,0.0095232881172954,-528.5320860086904,1.01,3431.0,2205.0,0.9859485581467244,0,5,0.996971069230913,0.0006495028486909,5.000649024461834,0.0255395182220559,4.250162133274343,4.500324730609036,4.750487327943727,4.387934752663623e-07,1.1417093534502416,4,False,,False,5,5,30,0,[],56.64424016099656,"(30, 152)",,[],"{""feature_selection"": {""concat"": [""range""], ""even"": [""mean"", ""range""], ""odd"": [""mean"", ""range""]}, ""n_chunks"": 16, ""parameter_selection"": {""mean"": {""likelihood"": ""lognormal""}, ""range"": {""likelihood"": ""beta""}}, ""rem_profile_params"": {""rem_stage"": 2, ""step_size_hours"": 1, ""window_size_hours"": 6}, ""tau_threshold"": 5.0}",run_output_8day_rem_w6_s1_stage2_no_pareto,rem_w6_s1_stage2
32,47d221d411a837b5,ok,,concat: range; even: mean,mean=student_t; range=lognormal,16,5.0,6,1,2,105.42635790552733,105.42635790552733,3.5142119301842443,1.757105965092122,0.0081671873336968,1.757105965092122,0.0081671873336968,-211.73330928015707,1.0,2894.0,2553.0,1.0065413956472071,0,7,0.6817467338217089,0.9740924396816316,7.008414330746158,0.5078632479804628,6.229893463709852,6.52355950356676,6.817225543423669,0.9457099498309958,0.792470330275227,1,False,,False,2,2,30,0,[],17.18925236101495,"(30, 152)",,[],"{""feature_selection"": {""concat"": [""range""], ""even"": [""mean""]}, ""n_chunks"": 16, ""parameter_selection"": {""mean"": {""likelihood"": ""student_t""}, ""range"": {""likelihood"": ""lognormal""}}, ""rem_profile_params"": {""rem_stage"": 2, ""step_size_hours"": 1, ""window_size_hours"": 6}, ""tau_threshold"": 5.0}",run_output_8day_rem_w6_s1_stage2_no_pareto,rem_w6_s1_stage2
100,fd40f7b562c5257e,ok,,"concat: range; even: mean, range",mean=lognormal; range=lognormal,16,5.0,6,1,2,157.2530703559132,157.2530703559132,5.241769011863773,1.7472563372879244,0.0127866591342036,1.7472563372879244,0.0127866591342036,-315.84034242755314,1.0,1697.0,1469.0,0.9982986100747188,0,7,0.6809686098681279,0.955151380029255,6.971472298022985,0.6025868262648134,6.224799247619924,6.517792444348792,6.81078564107766,0.9418126855245288,0.8771055551408788,2,False,,False,3,3,30,0,[],13.047747361008078,"(30, 152)",,[],"{""feature_selection"": {""concat"": [""range""], ""even"": [""mean"", ""range""]}, ""n_chunks"": 16, ""parameter_selection"": {""mean"": {""likelihood"": ""lognormal""}, ""range"": {""likelihood"": ""lognormal""}}, ""rem_profile_params"": {""rem_stage"": 2, ""step_size_hours"": 1, ""window_size_hours"": 6}, ""tau_threshold"": 5.0}",run_output_8day_rem_w6_s1_stage2_no_pareto,rem_w6_s1_stage2
42,9fb777eedf19bb79,ok,,"even: mean, range",mean=lognormal; range=lognormal,16,5.0,3,1,2,104.78769906780406,104.78769906780406,3.492923302260136,1.746461651130068,0.0157999667090259,1.746461651130068,0.0157999667090259,-207.756720067764,1.0,938.0,1194.0,1.0204954280728802,0,8,0.1703192169168377,0.738869971738618,6.471630535476673,1.790154783437444,4.815942736766124,6.625369201333611,7.351261170306416,0.6913627846895297,0.8563629680874137,3,False,,False,2,2,30,0,[],10.378237447992433,"(30, 176)",,[],"{""feature_selection"": {""even"": [""mean"", ""range""]}, ""n_chunks"": 16, ""parameter_selection"": {""mean"": {""likelihood"": ""lognormal""}, ""range"": {""likelihood"": ""lognormal""}}, ""rem_profile_params"": {""rem_stage"": 2, ""step_size_hours"": 1, ""window_size_hours"": 3}, ""tau_threshold"": 5.0}",run_output_8day_rem_w3_s1_stage2_no_pareto,rem_w3_s1_stage2
111,077f880bde2b30cf,ok,,concat: range; even: range; odd: mean,mean=lognormal; range=beta,16,5.0,6,1,2,157.04282044499567,157.04282044499567,5.234760681499855,1.7449202271666182,0.0113334972480405,1.7449202271666182,0.0113334972480405,-314.67271810371176,1.0,1463.0,1522.0,0.9252936442088866,0,5,0.504291471741124,0.1075414972244743,4.668176832581864,0.969184927403137,4.035777668249125,4.410985688527974,4.786193708806824,0.0074560043462226,0.9102670785381196,1,False,,False,3,3,30,0,[],31.28418528399197,"(30, 152)",,[],"{""feature_selection"": {""concat"": [""range""], ""even"": [""range""], ""odd"": [""mean""]}, ""n_chunks"": 16, ""parameter_selection"": {""mean"": {""likelihood"": ""lognormal""}, ""range"": {""likelihood"": ""beta""}}, ""rem_profile_params"": {""rem_stage"": 2, ""step_size_hours"": 1, ""window_size_hours"": 6}, ""tau_threshold"": 5.0}",run_output_8day_rem_w6_s1_stage2_no_pareto,rem_w6_s1_stage2
122,c64301a58a455f81,ok,,"even: mean, range; odd: mean",mean=lognormal; range=lognormal,16,5.0,6,1,2,156.76138432717542,156.76138432717542,5.225379477572514,1.7417931591908384,0.0158401314093862,1.7417931591908384,0.0158401314093862,-313.83873076414807,1.01,418.0,472.0,1.0532188618236389,0,8,0.4214035602179102,0.7778617897011844,6.886846443617478,1.880957435620528,6.165073392690658,7.259667586278779,7.629833793139389,0.7647546486589974,1.5541718156030226,2,False,,False,3,3,30,0,[],14.697379157005344,"(30, 152)",,[],"{""feature_selection"": {""even"": [""mean"", ""range""], ""odd"": [""mean""]}, ""n_chunks"": 16, ""parameter_selection"": {""mean"": {""likelihood"": ""lognormal""}, ""range"": {""likelihood"": ""lognormal""}}, ""rem_profile_params"": {""rem_stage"": 2, ""step_size_hours"": 1, ""window_size_hours"": 6}, ""tau_threshold"": 5.0}",run_output_8day_rem_w6_s1_stage2_no_pareto,rem_w6_s1_stage2
185,81f41296b49cb78c,ok,,"concat: range; even: mean; odd: mean, range",mean=lognormal; range=beta,16,5.0,6,1,2,208.4946822420084,208.4946822420084,6.949822741400279,1.7374556853500696,0.0110600786563926,1.7374556853500696,0.0110600786563926,-417.8481883900062,1.0,3353.0,2005.0,0.9684263421823702,0,5,0.9965934250190072,0.0007428912976058,5.0007432265666205,0.0272979146993305,4.2501857223763615,4.500371629495151,4.75055753661394,6.9737667637556e-07,1.32432626095747,4,False,,False,4,4,30,0,[],41.93463991902536,"(30, 152)",,[],"{""feature_selection"": {""concat"": [""range""], ""even"": [""mean""], ""odd"": [""mean"", ""range""]}, ""n_chunks"": 16, ""parameter_selection"": {""mean"": {""likelihood"": ""lognormal""}, ""range"": {""likelihood"": ""beta""}}, ""rem_profile_params"": {""rem_stage"": 2, ""step_size_hours"": 1, ""window_size_hours"": 6}, ""tau_threshold"": 5.0}",run_output_8day_rem_w6_s1_stage2_no_pareto,rem_w6_s1_stage2
108,0bbddd64eb17d5a1,ok,,concat: range; even: mean; odd: range,mean=lognormal; range=lognormal,16,5.0,6,1,2,156.11989498622262,156.11989498622262,5.203996499540754,1.7346654998469184,0.0085934385659449,1.7346654998469184,0.0085934385659449,-312.7128926957187,1.0,1818.0,2037.0,1.0035446159882264,0,7,0.6167106106100912,0.9600206084250662,6.8886059122395125,0.5596808870338436,6.151059007119544,6.4582535369513,6.7654480667830565,0.8729343237347651,0.760402940578932,1,False,,False,3,3,30,0,[],13.535888252954464,"(30, 152)",,[],"{""feature_selection"": {""concat"": [""range""], ""even"": [""mean""], ""odd"": [""range""]}, ""n_chunks"": 16, ""parameter_selection"": {""mean"": {""likelihood"": ""lognormal""}, ""range"": {""likelihood"": ""lognormal""}}, ""rem_profile_params"": {""rem_stage"": 2, ""step_size_hours"": 1, ""window_size_hours"": 6}, ""tau_threshold"": 5.0}",run_output_8day_rem_w6_s1_stage2_no_pareto,rem_w6_s1_stage2
47,5ceab44523ef5b81,ok,,even: mean; odd: range,mean=lognormal; range=beta,16,5.0,6,1,2,103.78038577495218,103.78038577495218,3.459346192498406,1.729673096249203,0.0119801734693394,1.729673096249203,0.0119801734693394,-206.57131295216575,1.0,2537.0,2099.0,1.0088247259036645,0,5,0.9809544584000958,0.0050446764278449,5.005862659582803,0.0875068326616401,4.25126513344893,4.502533512524602,4.753801891600273,0.0007386500339716,0.6859621756439388,0,False,,False,2,2,30,0,[],18.7902760959696,"(30, 152)",,[],"{""feature_selection"": {""even"": [""mean""], ""odd"": [""range""]}, ""n_chunks"": 16, ""parameter_selection"": {""mean"": {""likelihood"": ""lognormal""}, ""range"": {""likelihood"": ""beta""}}, ""rem_profile_params"": {""rem_stage"": 2, ""step_size_hours"": 1, ""window_size_hours"": 6}, ""tau_threshold"": 5.0}",run_output_8day_rem_w6_s1_stage2_no_pareto,rem_w6_s1_stage2
34,a67d69d4571c0949,ok,,concat: range; even: range,range=lognormal,16,5.0,2,2,2,103.64957172930674,103.64957172930674,3.454985724310225,1.7274928621551122,0.0097115343710592,1.7274928621551122,0.0097115343710592,-207.5661097742292,1.0,2658.0,2745.0,0.9947903490700168,0,7,0.4881153072474908,0.9622705781445026,6.748539388101141,0.6440111774406907,5.91772682714758,6.344915067319456,6.71824796193271,0.7309701825744305,0.6055793500511659,0,False,,False,2,2,30,0,[],9.383846201992128,"(30, 96)",,[],"{""feature_selection"": {""concat"": [""range""], ""even"": [""range""]}, ""n_chunks"": 16, ""parameter_selection"": {""range"": {""likelihood"": ""lognormal""}}, ""rem_profile_params"": {""rem_stage"": 2, ""step_size_hours"": 2, ""window_size_hours"": 2}, ""tau_threshold"": 5.0}",run_output_8day_rem_w2_s2_stage2_no_pareto,rem_w2_s2_stage2
133,dc43ebe1942a62a0,ok,,"even: range; odd: mean, range",mean=lognormal; range=beta,16,5.0,2,2,2,155.46699098643978,155.46699098643978,5.182233032881326,1.7274110109604417,0.0129013276331901,1.7274110109604417,0.0129013276331901,-308.72105823529284,1.0,969.0,1577.0,1.02079751184504,0,6,0.4095256787731536,0.9999636044061072,6.950987511226014,0.8898071398271257,5.593250452224667,6.381320087063061,7.328760169043679,0.5786177740426354,1.3348493276233315,2,False,,False,3,3,30,0,[],32.77632158395136,"(30, 96)",,[],"{""feature_selection"": {""even"": [""range""], ""odd"": [""mean"", ""range""]}, ""n_chunks"": 16, ""parameter_selection"": {""mean"": {""likelihood"": ""lognormal""}, ""range"": {""likelihood"": ""beta""}}, ""rem_profile_params"": {""rem_stage"": 2, ""step_size_hours"": 2, ""window_size_hours"": 2}, ""tau_threshold"": 5.0}",run_output_8day_rem_w2_s2_stage2_no_pareto,rem_w2_s2_stage2
130,b15864b37e5209a6,ok,,"even: mean; odd: mean, range",mean=lognormal; range=lognormal,16,5.0,6,1,2,155.39471766034745,155.39471766034745,5.179823922011582,1.7266079740038605,0.0128220461449093,1.7266079740038605,0.0128220461449093,-311.259405526022,1.01,667.0,654.0,1.0525072375290505,0,8,0.3272957800002739,0.8498539736358408,7.101724564119015,1.4042415592104676,5.870196849901664,7.201548295358121,7.60077414767906,0.7351052548291424,1.3840454838171583,3,False,,False,3,3,30,0,[],14.38691827096045,"(30, 152)",,[],"{""feature_selection"": {""even"": [""mean""], ""odd"": [""mean"", ""range""]}, ""n_chunks"": 16, ""parameter_selection"": {""mean"": {""likelihood"": ""lognormal""}, ""range"": {""likelihood"": ""lognormal""}}, ""rem_profile_params"": {""rem_stage"": 2, ""step_size_hours"": 1, ""window_size_hours"": 6}, ""tau_threshold"": 5.0}",run_output_8day_rem_w6_s1_stage2_no_pareto,rem_w6_s1_stage2
42,9a184563ea8e713e,ok,,"even: mean, range",mean=lognormal; range=lognormal,16,5.0,2,2,2,103.49822762027624,103.49822762027624,3.4499409206758758,1.7249704603379377,0.0160403832031081,1.7249704603379377,0.0160403832031081,-209.34682765934505,1.0,1254.0,1401.0,0.9950891900621192,0,8,0.212852715138,0.7962979667650076,6.796911927532829,1.6291121392963333,5.447516291058196,7.043763175754577,7.521881587877289,0.6928425894076125,1.3685753003492824,2,False,,False,2,2,30,0,[],10.099315294995904,"(30, 96)",,[],"{""feature_selection"": {""even"": [""mean"", ""range""]}, ""n_chunks"": 16, ""parameter_selection"": {""mean"": {""likelihood"": ""lognormal""}, ""range"": {""likelihood"": ""lognormal""}}, ""rem_profile_params"": {""rem_stage"": 2, ""step_size_hours"": 2, ""window_size_hours"": 2}, ""tau_threshold"": 5.0}",run_output_8day_rem_w2_s2_stage2_no_pareto,rem_w2_s2_stage2
116,1daa9f5ddb69a4df,ok,,concat: range; even: range; odd: range,range=lognormal,16,5.0,3,1,2,154.3544240914882,154.3544240914882,5.145147469716274,1.7150491565720911,0.0094937611220486,1.7150491565720911,0.0094937611220486,-306.48255065343704,1.0,1572.0,979.0,1.013709053619475,0,8,0.6827804786201104,0.9748924769801576,7.766382466566066,0.6679283412309314,7.110163117382288,7.406775411588192,7.703387705794096,0.9625876269888016,0.6152514595470892,0,False,,False,3,3,30,0,[],14.53368628298631,"(30, 176)",,[],"{""feature_selection"": {""concat"": [""range""], ""even"": [""range""], ""odd"": [""range""]}, ""n_chunks"": 16, ""parameter_selection"": {""range"": {""likelihood"": ""lognormal""}}, ""rem_profile_params"": {""rem_stage"": 2, ""step_size_hours"": 1, ""window_size_hours"": 3}, ""tau_threshold"": 5.0}",run_output_8day_rem_w3_s1_stage2_no_pareto,rem_w3_s1_stage2
218,5e0ac194822ea275,ok,,"concat: range; even: mean, range; odd: mean, range",mean=lognormal; range=lognormal,16,5.0,6,1,2,257.1556832386918,257.1556832386918,8.571856107956393,1.7143712215912783,0.010875556729899,1.7143712215912783,0.010875556729899,-513.906740113009,1.01,639.0,835.0,0.9853605492838392,0,7,0.6135336466785938,0.9895367373393964,7.206349528609616,0.5111243192085558,6.305727384788425,6.648939031769813,6.9921506787512,0.9726959570554766,1.6671760562152764,4,False,,False,5,5,30,0,[],20.09378363698488,"(30, 152)",,[],"{""feature_selection"": {""concat"": [""range""], ""even"": [""mean"", ""range""], ""odd"": [""mean"", ""range""]}, ""n_chunks"": 16, ""parameter_selection"": {""mean"": {""likelihood"": ""lognormal""}, ""range"": {""likelihood"": ""lognormal""}}, ""rem_profile_params"": {""rem_stage"": 2, ""step_size_hours"": 1, ""window_size_hours"": 6}, ""tau_threshold"": 5.0}",run_output_8day_rem_w6_s1_stage2_no_pareto,rem_w6_s1_stage2
52,c1041db95d174531,ok,,even: range; odd: mean,mean=lognormal; range=lognormal,16,5.0,6,1,2,102.8597974518668,102.8597974518668,3.4286599150622266,1.714329957531113,0.0182413663760207,1.714329957531113,0.0182413663760207,-201.71471521428225,1.01,592.0,606.0,1.037878244995055,0,8,0.3776282659521127,0.7903615530350869,6.862946218751601,1.858372646043922,6.1050677718001305,7.218186926045862,7.609093463022931,0.7629684508588179,1.090812623539375,1,False,,False,2,2,30,0,[],10.783954837999772,"(30, 152)",,[],"{""feature_selection"": {""even"": [""range""], ""odd"": [""mean""]}, ""n_chunks"": 16, ""parameter_selection"": {""mean"": {""likelihood"": ""lognormal""}, ""range"": {""likelihood"": ""lognormal""}}, ""rem_profile_params"": {""rem_stage"": 2, ""step_size_hours"": 1, ""window_size_hours"": 6}, ""tau_threshold"": 5.0}",run_output_8day_rem_w6_s1_stage2_no_pareto,rem_w6_s1_stage2
190,f76fbe6164065e51,ok,,"concat: range; even: range; odd: mean, range",mean=lognormal; range=lognormal,16,5.0,2,2,2,205.6798200021717,205.6798200021717,6.85599400007239,1.713998500018097,0.0125513775257594,1.713998500018097,0.0125513775257594,-408.9090145277069,1.01,768.0,1029.0,1.02450543090756,0,8,0.4665723836732823,0.9609600055903136,7.467023632093532,0.861786548998761,6.52303535586359,7.254862837058437,7.627431418529218,0.8366116472436838,1.3987271531137393,3,False,,False,4,4,30,0,[],17.55288123700302,"(30, 96)",,[],"{""feature_selection"": {""concat"": [""range""], ""even"": [""range""], ""odd"": [""mean"", ""range""]}, ""n_chunks"": 16, ""parameter_selection"": {""mean"": {""likelihood"": ""lognormal""}, ""range"": {""likelihood"": ""lognormal""}}, ""rem_profile_params"": {""rem_stage"": 2, ""step_size_hours"": 2, ""window_size_hours"": 2}, ""tau_threshold"": 5.0}",run_output_8day_rem_w2_s2_stage2_no_pareto,rem_w2_s2_stage2
189,f5ba2683b0355dab,ok,,"concat: range; even: range; odd: mean, range",mean=lognormal; range=beta,16,5.0,6,1,2,204.64303082742657,204.64303082742657,6.821434360914219,1.7053585902285548,0.0102265219783525,1.7053585902285548,0.0102265219783525,-410.0390245614463,1.0,2563.0,1754.0,0.9385508357815652,0,5,0.9909671446703092,0.0022822157789357,5.002283647971969,0.047802291363996,4.250571576987349,4.501143530345851,4.751715483704352,2.163968761013965e-06,1.1966892458387095,4,False,,False,4,4,30,0,[],47.485795271000825,"(30, 152)",,[],"{""feature_selection"": {""concat"": [""range""], ""even"": [""range""], ""odd"": [""mean"", ""range""]}, ""n_chunks"": 16, ""parameter_selection"": {""mean"": {""likelihood"": ""lognormal""}, ""range"": {""likelihood"": ""beta""}}, ""rem_profile_params"": {""rem_stage"": 2, ""step_size_hours"": 1, ""window_size_hours"": 6}, ""tau_threshold"": 5.0}",run_output_8day_rem_w6_s1_stage2_no_pareto,rem_w6_s1_stage2
190,89507f67c73862d2,ok,,"concat: range; even: range; odd: mean, range",mean=lognormal; range=lognormal,16,5.0,6,1,2,204.50928724993375,204.50928724993375,6.81697624166446,1.7042440604161146,0.0117775738603588,1.7042440604161146,0.0117775738603588,-407.6572061602814,1.0,984.0,718.0,0.9415765420629904,0,7,0.6601258898592781,0.9938004516996758,7.121386969311927,0.4536087211504681,6.268021624505241,6.579953489059761,6.891885353614283,0.9648078274144986,1.4064972439760095,3,False,,False,4,4,30,0,[],17.537635603977833,"(30, 152)",,[],"{""feature_selection"": {""concat"": [""range""], ""even"": [""range""], ""odd"": [""mean"", ""range""]}, ""n_chunks"": 16, ""parameter_selection"": {""mean"": {""likelihood"": ""lognormal""}, ""range"": {""likelihood"": ""lognormal""}}, ""rem_profile_params"": {""rem_stage"": 2, ""step_size_hours"": 1, ""window_size_hours"": 6}, ""tau_threshold"": 5.0}",run_output_8day_rem_w6_s1_stage2_no_pareto,rem_w6_s1_stage2
34,261369998dd0b552,ok,,concat: range; even: range,range=lognormal,16,5.0,6,1,2,101.8429567895945,101.8429567895945,3.3947652263198167,1.697382613159909,0.0149177591517867,1.697382613159909,0.0149177591517867,-204.16963838645484,1.0,3246.0,2772.0,0.9941815080571204,0,7,0.7663487753530649,0.9816822070955464,7.002172266391852,0.4024083562544477,6.234994954034123,6.5122482707577705,6.789501587481418,0.9618955300617328,0.6750630915820096,0,False,,False,2,2,30,0,[],9.765284891996998,"(30, 152)",,[],"{""feature_selection"": {""concat"": [""range""], ""even"": [""range""]}, ""n_chunks"": 16, ""parameter_selection"": {""range"": {""likelihood"": ""lognormal""}}, ""rem_profile_params"": {""rem_stage"": 2, ""step_size_hours"": 1, ""window_size_hours"": 6}, ""tau_threshold"": 5.0}",run_output_8day_rem_w6_s1_stage2_no_pareto,rem_w6_s1_stage2
34,fcc42f2cf0b157eb,ok,,concat: range; even: range,range=lognormal,16,5.0,3,1,2,101.34737246354,101.34737246354,3.378245748784667,1.689122874392334,0.0100351509058905,1.689122874392334,0.0100351509058905,-203.7247634554314,1.0,1663.0,1855.0,0.985389188975513,0,7,0.3533254265379184,0.8687309679799962,6.737126143121387,1.0136973928035242,6.04945980290056,6.443393802856168,6.837327802811776,0.781388381623656,0.7913323873831691,1,False,,False,2,2,30,0,[],10.279515033005737,"(30, 176)",,[],"{""feature_selection"": {""concat"": [""range""], ""even"": [""range""]}, ""n_chunks"": 16, ""parameter_selection"": {""range"": {""likelihood"": ""lognormal""}}, ""rem_profile_params"": {""rem_stage"": 2, ""step_size_hours"": 1, ""window_size_hours"": 3}, ""tau_threshold"": 5.0}",run_output_8day_rem_w3_s1_stage2_no_pareto,rem_w3_s1_stage2
55,9df26f4480cf3998,ok,,even: range; odd: range,range=beta,16,5.0,3,1,2,101.34325055430176,101.34325055430176,3.3781083518100585,1.6890541759050293,0.0116227801505608,1.6890541759050293,0.0116227801505608,-196.56450842164665,1.03,139.0,160.0,0.8972291423265191,0,8,0.4194786906145834,0.712294149722367,6.521763561984512,2.1554191122309168,3.1394354929184125,7.20938762972095,7.604693814860475,0.6925607617597593,1.1010914883894694,1,False,,False,2,2,30,0,[],26.345247855992056,"(30, 176)",,[],"{""feature_selection"": {""even"": [""range""], ""odd"": [""range""]}, ""n_chunks"": 16, ""parameter_selection"": {""range"": {""likelihood"": ""beta""}}, ""rem_profile_params"": {""rem_stage"": 2, ""step_size_hours"": 1, ""window_size_hours"": 3}, ""tau_threshold"": 5.0}",run_output_8day_rem_w3_s1_stage2_no_pareto,rem_w3_s1_stage2
35,4e7a356a139fe15b,ok,,concat: range; odd: mean,mean=lognormal; range=beta,16,5.0,6,1,2,101.00266471757942,101.00266471757942,3.3667554905859807,1.6833777452929906,0.0170314101194962,1.6833777452929906,0.0170314101194962,-203.8661348349984,1.0,2257.0,1906.0,0.9756647545364464,0,5,0.6023385218962785,0.1219745800232902,4.92406752196381,0.7278988934056932,4.190844729877947,4.512947643384242,4.835050556890539,0.0032292667999522,0.9736631106837084,1,False,,False,2,2,30,0,[],18.07238813000731,"(30, 152)",,[],"{""feature_selection"": {""concat"": [""range""], ""odd"": [""mean""]}, ""n_chunks"": 16, ""parameter_selection"": {""mean"": {""likelihood"": ""lognormal""}, ""range"": {""likelihood"": ""beta""}}, ""rem_profile_params"": {""rem_stage"": 2, ""step_size_hours"": 1, ""window_size_hours"": 6}, ""tau_threshold"": 5.0}",run_output_8day_rem_w6_s1_stage2_no_pareto,rem_w6_s1_stage2
12,64cefb6dd9a93666,ok,,odd: range,range=lognormal,16,5.0,2,1,2,50.16721878957689,50.16721878957689,1.6722406263192298,1.6722406263192295,0.0118468135806744,1.6722406263192295,0.0118468135806744,-101.6611885962446,1.0,1051.0,1333.0,1.0699796599418665,0,8,0.0359365197523853,0.550011663259601,5.768295194125706,1.8295571328245903,3.5382947114546086,5.4207391320225415,7.074441613615343,0.4311454598256843,0.7000069270208388,1,False,,False,1,1,30,0,[],7.136352704954334,"(30, 184)",,[],"{""feature_selection"": {""odd"": [""range""]}, ""n_chunks"": 16, ""parameter_selection"": {""range"": {""likelihood"": ""lognormal""}}, ""rem_profile_params"": {""rem_stage"": 2, ""step_size_hours"": 1, ""window_size_hours"": 2}, ""tau_threshold"": 5.0}",run_output_8day_rem_w2_s1_stage2_no_pareto,rem_w2_s1_stage2
40,285f8e561e7a9748,ok,,concat: range; odd: range,range=lognormal,16,5.0,6,1,2,100.29827332441366,100.29827332441366,3.343275777480456,1.671637888740228,0.0106626270584508,1.671637888740228,0.0106626270584508,-200.9067815517259,1.0,3339.0,2702.0,1.002446404937974,0,7,0.65848581287236,0.9832751460022386,6.871005226414316,0.4662879585587229,6.127743752484691,6.43221290038997,6.736682048295249,0.8548905557127521,0.692773616252868,0,False,,False,2,2,30,0,[],9.906889565987512,"(30, 152)",,[],"{""feature_selection"": {""concat"": [""range""], ""odd"": [""range""]}, ""n_chunks"": 16, ""parameter_selection"": {""range"": {""likelihood"": ""lognormal""}}, ""rem_profile_params"": {""rem_stage"": 2, ""step_size_hours"": 1, ""window_size_hours"": 6}, ""tau_threshold"": 5.0}",run_output_8day_rem_w6_s1_stage2_no_pareto,rem_w6_s1_stage2
193,f8d702dcd2554db2,ok,,"even: mean, range; odd: mean, range",mean=lognormal; range=beta,16,5.0,6,1,2,200.410816336256,200.410816336256,6.680360544541866,1.6700901361354668,0.0109073396212507,1.6700901361354668,0.0109073396212507,-402.31910812021056,1.0,3680.0,2341.0,0.9641235142765048,0,5,0.980853672579853,0.0051257714121765,5.005757196182332,0.0846241752177719,4.251279555796265,4.502570450107108,4.753861344417952,0.0006202655658645,1.2238064872237897,4,False,,False,4,4,30,0,[],42.01494922902202,"(30, 152)",,[],"{""feature_selection"": {""even"": [""mean"", ""range""], ""odd"": [""mean"", ""range""]}, ""n_chunks"": 16, ""parameter_selection"": {""mean"": {""likelihood"": ""lognormal""}, ""range"": {""likelihood"": ""beta""}}, ""rem_profile_params"": {""rem_stage"": 2, ""step_size_hours"": 1, ""window_size_hours"": 6}, ""tau_threshold"": 5.0}",run_output_8day_rem_w6_s1_stage2_no_pareto,rem_w6_s1_stage2
55,0c2f82cd7e6dd6f8,ok,,even: range; odd: range,range=beta,16,5.0,6,1,2,99.6645610802874,99.6645610802874,3.32215203600958,1.6610760180047894,0.0157474853571183,1.6610760180047894,0.0157474853571183,-201.0371481300086,1.0,2428.0,1901.0,0.971053374593264,0,5,0.9473705234869858,0.0171090657045629,5.019461483673812,0.1564712461984705,4.254320958657575,4.508683172204152,4.763045385750729,0.002273697442217,1.1865042711343337,2,False,,False,2,2,30,0,[],22.723388356971554,"(30, 152)",,[],"{""feature_selection"": {""even"": [""range""], ""odd"": [""range""]}, ""n_chunks"": 16, ""parameter_selection"": {""range"": {""likelihood"": ""beta""}}, ""rem_profile_params"": {""rem_stage"": 2, ""step_size_hours"": 1, ""window_size_hours"": 6}, ""tau_threshold"": 5.0}",run_output_8day_rem_w6_s1_stage2_no_pareto,rem_w6_s1_stage2
117,489f315dc9f077f8,ok,,"concat: range; odd: mean, range",mean=lognormal; range=beta,16,5.0,6,1,2,149.39022892396267,149.39022892396267,4.979674297465422,1.6598914324884746,0.0128323196634494,1.6598914324884746,0.0128323196634494,-298.39441682212146,1.0,3195.0,2156.0,1.0096570333268635,0,5,0.9904168912331296,0.0024318390258355,5.002447901261759,0.049775341629083,4.250609220485353,4.501218736324721,4.751828252164088,1.629286411806965e-05,1.1295644946719612,4,False,,False,3,3,30,0,[],33.5908330649836,"(30, 152)",,[],"{""feature_selection"": {""concat"": [""range""], ""odd"": [""mean"", ""range""]}, ""n_chunks"": 16, ""parameter_selection"": {""mean"": {""likelihood"": ""lognormal""}, ""range"": {""likelihood"": ""beta""}}, ""rem_profile_params"": {""rem_stage"": 2, ""step_size_hours"": 1, ""window_size_hours"": 6}, ""tau_threshold"": 5.0}",run_output_8day_rem_w6_s1_stage2_no_pareto,rem_w6_s1_stage2
58,68b9f02ec2cbea1c,ok,,"odd: mean, range",mean=lognormal; range=lognormal,16,5.0,6,1,2,99.47285933409944,99.47285933409944,3.3157619778033145,1.6578809889016577,0.0165003574584651,1.6578809889016577,0.0165003574584651,-198.39187842722376,1.0,853.0,1198.0,1.0269004069625285,0,8,0.2942422380649609,0.9024966675089824,7.039222919081429,1.27940590218949,5.687772508567948,7.072556091067025,7.536278045533512,0.6807712196185092,1.33127698736776,2,False,,False,2,2,30,0,[],10.204371119034477,"(30, 152)",,[],"{""feature_selection"": {""odd"": [""mean"", ""range""]}, ""n_chunks"": 16, ""parameter_selection"": {""mean"": {""likelihood"": ""lognormal""}, ""range"": {""likelihood"": ""lognormal""}}, ""rem_profile_params"": {""rem_stage"": 2, ""step_size_hours"": 1, ""window_size_hours"": 6}, ""tau_threshold"": 5.0}",run_output_8day_rem_w6_s1_stage2_no_pareto,rem_w6_s1_stage2
116,8e05f760f68711e3,ok,,concat: range; even: range; odd: range,range=lognormal,16,5.0,2,1,2,149.13469385249516,149.13469385249516,4.971156461749839,1.6570521539166136,0.0099736641431192,1.6570521539166136,0.0099736641431192,-299.350240481916,1.02,581.0,766.0,1.0035703642079563,0,7,0.1643294436141756,0.7665812786138559,6.364795049116912,1.6487867393886937,5.180475625518915,6.405396510868568,6.985509528780823,0.6747058324632724,0.8101275908946773,1,False,,False,3,3,30,0,[],14.618644345959185,"(30, 184)",,[],"{""feature_selection"": {""concat"": [""range""], ""even"": [""range""], ""odd"": [""range""]}, ""n_chunks"": 16, ""parameter_selection"": {""range"": {""likelihood"": ""lognormal""}}, ""rem_profile_params"": {""rem_stage"": 2, ""step_size_hours"": 1, ""window_size_hours"": 2}, ""tau_threshold"": 5.0}",run_output_8day_rem_w2_s1_stage2_no_pareto,rem_w2_s1_stage2
121,12b0d34e8953194b,ok,,"even: mean, range; odd: mean",mean=lognormal; range=beta,16,5.0,6,1,2,149.09528854928976,149.09528854928976,4.969842951642992,1.6566143172143304,0.0142229261395991,1.6566143172143304,0.0142229261395991,-293.4957636702389,1.02,271.0,576.0,1.0041625643014391,0,8,0.3714418439918043,0.5973893467964901,6.077558921740758,2.28550053720489,6.7228973358244162,7.091279545179288,7.545639772589643,0.5835658749603988,1.2795888778528532,2,False,,False,3,3,30,0,[],28.88906155305449,"(30, 152)",,[],"{""feature_selection"": {""even"": [""mean"", ""range""], ""odd"": [""mean""]}, ""n_chunks"": 16, ""parameter_selection"": {""mean"": {""likelihood"": ""lognormal""}, ""range"": {""likelihood"": ""beta""}}, ""rem_profile_params"": {""rem_stage"": 2, ""step_size_hours"": 1, ""window_size_hours"": 6}, ""tau_threshold"": 5.0}",run_output_8day_rem_w6_s1_stage2_no_pareto,rem_w6_s1_stage2
34,446a60fa5456da9b,ok,,concat: range; even: range,range=lognormal,16,5.0,2,1,2,98.72120507362,98.72120507362,3.2907068357873333,1.6453534178936666,0.0103258460207879,1.6453534178936666,0.0103258460207879,-198.05875015858112,1.0,1031.0,1093.0,1.0306284961308505,0,7,0.1726429263205464,0.7615590177953204,6.248542587537376,1.5667399528417791,5.0920641265107776,6.283266368444266,6.8039573291388455,0.6360050345729076,0.6897498880747504,0,False,,False,2,2,30,0,[],10.196440047002396,"(30, 184)",,[],"{""feature_selection"": {""concat"": [""range""], ""even"": [""range""]}, ""n_chunks"": 16, ""parameter_selection"": {""range"": {""likelihood"": ""lognormal""}}, ""rem_profile_params"": {""rem_stage"": 2, ""step_size_hours"": 1, ""window_size_hours"": 2}, ""tau_threshold"": 5.0}",run_output_8day_rem_w2_s1_stage2_no_pareto,rem_w2_s1_stage2
7,3c62c879f248bfbe,ok,,even: range,range=beta,16,5.0,3,1,2,48.92902577931581,48.92902577931581,1.6309675259771936,1.6309675259771934,0.0123800683399523,1.6309675259771934,0.0123800683399523,-98.07769931863535,1.0,1322.0,1441.0,0.9661106331289322,0,5,0.0694566862422065,0.3603509178727937,5.30802785827773,1.7801645821122147,3.280054494162453,4.5374715397350105,6.50734193041806,0.2941093817433162,0.3592410387066727,0,False,,False,1,1,30,0,[],13.303406046994496,"(30, 176)",,[],"{""feature_selection"": {""even"": [""range""]}, ""n_chunks"": 16, ""parameter_selection"": {""range"": {""likelihood"": ""beta""}}, ""rem_profile_params"": {""rem_stage"": 2, ""step_size_hours"": 1, ""window_size_hours"": 3}, ""tau_threshold"": 5.0}",run_output_8day_rem_w3_s1_stage2_no_pareto,rem_w3_s1_stage2
186,ded753f1b07b6141,ok,,"concat: range; even: mean; odd: mean, range",mean=lognormal; range=lognormal,16,5.0,6,1,2,192.09057981360823,192.09057981360823,6.403019327120275,1.6007548317800688,0.0110037683529022,1.6007548317800688,0.0110037683529022,-384.1232232326359,1.01,955.0,743.0,0.9668756315805338,0,7,0.4766656673090256,0.950397589406855,6.984431290678138,0.7034399948994782,6.16573484034465,6.529008745899752,6.8922826514548525,0.864056389552257,1.524057238756294,4,False,,False,4,4,30,0,[],18.198596748989075,"(30, 152)",,[],"{""feature_selection"": {""concat"": [""range""], ""even"": [""mean""], ""odd"": [""mean"", ""range""]}, ""n_chunks"": 16, ""parameter_selection"": {""mean"": {""likelihood"": ""lognormal""}, ""range"": {""likelihood"": ""lognormal""}}, ""rem_profile_params"": {""rem_stage"": 2, ""step_size_hours"": 1, ""window_size_hours"": 6}, ""tau_threshold"": 5.0}",run_output_8day_rem_w6_s1_stage2_no_pareto,rem_w6_s1_stage2
129,6d50952d05c16251,ok,,"even: mean; odd: mean, range",mean=lognormal; range=beta,16,5.0,6,1,2,142.83935013814153,142.83935013814153,4.761311671271384,1.5871038904237946,0.0125595111506859,1.5871038904237946,0.0125595111506859,-288.7041227782552,1.0,3088.0,2114.0,1.0286005324296803,0,5,0.9851137134443024,0.0039312525052297,5.004165503801054,0.068875311729798,4.250982415427537,4.501970540545898,4.7529586656642575,0.0002008630842766,1.2669605021465002,4,False,,False,3,3,30,0,[],26.61175289202947,"(30, 152)",,[],"{""feature_selection"": {""even"": [""mean""], ""odd"": [""mean"", ""range""]}, ""n_chunks"": 16, ""parameter_selection"": {""mean"": {""likelihood"": ""lognormal""}, ""range"": {""likelihood"": ""beta""}}, ""rem_profile_params"": {""rem_stage"": 2, ""step_size_hours"": 1, ""window_size_hours"": 6}, ""tau_threshold"": 5.0}",run_output_8day_rem_w6_s1_stage2_no_pareto,rem_w6_s1_stage2
178,06cd53102ca455ba,ok,,"concat: range; even: mean, range; odd: mean",mean=lognormal; range=lognormal,16,5.0,6,1,2,190.3320338432128,190.3320338432128,6.3444011281070924,1.5861002820267724,0.0127599951270185,1.5861002820267724,0.0127599951270185,-385.8171467431446,1.0,723.0,957.0,0.9483591270761536,0,7,0.5233230088681647,0.939697198500254,7.07681872792312,0.7957327484111093,6.256098218870065,6.617275846506679,6.978453474143294,0.9272661145610382,1.927639200301815,3,False,,False,4,4,30,0,[],18.23413107101805,"(30, 152)",,[],"{""feature_selection"": {""concat"": [""range""], ""even"": [""mean"", ""range""], ""odd"": [""mean""]}, ""n_chunks"": 16, ""parameter_selection"": {""mean"": {""likelihood"": ""lognormal""}, ""range"": {""likelihood"": ""lognormal""}}, ""rem_profile_params"": {""rem_stage"": 2, ""step_size_hours"": 1, ""window_size_hours"": 6}, ""tau_threshold"": 5.0}",run_output_8day_rem_w6_s1_stage2_no_pareto,rem_w6_s1_stage2
126,d4b7600632a5c1de,ok,,"even: mean, range; odd: range",mean=lognormal; range=lognormal,16,5.0,2,2,2,142.68073524735942,142.68073524735942,4.756024508245314,1.585341502748438,0.0127455172862888,1.585341502748438,0.0127455172862888,-284.1643404954716,1.0,2578.0,1647.0,1.037341697426071,0,8,0.7561898537461517,0.9613236434603852,7.781596624672315,0.8013408871261827,7.174793978102638,7.4498626520684255,7.724931326034213,0.9399541416918036,0.5777726136000555,0,False,,False,3,3,30,0,[],13.393690450000577,"(30, 96)",,[],"{""feature_selection"": {""even"": [""mean"", ""range""], ""odd"": [""range""]}, ""n_chunks"": 16, ""parameter_selection"": {""mean"": {""likelihood"": ""lognormal""}, ""range"": {""likelihood"": ""lognormal""}}, ""rem_profile_params"": {""rem_stage"": 2, ""step_size_hours"": 2, ""window_size_hours"": 2}, ""tau_threshold"": 5.0}",run_output_8day_rem_w2_s2_stage2_no_pareto,rem_w2_s2_stage2
133,b120aec4f24a5f88,ok,,"even: range; odd: mean, range",mean=lognormal; range=beta,16,5.0,6,1,2,142.0269489143027,142.0269489143027,4.734231630476756,1.578077210158919,0.0123740278992596,1.578077210158919,0.0123740278992596,-286.32084345076737,1.0,2804.0,2067.0,0.9884372466707764,0,5,0.9542109589166288,0.0146954102291092,5.0162903030040775,0.1405092007023753,4.2537173811651545,4.507449857888636,4.7611823346121165,0.0014251363686489,1.1056125366515472,5,False,,False,3,3,30,0,[],32.18491631798679,"(30, 152)",,[],"{""feature_selection"": {""even"": [""range""], ""odd"": [""mean"", ""range""]}, ""n_chunks"": 16, ""parameter_selection"": {""mean"": {""likelihood"": ""lognormal""}, ""range"": {""likelihood"": ""beta""}}, ""rem_profile_params"": {""rem_stage"": 2, ""step_size_hours"": 1, ""window_size_hours"": 6}, ""tau_threshold"": 5.0}",run_output_8day_rem_w6_s1_stage2_no_pareto,rem_w6_s1_stage2
134,27d0498e30f43309,ok,,"even: range; odd: mean, range",mean=lognormal; range=lognormal,16,5.0,3,1,2,140.60629583614914,140.60629583614914,4.686876527871638,1.562292175957213,0.0131430241564673,1.562292175957213,0.0131430241564673,-284.40880794469336,1.0,1399.0,804.0,1.015232278704058,0,8,0.8896426723775637,0.978740701379586,7.892064724148363,0.6507962884984282,7.22396429245628,7.48264286163752,7.74132143081876,0.9752564184274848,1.0527119059305992,1,False,,False,3,3,30,0,[],13.847248174017295,"(30, 176)",,[],"{""feature_selection"": {""even"": [""range""], ""odd"": [""mean"", ""range""]}, ""n_chunks"": 16, ""parameter_selection"": {""mean"": {""likelihood"": ""lognormal""}, ""range"": {""likelihood"": ""lognormal""}}, ""rem_profile_params"": {""rem_stage"": 2, ""step_size_hours"": 1, ""window_size_hours"": 3}, ""tau_threshold"": 5.0}",run_output_8day_rem_w3_s1_stage2_no_pareto,rem_w3_s1_stage2
45,d479c7a5e6b77a56,ok,,even: mean; odd: mean,mean=lognormal,16,5.0,6,1,2,93.0372912548261,93.0372912548261,3.1012430418275367,1.5506215209137684,0.0190451936225795,1.5506215209137684,0.0190451936225795,-184.3345695400651,1.0,557.0,1222.0,0.9365817069858058,0,3,0.1564604742936455,0.4131220675972371,5.325881988000688,2.1158736811347443,1.6675586936193798,4.464556483866998,7.212207831867559,0.3697975191617463,1.4364208828922085,3,False,,False,2,2,30,0,[],10.68122247303836,"(30, 152)",,[],"{""feature_selection"": {""even"": [""mean""], ""odd"": [""mean""]}, ""n_chunks"": 16, ""parameter_selection"": {""mean"": {""likelihood"": ""lognormal""}}, ""rem_profile_params"": {""rem_stage"": 2, ""step_size_hours"": 1, ""window_size_hours"": 6}, ""tau_threshold"": 5.0}",run_output_8day_rem_w6_s1_stage2_no_pareto,rem_w6_s1_stage2
116,0bbcca81e0c63a78,ok,,concat: range; even: range; odd: range,range=lognormal,16,5.0,2,2,2,139.4220847210051,139.4220847210051,4.647402824033503,1.5491342746778345,0.0089275231920122,1.5491342746778345,0.0089275231920122,-279.598864955333,1.01,1250.0,2129.0,0.9812421236156346,0,7,0.3544040343851575,0.9635171263020056,7.152917319890575,0.8303463678202992,6.120514940349305,6.734983676782605,7.362532156642771,0.7990321692560135,0.7687009053400191,2,False,,False,3,3,30,0,[],13.486146929033566,"(30, 96)",,[],"{""feature_selection"": {""concat"": [""range""], ""even"": [""range""], ""odd"": [""range""]}, ""n_chunks"": 16, ""parameter_selection"": {""range"": {""likelihood"": ""lognormal""}}, ""rem_profile_params"": {""rem_stage"": 2, ""step_size_hours"": 2, ""window_size_hours"": 2}, ""tau_threshold"": 5.0}",run_output_8day_rem_w2_s2_stage2_no_pareto,rem_w2_s2_stage2
51,a6dbfd7988e1c8d5,ok,,even: range; odd: mean,mean=lognormal; range=beta,16,5.0,6,1,2,92.3570255879649,92.3570255879649,3.07856751959883,1.539283759799415,0.017454151809875,1.539283759799415,0.017454151809875,-179.28910090184368,1.01,491.0,978.0,1.0131260701938216,0,8,0.3349916560044926,0.6116473334816407,6.043085241889176,2.2802782453265493,6.789966450843012,7.04417763587148,7.52208881793574,0.5796308104861917,1.2607800834012408,2,False,,False,2,2,30,0,[],20.676958090043627,"(30, 152)",,[],"{""feature_selection"": {""even"": [""range""], ""odd"": [""mean""]}, ""n_chunks"": 16, ""parameter_selection"": {""mean"": {""likelihood"": ""lognormal""}, ""range"": {""likelihood"": ""beta""}}, ""rem_profile_params"": {""rem_stage"": 2, ""step_size_hours"": 1, ""window_size_hours"": 6}, ""tau_threshold"": 5.0}",run_output_8day_rem_w6_s1_stage2_no_pareto,rem_w6_s1_stage2
112,bb7dbbf329a2d960,ok,,concat: range; even: range; odd: mean,mean=lognormal; range=lognormal,16,5.0,6,1,2,138.04080772366436,138.04080772366436,4.601360257455479,1.5337867524851596,0.0138022220732849,1.5337867524851596,0.0138022220732849,-275.0467891580229,1.0,1120.0,1057.0,0.9646782963211455,0,7,0.6072815990427806,0.972100209114102,7.085014957772853,0.6372439661843728,6.2611641650273295,6.584172042507742,6.907179919988154,0.9521345168611,1.023423739487366,3,False,,False,3,3,30,0,[],13.932799700007308,"(30, 152)",,[],"{""feature_selection"": {""concat"": [""range""], ""even"": [""range""], ""odd"": [""mean""]}, ""n_chunks"": 16, ""parameter_selection"": {""mean"": {""likelihood"": ""lognormal""}, ""range"": {""likelihood"": ""lognormal""}}, ""rem_profile_params"": {""rem_stage"": 2, ""step_size_hours"": 1, ""window_size_hours"": 6}, ""tau_threshold"": 5.0}",run_output_8day_rem_w6_s1_stage2_no_pareto,rem_w6_s1_stage2
7,0ee03993a84d032c,ok,,even: range,range=beta,16,5.0,2,2,2,45.70091034990338,45.70091034990338,1.5233636783301128,1.5233636783301123,0.0115767276722602,1.5233636783301123,0.0115767276722602,-91.53845546765304,1.0,1424.0,1556.0,0.9637465896087442,0,8,0.1913269004116035,0.8796899959699809,6.660961323849266,1.3184515022052037,5.406308678324857,6.28025675184503,7.274581412195864,0.5604991863996042,0.4236600273537363,0,False,,False,1,1,30,0,[],12.937870865978766,"(30, 96)",,[],"{""feature_selection"": {""even"": [""range""]}, ""n_chunks"": 16, ""parameter_selection"": {""range"": {""likelihood"": ""beta""}}, ""rem_profile_params"": {""rem_stage"": 2, ""step_size_hours"": 2, ""window_size_hours"": 2}, ""tau_threshold"": 5.0}",run_output_8day_rem_w2_s2_stage2_no_pareto,rem_w2_s2_stage2
134,d8233ec1d2708bfb,ok,,"even: range; odd: mean, range",mean=lognormal; range=lognormal,16,5.0,2,1,2,136.36739870883855,136.36739870883855,4.545579956961285,1.5151933189870952,0.0143443472868363,1.5151933189870952,0.0143443472868363,-271.486351107778,1.01,619.0,563.0,1.0428982474008517,0,8,0.3844228440393838,0.8138189967346765,7.018345439656157,1.7112758046294276,6.298981378124942,7.265227089246606,7.632613544623303,0.7796489721417195,1.3904514614701649,4,False,,False,3,3,30,0,[],15.314917984011116,"(30, 184)",,[],"{""feature_selection"": {""even"": [""range""], ""odd"": [""mean"", ""range""]}, ""n_chunks"": 16, ""parameter_selection"": {""mean"": {""likelihood"": ""lognormal""}, ""range"": {""likelihood"": ""lognormal""}}, ""rem_profile_params"": {""rem_stage"": 2, ""step_size_hours"": 1, ""window_size_hours"": 2}, ""tau_threshold"": 5.0}",run_output_8day_rem_w2_s1_stage2_no_pareto,rem_w2_s1_stage2
118,d41538ec701f3c1f,ok,,"concat: range; odd: mean, range",mean=lognormal; range=lognormal,16,5.0,6,1,2,135.3205350886056,135.3205350886056,4.51068450295352,1.5035615009845067,0.0139740291147327,1.5035615009845067,0.0139740291147327,-273.52616832716245,1.0,1388.0,1000.0,0.9716127183334504,0,7,0.5241246156419344,0.9781560230603444,6.943195873971187,0.5979694815118722,6.131388464165938,6.477800793842127,6.824213123518317,0.8448208629646311,1.9020142229016308,3,False,,False,3,3,30,0,[],13.413199389004149,"(30, 152)",,[],"{""feature_selection"": {""concat"": [""range""], ""odd"": [""mean"", ""range""]}, ""n_chunks"": 16, ""parameter_selection"": {""mean"": {""likelihood"": ""lognormal""}, ""range"": {""likelihood"": ""lognormal""}}, ""rem_profile_params"": {""rem_stage"": 2, ""step_size_hours"": 1, ""window_size_hours"": 6}, ""tau_threshold"": 5.0}",run_output_8day_rem_w6_s1_stage2_no_pareto,rem_w6_s1_stage2
55,fdd83130786140b6,ok,,even: range; odd: range,range=beta,16,5.0,2,2,2,88.69935028222508,88.69935028222508,2.9566450094075027,1.4783225047037512,0.0093236982464162,1.4783225047037512,0.0093236982464162,-177.375198511122,1.0,1508.0,1725.0,0.9157886321819994,0,6,0.4349283255735429,0.9998987480923696,6.688752353794891,0.7225001848287601,5.538139937083555,6.092975217072065,6.747293061402486,0.5355237205731449,0.7206410906668584,1,False,,False,2,2,30,0,[],22.773694173025437,"(30, 96)",,[],"{""feature_selection"": {""even"": [""range""], ""odd"": [""range""]}, ""n_chunks"": 16, ""parameter_selection"": {""range"": {""likelihood"": ""beta""}}, ""rem_profile_params"": {""rem_stage"": 2, ""step_size_hours"": 2, ""window_size_hours"": 2}, ""tau_threshold"": 5.0}",run_output_8day_rem_w2_s2_stage2_no_pareto,rem_w2_s2_stage2
30,375e5de854570e7a,ok,,concat: range; even: mean,mean=lognormal; range=lognormal,16,5.0,6,1,2,88.64577842758965,88.64577842758965,2.954859280919655,1.4774296404598275,0.0099050660293036,1.4774296404598275,0.0099050660293036,-177.4639820385425,1.0,1564.0,1701.0,1.0574193487414465,0,7,0.4800683561229419,0.8355336320534525,6.6351528080024655,0.8903834162717745,6.034594237874572,6.380662477690344,6.726730717506117,0.7749909077852595,0.6852635899920129,0,False,,False,2,2,30,0,[],9.636183064023498,"(30, 152)",,[],"{""feature_selection"": {""concat"": [""range""], ""even"": [""mean""]}, ""n_chunks"": 16, ""parameter_selection"": {""mean"": {""likelihood"": ""lognormal""}, ""range"": {""likelihood"": ""lognormal""}}, ""rem_profile_params"": {""rem_stage"": 2, ""step_size_hours"": 1, ""window_size_hours"": 6}, ""tau_threshold"": 5.0}",run_output_8day_rem_w6_s1_stage2_no_pareto,rem_w6_s1_stage2
11,1fd076efcd0435e0,ok,,odd: range,range=beta,16,5.0,6,1,2,43.69978726744337,43.69978726744337,1.4566595755814455,1.4566595755814458,0.0166416517698863,1.4566595755814458,0.0166416517698863,-88.78802444698246,1.0,1325.0,1092.0,0.8940929860369949,0,5,0.9503219588272696,0.0163759105803881,5.017866397332142,0.1444154981808366,4.254147581220297,4.508314677672161,4.762481774124026,0.0014470137161758,1.0900828568230043,2,False,,False,1,1,30,0,[],12.807277460000478,"(30, 152)",,[],"{""feature_selection"": {""odd"": [""range""]}, ""n_chunks"": 16, ""parameter_selection"": {""range"": {""likelihood"": ""beta""}}, ""rem_profile_params"": {""rem_stage"": 2, ""step_size_hours"": 1, ""window_size_hours"": 6}, ""tau_threshold"": 5.0}",run_output_8day_rem_w6_s1_stage2_no_pareto,rem_w6_s1_stage2
52,7eecc4190c14c9f0,ok,,even: range; odd: mean,mean=lognormal; range=lognormal,16,5.0,2,2,2,86.56396302718493,86.56396302718493,2.8854654342394976,1.4427327171197488,0.0189575354503663,1.4427327171197488,0.0189575354503663,-173.22966277029346,1.01,1075.0,1294.0,1.0389165062121557,0,8,0.3478738107887658,0.8069263433207494,6.966261497794836,1.6508527143305245,5.582267242173581,7.235688366829991,7.617844183414995,0.7091596492710455,1.172922664228776,3,False,,False,2,2,30,0,[],10.239326427981725,"(30, 96)",,[],"{""feature_selection"": {""even"": [""range""], ""odd"": [""mean""]}, ""n_chunks"": 16, ""parameter_selection"": {""mean"": {""likelihood"": ""lognormal""}, ""range"": {""likelihood"": ""lognormal""}}, ""rem_profile_params"": {""rem_stage"": 2, ""step_size_hours"": 2, ""window_size_hours"": 2}, ""tau_threshold"": 5.0}",run_output_8day_rem_w2_s2_stage2_no_pareto,rem_w2_s2_stage2
52,2e0dff789938d1f4,ok,,even: range; odd: mean,mean=lognormal; range=lognormal,16,5.0,2,1,2,85.08262496240373,85.08262496240373,2.836087498746791,1.4180437493733953,0.0189916272962927,1.4180437493733953,0.0189916272962927,-171.35931462932544,1.01,810.0,933.0,1.0368641409610737,0,8,0.2014377884807887,0.720160544984038,6.516492075755453,1.9086162391199724,4.499921225588581,7.026673633440637,7.513336816720319,0.657019941132982,1.4339659972383716,2,False,,False,2,2,30,0,[],10.256470104970504,"(30, 184)",,[],"{""feature_selection"": {""even"": [""range""], ""odd"": [""mean""]}, ""n_chunks"": 16, ""parameter_selection"": {""mean"": {""likelihood"": ""lognormal""}, ""range"": {""likelihood"": ""lognormal""}}, ""rem_profile_params"": {""rem_stage"": 2, ""step_size_hours"": 1, ""window_size_hours"": 2}, ""tau_threshold"": 5.0}",run_output_8day_rem_w2_s1_stage2_no_pareto,rem_w2_s1_stage2
57,2bdf696acddbfbfc,ok,,"odd: mean, range",mean=lognormal; range=beta,16,5.0,6,1,2,84.70802672471362,84.70802672471362,2.8236008908237875,1.411800445411893,0.0161055930142783,1.411800445411893,0.0161055930142783,-170.31693776596128,1.0,2475.0,1986.0,0.9959352826168576,0,5,0.9551706485680403,0.0141731384507032,5.0145160499245724,0.133101910187482,4.253385887058905,4.507050897116123,4.760715907173342,0.0008494120450961,1.1199616810007371,4,False,,False,2,2,30,0,[],19.323466673027724,"(30, 152)",,[],"{""feature_selection"": {""odd"": [""mean"", ""range""]}, ""n_chunks"": 16, ""parameter_selection"": {""mean"": {""likelihood"": ""lognormal""}, ""range"": {""likelihood"": ""beta""}}, ""rem_profile_params"": {""rem_stage"": 2, ""step_size_hours"": 1, ""window_size_hours"": 6}, ""tau_threshold"": 5.0}",run_output_8day_rem_w6_s1_stage2_no_pareto,rem_w6_s1_stage2
134,a6f49c5c0f851f27,ok,,"even: range; odd: mean, range",mean=lognormal; range=lognormal,16,5.0,2,2,2,126.18650422790904,126.18650422790904,4.206216807596968,1.4020722691989889,0.0155787865396963,1.4020722691989889,0.0155787865396963,-262.415606634646,1.0,3967.0,1835.0,1.0111285889250683,0,8,0.8545300400313669,0.974128414755472,7.869937102350149,0.6323371338420544,7.211730997398106,7.474487331598738,7.737243665799369,0.958919418136872,1.342976831579784,2,False,,False,3,3,30,0,[],13.86211748898495,"(30, 96)",,[],"{""feature_selection"": {""even"": [""range""], ""odd"": [""mean"", ""range""]}, ""n_chunks"": 16, ""parameter_selection"": {""mean"": {""likelihood"": ""lognormal""}, ""range"": {""likelihood"": ""lognormal""}}, ""rem_profile_params"": {""rem_stage"": 2, ""step_size_hours"": 2, ""window_size_hours"": 2}, ""tau_threshold"": 5.0}",run_output_8day_rem_w2_s2_stage2_no_pareto,rem_w2_s2_stage2
104,71c15db0fab107a7,ok,,concat: range; even: mean; odd: mean,mean=lognormal; range=lognormal,16,5.0,6,1,2,126.07815816906844,126.07815816906844,4.202605272302281,1.4008684241007607,0.0142086754040864,1.4008684241007607,0.0142086754040864,-252.8075866422968,1.0,909.0,970.0,0.980702424445979,0,7,0.3541945125676259,0.8071195154097224,6.650836462354119,1.0467753011139866,5.934226183324669,6.405860297503971,6.8183559612924585,0.7459785236143,1.6476350045450792,3,False,,False,3,3,30,0,[],13.421085874957498,"(30, 152)",,[],"{""feature_selection"": {""concat"": [""range""], ""even"": [""mean""], ""odd"": [""mean""]}, ""n_chunks"": 16, ""parameter_selection"": {""mean"": {""likelihood"": ""lognormal""}, ""range"": {""likelihood"": ""lognormal""}}, ""rem_profile_params"": {""rem_stage"": 2, ""step_size_hours"": 1, ""window_size_hours"": 6}, ""tau_threshold"": 5.0}",run_output_8day_rem_w6_s1_stage2_no_pareto,rem_w6_s1_stage2
11,96a0f6ffa5c1b52f,ok,,odd: range,range=beta,16,5.0,2,2,2,40.92178086960983,40.92178086960983,1.364059362320328,1.364059362320328,0.0135234581691645,1.364059362320328,0.0135234581691645,-81.69120194274893,1.0,1466.0,1344.0,0.9507282104572182,0,7,0.4478677679394123,0.9979131115519808,6.727988477944662,0.6787226873739702,5.64020206012442,6.226622916620477,6.738551609430712,0.6106711343802733,0.6880269334577037,0,False,,False,1,1,30,0,[],13.220013358979486,"(30, 96)",,[],"{""feature_selection"": {""odd"": [""range""]}, ""n_chunks"": 16, ""parameter_selection"": {""range"": {""likelihood"": ""beta""}}, ""rem_profile_params"": {""rem_stage"": 2, ""step_size_hours"": 2, ""window_size_hours"": 2}, ""tau_threshold"": 5.0}",run_output_8day_rem_w2_s2_stage2_no_pareto,rem_w2_s2_stage2
52,9f6b2e73c67ae49f,ok,,even: range; odd: mean,mean=lognormal; range=lognormal,16,5.0,3,1,2,81.50341508565286,81.50341508565286,2.7167805028550958,1.3583902514275477,0.0182341592943057,1.3583902514275477,0.0182341592943057,-159.66554185847062,1.0,692.0,811.0,1.0358450627140223,0,8,0.248343547525653,0.7405592741397335,6.619758140275367,1.9029500167254487,4.832904843810537,7.103516223633456,7.551758111816728,0.6809798597137124,1.1190388897133168,2,False,,False,2,2,30,0,[],10.5108555869665,"(30, 176)",,[],"{""feature_selection"": {""even"": [""range""], ""odd"": [""mean""]}, ""n_chunks"": 16, ""parameter_selection"": {""mean"": {""likelihood"": ""lognormal""}, ""range"": {""likelihood"": ""lognormal""}}, ""rem_profile_params"": {""rem_stage"": 2, ""step_size_hours"": 1, ""window_size_hours"": 3}, ""tau_threshold"": 5.0}",run_output_8day_rem_w3_s1_stage2_no_pareto,rem_w3_s1_stage2
56,e5e0f38e16e87810,ok,,even: range; odd: range,range=lognormal,16,5.0,3,1,2,77.94608132531783,77.94608132531783,2.598202710843928,1.299101355421964,0.0116714990331029,1.299101355421964,0.0116714990331029,-155.27390528059195,1.01,1784.0,928.0,1.0020165044852678,0,8,0.8113602716751471,0.9613038995993564,7.815608148014063,0.7894479106218544,7.197950145592998,7.4653000970619985,7.732650048530999,0.9545869135518864,0.5970156229709009,0,False,,False,2,2,30,0,[],10.318496271036564,"(30, 176)",,[],"{""feature_selection"": {""even"": [""range""], ""odd"": [""range""]}, ""n_chunks"": 16, ""parameter_selection"": {""range"": {""likelihood"": ""lognormal""}}, ""rem_profile_params"": {""rem_stage"": 2, ""step_size_hours"": 1, ""window_size_hours"": 3}, ""tau_threshold"": 5.0}",run_output_8day_rem_w3_s1_stage2_no_pareto,rem_w3_s1_stage2
12,4ec34f9eea69d348,ok,,odd: range,range=lognormal,16,5.0,2,2,2,37.877532208746565,37.877532208746565,1.2625844069582188,1.2625844069582184,0.0132158061232157,1.2625844069582184,0.0132158061232157,-75.8315299581274,1.0,1907.0,2282.0,1.1088024442524609,0,8,0.3614088161601092,0.8040538817446139,7.075834417542355,1.4919021908357726,5.720354590742156,7.249520559265671,7.624760279632836,0.7290160011795381,0.3935756580213248,0,False,,False,1,1,30,0,[],6.770605136989616,"(30, 96)",,[],"{""feature_selection"": {""odd"": [""range""]}, ""n_chunks"": 16, ""parameter_selection"": {""range"": {""likelihood"": ""lognormal""}}, ""rem_profile_params"": {""rem_stage"": 2, ""step_size_hours"": 2, ""window_size_hours"": 2}, ""tau_threshold"": 5.0}",run_output_8day_rem_w2_s2_stage2_no_pareto,rem_w2_s2_stage2
9,db8f66e345e46b91,ok,,odd: mean,mean=lognormal,16,5.0,6,1,2,37.51343764385575,37.51343764385575,1.2504479214618585,1.2504479214618585,0.0310111210381828,1.2504479214618585,0.0310111210381828,-72.07457474906248,1.01,887.0,1381.0,1.0169678878913813,0,3,0.1013098449069943,0.4863421040306115,5.4451543374387,2.074479417090535,1.8950185370830204,4.883450119240775,7.154867174120148,0.386362623280411,1.1602309356775138,2,False,,False,1,1,30,0,[],7.137261572002899,"(30, 152)",,[],"{""feature_selection"": {""odd"": [""mean""]}, ""n_chunks"": 16, ""parameter_selection"": {""mean"": {""likelihood"": ""lognormal""}}, ""rem_profile_params"": {""rem_stage"": 2, ""step_size_hours"": 1, ""window_size_hours"": 6}, ""tau_threshold"": 5.0}",run_output_8day_rem_w6_s1_stage2_no_pareto,rem_w6_s1_stage2
36,a24977f40d2e893a,ok,,concat: range; odd: mean,mean=lognormal; range=lognormal,16,5.0,6,1,2,71.25250738205507,71.25250738205507,2.375083579401836,1.187541789700918,0.0190863046544132,1.187541789700918,0.0190863046544132,-144.20866887048606,1.0,1458.0,1422.0,0.98061389646641,0,7,0.4526938048363859,0.90700314451736,6.78981070674423,0.8484849402202352,6.087900650811362,6.440663966021445,6.793427281231528,0.8122943536227779,1.404775545943017,1,False,,False,2,2,30,0,[],9.88401491602417,"(30, 152)",,[],"{""feature_selection"": {""concat"": [""range""], ""odd"": [""mean""]}, ""n_chunks"": 16, ""parameter_selection"": {""mean"": {""likelihood"": ""lognormal""}, ""range"": {""likelihood"": ""lognormal""}}, ""rem_profile_params"": {""rem_stage"": 2, ""step_size_hours"": 1, ""window_size_hours"": 6}, ""tau_threshold"": 5.0}",run_output_8day_rem_w6_s1_stage2_no_pareto,rem_w6_s1_stage2
4,fd64752d1b314eb7,ok,,concat: range,range=lognormal,16,5.0,6,1,2,32.392473370999944,32.392473370999944,1.0797491123666647,1.0797491123666647,0.0118465561034087,1.0797491123666647,0.0118465561034087,-65.04932961137513,1.0,3274.0,2656.0,1.0592817042118914,0,7,0.5922813292891076,0.9289673426349256,6.790045672447939,0.6555295910643334,6.109796097252524,6.420898258603879,6.732000419955234,0.8382315448851231,0.6511548097551264,0,False,,False,1,1,30,0,[],6.276616183982696,"(30, 152)",,[],"{""feature_selection"": {""concat"": [""range""]}, ""n_chunks"": 16, ""parameter_selection"": {""range"": {""likelihood"": ""lognormal""}}, ""rem_profile_params"": {""rem_stage"": 2, ""step_size_hours"": 1, ""window_size_hours"": 6}, ""tau_threshold"": 5.0}",run_output_8day_rem_w6_s1_stage2_no_pareto,rem_w6_s1_stage2
7,014c397a615b7ae8,ok,,even: range,range=beta,16,5.0,2,1,2,31.69303963083281,31.69303963083281,1.056434654361094,1.0564346543610936,0.0169093070039498,1.0564346543610936,0.0169093070039498,-62.63956693054569,1.0,826.0,1058.0,0.9421663166471606,0,5,0.1345259345447897,0.2686855622310983,5.022682522057973,1.2719097588036592,3.6369590742063895,4.415379801147925,5.122429429775061,0.1160624366849837,0.7505999103476453,1,False,,False,1,1,30,0,[],13.456787174975034,"(30, 184)",,[],"{""feature_selection"": {""even"": [""range""]}, ""n_chunks"": 16, ""parameter_selection"": {""range"": {""likelihood"": ""beta""}}, ""rem_profile_params"": {""rem_stage"": 2, ""step_size_hours"": 1, ""window_size_hours"": 2}, ""tau_threshold"": 5.0}",run_output_8day_rem_w2_s1_stage2_no_pareto,rem_w2_s1_stage2
56,04fd5b4900af0a35,ok,,even: range; odd: range,range=lognormal,16,5.0,2,2,2,55.00139891955445,55.00139891955445,1.833379963985148,0.916689981992574,0.012720915042614,0.916689981992574,0.012720915042614,-110.10141998977537,1.0,2854.0,1722.0,1.0643880590358237,0,8,0.6735409982545384,0.9373045169008064,7.667758636353777,0.95799667233165,7.135620574329909,7.423747049553273,7.711873524776637,0.8984989276828088,0.6304170367362335,0,False,,False,2,2,30,0,[],9.68375563097652,"(30, 96)",,[],"{""feature_selection"": {""even"": [""range""], ""odd"": [""range""]}, ""n_chunks"": 16, ""parameter_selection"": {""range"": {""likelihood"": ""lognormal""}}, ""rem_profile_params"": {""rem_stage"": 2, ""step_size_hours"": 2, ""window_size_hours"": 2}, ""tau_threshold"": 5.0}",run_output_8day_rem_w2_s2_stage2_no_pareto,rem_w2_s2_stage2
56,19fe92898819d40c,ok,,even: range; odd: range,range=lognormal,16,5.0,2,1,2,54.1495296459275,54.1495296459275,1.8049843215309167,0.9024921607654582,0.0121919080169698,0.9024921607654582,0.0121919080169698,-109.85725910538578,1.0,797.0,1377.0,1.0471357856767942,0,8,0.0971045616310569,0.6304531422447983,6.133658498996727,1.84963496508794,3.7279423157822538,6.298615559131478,7.288681580242323,0.5632411281654803,0.8766791676117097,1,False,,False,2,2,30,0,[],10.636810781026725,"(30, 184)",,[],"{""feature_selection"": {""even"": [""range""], ""odd"": [""range""]}, ""n_chunks"": 16, ""parameter_selection"": {""range"": {""likelihood"": ""lognormal""}}, ""rem_profile_params"": {""rem_stage"": 2, ""step_size_hours"": 1, ""window_size_hours"": 2}, ""tau_threshold"": 5.0}",run_output_8day_rem_w2_s1_stage2_no_pareto,rem_w2_s1_stage2
8,fcad37d18395c9d0,ok,,even: range,range=lognormal,16,5.0,3,1,2,22.330422991130902,22.330422991130902,0.7443474330376968,0.7443474330376969,0.0172383460694084,0.7443474330376969,0.0172383460694084,-44.3292725609211,1.0,1211.0,1749.0,1.0424460804533693,0,8,0.0784674623461767,0.6631023196343901,6.223831045299606,1.8040206356489452,4.139381701498537,6.335576502160743,7.281015164578167,0.576914969965848,0.4492387951127671,0,False,,False,1,1,30,0,[],6.749216528958641,"(30, 176)",,[],"{""feature_selection"": {""even"": [""range""]}, ""n_chunks"": 16, ""parameter_selection"": {""range"": {""likelihood"": ""lognormal""}}, ""rem_profile_params"": {""rem_stage"": 2, ""step_size_hours"": 1, ""window_size_hours"": 3}, ""tau_threshold"": 5.0}",run_output_8day_rem_w3_s1_stage2_no_pareto,rem_w3_s1_stage2
8,73f365ee485f9c7a,ok,,even: range,range=lognormal,16,5.0,2,2,2,18.314636571521294,18.314636571521294,0.6104878857173766,0.6104878857173764,0.017704272126825,0.6104878857173764,0.017704272126825,-37.0033567233747,1.0,1601.0,2116.0,1.0638250792123676,0,8,0.0966387731580056,0.7190363764196916,6.4028365463974914,1.6678026997942088,4.740245148022978,6.297863588345972,7.360601266981098,0.5462437432401261,0.6001238914403562,0,False,,False,1,1,30,0,[],6.626270782027859,"(30, 96)",,[],"{""feature_selection"": {""even"": [""range""]}, ""n_chunks"": 16, ""parameter_selection"": {""range"": {""likelihood"": ""lognormal""}}, ""rem_profile_params"": {""rem_stage"": 2, ""step_size_hours"": 2, ""window_size_hours"": 2}, ""tau_threshold"": 5.0}",run_output_8day_rem_w2_s2_stage2_no_pareto,rem_w2_s2_stage2
8,18617bd5ffd5f7ac,ok,,even: range,range=lognormal,16,5.0,2,1,2,3.815350485835842,3.815350485835842,0.1271783495278614,0.1271783495278614,0.0171478766146577,0.1271783495278614,0.0171478766146577,-8.458404013198706,1.0,1272.0,1695.0,1.0256924622515966,0,8,0.0270631656107364,0.5742089550032452,5.8387745641548126,1.814946285367051,3.639469214001705,5.718217453918053,7.00175960973181,0.4708851571779248,0.667435376449734,0,False,,False,1,1,30,0,[],6.79628427705029,"(30, 184)",,[],"{""feature_selection"": {""even"": [""range""]}, ""n_chunks"": 16, ""parameter_selection"": {""range"": {""likelihood"": ""lognormal""}}, ""rem_profile_params"": {""rem_stage"": 2, ""step_size_hours"": 1, ""window_size_hours"": 2}, ""tau_threshold"": 5.0}",run_output_8day_rem_w2_s1_stage2_no_pareto,rem_w2_s1_stage2